<?xml version="1.0" ?>
<CommonRoadSolution benchmark_id="KS2:SM1:DEU_Guetersloh-6_3_T-1:2020a" computation_time="1.074292387000014" date="2020-12-29">
  <ksTrajectory planningProblem="1">
    <ksState>
      <x>378.94642</x>
      <y>457.74344</y>
      <steeringAngle>0.0</steeringAngle>
      <velocity>4.0</velocity>
      <orientation>-0.46096473</orientation>
      <time>0</time>
    </ksState>
    <ksState>
      <x>379.34070101580505</x>
      <y>457.5481394318814</y>
      <steeringAngle>0.035533333333333326</steeringAngle>
      <velocity>4.799999999999999</velocity>
      <orientation>-0.45784095133080915</orientation>
      <time>1</time>
    </ksState>
    <ksState>
      <x>379.80824740890523</x>
      <y>457.3205483762679</y>
      <steeringAngle>0.07106666666666667</steeringAngle>
      <velocity>5.599999999999998</velocity>
      <orientation>-0.4469903402696364</orientation>
      <time>2</time>
    </ksState>
    <ksState>
      <x>380.35178275926586</x>
      <y>457.0664691400829</y>
      <steeringAngle>0.10659999999999999</steeringAngle>
      <velocity>6.3999999999999995</velocity>
      <orientation>-0.4261733912693084</orientation>
      <time>3</time>
    </ksState>
    <ksState>
      <x>380.97527816408615</x>
      <y>456.79515522130026</y>
      <steeringAngle>0.14213333333333333</steeringAngle>
      <velocity>7.199999999999999</velocity>
      <orientation>-0.39311382028814323</orientation>
      <time>4</time>
    </ksState>
    <ksState>
      <x>381.6837262127314</x>
      <y>456.5202152623409</y>
      <steeringAngle>0.17766666666666664</steeringAngle>
      <velocity>7.9999999999999964</velocity>
      <orientation>-0.3454864982065966</orientation>
      <time>5</time>
    </ksState>
    <ksState>
      <x>382.44360907412903</x>
      <y>456.2703902061149</y>
      <steeringAngle>0.17766666666666667</steeringAngle>
      <velocity>8.0</velocity>
      <orientation>-0.2897855218960848</orientation>
      <time>6</time>
    </ksState>
    <ksState>
      <x>383.2162217747514</x>
      <y>456.0632569248333</y>
      <steeringAngle>0.17766666666666667</steeringAngle>
      <velocity>8.0</velocity>
      <orientation>-0.23408454558557307</orientation>
      <time>7</time>
    </ksState>
    <ksState>
      <x>383.999167794224</x>
      <y>455.89945791516544</y>
      <steeringAngle>0.17766666666666667</steeringAngle>
      <velocity>8.0</velocity>
      <orientation>-0.17838356927506138</orientation>
      <time>8</time>
    </ksState>
    <ksState>
      <x>384.79001859330907</x>
      <y>455.77950124830994</y>
      <steeringAngle>0.17766666666666667</steeringAngle>
      <velocity>8.0</velocity>
      <orientation>-0.12268259296454956</orientation>
      <time>9</time>
    </ksState>
    <ksState>
      <x>385.5863211144042</x>
      <y>455.7037590058882</y>
      <steeringAngle>0.17766666666666667</steeringAngle>
      <velocity>8.0</velocity>
      <orientation>-0.06698161665403773</orientation>
      <time>10</time>
    </ksState>
    <ksState>
      <x>386.385564661406</x>
      <y>455.6709543237277</y>
      <steeringAngle>0.14213333333333336</steeringAngle>
      <velocity>8.0</velocity>
      <orientation>-0.0169468051052893</orientation>
      <time>11</time>
    </ksState>
    <ksState>
      <x>387.18550989012937</x>
      <y>455.6736566314438</y>
      <steeringAngle>0.1066000000000001</steeringAngle>
      <velocity>8.0</velocity>
      <orientation>0.02183704690170804</orientation>
      <time>12</time>
    </ksState>
    <ksState>
      <x>387.98494923204186</x>
      <y>455.7029125215498</y>
      <steeringAngle>0.07106666666666674</steeringAngle>
      <velocity>8.0</velocity>
      <orientation>0.04946952593139495</orientation>
      <time>13</time>
    </ksState>
    <ksState>
      <x>388.78356373868985</x>
      <y>455.74981826714605</y>
      <steeringAngle>0.035533333333333354</steeringAngle>
      <velocity>8.0</velocity>
      <orientation>0.06602104656042429</orientation>
      <time>14</time>
    </ksState>
    <ksState>
      <x>389.5816204199973</x>
      <y>455.8055300194791</y>
      <steeringAngle>2.0816681711721685e-17</steeringAngle>
      <velocity>8.0</velocity>
      <orientation>0.07153357301882912</orientation>
      <time>15</time>
    </ksState>
    <ksState>
      <x>390.3397671280842</x>
      <y>455.8585603339164</y>
      <steeringAngle>-0.03553333333333333</steeringAngle>
      <velocity>7.199999999999999</velocity>
      <orientation>0.0663885600363368</orientation>
      <time>16</time>
    </ksState>
    <ksState>
      <x>391.0185304807494</x>
      <y>455.89945955517675</y>
      <steeringAngle>-0.07106666666666664</steeringAngle>
      <velocity>6.400000000000001</velocity>
      <orientation>0.052411887915373684</orientation>
      <time>17</time>
    </ksState>
    <ksState>
      <x>391.61797063342357</x>
      <y>455.92512514238103</y>
      <steeringAngle>-0.10659999999999997</steeringAngle>
      <velocity>5.600000000000004</velocity>
      <orientation>0.03178012004949232</orientation>
      <time>18</time>
    </ksState>
    <ksState>
      <x>392.1378547586707</x>
      <y>455.9354345990366</y>
      <steeringAngle>-0.1421333333333333</steeringAngle>
      <velocity>4.800000000000003</velocity>
      <orientation>0.006663912540844058</orientation>
      <time>19</time>
    </ksState>
    <ksState>
      <x>392.57783159458324</x>
      <y>455.9325610395876</y>
      <steeringAngle>-0.17766666666666653</steeringAngle>
      <velocity>4.000000000000006</velocity>
      <orientation>-0.02076098404430575</orientation>
      <time>20</time>
    </ksState>
    <ksState>
      <x>392.9776796735587</x>
      <y>455.9190658718518</y>
      <steeringAngle>-0.1421333333333333</steeringAngle>
      <velocity>4.0</velocity>
      <orientation>-0.045778390388829054</orientation>
      <time>21</time>
    </ksState>
    <ksState>
      <x>393.37713381830224</x>
      <y>455.896697940387</y>
      <steeringAngle>-0.10659999999999999</steeringAngle>
      <velocity>4.0</velocity>
      <orientation>-0.06517031667957963</orientation>
      <time>22</time>
    </ksState>
    <ksState>
      <x>393.77616469923765</x>
      <y>455.8677020148643</y>
      <steeringAngle>-0.07106666666666664</steeringAngle>
      <velocity>4.0</velocity>
      <orientation>-0.07898655641453256</orientation>
      <time>23</time>
    </ksState>
    <ksState>
      <x>394.1748530648039</x>
      <y>455.83430101488324</y>
      <steeringAngle>-0.03553333333333332</steeringAngle>
      <velocity>4.0</velocity>
      <orientation>-0.08726231687679792</orientation>
      <time>24</time>
    </ksState>
    <ksState>
      <x>394.57335217652087</x>
      <y>455.79870173799185</y>
      <steeringAngle>2.2985086056692694e-17</steeringAngle>
      <velocity>4.0</velocity>
      <orientation>-0.09001858017163827</orientation>
      <time>25</time>
    </ksState>
    <ksState>
      <x>394.9717653162173</x>
      <y>455.7631089460053</y>
      <steeringAngle>0.035533333333333326</steeringAngle>
      <velocity>4.0</velocity>
      <orientation>-0.08726230563903788</orientation>
      <time>26</time>
    </ksState>
    <ksState>
      <x>395.3703676892999</x>
      <y>455.7297139571444</y>
      <steeringAngle>0.07106666666666711</steeringAngle>
      <velocity>4.0</velocity>
      <orientation>-0.07898654509575245</orientation>
      <time>27</time>
    </ksState>
    <ksState>
      <x>395.7693125169327</x>
      <y>455.70072309312656</y>
      <steeringAngle>0.10660000000000043</steeringAngle>
      <velocity>4.0</velocity>
      <orientation>-0.0651703052766156</orientation>
      <time>28</time>
    </ksState>
    <ksState>
      <x>396.1686805365972</x>
      <y>455.6783587942678</y>
      <steeringAngle>0.14213333333333378</steeringAngle>
      <velocity>4.0</velocity>
      <orientation>-0.045778378891069775</orientation>
      <time>29</time>
    </ksState>
    <ksState>
      <x>396.5684424316901</x>
      <y>455.66486534655144</y>
      <steeringAngle>0.1776666666666672</steeringAngle>
      <velocity>4.0</velocity>
      <orientation>-0.020760972439672454</orientation>
      <time>30</time>
    </ksState>
    <ksState>
      <x>396.928497635418</x>
      <y>455.6616140023853</y>
      <steeringAngle>0.1421333333333333</steeringAngle>
      <velocity>3.1999999999999993</velocity>
      <orientation>0.001848942533769861</orientation>
      <time>31</time>
    </ksState>
    <ksState>
      <x>397.208544411761</x>
      <y>455.6641375857228</y>
      <steeringAngle>0.10659999999999997</steeringAngle>
      <velocity>2.3999999999999977</velocity>
      <orientation>0.015516583404477202</orientation>
      <time>32</time>
    </ksState>
    <ksState>
      <x>397.4085500345776</x>
      <y>455.6679880926461</y>
      <steeringAngle>0.07106666666666664</steeringAngle>
      <velocity>1.5999999999999976</velocity>
      <orientation>0.02251728925769634</orientation>
      <time>33</time>
    </ksState>
  </ksTrajectory>
</CommonRoadSolution>
