<?xml version="1.0" ?>
<CommonRoadSolution benchmark_id="KS2:SM1:HRV_Pula-33_2_T-1:2020a" computation_time="1.970524691999799" date="2020-12-29">
  <ksTrajectory planningProblem="1">
    <ksState>
      <x>-300.05012</x>
      <y>67.335641</y>
      <steeringAngle>0.0</steeringAngle>
      <velocity>8.0</velocity>
      <orientation>2.3973187</orientation>
      <time>0</time>
    </ksState>
    <ksState>
      <x>-300.63858395807114</x>
      <y>67.87759133910058</y>
      <steeringAngle>0.0</steeringAngle>
      <velocity>8.0</velocity>
      <orientation>2.3973187</orientation>
      <time>1</time>
    </ksState>
    <ksState>
      <x>-301.2270479161423</x>
      <y>68.41954167820116</y>
      <steeringAngle>0.0</steeringAngle>
      <velocity>8.0</velocity>
      <orientation>2.3973187</orientation>
      <time>2</time>
    </ksState>
    <ksState>
      <x>-301.8155118742134</x>
      <y>68.96149201730174</y>
      <steeringAngle>0.0</steeringAngle>
      <velocity>8.0</velocity>
      <orientation>2.3973187</orientation>
      <time>3</time>
    </ksState>
    <ksState>
      <x>-302.40397583228463</x>
      <y>69.5034423564023</y>
      <steeringAngle>0.0</steeringAngle>
      <velocity>8.0</velocity>
      <orientation>2.3973187</orientation>
      <time>4</time>
    </ksState>
    <ksState>
      <x>-302.9924397903558</x>
      <y>70.04539269550288</y>
      <steeringAngle>0.0</steeringAngle>
      <velocity>8.0</velocity>
      <orientation>2.3973187</orientation>
      <time>5</time>
    </ksState>
    <ksState>
      <x>-303.5809037484269</x>
      <y>70.58734303460346</y>
      <steeringAngle>0.0</steeringAngle>
      <velocity>8.0</velocity>
      <orientation>2.3973187</orientation>
      <time>6</time>
    </ksState>
    <ksState>
      <x>-304.16936770649806</x>
      <y>71.12929337370404</y>
      <steeringAngle>0.0</steeringAngle>
      <velocity>8.0</velocity>
      <orientation>2.3973187</orientation>
      <time>7</time>
    </ksState>
    <ksState>
      <x>-304.7578316645692</x>
      <y>71.67124371280462</y>
      <steeringAngle>0.0</steeringAngle>
      <velocity>8.0</velocity>
      <orientation>2.3973187</orientation>
      <time>8</time>
    </ksState>
    <ksState>
      <x>-305.3462956226404</x>
      <y>72.21319405190519</y>
      <steeringAngle>0.0</steeringAngle>
      <velocity>8.0</velocity>
      <orientation>2.3973187</orientation>
      <time>9</time>
    </ksState>
    <ksState>
      <x>-305.93475958071156</x>
      <y>72.75514439100577</y>
      <steeringAngle>0.0</steeringAngle>
      <velocity>8.0</velocity>
      <orientation>2.3973187</orientation>
      <time>10</time>
    </ksState>
    <ksState>
      <x>-306.5232235387827</x>
      <y>73.29709473010635</y>
      <steeringAngle>0.0</steeringAngle>
      <velocity>8.0</velocity>
      <orientation>2.3973187</orientation>
      <time>11</time>
    </ksState>
    <ksState>
      <x>-307.11168749685385</x>
      <y>73.83904506920693</y>
      <steeringAngle>0.0</steeringAngle>
      <velocity>8.0</velocity>
      <orientation>2.3973187</orientation>
      <time>12</time>
    </ksState>
    <ksState>
      <x>-307.700151454925</x>
      <y>74.38099540830751</y>
      <steeringAngle>0.0</steeringAngle>
      <velocity>8.0</velocity>
      <orientation>2.3973187</orientation>
      <time>13</time>
    </ksState>
    <ksState>
      <x>-308.2886154129962</x>
      <y>74.92294574740808</y>
      <steeringAngle>0.0</steeringAngle>
      <velocity>8.0</velocity>
      <orientation>2.3973187</orientation>
      <time>14</time>
    </ksState>
    <ksState>
      <x>-308.87707937106734</x>
      <y>75.46489608650866</y>
      <steeringAngle>0.0</steeringAngle>
      <velocity>8.0</velocity>
      <orientation>2.3973187</orientation>
      <time>15</time>
    </ksState>
    <ksState>
      <x>-309.4645457408065</x>
      <y>76.00792597627782</y>
      <steeringAngle>-0.03553333333333333</steeringAngle>
      <velocity>8.0</velocity>
      <orientation>2.391806164997161</orientation>
      <time>16</time>
    </ksState>
    <ksState>
      <x>-310.0459811765562</x>
      <y>76.55739673464365</y>
      <steeringAngle>-0.07106666666666667</steeringAngle>
      <velocity>8.0</velocity>
      <orientation>2.375254644116892</orientation>
      <time>17</time>
    </ksState>
    <ksState>
      <x>-310.61512783183315</x>
      <y>77.11956330654404</y>
      <steeringAngle>-0.10659999999999997</steeringAngle>
      <velocity>8.0</velocity>
      <orientation>2.3476221648261966</orientation>
      <time>18</time>
    </ksState>
    <ksState>
      <x>-311.16528273828715</x>
      <y>77.70029495864675</y>
      <steeringAngle>-0.1421333333333333</steeringAngle>
      <velocity>8.0</velocity>
      <orientation>2.308838312553462</orientation>
      <time>19</time>
    </ksState>
    <ksState>
      <x>-311.6890977655834</x>
      <y>78.30484785276929</y>
      <steeringAngle>-0.17766666666666667</steeringAngle>
      <velocity>8.0</velocity>
      <orientation>2.258803500304307</orientation>
      <time>20</time>
    </ksState>
    <ksState>
      <x>-312.1808326976485</x>
      <y>78.93577031328458</y>
      <steeringAngle>-0.14213333333333336</steeringAngle>
      <velocity>8.0</velocity>
      <orientation>2.208768688755559</orientation>
      <time>21</time>
    </ksState>
    <ksState>
      <x>-312.64409871606966</x>
      <y>79.58792387464909</y>
      <steeringAngle>-0.1066000000000001</steeringAngle>
      <velocity>8.0</velocity>
      <orientation>2.1699848367485615</orientation>
      <time>22</time>
    </ksState>
    <ksState>
      <x>-313.0854748199468</x>
      <y>80.25511672790039</y>
      <steeringAngle>-0.07106666666666674</steeringAngle>
      <velocity>8.0</velocity>
      <orientation>2.1423523577188743</orientation>
      <time>23</time>
    </ksState>
    <ksState>
      <x>-313.512016664996</x>
      <y>80.93190867053902</y>
      <steeringAngle>-0.035533333333333354</steeringAngle>
      <velocity>8.0</velocity>
      <orientation>2.1258008370898454</orientation>
      <time>24</time>
    </ksState>
    <ksState>
      <x>-313.93107216043404</x>
      <y>81.61337089082028</y>
      <steeringAngle>-2.0816681711721685e-17</steeringAngle>
      <velocity>8.0</velocity>
      <orientation>2.1202883106314405</orientation>
      <time>25</time>
    </ksState>
    <ksState>
      <x>-314.32908602393496</x>
      <y>82.26081479548952</y>
      <steeringAngle>0.03553333333333333</steeringAngle>
      <velocity>7.199999999999999</velocity>
      <orientation>2.1254333236139327</orientation>
      <time>26</time>
    </ksState>
    <ksState>
      <x>-314.69077513292183</x>
      <y>82.83663892112278</y>
      <steeringAngle>0.07106666666666664</steeringAngle>
      <velocity>6.400000000000001</velocity>
      <orientation>2.139409995734896</orientation>
      <time>27</time>
    </ksState>
    <ksState>
      <x>-315.01869773110565</x>
      <y>83.33908691704372</y>
      <steeringAngle>0.10659999999999997</steeringAngle>
      <velocity>5.600000000000004</velocity>
      <orientation>2.1600417636007774</orientation>
      <time>28</time>
    </ksState>
    <ksState>
      <x>-315.31281796750494</x>
      <y>83.76789815187894</y>
      <steeringAngle>0.1421333333333333</steeringAngle>
      <velocity>4.800000000000003</velocity>
      <orientation>2.1851579711094256</orientation>
      <time>29</time>
    </ksState>
    <ksState>
      <x>-315.5711640983429</x>
      <y>84.12405141967895</y>
      <steeringAngle>0.17766666666666653</steeringAngle>
      <velocity>4.000000000000006</velocity>
      <orientation>2.2125828676945756</orientation>
      <time>30</time>
    </ksState>
    <ksState>
      <x>-315.7900324455802</x>
      <y>84.40986798673661</y>
      <steeringAngle>0.1421333333333333</steeringAngle>
      <velocity>3.1999999999999993</velocity>
      <orientation>2.235192782668018</orientation>
      <time>31</time>
    </ksState>
    <ksState>
      <x>-315.9642483525635</x>
      <y>84.62906559595254</y>
      <steeringAngle>0.10659999999999997</steeringAngle>
      <velocity>2.3999999999999977</velocity>
      <orientation>2.248860423538725</orientation>
      <time>32</time>
    </ksState>
    <ksState>
      <x>-316.0902855106296</x>
      <y>84.78435393968937</y>
      <steeringAngle>0.07106666666666664</steeringAngle>
      <velocity>1.5999999999999976</velocity>
      <orientation>2.255861129391944</orientation>
      <time>33</time>
    </ksState>
  </ksTrajectory>
</CommonRoadSolution>
