<?xml version="1.0" ?>
<CommonRoadSolution benchmark_id="KS2:SM1:ESP_Almansa-2_1_T-1:2020a" computation_time="4.581303761000072" date="2020-12-29">
  <ksTrajectory planningProblem="1">
    <ksState>
      <x>-222.03216</x>
      <y>482.33042</y>
      <steeringAngle>0.0</steeringAngle>
      <velocity>12.0</velocity>
      <orientation>-1.111371</orientation>
      <time>0</time>
    </ksState>
    <ksState>
      <x>-221.51777760847804</x>
      <y>481.290703329864</y>
      <steeringAngle>0.0</steeringAngle>
      <velocity>11.200000000000001</velocity>
      <orientation>-1.111371</orientation>
      <time>1</time>
    </ksState>
    <ksState>
      <x>-221.03886986486214</x>
      <y>480.3226912581028</y>
      <steeringAngle>0.0</steeringAngle>
      <velocity>10.4</velocity>
      <orientation>-1.111371</orientation>
      <time>2</time>
    </ksState>
    <ksState>
      <x>-220.59543676901498</x>
      <y>479.4263837844388</y>
      <steeringAngle>0.0</steeringAngle>
      <velocity>9.599999999999998</velocity>
      <orientation>-1.111371</orientation>
      <time>3</time>
    </ksState>
    <ksState>
      <x>-220.18747832089753</x>
      <y>478.60178090879316</y>
      <steeringAngle>0.0</steeringAngle>
      <velocity>8.799999999999999</velocity>
      <orientation>-1.111371</orientation>
      <time>4</time>
    </ksState>
    <ksState>
      <x>-219.814994520497</x>
      <y>477.84888263114</y>
      <steeringAngle>0.0</steeringAngle>
      <velocity>7.999999999999997</velocity>
      <orientation>-1.111371</orientation>
      <time>5</time>
    </ksState>
    <ksState>
      <x>-219.45893165965074</x>
      <y>477.13249067425943</y>
      <steeringAngle>0.03553333333333333</steeringAngle>
      <velocity>8.0</velocity>
      <orientation>-1.1058584649971612</orientation>
      <time>6</time>
    </ksState>
    <ksState>
      <x>-219.09499270423788</x>
      <y>476.42007666753466</y>
      <steeringAngle>0.07106666666666667</steeringAngle>
      <velocity>8.0</velocity>
      <orientation>-1.0893069441168917</orientation>
      <time>7</time>
    </ksState>
    <ksState>
      <x>-218.71541622623343</x>
      <y>475.71588857680825</y>
      <steeringAngle>0.10659999999999997</steeringAngle>
      <velocity>8.0</velocity>
      <orientation>-1.0616744648261969</orientation>
      <time>8</time>
    </ksState>
    <ksState>
      <x>-218.3126858500021</x>
      <y>475.0247099335402</y>
      <steeringAngle>0.1421333333333333</steeringAngle>
      <velocity>8.0</velocity>
      <orientation>-1.0228906125534618</orientation>
      <time>9</time>
    </ksState>
    <ksState>
      <x>-217.8796923008328</x>
      <y>474.3521157237888</y>
      <steeringAngle>0.17766666666666667</steeringAngle>
      <velocity>8.0</velocity>
      <orientation>-0.9728558003043072</orientation>
      <time>10</time>
    </ksState>
    <ksState>
      <x>-217.41237687048007</x>
      <y>473.70289874684664</y>
      <steeringAngle>0.14213333333333336</steeringAngle>
      <velocity>8.0</velocity>
      <orientation>-0.9228209887555587</orientation>
      <time>11</time>
    </ksState>
    <ksState>
      <x>-216.91668575192853</x>
      <y>473.07503730798186</y>
      <steeringAngle>0.1066000000000001</steeringAngle>
      <velocity>8.0</velocity>
      <orientation>-0.8840371367485614</orientation>
      <time>12</time>
    </ksState>
    <ksState>
      <x>-216.40041002913938</x>
      <y>472.4639574878585</y>
      <steeringAngle>0.07106666666666674</steeringAngle>
      <velocity>8.0</velocity>
      <orientation>-0.8564046577188745</orientation>
      <time>13</time>
    </ksState>
    <ksState>
      <x>-215.87075341250898</x>
      <y>471.8644167072121</y>
      <steeringAngle>0.035533333333333354</steeringAngle>
      <velocity>8.0</velocity>
      <orientation>-0.8398531370898452</orientation>
      <time>14</time>
    </ksState>
    <ksState>
      <x>-215.3345109553713</x>
      <y>471.27074820283406</y>
      <steeringAngle>2.0816681711721685e-17</steeringAngle>
      <velocity>8.0</velocity>
      <orientation>-0.8343406106314404</orientation>
      <time>15</time>
    </ksState>
    <ksState>
      <x>-214.82500306376713</x>
      <y>470.7068330020943</y>
      <steeringAngle>-0.03553333333333333</steeringAngle>
      <velocity>7.199999999999999</velocity>
      <orientation>-0.8394856236139328</orientation>
      <time>16</time>
    </ksState>
    <ksState>
      <x>-214.37402127651401</x>
      <y>470.1979048511859</y>
      <steeringAngle>-0.07106666666666664</steeringAngle>
      <velocity>6.400000000000001</velocity>
      <orientation>-0.8534622957348958</orientation>
      <time>17</time>
    </ksState>
    <ksState>
      <x>-213.98397006837982</x>
      <y>469.7420021488056</y>
      <steeringAngle>-0.10659999999999997</steeringAngle>
      <velocity>5.600000000000004</velocity>
      <orientation>-0.8740940636007772</orientation>
      <time>18</time>
    </ksState>
    <ksState>
      <x>-213.65508949382613</x>
      <y>469.33923254188164</y>
      <steeringAngle>-0.1421333333333333</steeringAngle>
      <velocity>4.800000000000003</velocity>
      <orientation>-0.8992102711094254</orientation>
      <time>19</time>
    </ksState>
    <ksState>
      <x>-213.38588611607128</x>
      <y>468.99121326814964</y>
      <steeringAngle>-0.17766666666666653</steeringAngle>
      <velocity>4.000000000000006</velocity>
      <orientation>-0.9266351676945752</orientation>
      <time>20</time>
    </ksState>
    <ksState>
      <x>-213.1266949767868</x>
      <y>468.635674481569</y>
      <steeringAngle>-0.14213333333333333</steeringAngle>
      <velocity>4.8000000000000025</velocity>
      <orientation>-0.9540600674129276</orientation>
      <time>21</time>
    </ksState>
    <ksState>
      <x>-212.83155729470172</x>
      <y>468.2075628844536</y>
      <steeringAngle>-0.10660000000000003</steeringAngle>
      <velocity>5.600000000000005</velocity>
      <orientation>-0.9791762796918455</orientation>
      <time>22</time>
    </ksState>
    <ksState>
      <x>-212.50244249176927</x>
      <y>467.70589499775696</y>
      <steeringAngle>-0.07106666666666671</steeringAngle>
      <velocity>6.400000000000004</velocity>
      <orientation>-0.9998080492913051</orientation>
      <time>23</time>
    </ksState>
    <ksState>
      <x>-212.1393870260127</x>
      <y>467.1309313749689</y>
      <steeringAngle>-0.035533333333333375</steeringAngle>
      <velocity>7.200000000000006</velocity>
      <orientation>-1.0137847173840973</orientation>
      <time>24</time>
    </ksState>
    <ksState>
      <x>-211.73983684401355</x>
      <y>466.4844344295799</y>
      <steeringAngle>-2.6346112791397758e-17</steeringAngle>
      <velocity>8.000000000000007</velocity>
      <orientation>-1.0189297301636657</orientation>
      <time>25</time>
    </ksState>
    <ksState>
      <x>-211.31916434388864</x>
      <y>465.80396926192185</y>
      <steeringAngle>0.03553333333333333</steeringAngle>
      <velocity>8.0</velocity>
      <orientation>-1.0134171951608268</orientation>
      <time>26</time>
    </ksState>
    <ksState>
      <x>-210.89101658064268</x>
      <y>465.1281920996323</y>
      <steeringAngle>0.07106666666666667</steeringAngle>
      <velocity>8.0</velocity>
      <orientation>-0.9968656742805573</orientation>
      <time>27</time>
    </ksState>
    <ksState>
      <x>-210.44805739316843</x>
      <y>464.46204922606296</y>
      <steeringAngle>0.10659999999999997</steeringAngle>
      <velocity>8.0</velocity>
      <orientation>-0.9692331949898624</orientation>
      <time>28</time>
    </ksState>
    <ksState>
      <x>-209.98324406434426</x>
      <y>463.8109975827989</y>
      <steeringAngle>0.1421333333333333</steeringAngle>
      <velocity>8.0</velocity>
      <orientation>-0.9304493427171274</orientation>
      <time>29</time>
    </ksState>
    <ksState>
      <x>-209.49001229870487</x>
      <y>463.1812446074367</y>
      <steeringAngle>0.17766666666666667</steeringAngle>
      <velocity>8.0</velocity>
      <orientation>-0.8804145304679728</orientation>
      <time>30</time>
    </ksState>
    <ksState>
      <x>-208.99074638919816</x>
      <y>462.6083582481651</y>
      <steeringAngle>0.17766666666666667</steeringAngle>
      <velocity>7.2</velocity>
      <orientation>-0.8274986030235955</orientation>
      <time>31</time>
    </ksState>
    <ksState>
      <x>-208.51889955515264</x>
      <y>462.11879294133996</y>
      <steeringAngle>0.17766666666666667</steeringAngle>
      <velocity>6.4</velocity>
      <orientation>-0.7801527732307842</orientation>
      <time>32</time>
    </ksState>
    <ksState>
      <x>-208.08372587280255</x>
      <y>461.70578990351476</y>
      <steeringAngle>0.17766666666666667</steeringAngle>
      <velocity>5.599999999999999</velocity>
      <orientation>-0.7383770410755994</orientation>
      <time>33</time>
    </ksState>
  </ksTrajectory>
</CommonRoadSolution>
