<?xml version="1.0" ?>
<CommonRoadSolution benchmark_id="KS2:SM1:DEU_Guetersloh-40_5_T-1:2020a" computation_time="0.5195513039998332" date="2020-12-29">
  <ksTrajectory planningProblem="1">
    <ksState>
      <x>-641.24573</x>
      <y>523.82438</y>
      <steeringAngle>0.0</steeringAngle>
      <velocity>0.0</velocity>
      <orientation>-1.6841643</orientation>
      <time>0</time>
    </ksState>
    <ksState>
      <x>-641.2502491607316</x>
      <y>523.78463610457</y>
      <steeringAngle>0.03553333333333333</steeringAngle>
      <velocity>0.8</velocity>
      <orientation>-1.683796768221758</orientation>
      <time>1</time>
    </ksState>
    <ksState>
      <x>-641.2636429586237</x>
      <y>523.6653859546651</y>
      <steeringAngle>0.0710666666666667</steeringAngle>
      <velocity>1.6</velocity>
      <orientation>-1.6812219216297724</orientation>
      <time>2</time>
    </ksState>
    <ksState>
      <x>-641.2850328959611</x>
      <y>523.4665334816126</y>
      <steeringAngle>0.10660000000000003</steeringAngle>
      <velocity>2.4000000000000004</velocity>
      <orientation>-1.6742212173929352</orientation>
      <time>3</time>
    </ksState>
    <ksState>
      <x>-641.312126789307</x>
      <y>523.1878496185495</y>
      <steeringAngle>0.14213333333333342</steeringAngle>
      <velocity>3.2000000000000015</velocity>
      <orientation>-1.6605535764521149</orientation>
      <time>4</time>
    </ksState>
    <ksState>
      <x>-641.3404919036134</x>
      <y>522.8289765425167</y>
      <steeringAngle>0.17766666666666683</steeringAngle>
      <velocity>4.0000000000000036</velocity>
      <orientation>-1.6379436605788948</orientation>
      <time>5</time>
    </ksState>
    <ksState>
      <x>-641.361389852263</x>
      <y>522.429538568905</y>
      <steeringAngle>0.21319999999999995</steeringAngle>
      <velocity>4.0</velocity>
      <orientation>-1.6072358779413947</orientation>
      <time>6</time>
    </ksState>
    <ksState>
      <x>-641.3688629304266</x>
      <y>522.0296305769069</y>
      <steeringAngle>0.24873333333333336</steeringAngle>
      <velocity>4.0</velocity>
      <orientation>-1.5707570368187005</orientation>
      <time>7</time>
    </ksState>
    <ksState>
      <x>-641.3605763893845</x>
      <y>521.6297463257545</y>
      <steeringAngle>0.2842666666666667</steeringAngle>
      <velocity>4.0</velocity>
      <orientation>-1.5284098029732525</orientation>
      <time>8</time>
    </ksState>
    <ksState>
      <x>-641.3341789718581</x>
      <y>521.2306573341799</y>
      <steeringAngle>0.31980000000000003</steeringAngle>
      <velocity>4.0</velocity>
      <orientation>-1.4800791216061173</orientation>
      <time>9</time>
    </ksState>
    <ksState>
      <x>-641.2873224652792</x>
      <y>520.8334609956667</y>
      <steeringAngle>0.35533333333333333</steeringAngle>
      <velocity>4.0</velocity>
      <orientation>-1.4256309204278388</orientation>
      <time>10</time>
    </ksState>
    <ksState>
      <x>-641.2176915507918</x>
      <y>520.4396306007709</y>
      <steeringAngle>0.39086666666666653</steeringAngle>
      <velocity>4.0</velocity>
      <orientation>-1.3649105541218516</orientation>
      <time>11</time>
    </ksState>
    <ksState>
      <x>-641.1230460018311</x>
      <y>520.0510664852712</y>
      <steeringAngle>0.42639999999999995</steeringAngle>
      <velocity>4.0</velocity>
      <orientation>-1.2977409406654479</orientation>
      <time>12</time>
    </ksState>
    <ksState>
      <x>-641.0012779283189</x>
      <y>519.6701466885747</y>
      <steeringAngle>0.4619333333333333</steeringAngle>
      <velocity>4.0</velocity>
      <orientation>-1.223920357033104</orientation>
      <time>13</time>
    </ksState>
    <ksState>
      <x>-640.8504864986908</x>
      <y>519.2997750727669</y>
      <steeringAngle>0.49746666666666667</steeringAngle>
      <velocity>4.0</velocity>
      <orientation>-1.1432198152198836</orientation>
      <time>14</time>
    </ksState>
    <ksState>
      <x>-640.6690730981351</x>
      <y>518.9434236532002</y>
      <steeringAngle>0.533</steeringAngle>
      <velocity>4.0</velocity>
      <orientation>-1.055379948620075</orientation>
      <time>15</time>
    </ksState>
    <ksState>
      <x>-640.4566862174385</x>
      <y>518.6046184445207</y>
      <steeringAngle>0.4974666666666666</steeringAngle>
      <velocity>4.0</velocity>
      <orientation>-0.9675400817806258</orientation>
      <time>16</time>
    </ksState>
    <ksState>
      <x>-640.216530924321</x>
      <y>518.2848706901417</y>
      <steeringAngle>0.4619333333333334</steeringAngle>
      <velocity>4.0</velocity>
      <orientation>-0.8868395399934557</orientation>
      <time>17</time>
    </ksState>
    <ksState>
      <x>-639.952407115895</x>
      <y>517.9845941946821</y>
      <steeringAngle>0.42640000000000017</steeringAngle>
      <velocity>4.0</velocity>
      <orientation>-0.8130189567436505</orientation>
      <time>18</time>
    </ksState>
    <ksState>
      <x>-639.6677827436291</x>
      <y>517.7036514515955</y>
      <steeringAngle>0.3908666666666668</steeringAngle>
      <velocity>4.0</velocity>
      <orientation>-0.745849343880788</orientation>
      <time>19</time>
    </ksState>
    <ksState>
      <x>-639.3657812297748</x>
      <y>517.4414570231191</y>
      <steeringAngle>0.3553333333333335</steeringAngle>
      <velocity>4.0</velocity>
      <orientation>-0.6851289760025022</orientation>
      <time>20</time>
    </ksState>
    <ksState>
      <x>-639.0491841666638</x>
      <y>517.1970664027755</y>
      <steeringAngle>0.31979999999999986</steeringAngle>
      <velocity>4.0</velocity>
      <orientation>-0.6306807768091226</orientation>
      <time>21</time>
    </ksState>
    <ksState>
      <x>-638.7204456100176</x>
      <y>516.9692510853581</y>
      <steeringAngle>0.28426666666666656</steeringAngle>
      <velocity>4.0</velocity>
      <orientation>-0.5823500973278654</orientation>
      <time>22</time>
    </ksState>
    <ksState>
      <x>-638.3817140780978</x>
      <y>516.756561100973</y>
      <steeringAngle>0.2487333333333332</steeringAngle>
      <velocity>4.0</velocity>
      <orientation>-0.5400028636049903</orientation>
      <time>23</time>
    </ksState>
    <ksState>
      <x>-638.034860089174</x>
      <y>516.5573763681462</y>
      <steeringAngle>0.21319999999999986</steeringAngle>
      <velocity>4.0</velocity>
      <orientation>-0.5035240225313625</orientation>
      <time>24</time>
    </ksState>
    <ksState>
      <x>-637.6815074594709</x>
      <y>516.3699481526977</y>
      <steeringAngle>0.1776666666666665</steeringAngle>
      <velocity>4.0</velocity>
      <orientation>-0.47281623988253474</orientation>
      <time>25</time>
    </ksState>
    <ksState>
      <x>-637.3227354489167</x>
      <y>516.1931147184617</y>
      <steeringAngle>0.21319999999999995</steeringAngle>
      <velocity>4.0</velocity>
      <orientation>-0.44210845724503456</orientation>
      <time>26</time>
    </ksState>
    <ksState>
      <x>-636.9582336641503</x>
      <y>516.0284310888468</y>
      <steeringAngle>0.24873333333333336</steeringAngle>
      <velocity>4.0</velocity>
      <orientation>-0.4056296161223403</orientation>
      <time>27</time>
    </ksState>
    <ksState>
      <x>-636.5875344202497</x>
      <y>515.8782373750844</y>
      <steeringAngle>0.2842666666666667</steeringAngle>
      <velocity>4.0</velocity>
      <orientation>-0.36328238227689225</orientation>
      <time>28</time>
    </ksState>
    <ksState>
      <x>-636.2104187336221</x>
      <y>515.7449984703022</y>
      <steeringAngle>0.31980000000000003</steeringAngle>
      <velocity>4.0</velocity>
      <orientation>-0.3149517009097572</orientation>
      <time>29</time>
    </ksState>
    <ksState>
      <x>-635.8269682485294</x>
      <y>515.631305071113</y>
      <steeringAngle>0.35533333333333333</steeringAngle>
      <velocity>4.0</velocity>
      <orientation>-0.2605034997314788</orientation>
      <time>30</time>
    </ksState>
    <ksState>
      <x>-635.4769391532941</x>
      <y>515.5473195942076</y>
      <steeringAngle>0.31979999999999975</steeringAngle>
      <velocity>3.2</velocity>
      <orientation>-0.21139693967369044</orientation>
      <time>31</time>
    </ksState>
    <ksState>
      <x>-635.2022091794903</x>
      <y>515.493320467139</y>
      <steeringAngle>0.2842666666666663</steeringAngle>
      <velocity>2.4000000000000004</velocity>
      <orientation>-0.17746468430747608</orientation>
      <time>32</time>
    </ksState>
    <ksState>
      <x>-635.0049815039614</x>
      <y>515.4601582600033</y>
      <steeringAngle>0.24873333333333292</steeringAngle>
      <velocity>1.6000000000000008</velocity>
      <orientation>-0.15619236336053732</orientation>
      <time>33</time>
    </ksState>
  </ksTrajectory>
</CommonRoadSolution>
