<?xml version="1.0" ?>
<CommonRoadSolution benchmark_id="KS2:SM1:ESP_SantBoideLlobregat-8_1_T-1:2020a" computation_time="2.0229110749996835" date="2020-12-29">
  <ksTrajectory planningProblem="1">
    <ksState>
      <x>-819.74303</x>
      <y>-980.72522</y>
      <steeringAngle>0.0</steeringAngle>
      <velocity>0.0</velocity>
      <orientation>-0.90891252</orientation>
      <time>0</time>
    </ksState>
    <ksState>
      <x>-819.7184411965621</x>
      <y>-980.7567698143127</y>
      <steeringAngle>0.03553333333333333</steeringAngle>
      <velocity>0.8</velocity>
      <orientation>-0.908544988221758</orientation>
      <time>1</time>
    </ksState>
    <ksState>
      <x>-819.6445449529715</x>
      <y>-980.851317882815</y>
      <steeringAngle>0.0710666666666667</steeringAngle>
      <velocity>1.6</velocity>
      <orientation>-0.9059701416297724</orientation>
      <time>2</time>
    </ksState>
    <ksState>
      <x>-819.5206465686978</x>
      <y>-981.0083179650849</y>
      <steeringAngle>0.10660000000000003</steeringAngle>
      <velocity>2.4000000000000004</velocity>
      <orientation>-0.8989694373929352</orientation>
      <time>3</time>
    </ksState>
    <ksState>
      <x>-819.3449485405907</x>
      <y>-981.226329381088</y>
      <steeringAngle>0.14213333333333342</steeringAngle>
      <velocity>3.2000000000000015</velocity>
      <orientation>-0.885301796452115</orientation>
      <time>4</time>
    </ksState>
    <ksState>
      <x>-819.1140343716964</x>
      <y>-981.5025052508066</y>
      <steeringAngle>0.17766666666666683</steeringAngle>
      <velocity>4.0000000000000036</velocity>
      <orientation>-0.8626918805788949</orientation>
      <time>5</time>
    </ksState>
    <ksState>
      <x>-818.8499614559694</x>
      <y>-981.8029335145222</y>
      <steeringAngle>0.1421333333333333</steeringAngle>
      <velocity>4.0</velocity>
      <orientation>-0.8376744742343716</orientation>
      <time>6</time>
    </ksState>
    <ksState>
      <x>-818.5792818641614</x>
      <y>-982.0974289065082</y>
      <steeringAngle>0.10659999999999999</steeringAngle>
      <velocity>4.0</velocity>
      <orientation>-0.818282547943621</orientation>
      <time>7</time>
    </ksState>
    <ksState>
      <x>-818.3037488829145</x>
      <y>-982.3873927353382</y>
      <steeringAngle>0.07106666666666664</steeringAngle>
      <velocity>4.0</velocity>
      <orientation>-0.804466308208668</orientation>
      <time>8</time>
    </ksState>
    <ksState>
      <x>-818.0250290857044</x>
      <y>-982.6742975134881</y>
      <steeringAngle>0.03553333333333332</steeringAngle>
      <velocity>4.0</velocity>
      <orientation>-0.7961905477464027</orientation>
      <time>9</time>
    </ksState>
    <ksState>
      <x>-817.7447305886396</x>
      <y>-982.9596615620168</y>
      <steeringAngle>-2.2985086056692694e-17</steeringAngle>
      <velocity>4.0</velocity>
      <orientation>-0.7934342844515624</orientation>
      <time>10</time>
    </ksState>
    <ksState>
      <x>-817.4641699428123</x>
      <y>-983.2447680754691</y>
      <steeringAngle>0.0</steeringAngle>
      <velocity>4.0</velocity>
      <orientation>-0.7934342844515624</orientation>
      <time>11</time>
    </ksState>
    <ksState>
      <x>-817.183609296985</x>
      <y>-983.5298745889214</y>
      <steeringAngle>0.0</steeringAngle>
      <velocity>4.0</velocity>
      <orientation>-0.7934342844515624</orientation>
      <time>12</time>
    </ksState>
    <ksState>
      <x>-816.9030486511575</x>
      <y>-983.8149811023737</y>
      <steeringAngle>0.0</steeringAngle>
      <velocity>4.0</velocity>
      <orientation>-0.7934342844515624</orientation>
      <time>13</time>
    </ksState>
    <ksState>
      <x>-816.6224880053302</x>
      <y>-984.100087615826</y>
      <steeringAngle>0.0</steeringAngle>
      <velocity>4.0</velocity>
      <orientation>-0.7934342844515624</orientation>
      <time>14</time>
    </ksState>
    <ksState>
      <x>-816.3419273595028</x>
      <y>-984.3851941292784</y>
      <steeringAngle>0.0</steeringAngle>
      <velocity>4.0</velocity>
      <orientation>-0.7934342844515624</orientation>
      <time>15</time>
    </ksState>
    <ksState>
      <x>-816.0613667136755</x>
      <y>-984.6703006427307</y>
      <steeringAngle>0.0</steeringAngle>
      <velocity>4.0</velocity>
      <orientation>-0.7934342844515624</orientation>
      <time>16</time>
    </ksState>
    <ksState>
      <x>-815.7808060678482</x>
      <y>-984.955407156183</y>
      <steeringAngle>0.0</steeringAngle>
      <velocity>4.0</velocity>
      <orientation>-0.7934342844515624</orientation>
      <time>17</time>
    </ksState>
    <ksState>
      <x>-815.5002454220207</x>
      <y>-985.2405136696353</y>
      <steeringAngle>0.0</steeringAngle>
      <velocity>4.0</velocity>
      <orientation>-0.7934342844515624</orientation>
      <time>18</time>
    </ksState>
    <ksState>
      <x>-815.2196847761934</x>
      <y>-985.5256201830877</y>
      <steeringAngle>0.0</steeringAngle>
      <velocity>4.0</velocity>
      <orientation>-0.7934342844515624</orientation>
      <time>19</time>
    </ksState>
    <ksState>
      <x>-814.939124130366</x>
      <y>-985.81072669654</y>
      <steeringAngle>0.0</steeringAngle>
      <velocity>4.0</velocity>
      <orientation>-0.7934342844515624</orientation>
      <time>20</time>
    </ksState>
    <ksState>
      <x>-814.6585634845387</x>
      <y>-986.0958332099923</y>
      <steeringAngle>0.0</steeringAngle>
      <velocity>4.0</velocity>
      <orientation>-0.7934342844515624</orientation>
      <time>21</time>
    </ksState>
    <ksState>
      <x>-814.3780028387114</x>
      <y>-986.3809397234446</y>
      <steeringAngle>0.0</steeringAngle>
      <velocity>4.0</velocity>
      <orientation>-0.7934342844515624</orientation>
      <time>22</time>
    </ksState>
    <ksState>
      <x>-814.0974421928839</x>
      <y>-986.6660462368969</y>
      <steeringAngle>0.0</steeringAngle>
      <velocity>4.0</velocity>
      <orientation>-0.7934342844515624</orientation>
      <time>23</time>
    </ksState>
    <ksState>
      <x>-813.8168815470566</x>
      <y>-986.9511527503493</y>
      <steeringAngle>0.0</steeringAngle>
      <velocity>4.0</velocity>
      <orientation>-0.7934342844515624</orientation>
      <time>24</time>
    </ksState>
    <ksState>
      <x>-813.5363209012293</x>
      <y>-987.2362592638016</y>
      <steeringAngle>0.0</steeringAngle>
      <velocity>4.0</velocity>
      <orientation>-0.7934342844515624</orientation>
      <time>25</time>
    </ksState>
    <ksState>
      <x>-813.22737289774</x>
      <y>-987.5495498038307</y>
      <steeringAngle>0.035533333333333326</steeringAngle>
      <velocity>4.799999999999999</velocity>
      <orientation>-0.7903105057823716</orientation>
      <time>26</time>
    </ksState>
    <ksState>
      <x>-812.8597105020754</x>
      <y>-987.9172748112893</y>
      <steeringAngle>0.07106666666666667</steeringAngle>
      <velocity>5.599999999999998</velocity>
      <orientation>-0.7794598947211988</orientation>
      <time>27</time>
    </ksState>
    <ksState>
      <x>-812.4288655323321</x>
      <y>-988.334838635631</y>
      <steeringAngle>0.10659999999999999</steeringAngle>
      <velocity>6.3999999999999995</velocity>
      <orientation>-0.7586429457208708</orientation>
      <time>28</time>
    </ksState>
    <ksState>
      <x>-811.9280642103836</x>
      <y>-988.7947905877867</y>
      <steeringAngle>0.14213333333333333</steeringAngle>
      <velocity>7.199999999999999</velocity>
      <orientation>-0.7255833747397057</orientation>
      <time>29</time>
    </ksState>
    <ksState>
      <x>-811.3481457788279</x>
      <y>-989.2858967182756</y>
      <steeringAngle>0.17766666666666664</steeringAngle>
      <velocity>7.9999999999999964</velocity>
      <orientation>-0.6779560526581591</orientation>
      <time>30</time>
    </ksState>
    <ksState>
      <x>-810.7438823215991</x>
      <y>-989.7466904935081</y>
      <steeringAngle>0.17766666666666667</steeringAngle>
      <velocity>7.2</velocity>
      <orientation>-0.6250401252137817</orientation>
      <time>31</time>
    </ksState>
    <ksState>
      <x>-810.1832319577309</x>
      <y>-990.1313784110984</y>
      <steeringAngle>0.17766666666666667</steeringAngle>
      <velocity>6.4</velocity>
      <orientation>-0.5776942954209705</orientation>
      <time>32</time>
    </ksState>
    <ksState>
      <x>-809.6739007067214</x>
      <y>-990.4484420006322</y>
      <steeringAngle>0.17766666666666667</steeringAngle>
      <velocity>5.599999999999999</velocity>
      <orientation>-0.5359185632657857</orientation>
      <time>33</time>
    </ksState>
  </ksTrajectory>
</CommonRoadSolution>
