<?xml version="1.0" ?>
<CommonRoadSolution benchmark_id="KS2:SM1:DEU_Meckenheim-8_5_T-1:2020a" computation_time="1.4084928340000715" date="2020-12-29">
  <ksTrajectory planningProblem="1">
    <ksState>
      <x>612.40157</x>
      <y>789.54953</y>
      <steeringAngle>0.0</steeringAngle>
      <velocity>4.0</velocity>
      <orientation>1.3557732</orientation>
      <time>0</time>
    </ksState>
    <ksState>
      <x>612.4872769659922</x>
      <y>789.9402398574448</y>
      <steeringAngle>-0.035533333333333326</steeringAngle>
      <velocity>4.0</velocity>
      <orientation>1.3530169254673996</orientation>
      <time>1</time>
    </ksState>
    <ksState>
      <x>612.5751371052929</x>
      <y>790.3304701394966</y>
      <steeringAngle>-0.07106666666666711</steeringAngle>
      <velocity>4.0</velocity>
      <orientation>1.344741164924114</orientation>
      <time>2</time>
    </ksState>
    <ksState>
      <x>612.6673009008792</x>
      <y>790.719704362651</y>
      <steeringAngle>-0.10660000000000043</steeringAngle>
      <velocity>4.0</velocity>
      <orientation>1.3309249251049773</orientation>
      <time>3</time>
    </ksState>
    <ksState>
      <x>612.765912440964</x>
      <y>791.1073520650256</y>
      <steeringAngle>-0.14213333333333378</steeringAngle>
      <velocity>4.0</velocity>
      <orientation>1.3115329987194315</orientation>
      <time>4</time>
    </ksState>
    <ksState>
      <x>612.8731035980412</x>
      <y>791.492711250389</y>
      <steeringAngle>-0.1776666666666672</steeringAngle>
      <velocity>4.0</velocity>
      <orientation>1.2865155922680342</orientation>
      <time>5</time>
    </ksState>
    <ksState>
      <x>613.0025022380013</x>
      <y>791.9132393319998</y>
      <steeringAngle>-0.14213333333333333</steeringAngle>
      <velocity>4.8000000000000025</velocity>
      <orientation>1.2590906925496819</orientation>
      <time>6</time>
    </ksState>
    <ksState>
      <x>613.168474082404</x>
      <y>792.4060264440845</y>
      <steeringAngle>-0.10660000000000003</steeringAngle>
      <velocity>5.600000000000005</velocity>
      <orientation>1.233974480270764</orientation>
      <time>7</time>
    </ksState>
    <ksState>
      <x>613.372986436373</x>
      <y>792.9700848799988</y>
      <steeringAngle>-0.07106666666666671</steeringAngle>
      <velocity>6.400000000000004</velocity>
      <orientation>1.2133427106713044</orientation>
      <time>8</time>
    </ksState>
    <ksState>
      <x>613.6158525193465</x>
      <y>793.6052293552849</y>
      <steeringAngle>-0.035533333333333375</steeringAngle>
      <velocity>7.200000000000006</velocity>
      <orientation>1.1993660425785122</orientation>
      <time>9</time>
    </ksState>
    <ksState>
      <x>613.8941311008018</x>
      <y>794.3124490378702</y>
      <steeringAngle>-2.6346112791397758e-17</steeringAngle>
      <velocity>8.000000000000007</velocity>
      <orientation>1.1942210297989437</orientation>
      <time>10</time>
    </ksState>
    <ksState>
      <x>614.1724096951272</x>
      <y>795.0196687131993</y>
      <steeringAngle>0.03553333333333333</steeringAngle>
      <velocity>7.199999999999999</velocity>
      <orientation>1.199366042781436</orientation>
      <time>11</time>
    </ksState>
    <ksState>
      <x>614.4152757960409</x>
      <y>795.6548131788511</y>
      <steeringAngle>0.07106666666666664</steeringAngle>
      <velocity>6.400000000000001</velocity>
      <orientation>1.2133427149023992</orientation>
      <time>12</time>
    </ksState>
    <ksState>
      <x>614.619788159915</x>
      <y>796.2188716084727</y>
      <steeringAngle>0.10659999999999997</steeringAngle>
      <velocity>5.600000000000004</velocity>
      <orientation>1.2339744827682806</orientation>
      <time>13</time>
    </ksState>
    <ksState>
      <x>614.7857600196222</x>
      <y>796.711658712977</y>
      <steeringAngle>0.1421333333333333</steeringAngle>
      <velocity>4.800000000000003</velocity>
      <orientation>1.2590906902769288</orientation>
      <time>14</time>
    </ksState>
    <ksState>
      <x>614.9151586709899</x>
      <y>797.1321867887434</y>
      <steeringAngle>0.17766666666666653</steeringAngle>
      <velocity>4.000000000000006</velocity>
      <orientation>1.2865155868620786</orientation>
      <time>15</time>
    </ksState>
    <ksState>
      <x>615.0223498302795</x>
      <y>797.5175459742184</y>
      <steeringAngle>0.1421333333333333</steeringAngle>
      <velocity>4.0</velocity>
      <orientation>1.3115329932066018</orientation>
      <time>16</time>
    </ksState>
    <ksState>
      <x>615.1209613726257</x>
      <y>797.9051936764408</y>
      <steeringAngle>0.10659999999999999</steeringAngle>
      <velocity>4.0</velocity>
      <orientation>1.3309249194973525</orientation>
      <time>17</time>
    </ksState>
    <ksState>
      <x>615.2131251706774</x>
      <y>798.294427899131</y>
      <steeringAngle>0.07106666666666664</steeringAngle>
      <velocity>4.0</velocity>
      <orientation>1.3447411592323053</orientation>
      <time>18</time>
    </ksState>
    <ksState>
      <x>615.3009853128253</x>
      <y>798.6846581805084</y>
      <steeringAngle>0.03553333333333332</steeringAngle>
      <velocity>4.0</velocity>
      <orientation>1.3530169196945707</orientation>
      <time>19</time>
    </ksState>
    <ksState>
      <x>615.3866922861624</x>
      <y>799.0753680503234</y>
      <steeringAngle>-2.2985086056692694e-17</steeringAngle>
      <velocity>4.0</velocity>
      <orientation>1.355773182989411</orientation>
      <time>20</time>
    </ksState>
    <ksState>
      <x>615.4810295261477</x>
      <y>799.5051357974656</y>
      <steeringAngle>-0.035533333333333326</steeringAngle>
      <velocity>4.799999999999999</velocity>
      <orientation>1.3526494043202202</orientation>
      <time>21</time>
    </ksState>
    <ksState>
      <x>615.5960171244591</x>
      <y>800.012260210732</y>
      <steeringAngle>-0.07106666666666667</steeringAngle>
      <velocity>5.599999999999998</velocity>
      <orientation>1.3417987932590474</orientation>
      <time>22</time>
    </ksState>
    <ksState>
      <x>615.7378854558713</x>
      <y>800.5952356063486</y>
      <steeringAngle>-0.10659999999999999</steeringAngle>
      <velocity>6.3999999999999995</velocity>
      <orientation>1.3209818442587196</orientation>
      <time>23</time>
    </ksState>
    <ksState>
      <x>615.9163376641256</x>
      <y>801.2513701746548</y>
      <steeringAngle>-0.14213333333333333</steeringAngle>
      <velocity>7.199999999999999</velocity>
      <orientation>1.2879222732775544</orientation>
      <time>24</time>
    </ksState>
    <ksState>
      <x>616.1451134095495</x>
      <y>801.9760440854365</y>
      <steeringAngle>-0.17766666666666664</steeringAngle>
      <velocity>7.9999999999999964</velocity>
      <orientation>1.2402949511960077</orientation>
      <time>25</time>
    </ksState>
    <ksState>
      <x>616.4118932240533</x>
      <y>802.6875672903715</y>
      <steeringAngle>-0.21320000000000014</steeringAngle>
      <velocity>7.200000000000003</velocity>
      <orientation>1.182045624124515</orientation>
      <time>26</time>
    </ksState>
    <ksState>
      <x>616.6884342168865</x>
      <y>803.308677121288</y>
      <steeringAngle>-0.24873333333333347</steeringAngle>
      <velocity>6.400000000000004</velocity>
      <orientation>1.1201285366387355</orientation>
      <time>27</time>
    </ksState>
    <ksState>
      <x>616.9663272058908</x>
      <y>803.840330094993</y>
      <steeringAngle>-0.2842666666666668</steeringAngle>
      <velocity>5.600000000000001</velocity>
      <orientation>1.0567063938748145</orientation>
      <time>28</time>
    </ksState>
    <ksState>
      <x>617.2357716057265</x>
      <y>804.2849772506216</y>
      <steeringAngle>-0.3198</steeringAngle>
      <velocity>4.800000000000002</velocity>
      <orientation>0.9939772941328617</orientation>
      <time>29</time>
    </ksState>
    <ksState>
      <x>617.4864047069482</x>
      <y>804.6465369405215</y>
      <steeringAngle>-0.3553333333333332</steeringAngle>
      <velocity>4.000000000000001</velocity>
      <orientation>0.934187460084647</orientation>
      <time>30</time>
    </ksState>
    <ksState>
      <x>617.7075665146795</x>
      <y>804.9305464168482</y>
      <steeringAngle>-0.31979999999999975</steeringAngle>
      <velocity>3.2</velocity>
      <orientation>0.8850809000268587</orientation>
      <time>31</time>
    </ksState>
    <ksState>
      <x>617.8885874647221</x>
      <y>805.1441438884531</y>
      <steeringAngle>-0.2842666666666663</steeringAngle>
      <velocity>2.4000000000000004</velocity>
      <orientation>0.8511486446606443</orientation>
      <time>32</time>
    </ksState>
    <ksState>
      <x>618.0220376624744</x>
      <y>805.2931054025986</y>
      <steeringAngle>-0.24873333333333292</steeringAngle>
      <velocity>1.6000000000000008</velocity>
      <orientation>0.8298763237137056</orientation>
      <time>33</time>
    </ksState>
  </ksTrajectory>
</CommonRoadSolution>
