<?xml version="1.0" ?>
<CommonRoadSolution benchmark_id="KS2:SM1:DEU_Flensburg-45_1_T-1:2020a" computation_time="8.377454659000023" date="2020-12-29">
  <ksTrajectory planningProblem="123">
    <ksState>
      <x>375.15442</x>
      <y>-245.81766</y>
      <steeringAngle>0.0</steeringAngle>
      <velocity>8.0</velocity>
      <orientation>0.0078880492</orientation>
      <time>0</time>
    </ksState>
    <ksState>
      <x>375.95442</x>
      <y>-245.81134956064</y>
      <steeringAngle>0.0</steeringAngle>
      <velocity>8.0</velocity>
      <orientation>0.0078880492</orientation>
      <time>1</time>
    </ksState>
    <ksState>
      <x>376.75442000000004</x>
      <y>-245.80503912127998</y>
      <steeringAngle>0.0</steeringAngle>
      <velocity>8.0</velocity>
      <orientation>0.0078880492</orientation>
      <time>2</time>
    </ksState>
    <ksState>
      <x>377.55442</x>
      <y>-245.79872868191998</y>
      <steeringAngle>0.0</steeringAngle>
      <velocity>8.0</velocity>
      <orientation>0.0078880492</orientation>
      <time>3</time>
    </ksState>
    <ksState>
      <x>378.35442</x>
      <y>-245.79241824256</y>
      <steeringAngle>0.0</steeringAngle>
      <velocity>8.0</velocity>
      <orientation>0.0078880492</orientation>
      <time>4</time>
    </ksState>
    <ksState>
      <x>379.15442</x>
      <y>-245.7861078032</y>
      <steeringAngle>0.0</steeringAngle>
      <velocity>8.0</velocity>
      <orientation>0.0078880492</orientation>
      <time>5</time>
    </ksState>
    <ksState>
      <x>379.91441999927315</x>
      <y>-245.78011288581374</y>
      <steeringAngle>0.0</steeringAngle>
      <velocity>7.200000000000001</velocity>
      <orientation>0.0078880492</orientation>
      <time>6</time>
    </ksState>
    <ksState>
      <x>380.5944199982519</x>
      <y>-245.7747490123658</y>
      <steeringAngle>0.0</steeringAngle>
      <velocity>6.400000000000001</velocity>
      <orientation>0.0078880492</orientation>
      <time>7</time>
    </ksState>
    <ksState>
      <x>381.19441999713655</x>
      <y>-245.7700161828546</y>
      <steeringAngle>0.0</steeringAngle>
      <velocity>5.600000000000001</velocity>
      <orientation>0.0078880492</orientation>
      <time>8</time>
    </ksState>
    <ksState>
      <x>381.7144199959836</x>
      <y>-245.7659143972797</y>
      <steeringAngle>0.0</steeringAngle>
      <velocity>4.800000000000001</velocity>
      <orientation>0.0078880492</orientation>
      <time>9</time>
    </ksState>
    <ksState>
      <x>382.15441999481374</x>
      <y>-245.7624436556409</y>
      <steeringAngle>0.0</steeringAngle>
      <velocity>4.000000000000001</velocity>
      <orientation>0.0078880492</orientation>
      <time>10</time>
    </ksState>
    <ksState>
      <x>382.5544199948137</x>
      <y>-245.7592884359609</y>
      <steeringAngle>0.0</steeringAngle>
      <velocity>4.0</velocity>
      <orientation>0.0078880492</orientation>
      <time>11</time>
    </ksState>
    <ksState>
      <x>382.95441999481375</x>
      <y>-245.75613321628092</y>
      <steeringAngle>0.0</steeringAngle>
      <velocity>4.0</velocity>
      <orientation>0.0078880492</orientation>
      <time>12</time>
    </ksState>
    <ksState>
      <x>383.3544199948137</x>
      <y>-245.75297799660092</y>
      <steeringAngle>0.0</steeringAngle>
      <velocity>4.0</velocity>
      <orientation>0.0078880492</orientation>
      <time>13</time>
    </ksState>
    <ksState>
      <x>383.75441999481376</x>
      <y>-245.7498227769209</y>
      <steeringAngle>0.0</steeringAngle>
      <velocity>4.0</velocity>
      <orientation>0.0078880492</orientation>
      <time>14</time>
    </ksState>
    <ksState>
      <x>384.15441999481374</x>
      <y>-245.7466675572409</y>
      <steeringAngle>0.0</steeringAngle>
      <velocity>4.0</velocity>
      <orientation>0.0078880492</orientation>
      <time>15</time>
    </ksState>
    <ksState>
      <x>384.554422570677</x>
      <y>-245.74387982869345</y>
      <steeringAngle>-0.035533333333333326</steeringAngle>
      <velocity>4.0</velocity>
      <orientation>0.005131774667399601</orientation>
      <time>16</time>
    </ksState>
    <ksState>
      <x>384.95443343807875</x>
      <y>-245.74329808788</y>
      <steeringAngle>-0.07106666666666711</steeringAngle>
      <velocity>4.0</velocity>
      <orientation>-0.0031439858758858207</orientation>
      <time>17</time>
    </ksState>
    <ksState>
      <x>385.35442429773667</x>
      <y>-245.7471338581988</y>
      <steeringAngle>-0.10660000000000043</steeringAngle>
      <velocity>4.0</velocity>
      <orientation>-0.016960225695022667</orientation>
      <time>18</time>
    </ksState>
    <ksState>
      <x>385.75429328638336</x>
      <y>-245.75760878118388</y>
      <steeringAngle>-0.14213333333333378</steeringAngle>
      <velocity>4.0</velocity>
      <orientation>-0.036352152080568495</orientation>
      <time>19</time>
    </ksState>
    <ksState>
      <x>386.1538270619891</x>
      <y>-245.77695724213493</y>
      <steeringAngle>-0.1776666666666672</steeringAngle>
      <velocity>4.0</velocity>
      <orientation>-0.06136955853196582</orientation>
      <time>20</time>
    </ksState>
    <ksState>
      <x>386.5526492487108</x>
      <y>-245.80742496931177</y>
      <steeringAngle>-0.21319999999999995</steeringAngle>
      <velocity>4.0</velocity>
      <orientation>-0.09207734116946599</orientation>
      <time>21</time>
    </ksState>
    <ksState>
      <x>386.95021700046044</x>
      <y>-245.85126709209175</y>
      <steeringAngle>-0.24873333333333336</steeringAngle>
      <velocity>4.0</velocity>
      <orientation>-0.12855618229216026</orientation>
      <time>22</time>
    </ksState>
    <ksState>
      <x>387.34574140065513</x>
      <y>-245.91073582280688</y>
      <steeringAngle>-0.2842666666666667</steeringAngle>
      <velocity>4.0</velocity>
      <orientation>-0.1709034161376083</orientation>
      <time>23</time>
    </ksState>
    <ksState>
      <x>387.73815594808286</x>
      <y>-245.98806414759895</y>
      <steeringAngle>-0.31980000000000003</steeringAngle>
      <velocity>4.0</velocity>
      <orientation>-0.21923409750474332</orientation>
      <time>24</time>
    </ksState>
    <ksState>
      <x>388.1260713444691</x>
      <y>-246.08544026779057</y>
      <steeringAngle>-0.35533333333333333</steeringAngle>
      <velocity>4.0</velocity>
      <orientation>-0.27368229868302174</orientation>
      <time>25</time>
    </ksState>
    <ksState>
      <x>388.5079902385296</x>
      <y>-246.2041770946053</y>
      <steeringAngle>-0.31979999999999986</steeringAngle>
      <velocity>4.0</velocity>
      <orientation>-0.32813049787640136</orientation>
      <time>26</time>
    </ksState>
    <ksState>
      <x>388.8833173017138</x>
      <y>-246.3423742476778</y>
      <steeringAngle>-0.28426666666666656</steeringAngle>
      <velocity>4.0</velocity>
      <orientation>-0.3764611773576586</orientation>
      <time>27</time>
    </ksState>
    <ksState>
      <x>389.2520050382598</x>
      <y>-246.49744014687883</y>
      <steeringAngle>-0.2487333333333332</steeringAngle>
      <velocity>4.0</velocity>
      <orientation>-0.4188084110805337</orientation>
      <time>28</time>
    </ksState>
    <ksState>
      <x>389.61430489945826</x>
      <y>-246.6669130296634</y>
      <steeringAngle>-0.21319999999999986</steeringAngle>
      <velocity>4.0</velocity>
      <orientation>-0.45528725215416144</orientation>
      <time>29</time>
    </ksState>
    <ksState>
      <x>389.97071536871704</x>
      <y>-246.84845915126067</y>
      <steeringAngle>-0.1776666666666665</steeringAngle>
      <velocity>4.0</velocity>
      <orientation>-0.4859950348029892</orientation>
      <time>30</time>
    </ksState>
    <ksState>
      <x>390.32156731013515</x>
      <y>-247.04052771772575</y>
      <steeringAngle>-0.21319999999999995</steeringAngle>
      <velocity>4.0</velocity>
      <orientation>-0.5167028174404894</orientation>
      <time>31</time>
    </ksState>
    <ksState>
      <x>390.66576624162633</x>
      <y>-247.2442661395353</y>
      <steeringAngle>-0.24873333333333336</steeringAngle>
      <velocity>4.0</velocity>
      <orientation>-0.5531816585631837</orientation>
      <time>32</time>
    </ksState>
    <ksState>
      <x>391.00166544243257</x>
      <y>-247.46140159951355</y>
      <steeringAngle>-0.2842666666666667</steeringAngle>
      <velocity>4.0</velocity>
      <orientation>-0.5955288924086317</orientation>
      <time>33</time>
    </ksState>
    <ksState>
      <x>391.3273731793962</x>
      <y>-247.69352940252318</y>
      <steeringAngle>-0.31980000000000003</steeringAngle>
      <velocity>4.0</velocity>
      <orientation>-0.6438595737757667</orientation>
      <time>34</time>
    </ksState>
    <ksState>
      <x>391.6407220393354</x>
      <y>-247.9420710600213</y>
      <steeringAngle>-0.35533333333333333</steeringAngle>
      <velocity>4.0</velocity>
      <orientation>-0.6983077749540452</orientation>
      <time>35</time>
    </ksState>
    <ksState>
      <x>391.93924204773793</x>
      <y>-248.20822261229821</y>
      <steeringAngle>-0.39086666666666653</steeringAngle>
      <velocity>4.0</velocity>
      <orientation>-0.7590281412600324</orientation>
      <time>36</time>
    </ksState>
    <ksState>
      <x>392.22013931753105</x>
      <y>-248.49289185126682</y>
      <steeringAngle>-0.42639999999999995</steeringAngle>
      <velocity>4.0</velocity>
      <orientation>-0.826197754716436</orientation>
      <time>37</time>
    </ksState>
    <ksState>
      <x>392.48028301898194</x>
      <y>-248.7966229985625</y>
      <steeringAngle>-0.4619333333333333</steeringAngle>
      <velocity>4.0</velocity>
      <orientation>-0.90001833834878</orientation>
      <time>38</time>
    </ksState>
    <ksState>
      <x>392.7162036924974</x>
      <y>-249.11950784623028</y>
      <steeringAngle>-0.49746666666666667</steeringAngle>
      <velocity>4.0</velocity>
      <orientation>-0.9807188801620004</orientation>
      <time>39</time>
    </ksState>
    <ksState>
      <x>392.9241072231383</x>
      <y>-249.46108254973657</y>
      <steeringAngle>-0.533</steeringAngle>
      <velocity>4.0</velocity>
      <orientation>-1.068558746761809</orientation>
      <time>40</time>
    </ksState>
    <ksState>
      <x>393.10080873303735</x>
      <y>-249.81979376076822</y>
      <steeringAngle>-0.4974666666666666</steeringAngle>
      <velocity>4.0</velocity>
      <orientation>-1.156398613601258</orientation>
      <time>41</time>
    </ksState>
    <ksState>
      <x>393.24670616454796</x>
      <y>-250.19212040596216</y>
      <steeringAngle>-0.4619333333333334</steeringAngle>
      <velocity>4.0</velocity>
      <orientation>-1.2370991553884283</orientation>
      <time>42</time>
    </ksState>
    <ksState>
      <x>393.36344374807896</x>
      <y>-250.57461183919207</y>
      <steeringAngle>-0.42640000000000017</steeringAngle>
      <velocity>4.0</velocity>
      <orientation>-1.3109197386382334</orientation>
      <time>43</time>
    </ksState>
    <ksState>
      <x>393.45296042033783</x>
      <y>-250.96438949833694</y>
      <steeringAngle>-0.3908666666666668</steeringAngle>
      <velocity>4.0</velocity>
      <orientation>-1.378089351501096</orientation>
      <time>44</time>
    </ksState>
    <ksState>
      <x>393.51739524967115</x>
      <y>-251.3591033003038</y>
      <steeringAngle>-0.3553333333333335</steeringAngle>
      <velocity>4.0</velocity>
      <orientation>-1.4388097193793818</orientation>
      <time>45</time>
    </ksState>
    <ksState>
      <x>393.56198299419884</x>
      <y>-251.7967724680475</y>
      <steeringAngle>-0.31979999999999975</steeringAngle>
      <velocity>4.800000000000001</velocity>
      <orientation>-1.4985995544111304</orientation>
      <time>46</time>
    </ksState>
    <ksState>
      <x>393.58286650182436</x>
      <y>-252.31626767287435</y>
      <steeringAngle>-0.28426666666666645</steeringAngle>
      <velocity>5.600000000000004</velocity>
      <orientation>-1.561328654542454</orientation>
      <time>47</time>
    </ksState>
    <ksState>
      <x>393.56908020199404</x>
      <y>-252.91600872540343</y>
      <steeringAngle>-0.2487333333333331</steeringAngle>
      <velocity>6.400000000000004</velocity>
      <orientation>-1.6247507912351298</orientation>
      <time>48</time>
    </ksState>
    <ksState>
      <x>393.5108601464041</x>
      <y>-253.5934028272977</y>
      <steeringAngle>-0.21319999999999992</steeringAngle>
      <velocity>7.200000000000004</velocity>
      <orientation>-1.6866678799129289</orientation>
      <time>49</time>
    </ksState>
    <ksState>
      <x>393.4003828160529</x>
      <y>-254.34522162423855</y>
      <steeringAngle>-0.17766666666666656</steeringAngle>
      <velocity>8.000000000000004</velocity>
      <orientation>-1.744917209513894</orientation>
      <time>50</time>
    </ksState>
    <ksState>
      <x>393.250280257115</x>
      <y>-255.0901779136963</y>
      <steeringAngle>-0.1421333333333334</steeringAngle>
      <velocity>7.2</velocity>
      <orientation>-1.792544531259531</orientation>
      <time>51</time>
    </ksState>
    <ksState>
      <x>393.08926381715554</x>
      <y>-255.75080751996785</y>
      <steeringAngle>-0.10660000000000011</steeringAngle>
      <velocity>6.4</velocity>
      <orientation>-1.8256041017074989</orientation>
      <time>52</time>
    </ksState>
    <ksState>
      <x>392.93159418567564</x>
      <y>-256.32970925819865</y>
      <steeringAngle>-0.07106666666666674</steeringAngle>
      <velocity>5.600000000000001</velocity>
      <orientation>-1.8464210500013873</orientation>
      <time>53</time>
    </ksState>
    <ksState>
      <x>392.78706650100656</x>
      <y>-256.82921808175314</y>
      <steeringAngle>-0.03553333333333339</steeringAngle>
      <velocity>4.800000000000001</velocity>
      <orientation>-1.8572716596590504</orientation>
      <time>54</time>
    </ksState>
    <ksState>
      <x>392.66186251903724</x>
      <y>-257.25102821994085</y>
      <steeringAngle>-5.5294310796760726e-17</steeringAngle>
      <velocity>4.0</velocity>
      <orientation>-1.8603954354962158</orientation>
      <time>55</time>
    </ksState>
    <ksState>
      <x>392.5366585585703</x>
      <y>-257.6728383663517</y>
      <steeringAngle>0.035533333333333326</steeringAngle>
      <velocity>4.799999999999999</velocity>
      <orientation>-1.8572716568270249</orientation>
      <time>56</time>
    </ksState>
    <ksState>
      <x>392.39213088307133</x>
      <y>-258.1723471944129</y>
      <steeringAngle>0.07106666666666667</steeringAngle>
      <velocity>5.599999999999998</velocity>
      <orientation>-1.846421045765852</orientation>
      <time>57</time>
    </ksState>
    <ksState>
      <x>392.2344612589544</x>
      <y>-258.7512489347651</y>
      <steeringAngle>0.10659999999999999</steeringAngle>
      <velocity>6.3999999999999995</velocity>
      <orientation>-1.8256040967655243</orientation>
      <time>58</time>
    </ksState>
    <ksState>
      <x>392.07344483020586</x>
      <y>-259.41187853751563</y>
      <steeringAngle>0.14213333333333333</steeringAngle>
      <velocity>7.199999999999999</velocity>
      <orientation>-1.792544525784359</orientation>
      <time>59</time>
    </ksState>
    <ksState>
      <x>391.92334228777156</x>
      <y>-260.15683480832394</y>
      <steeringAngle>0.17766666666666664</steeringAngle>
      <velocity>7.9999999999999964</velocity>
      <orientation>-1.7449172037028124</orientation>
      <time>60</time>
    </ksState>
    <ksState>
      <x>391.80525907133074</x>
      <y>-260.9479876055703</y>
      <steeringAngle>0.14213333333333336</steeringAngle>
      <velocity>8.0</velocity>
      <orientation>-1.694882392154064</orientation>
      <time>61</time>
    </ksState>
    <ksState>
      <x>391.72240421652015</x>
      <y>-261.7436349800136</y>
      <steeringAngle>0.1066000000000001</steeringAngle>
      <velocity>8.0</velocity>
      <orientation>-1.6560985401470667</orientation>
      <time>62</time>
    </ksState>
    <ksState>
      <x>391.66600478462135</x>
      <y>-262.54161885991647</y>
      <steeringAngle>0.07106666666666674</steeringAngle>
      <velocity>8.0</velocity>
      <orientation>-1.6284660611173798</orientation>
      <time>63</time>
    </ksState>
    <ksState>
      <x>391.627242208578</x>
      <y>-263.34067001090557</y>
      <steeringAngle>0.035533333333333354</steeringAngle>
      <velocity>8.0</velocity>
      <orientation>-1.6119145404883504</orientation>
      <time>64</time>
    </ksState>
    <ksState>
      <x>391.59729479703265</x>
      <y>-264.1401082001793</y>
      <steeringAngle>2.0816681711721685e-17</steeringAngle>
      <velocity>8.0</velocity>
      <orientation>-1.6064020140299455</orientation>
      <time>65</time>
    </ksState>
    <ksState>
      <x>391.56881626548216</x>
      <y>-264.9396011477659</y>
      <steeringAngle>0.0</steeringAngle>
      <velocity>8.0</velocity>
      <orientation>-1.6064020140299455</orientation>
      <time>66</time>
    </ksState>
    <ksState>
      <x>391.54033773393166</x>
      <y>-265.7390940953525</y>
      <steeringAngle>0.0</steeringAngle>
      <velocity>8.0</velocity>
      <orientation>-1.6064020140299455</orientation>
      <time>67</time>
    </ksState>
    <ksState>
      <x>391.5118592023811</x>
      <y>-266.5385870429392</y>
      <steeringAngle>0.0</steeringAngle>
      <velocity>8.0</velocity>
      <orientation>-1.6064020140299455</orientation>
      <time>68</time>
    </ksState>
    <ksState>
      <x>391.4833806708306</x>
      <y>-267.3380799905258</y>
      <steeringAngle>0.0</steeringAngle>
      <velocity>8.0</velocity>
      <orientation>-1.6064020140299455</orientation>
      <time>69</time>
    </ksState>
    <ksState>
      <x>391.45490213928014</x>
      <y>-268.1375729381124</y>
      <steeringAngle>0.0</steeringAngle>
      <velocity>8.0</velocity>
      <orientation>-1.6064020140299455</orientation>
      <time>70</time>
    </ksState>
    <ksState>
      <x>391.42495472757355</x>
      <y>-268.93701108411824</y>
      <steeringAngle>-0.03553333333333333</steeringAngle>
      <velocity>8.0</velocity>
      <orientation>-1.6119145490327844</orientation>
      <time>71</time>
    </ksState>
    <ksState>
      <x>391.3861921477865</x>
      <y>-269.73606223558033</y>
      <steeringAngle>-0.07106666666666667</steeringAngle>
      <velocity>8.0</velocity>
      <orientation>-1.628466069913054</orientation>
      <time>72</time>
    </ksState>
    <ksState>
      <x>391.3297927105941</x>
      <y>-270.53404611590594</y>
      <steeringAngle>-0.10659999999999997</steeringAngle>
      <velocity>8.0</velocity>
      <orientation>-1.6560985492037488</orientation>
      <time>73</time>
    </ksState>
    <ksState>
      <x>391.24693784924085</x>
      <y>-271.3296934905635</y>
      <steeringAngle>-0.1421333333333333</steeringAngle>
      <velocity>8.0</velocity>
      <orientation>-1.6948824014764838</orientation>
      <time>74</time>
    </ksState>
    <ksState>
      <x>391.12885459769586</x>
      <y>-272.1208462762616</y>
      <steeringAngle>-0.17766666666666667</steeringAngle>
      <velocity>8.0</velocity>
      <orientation>-1.7449172137256386</orientation>
      <time>75</time>
    </ksState>
    <ksState>
      <x>390.9787520356204</x>
      <y>-272.86580256508717</y>
      <steeringAngle>-0.1421333333333334</steeringAngle>
      <velocity>7.2</velocity>
      <orientation>-1.7925445354712755</orientation>
      <time>76</time>
    </ksState>
    <ksState>
      <x>390.81773559287853</x>
      <y>-273.52643217068055</y>
      <steeringAngle>-0.10660000000000011</steeringAngle>
      <velocity>6.4</velocity>
      <orientation>-1.8256041059192434</orientation>
      <time>77</time>
    </ksState>
    <ksState>
      <x>390.66006595896044</x>
      <y>-274.10533390824725</y>
      <steeringAngle>-0.07106666666666674</steeringAngle>
      <velocity>5.600000000000001</velocity>
      <orientation>-1.8464210542131319</orientation>
      <time>78</time>
    </ksState>
    <ksState>
      <x>390.51553827218754</x>
      <y>-274.60484273119306</y>
      <steeringAngle>-0.03553333333333339</steeringAngle>
      <velocity>4.800000000000001</velocity>
      <orientation>-1.857271663870795</orientation>
      <time>79</time>
    </ksState>
    <ksState>
      <x>390.3903342884417</x>
      <y>-275.02665286885343</y>
      <steeringAngle>-5.5294310796760726e-17</steeringAngle>
      <velocity>4.0</velocity>
      <orientation>-1.8603954397079603</orientation>
      <time>80</time>
    </ksState>
    <ksState>
      <x>390.2651303261982</x>
      <y>-275.44846301473694</y>
      <steeringAngle>0.035533333333333326</steeringAngle>
      <velocity>4.799999999999999</velocity>
      <orientation>-1.8572716610387694</orientation>
      <time>81</time>
    </ksState>
    <ksState>
      <x>390.1206026485954</x>
      <y>-275.9479718421895</y>
      <steeringAngle>0.07106666666666667</steeringAngle>
      <velocity>5.599999999999998</velocity>
      <orientation>-1.8464210499775966</orientation>
      <time>82</time>
    </ksState>
    <ksState>
      <x>389.9629330220403</x>
      <y>-276.52687358187757</y>
      <steeringAngle>0.10659999999999999</steeringAngle>
      <velocity>6.3999999999999995</velocity>
      <orientation>-1.8256041009772688</orientation>
      <time>83</time>
    </ksState>
    <ksState>
      <x>389.80191659050934</x>
      <y>-277.18750318394996</y>
      <steeringAngle>0.14213333333333333</steeringAngle>
      <velocity>7.199999999999999</velocity>
      <orientation>-1.7925445299961036</orientation>
      <time>84</time>
    </ksState>
    <ksState>
      <x>389.6518140449375</x>
      <y>-277.93245945412605</y>
      <steeringAngle>0.17766666666666664</steeringAngle>
      <velocity>7.9999999999999964</velocity>
      <orientation>-1.744917207914557</orientation>
      <time>85</time>
    </ksState>
    <ksState>
      <x>389.5337308251645</x>
      <y>-278.723612250875</y>
      <steeringAngle>0.14213333333333336</steeringAngle>
      <velocity>8.0</velocity>
      <orientation>-1.6948823963658086</orientation>
      <time>86</time>
    </ksState>
    <ksState>
      <x>389.4508759670029</x>
      <y>-279.51925962496944</y>
      <steeringAngle>0.1066000000000001</steeringAngle>
      <velocity>8.0</velocity>
      <orientation>-1.6560985443588112</orientation>
      <time>87</time>
    </ksState>
    <ksState>
      <x>389.3944765317432</x>
      <y>-280.31724350463475</y>
      <steeringAngle>0.07106666666666674</steeringAngle>
      <velocity>8.0</velocity>
      <orientation>-1.6284660653291243</orientation>
      <time>88</time>
    </ksState>
    <ksState>
      <x>389.3557139523345</x>
      <y>-281.1162946554606</y>
      <steeringAngle>0.035533333333333354</steeringAngle>
      <velocity>8.0</velocity>
      <orientation>-1.6119145447000949</orientation>
      <time>89</time>
    </ksState>
    <ksState>
      <x>389.3257665374221</x>
      <y>-281.91573284460816</y>
      <steeringAngle>2.0816681711721685e-17</steeringAngle>
      <velocity>8.0</velocity>
      <orientation>-1.60640201824169</orientation>
      <time>90</time>
    </ksState>
    <ksState>
      <x>389.29728800250433</x>
      <y>-282.7152257920748</y>
      <steeringAngle>0.0</steeringAngle>
      <velocity>8.0</velocity>
      <orientation>-1.60640201824169</orientation>
      <time>91</time>
    </ksState>
    <ksState>
      <x>389.2688094675866</x>
      <y>-283.5147187395415</y>
      <steeringAngle>0.0</steeringAngle>
      <velocity>8.0</velocity>
      <orientation>-1.60640201824169</orientation>
      <time>92</time>
    </ksState>
    <ksState>
      <x>389.2403309326688</x>
      <y>-284.31421168700814</y>
      <steeringAngle>0.0</steeringAngle>
      <velocity>8.0</velocity>
      <orientation>-1.60640201824169</orientation>
      <time>93</time>
    </ksState>
    <ksState>
      <x>389.21185239775104</x>
      <y>-285.1137046344748</y>
      <steeringAngle>0.0</steeringAngle>
      <velocity>8.0</velocity>
      <orientation>-1.60640201824169</orientation>
      <time>94</time>
    </ksState>
    <ksState>
      <x>389.1833738628333</x>
      <y>-285.9131975819415</y>
      <steeringAngle>0.0</steeringAngle>
      <velocity>8.0</velocity>
      <orientation>-1.60640201824169</orientation>
      <time>95</time>
    </ksState>
    <ksState>
      <x>389.15502813462234</x>
      <y>-286.6726679006008</y>
      <steeringAngle>-0.03553333333333333</steeringAngle>
      <velocity>7.199999999999999</velocity>
      <orientation>-1.6115470312241824</orientation>
      <time>96</time>
    </ksState>
    <ksState>
      <x>389.12310968426266</x>
      <y>-287.3519128105911</y>
      <steeringAngle>-0.07106666666666664</steeringAngle>
      <velocity>6.400000000000001</velocity>
      <orientation>-1.6255237033451455</orientation>
      <time>97</time>
    </ksState>
    <ksState>
      <x>389.08452732792</x>
      <y>-287.95066035403795</y>
      <steeringAngle>-0.10659999999999997</steeringAngle>
      <velocity>5.600000000000004</velocity>
      <orientation>-1.646155471211027</orientation>
      <time>98</time>
    </ksState>
    <ksState>
      <x>389.0391841687518</x>
      <y>-288.46866593942974</y>
      <steeringAngle>-0.1421333333333333</steeringAngle>
      <velocity>4.800000000000003</velocity>
      <orientation>-1.671271678719675</orientation>
      <time>99</time>
    </ksState>
  </ksTrajectory>
</CommonRoadSolution>
