<?xml version="1.0" ?>
<CommonRoadSolution benchmark_id="KS2:SM1:BEL_Putte-2_1_T-1:2020a" computation_time="0.8112240610000185" date="2020-12-29">
  <ksTrajectory planningProblem="1">
    <ksState>
      <x>640.08333</x>
      <y>973.80808</y>
      <steeringAngle>0.0</steeringAngle>
      <velocity>0.0</velocity>
      <orientation>-2.1837579</orientation>
      <time>0</time>
    </ksState>
    <ksState>
      <x>640.0603231209113</x>
      <y>973.7753586987993</y>
      <steeringAngle>0.03553333333333333</steeringAngle>
      <velocity>0.8</velocity>
      <orientation>-2.1833903682217577</orientation>
      <time>1</time>
    </ksState>
    <ksState>
      <x>639.9914373166724</x>
      <y>973.6771001722041</y>
      <steeringAngle>0.0710666666666667</steeringAngle>
      <velocity>1.6</velocity>
      <orientation>-2.180815521629772</orientation>
      <time>2</time>
    </ksState>
    <ksState>
      <x>639.877397689152</x>
      <y>973.5127992324217</y>
      <steeringAngle>0.10660000000000003</steeringAngle>
      <velocity>2.4000000000000004</velocity>
      <orientation>-2.173814817392935</orientation>
      <time>3</time>
    </ksState>
    <ksState>
      <x>639.7201065262036</x>
      <y>973.2811566960714</y>
      <steeringAngle>0.14213333333333342</steeringAngle>
      <velocity>3.2000000000000015</velocity>
      <orientation>-2.160147176452115</orientation>
      <time>4</time>
    </ksState>
    <ksState>
      <x>639.5232833603199</x>
      <y>972.979734888993</y>
      <steeringAngle>0.17766666666666683</steeringAngle>
      <velocity>4.0000000000000036</velocity>
      <orientation>-2.1375372605788945</orientation>
      <time>5</time>
    </ksState>
    <ksState>
      <x>639.3135813243418</x>
      <y>972.639128848049</y>
      <steeringAngle>0.21319999999999995</steeringAngle>
      <velocity>4.0</velocity>
      <orientation>-2.1068294779413943</orientation>
      <time>6</time>
    </ksState>
    <ksState>
      <x>639.1154381641396</x>
      <y>972.2916787983639</y>
      <steeringAngle>0.24873333333333336</steeringAngle>
      <velocity>4.0</velocity>
      <orientation>-2.0703506368187</orientation>
      <time>7</time>
    </ksState>
    <ksState>
      <x>638.9311398138728</x>
      <y>971.9366996452139</y>
      <steeringAngle>0.2842666666666667</steeringAngle>
      <velocity>4.0</velocity>
      <orientation>-2.028003402973252</orientation>
      <time>8</time>
    </ksState>
    <ksState>
      <x>638.7631197644642</x>
      <y>971.5737421961309</y>
      <steeringAngle>0.31980000000000003</steeringAngle>
      <velocity>4.0</velocity>
      <orientation>-1.979672721606117</orientation>
      <time>9</time>
    </ksState>
    <ksState>
      <x>638.6139649507013</x>
      <y>971.2026447627412</y>
      <steeringAngle>0.35533333333333333</steeringAngle>
      <velocity>4.0</velocity>
      <orientation>-1.9252245204278386</orientation>
      <time>10</time>
    </ksState>
    <ksState>
      <x>638.4856175695675</x>
      <y>970.8238474218866</y>
      <steeringAngle>0.31979999999999986</steeringAngle>
      <velocity>4.0</velocity>
      <orientation>-1.870776321234459</orientation>
      <time>11</time>
    </ksState>
    <ksState>
      <x>638.3768897738394</x>
      <y>970.438948572951</y>
      <steeringAngle>0.28426666666666656</steeringAngle>
      <velocity>4.0</velocity>
      <orientation>-1.8224456417532018</orientation>
      <time>12</time>
    </ksState>
    <ksState>
      <x>638.2857125236063</x>
      <y>970.0495095029871</y>
      <steeringAngle>0.2487333333333332</steeringAngle>
      <velocity>4.0</velocity>
      <orientation>-1.7800984080303266</orientation>
      <time>13</time>
    </ksState>
    <ksState>
      <x>638.2099461531112</x>
      <y>969.6567733262402</y>
      <steeringAngle>0.21319999999999986</steeringAngle>
      <velocity>4.0</velocity>
      <orientation>-1.743619566956699</orientation>
      <time>14</time>
    </ksState>
    <ksState>
      <x>638.1474094205486</x>
      <y>969.26170804816</y>
      <steeringAngle>0.1776666666666665</steeringAngle>
      <velocity>4.0</velocity>
      <orientation>-1.7129117843078712</orientation>
      <time>15</time>
    </ksState>
    <ksState>
      <x>638.0958999984776</x>
      <y>968.8650489679694</y>
      <steeringAngle>0.1421333333333333</steeringAngle>
      <velocity>4.0</velocity>
      <orientation>-1.687894377963348</orientation>
      <time>16</time>
    </ksState>
    <ksState>
      <x>638.0532078909032</x>
      <y>968.4673400778586</y>
      <steeringAngle>0.10659999999999999</steeringAngle>
      <velocity>4.0</velocity>
      <orientation>-1.6685024516725973</orientation>
      <time>17</time>
    </ksState>
    <ksState>
      <x>638.0171232688558</x>
      <y>968.0689742336447</y>
      <steeringAngle>0.07106666666666664</steeringAngle>
      <velocity>4.0</velocity>
      <orientation>-1.6546862119376444</orientation>
      <time>18</time>
    </ksState>
    <ksState>
      <x>637.9854400138375</x>
      <y>967.670232151048</y>
      <steeringAngle>0.03553333333333332</steeringAngle>
      <velocity>4.0</velocity>
      <orientation>-1.646410451475379</orientation>
      <time>19</time>
    </ksState>
    <ksState>
      <x>637.9559561568311</x>
      <y>967.2713203941073</y>
      <steeringAngle>-2.2985086056692694e-17</steeringAngle>
      <velocity>4.0</velocity>
      <orientation>-1.6436541881805387</orientation>
      <time>20</time>
    </ksState>
    <ksState>
      <x>637.9264722985571</x>
      <y>966.8724086509542</y>
      <steeringAngle>-0.035533333333333326</steeringAngle>
      <velocity>4.0</velocity>
      <orientation>-1.646410462713139</orientation>
      <time>21</time>
    </ksState>
    <ksState>
      <x>637.8947890396701</x>
      <y>966.4736665686323</y>
      <steeringAngle>-0.07106666666666711</steeringAngle>
      <velocity>4.0</velocity>
      <orientation>-1.6546862232564246</orientation>
      <time>22</time>
    </ksState>
    <ksState>
      <x>637.8587044133524</x>
      <y>966.075300724922</y>
      <steeringAngle>-0.10660000000000043</steeringAngle>
      <velocity>4.0</velocity>
      <orientation>-1.6685024630755614</orientation>
      <time>23</time>
    </ksState>
    <ksState>
      <x>637.8160123012728</x>
      <y>965.6775918357074</y>
      <steeringAngle>-0.14213333333333378</steeringAngle>
      <velocity>4.0</velocity>
      <orientation>-1.6878943894611071</orientation>
      <time>24</time>
    </ksState>
    <ksState>
      <x>637.7645028746289</x>
      <y>965.2809327568168</y>
      <steeringAngle>-0.1776666666666672</steeringAngle>
      <velocity>4.0</velocity>
      <orientation>-1.7129117959125044</orientation>
      <time>25</time>
    </ksState>
    <ksState>
      <x>637.7019661384475</x>
      <y>964.88586747658</y>
      <steeringAngle>-0.21319999999999995</steeringAngle>
      <velocity>4.0</velocity>
      <orientation>-1.7436195785500046</orientation>
      <time>26</time>
    </ksState>
    <ksState>
      <x>637.6261997633165</x>
      <y>964.4931312987702</y>
      <steeringAngle>-0.24873333333333336</steeringAngle>
      <velocity>4.0</velocity>
      <orientation>-1.7800984196726988</orientation>
      <time>27</time>
    </ksState>
    <ksState>
      <x>637.5350225076068</x>
      <y>964.103692228923</y>
      <steeringAngle>-0.2842666666666667</steeringAngle>
      <velocity>4.0</velocity>
      <orientation>-1.8224456535181468</orientation>
      <time>28</time>
    </ksState>
    <ksState>
      <x>637.4262946827118</x>
      <y>963.7187934020325</y>
      <steeringAngle>-0.31980000000000003</steeringAngle>
      <velocity>4.0</velocity>
      <orientation>-1.870776334885282</orientation>
      <time>29</time>
    </ksState>
    <ksState>
      <x>637.297947275157</x>
      <y>963.3399960861616</y>
      <steeringAngle>-0.35533333333333333</steeringAngle>
      <velocity>4.0</velocity>
      <orientation>-1.9252245360635603</orientation>
      <time>30</time>
    </ksState>
    <ksState>
      <x>637.164614946523</x>
      <y>963.0056363727042</y>
      <steeringAngle>-0.31979999999999975</steeringAngle>
      <velocity>3.2</velocity>
      <orientation>-1.9743310961213485</orientation>
      <time>31</time>
    </ksState>
    <ksState>
      <x>637.0502296518097</x>
      <y>962.7500811563932</y>
      <steeringAngle>-0.2842666666666663</steeringAngle>
      <velocity>2.4000000000000004</velocity>
      <orientation>-2.008263351487563</orientation>
      <time>32</time>
    </ksState>
    <ksState>
      <x>636.9635357816601</x>
      <y>962.5698516891712</y>
      <steeringAngle>-0.24873333333333292</steeringAngle>
      <velocity>1.6000000000000008</velocity>
      <orientation>-2.029535672434502</orientation>
      <time>33</time>
    </ksState>
  </ksTrajectory>
</CommonRoadSolution>
