<?xml version="1.0" ?>
<CommonRoadSolution benchmark_id="KS2:SM1:HRV_Pula-22_1_T-1:2020a" computation_time="1.623100413999964" date="2020-12-29">
  <ksTrajectory planningProblem="1">
    <ksState>
      <x>688.85865</x>
      <y>176.81768</y>
      <steeringAngle>0.0</steeringAngle>
      <velocity>4.0</velocity>
      <orientation>2.603952</orientation>
      <time>0</time>
    </ksState>
    <ksState>
      <x>688.5150822728314</x>
      <y>177.02252437226394</y>
      <steeringAngle>0.0</steeringAngle>
      <velocity>4.0</velocity>
      <orientation>2.603952</orientation>
      <time>1</time>
    </ksState>
    <ksState>
      <x>688.1715145456628</x>
      <y>177.22736874452787</y>
      <steeringAngle>0.0</steeringAngle>
      <velocity>4.0</velocity>
      <orientation>2.603952</orientation>
      <time>2</time>
    </ksState>
    <ksState>
      <x>687.8279468184942</x>
      <y>177.43221311679181</y>
      <steeringAngle>0.0</steeringAngle>
      <velocity>4.0</velocity>
      <orientation>2.603952</orientation>
      <time>3</time>
    </ksState>
    <ksState>
      <x>687.4843790913256</x>
      <y>177.63705748905576</y>
      <steeringAngle>0.0</steeringAngle>
      <velocity>4.0</velocity>
      <orientation>2.603952</orientation>
      <time>4</time>
    </ksState>
    <ksState>
      <x>687.140811364157</x>
      <y>177.84190186131968</y>
      <steeringAngle>0.0</steeringAngle>
      <velocity>4.0</velocity>
      <orientation>2.603952</orientation>
      <time>5</time>
    </ksState>
    <ksState>
      <x>686.797432109259</x>
      <y>178.04706171126574</y>
      <steeringAngle>-0.035533333333333326</steeringAngle>
      <velocity>4.0</velocity>
      <orientation>2.6011957254673996</orientation>
      <time>6</time>
    </ksState>
    <ksState>
      <x>686.4551903517508</x>
      <y>178.25411160024373</y>
      <steeringAngle>-0.07106666666666711</steeringAngle>
      <velocity>4.0</velocity>
      <orientation>2.592919964924114</orientation>
      <time>7</time>
    </ksState>
    <ksState>
      <x>686.1152577400289</x>
      <y>178.46492731403043</y>
      <steeringAngle>-0.10660000000000043</steeringAngle>
      <velocity>4.0</velocity>
      <orientation>2.5791037251049773</orientation>
      <time>8</time>
    </ksState>
    <ksState>
      <x>685.7788740567725</x>
      <y>178.68135511869752</y>
      <steeringAngle>-0.14213333333333378</steeringAngle>
      <velocity>4.0</velocity>
      <orientation>2.5597117987194316</orientation>
      <time>9</time>
    </ksState>
    <ksState>
      <x>685.4473809918212</x>
      <y>178.90519433284175</y>
      <steeringAngle>-0.1776666666666672</steeringAngle>
      <velocity>4.0</velocity>
      <orientation>2.534694392268034</orientation>
      <time>10</time>
    </ksState>
    <ksState>
      <x>685.1218098006872</x>
      <y>179.13756267397997</y>
      <steeringAngle>-0.1421333333333333</steeringAngle>
      <velocity>4.0</velocity>
      <orientation>2.5096769859235106</orientation>
      <time>11</time>
    </ksState>
    <ksState>
      <x>684.8014736272943</x>
      <y>179.37710330380784</y>
      <steeringAngle>-0.10659999999999999</steeringAngle>
      <velocity>4.0</velocity>
      <orientation>2.49028505963276</orientation>
      <time>12</time>
    </ksState>
    <ksState>
      <x>684.4851554742222</x>
      <y>179.62193032809566</y>
      <steeringAngle>-0.07106666666666664</steeringAngle>
      <velocity>4.0</velocity>
      <orientation>2.476468819897807</orientation>
      <time>13</time>
    </ksState>
    <ksState>
      <x>684.1715587435617</x>
      <y>179.87023692809075</y>
      <steeringAngle>-0.03553333333333332</steeringAngle>
      <velocity>4.0</velocity>
      <orientation>2.4681930594355417</orientation>
      <time>14</time>
    </ksState>
    <ksState>
      <x>683.8593353570699</x>
      <y>180.1202698150817</y>
      <steeringAngle>2.2985086056692694e-17</steeringAngle>
      <velocity>4.0</velocity>
      <orientation>2.4654367961407013</orientation>
      <time>15</time>
    </ksState>
    <ksState>
      <x>683.5473417020459</x>
      <y>180.3705895290971</y>
      <steeringAngle>0.0</steeringAngle>
      <velocity>4.0</velocity>
      <orientation>2.4654367961407013</orientation>
      <time>16</time>
    </ksState>
    <ksState>
      <x>683.2353480470218</x>
      <y>180.62090924311244</y>
      <steeringAngle>0.0</steeringAngle>
      <velocity>4.0</velocity>
      <orientation>2.4654367961407013</orientation>
      <time>17</time>
    </ksState>
    <ksState>
      <x>682.9233543919977</x>
      <y>180.8712289571278</y>
      <steeringAngle>0.0</steeringAngle>
      <velocity>4.0</velocity>
      <orientation>2.4654367961407013</orientation>
      <time>18</time>
    </ksState>
    <ksState>
      <x>682.6113607369737</x>
      <y>181.1215486711432</y>
      <steeringAngle>0.0</steeringAngle>
      <velocity>4.0</velocity>
      <orientation>2.4654367961407013</orientation>
      <time>19</time>
    </ksState>
    <ksState>
      <x>682.2993670819496</x>
      <y>181.37186838515854</y>
      <steeringAngle>0.0</steeringAngle>
      <velocity>4.0</velocity>
      <orientation>2.4654367961407013</orientation>
      <time>20</time>
    </ksState>
    <ksState>
      <x>681.9561740606216</x>
      <y>181.64722007121856</y>
      <steeringAngle>0.0</steeringAngle>
      <velocity>4.8</velocity>
      <orientation>2.4654367961407013</orientation>
      <time>21</time>
    </ksState>
    <ksState>
      <x>681.5505823082535</x>
      <y>181.97263570010995</y>
      <steeringAngle>0.0</steeringAngle>
      <velocity>5.6</velocity>
      <orientation>2.4654367961407013</orientation>
      <time>22</time>
    </ksState>
    <ksState>
      <x>681.0825918248578</x>
      <y>182.3481152718227</y>
      <steeringAngle>0.0</steeringAngle>
      <velocity>6.4</velocity>
      <orientation>2.4654367961407013</orientation>
      <time>23</time>
    </ksState>
    <ksState>
      <x>680.5522026104418</x>
      <y>182.77365878635095</y>
      <steeringAngle>0.0</steeringAngle>
      <velocity>7.199999999999999</velocity>
      <orientation>2.4654367961407013</orientation>
      <time>24</time>
    </ksState>
    <ksState>
      <x>679.9594146650101</x>
      <y>183.24926624369107</y>
      <steeringAngle>0.0</steeringAngle>
      <velocity>7.999999999999998</velocity>
      <orientation>2.4654367961407013</orientation>
      <time>25</time>
    </ksState>
    <ksState>
      <x>679.3363491496665</x>
      <y>183.75105062003894</y>
      <steeringAngle>-0.03553333333333333</steeringAngle>
      <velocity>8.0</velocity>
      <orientation>2.4599242611378624</orientation>
      <time>26</time>
    </ksState>
    <ksState>
      <x>678.7188621812412</x>
      <y>184.2596714258163</y>
      <steeringAngle>-0.07106666666666667</steeringAngle>
      <velocity>8.0</velocity>
      <orientation>2.443372740257593</orientation>
      <time>27</time>
    </ksState>
    <ksState>
      <x>678.1127713478784</x>
      <y>184.78179504287326</y>
      <steeringAngle>-0.10659999999999997</steeringAngle>
      <velocity>8.0</velocity>
      <orientation>2.415740260966898</orientation>
      <time>28</time>
    </ksState>
    <ksState>
      <x>677.5243645786455</x>
      <y>185.32373336664304</y>
      <steeringAngle>-0.1421333333333333</steeringAngle>
      <velocity>8.0</velocity>
      <orientation>2.3769564086941632</orientation>
      <time>29</time>
    </ksState>
    <ksState>
      <x>676.9606151996189</x>
      <y>185.89123052281246</y>
      <steeringAngle>-0.17766666666666667</steeringAngle>
      <velocity>8.0</velocity>
      <orientation>2.3269215964450085</orientation>
      <time>30</time>
    </ksState>
    <ksState>
      <x>676.4530405640397</x>
      <y>186.45679098882744</y>
      <steeringAngle>-0.1421333333333334</steeringAngle>
      <velocity>7.2</velocity>
      <orientation>2.2792942746993714</orientation>
      <time>31</time>
    </ksState>
    <ksState>
      <x>676.019598821792</x>
      <y>186.9807051294048</y>
      <steeringAngle>-0.10660000000000011</steeringAngle>
      <velocity>6.4</velocity>
      <orientation>2.2462347042514037</orientation>
      <time>32</time>
    </ksState>
    <ksState>
      <x>675.6496836178507</x>
      <y>187.45309234039877</y>
      <steeringAngle>-0.07106666666666674</steeringAngle>
      <velocity>5.600000000000001</velocity>
      <orientation>2.225417755957515</orientation>
      <time>33</time>
    </ksState>
  </ksTrajectory>
</CommonRoadSolution>
