<?xml version="1.0" ?>
<CommonRoadSolution benchmark_id="KS2:SM1:DEU_Flensburg-14_1_T-1:2020a" computation_time="1.8363953000000492" date="2020-12-29">
  <ksTrajectory planningProblem="123">
    <ksState>
      <x>278.98383</x>
      <y>-340.16288</y>
      <steeringAngle>0.0</steeringAngle>
      <velocity>8.0</velocity>
      <orientation>0.85758495</orientation>
      <time>0</time>
    </ksState>
    <ksState>
      <x>279.50835264569724</x>
      <y>-339.5588318306393</y>
      <steeringAngle>-0.03553333333333333</steeringAngle>
      <velocity>8.0</velocity>
      <orientation>0.8520724149971612</orientation>
      <time>1</time>
    </ksState>
    <ksState>
      <x>280.03950035912186</x>
      <y>-338.9606116481242</y>
      <steeringAngle>-0.07106666666666667</steeringAngle>
      <velocity>8.0</velocity>
      <orientation>0.8355208941168916</orientation>
      <time>2</time>
    </ksState>
    <ksState>
      <x>280.5837194213859</x>
      <y>-338.3742800166701</y>
      <steeringAngle>-0.10659999999999997</steeringAngle>
      <velocity>8.0</velocity>
      <orientation>0.8078884148261967</orientation>
      <time>3</time>
    </ksState>
    <ksState>
      <x>281.1470844457925</x>
      <y>-337.8063543858656</y>
      <steeringAngle>-0.1421333333333333</steeringAngle>
      <velocity>8.0</velocity>
      <orientation>0.7691045625534618</orientation>
      <time>4</time>
    </ksState>
    <ksState>
      <x>281.7350772737291</x>
      <y>-337.26401609760956</y>
      <steeringAngle>-0.17766666666666667</steeringAngle>
      <velocity>8.0</velocity>
      <orientation>0.7190697503043071</orientation>
      <time>5</time>
    </ksState>
    <ksState>
      <x>282.3504232774791</x>
      <y>-336.7529234540853</y>
      <steeringAngle>-0.14213333333333336</steeringAngle>
      <velocity>8.0</velocity>
      <orientation>0.6690349387555586</orientation>
      <time>6</time>
    </ksState>
    <ksState>
      <x>282.9878743157431</x>
      <y>-336.2696266040642</y>
      <steeringAngle>-0.1066000000000001</steeringAngle>
      <velocity>8.0</velocity>
      <orientation>0.6302510867485613</orientation>
      <time>7</time>
    </ksState>
    <ksState>
      <x>283.6410372387039</x>
      <y>-335.8077420247885</y>
      <steeringAngle>-0.07106666666666674</steeringAngle>
      <velocity>8.0</velocity>
      <orientation>0.6026186077188744</orientation>
      <time>8</time>
    </ksState>
    <ksState>
      <x>284.30425533662816</x>
      <y>-335.36038642374587</y>
      <steeringAngle>-0.035533333333333354</steeringAngle>
      <velocity>8.0</velocity>
      <orientation>0.586067087089845</orientation>
      <time>9</time>
    </ksState>
    <ksState>
      <x>284.9723739671539</x>
      <y>-334.9203685133468</y>
      <steeringAngle>-2.0816681711721685e-17</steeringAngle>
      <velocity>8.0</velocity>
      <orientation>0.5805545606314402</orientation>
      <time>10</time>
    </ksState>
    <ksState>
      <x>285.64049256059536</x>
      <y>-334.48035062523877</y>
      <steeringAngle>0.03553333333333333</steeringAngle>
      <velocity>8.0</velocity>
      <orientation>0.586067095634279</orientation>
      <time>11</time>
    </ksState>
    <ksState>
      <x>286.3037106569834</x>
      <y>-334.03299502074947</y>
      <steeringAngle>0.07106666666666667</steeringAngle>
      <velocity>8.0</velocity>
      <orientation>0.6026186165145486</orientation>
      <time>12</time>
    </ksState>
    <ksState>
      <x>286.9568735775617</x>
      <y>-333.57111043672785</y>
      <steeringAngle>0.10659999999999997</steeringAngle>
      <velocity>8.0</velocity>
      <orientation>0.6302510958052435</orientation>
      <time>13</time>
    </ksState>
    <ksState>
      <x>287.59432461261736</x>
      <y>-333.0878135810006</y>
      <steeringAngle>0.1421333333333333</steeringAngle>
      <velocity>8.0</velocity>
      <orientation>0.6690349480779785</orientation>
      <time>14</time>
    </ksState>
    <ksState>
      <x>288.2096705882948</x>
      <y>-332.57672091344324</y>
      <steeringAngle>0.17766666666666667</steeringAngle>
      <velocity>8.0</velocity>
      <orientation>0.7190697603271331</orientation>
      <time>15</time>
    </ksState>
    <ksState>
      <x>288.7966224308372</x>
      <y>-332.03328549290075</y>
      <steeringAngle>0.17766666666666667</steeringAngle>
      <velocity>8.0</velocity>
      <orientation>0.7747707366376448</orientation>
      <time>16</time>
    </ksState>
    <ksState>
      <x>289.35240976509556</x>
      <y>-331.458015973062</y>
      <steeringAngle>0.17766666666666667</steeringAngle>
      <velocity>8.0</velocity>
      <orientation>0.8304717129481567</orientation>
      <time>17</time>
    </ksState>
    <ksState>
      <x>289.87530862590353</x>
      <y>-330.8526967462553</y>
      <steeringAngle>0.17766666666666667</steeringAngle>
      <velocity>8.0</velocity>
      <orientation>0.8861726892586683</orientation>
      <time>18</time>
    </ksState>
    <ksState>
      <x>290.36369708739437</x>
      <y>-330.2192053895509</y>
      <steeringAngle>0.17766666666666667</steeringAngle>
      <velocity>8.0</velocity>
      <orientation>0.9418736655691802</orientation>
      <time>19</time>
    </ksState>
    <ksState>
      <x>290.8160602678618</x>
      <y>-329.55950686344454</y>
      <steeringAngle>0.17766666666666667</steeringAngle>
      <velocity>8.0</velocity>
      <orientation>0.997574641879692</orientation>
      <time>20</time>
    </ksState>
    <ksState>
      <x>291.23229746199877</x>
      <y>-328.87641609874873</y>
      <steeringAngle>0.14213333333333336</steeringAngle>
      <velocity>8.0</velocity>
      <orientation>1.0476094534284404</orientation>
      <time>21</time>
    </ksState>
    <ksState>
      <x>291.6178214114838</x>
      <y>-328.17549459401533</y>
      <steeringAngle>0.1066000000000001</steeringAngle>
      <velocity>8.0</velocity>
      <orientation>1.0863933054354378</orientation>
      <time>22</time>
    </ksState>
    <ksState>
      <x>291.97987699161376</x>
      <y>-327.4621398958461</y>
      <steeringAngle>0.07106666666666674</steeringAngle>
      <velocity>8.0</velocity>
      <orientation>1.1140257844651247</orientation>
      <time>23</time>
    </ksState>
    <ksState>
      <x>292.32609651341625</x>
      <y>-326.7409482972252</y>
      <steeringAngle>0.035533333333333354</steeringAngle>
      <velocity>8.0</velocity>
      <orientation>1.130577305094154</orientation>
      <time>24</time>
    </ksState>
    <ksState>
      <x>292.6643440467895</x>
      <y>-326.01597459280936</y>
      <steeringAngle>2.0816681711721685e-17</steeringAngle>
      <velocity>8.0</velocity>
      <orientation>1.136089831552559</orientation>
      <time>25</time>
    </ksState>
    <ksState>
      <x>293.00259156349784</x>
      <y>-325.2910009283237</y>
      <steeringAngle>-0.03553333333333333</steeringAngle>
      <velocity>8.0</velocity>
      <orientation>1.13057729654972</orientation>
      <time>26</time>
    </ksState>
    <ksState>
      <x>293.3488110889337</x>
      <y>-324.56980933072174</y>
      <steeringAngle>-0.07106666666666667</steeringAngle>
      <velocity>8.0</velocity>
      <orientation>1.1140257756694505</orientation>
      <time>27</time>
    </ksState>
    <ksState>
      <x>293.71086667410543</x>
      <y>-323.85645463422</y>
      <steeringAngle>-0.10659999999999997</steeringAngle>
      <velocity>8.0</velocity>
      <orientation>1.0863932963787557</orientation>
      <time>28</time>
    </ksState>
    <ksState>
      <x>294.0963906297023</x>
      <y>-323.15553313183165</y>
      <steeringAngle>-0.1421333333333333</steeringAngle>
      <velocity>8.0</velocity>
      <orientation>1.0476094441060206</orientation>
      <time>29</time>
    </ksState>
    <ksState>
      <x>294.512627851697</x>
      <y>-322.4724423914176</y>
      <steeringAngle>-0.17766666666666667</steeringAngle>
      <velocity>8.0</velocity>
      <orientation>0.997574631856866</orientation>
      <time>30</time>
    </ksState>
    <ksState>
      <x>294.9637542687549</x>
      <y>-321.8118734317864</y>
      <steeringAngle>-0.14213333333333336</steeringAngle>
      <velocity>8.0</velocity>
      <orientation>0.9475398203081176</orientation>
      <time>31</time>
    </ksState>
    <ksState>
      <x>295.44377553557956</x>
      <y>-321.17195214379836</y>
      <steeringAngle>-0.1066000000000001</steeringAngle>
      <velocity>8.0</velocity>
      <orientation>0.9087559683011203</orientation>
      <time>32</time>
    </ksState>
    <ksState>
      <x>295.94478989791713</x>
      <y>-320.54829857230624</y>
      <steeringAngle>-0.07106666666666674</steeringAngle>
      <velocity>8.0</velocity>
      <orientation>0.8811234892714334</orientation>
      <time>33</time>
    </ksState>
    <ksState>
      <x>296.45946626882994</x>
      <y>-319.93584978879653</y>
      <steeringAngle>-0.035533333333333354</steeringAngle>
      <velocity>8.0</velocity>
      <orientation>0.864571968642404</orientation>
      <time>34</time>
    </ksState>
    <ksState>
      <x>296.98087160933636</x>
      <y>-319.32910870990133</y>
      <steeringAngle>-2.0816681711721685e-17</steeringAngle>
      <velocity>8.0</velocity>
      <orientation>0.8590594421839992</orientation>
      <time>35</time>
    </ksState>
    <ksState>
      <x>297.50339158870895</x>
      <y>-318.72332585181067</y>
      <steeringAngle>0.0</steeringAngle>
      <velocity>8.0</velocity>
      <orientation>0.8590594421839992</orientation>
      <time>36</time>
    </ksState>
    <ksState>
      <x>298.02591156808154</x>
      <y>-318.11754299372</y>
      <steeringAngle>0.0</steeringAngle>
      <velocity>8.0</velocity>
      <orientation>0.8590594421839992</orientation>
      <time>37</time>
    </ksState>
    <ksState>
      <x>298.54843154745413</x>
      <y>-317.5117601356294</y>
      <steeringAngle>0.0</steeringAngle>
      <velocity>8.0</velocity>
      <orientation>0.8590594421839992</orientation>
      <time>38</time>
    </ksState>
    <ksState>
      <x>299.0709515268267</x>
      <y>-316.90597727753874</y>
      <steeringAngle>0.0</steeringAngle>
      <velocity>8.0</velocity>
      <orientation>0.8590594421839992</orientation>
      <time>39</time>
    </ksState>
    <ksState>
      <x>299.59347150619925</x>
      <y>-316.3001944194481</y>
      <steeringAngle>0.0</steeringAngle>
      <velocity>8.0</velocity>
      <orientation>0.8590594421839992</orientation>
      <time>40</time>
    </ksState>
    <ksState>
      <x>300.11599148557184</x>
      <y>-315.6944115613574</y>
      <steeringAngle>0.0</steeringAngle>
      <velocity>8.0</velocity>
      <orientation>0.8590594421839992</orientation>
      <time>41</time>
    </ksState>
    <ksState>
      <x>300.63851146494443</x>
      <y>-315.08862870326675</y>
      <steeringAngle>0.0</steeringAngle>
      <velocity>8.0</velocity>
      <orientation>0.8590594421839992</orientation>
      <time>42</time>
    </ksState>
    <ksState>
      <x>301.161031444317</x>
      <y>-314.48284584517614</y>
      <steeringAngle>0.0</steeringAngle>
      <velocity>8.0</velocity>
      <orientation>0.8590594421839992</orientation>
      <time>43</time>
    </ksState>
    <ksState>
      <x>301.6835514236896</x>
      <y>-313.8770629870855</y>
      <steeringAngle>0.0</steeringAngle>
      <velocity>8.0</velocity>
      <orientation>0.8590594421839992</orientation>
      <time>44</time>
    </ksState>
    <ksState>
      <x>302.20607140306214</x>
      <y>-313.2712801289948</y>
      <steeringAngle>0.0</steeringAngle>
      <velocity>8.0</velocity>
      <orientation>0.8590594421839992</orientation>
      <time>45</time>
    </ksState>
    <ksState>
      <x>302.7274767140415</x>
      <y>-312.66453908172696</y>
      <steeringAngle>0.03553333333333333</steeringAngle>
      <velocity>8.0</velocity>
      <orientation>0.864571977186838</orientation>
      <time>46</time>
    </ksState>
    <ksState>
      <x>303.24215308252974</x>
      <y>-312.0520902953257</y>
      <steeringAngle>0.07106666666666667</steeringAngle>
      <velocity>8.0</velocity>
      <orientation>0.8811234980671077</orientation>
      <time>47</time>
    </ksState>
    <ksState>
      <x>303.7431674412718</x>
      <y>-311.4284367199255</y>
      <steeringAngle>0.10659999999999997</steeringAngle>
      <velocity>8.0</velocity>
      <orientation>0.9087559773578026</orientation>
      <time>48</time>
    </ksState>
    <ksState>
      <x>304.22318870344304</x>
      <y>-310.7885154273333</y>
      <steeringAngle>0.1421333333333333</steeringAngle>
      <velocity>8.0</velocity>
      <orientation>0.9475398296305375</orientation>
      <time>49</time>
    </ksState>
    <ksState>
      <x>304.6743150869029</x>
      <y>-310.1279464523127</y>
      <steeringAngle>0.17766666666666667</steeringAngle>
      <velocity>8.0</velocity>
      <orientation>0.9975746418796921</orientation>
      <time>50</time>
    </ksState>
    <ksState>
      <x>305.09055228103983</x>
      <y>-309.4448556876169</y>
      <steeringAngle>0.14213333333333336</steeringAngle>
      <velocity>8.0</velocity>
      <orientation>1.0476094534284406</orientation>
      <time>51</time>
    </ksState>
    <ksState>
      <x>305.4760762305249</x>
      <y>-308.7439341828835</y>
      <steeringAngle>0.1066000000000001</steeringAngle>
      <velocity>8.0</velocity>
      <orientation>1.086393305435438</orientation>
      <time>52</time>
    </ksState>
    <ksState>
      <x>305.83813181065483</x>
      <y>-308.0305794847143</y>
      <steeringAngle>0.07106666666666674</steeringAngle>
      <velocity>8.0</velocity>
      <orientation>1.114025784465125</orientation>
      <time>53</time>
    </ksState>
    <ksState>
      <x>306.1843513324573</x>
      <y>-307.30938788609336</y>
      <steeringAngle>0.035533333333333354</steeringAngle>
      <velocity>8.0</velocity>
      <orientation>1.130577305094154</orientation>
      <time>54</time>
    </ksState>
    <ksState>
      <x>306.52259886583056</x>
      <y>-306.5844141816775</y>
      <steeringAngle>2.0816681711721685e-17</steeringAngle>
      <velocity>8.0</velocity>
      <orientation>1.136089831552559</orientation>
      <time>55</time>
    </ksState>
    <ksState>
      <x>306.8608463825389</x>
      <y>-305.85944051719184</y>
      <steeringAngle>-0.03553333333333333</steeringAngle>
      <velocity>8.0</velocity>
      <orientation>1.13057729654972</orientation>
      <time>56</time>
    </ksState>
    <ksState>
      <x>307.20706590797477</x>
      <y>-305.1382489195899</y>
      <steeringAngle>-0.07106666666666667</steeringAngle>
      <velocity>8.0</velocity>
      <orientation>1.1140257756694505</orientation>
      <time>57</time>
    </ksState>
    <ksState>
      <x>307.5691214931465</x>
      <y>-304.42489422308813</y>
      <steeringAngle>-0.10659999999999997</steeringAngle>
      <velocity>8.0</velocity>
      <orientation>1.0863932963787557</orientation>
      <time>58</time>
    </ksState>
    <ksState>
      <x>307.95464544874335</x>
      <y>-303.7239727206998</y>
      <steeringAngle>-0.1421333333333333</steeringAngle>
      <velocity>8.0</velocity>
      <orientation>1.0476094441060206</orientation>
      <time>59</time>
    </ksState>
    <ksState>
      <x>308.37088267073807</x>
      <y>-303.04088198028575</y>
      <steeringAngle>-0.17766666666666667</steeringAngle>
      <velocity>8.0</velocity>
      <orientation>0.997574631856866</orientation>
      <time>60</time>
    </ksState>
    <ksState>
      <x>308.82324582625694</x>
      <y>-302.3811834906004</y>
      <steeringAngle>-0.17766666666666667</steeringAngle>
      <velocity>8.0</velocity>
      <orientation>0.9418736555463543</orientation>
      <time>61</time>
    </ksState>
    <ksState>
      <x>309.31163428487787</x>
      <y>-301.74769213717605</y>
      <steeringAngle>-0.17766666666666667</steeringAngle>
      <velocity>8.0</velocity>
      <orientation>0.8861726792358424</orientation>
      <time>62</time>
    </ksState>
    <ksState>
      <x>309.8345331456644</x>
      <y>-301.14237291035084</y>
      <steeringAngle>-0.17766666666666667</steeringAngle>
      <velocity>8.0</velocity>
      <orientation>0.8304717029253308</orientation>
      <time>63</time>
    </ksState>
    <ksState>
      <x>310.3903204827509</x>
      <y>-300.56710338719586</y>
      <steeringAngle>-0.17766666666666667</steeringAngle>
      <velocity>8.0</velocity>
      <orientation>0.7747707266148189</orientation>
      <time>64</time>
    </ksState>
    <ksState>
      <x>310.9772723577018</x>
      <y>-300.0236679366766</y>
      <steeringAngle>-0.17766666666666667</steeringAngle>
      <velocity>8.0</velocity>
      <orientation>0.7190697503043071</orientation>
      <time>65</time>
    </ksState>
    <ksState>
      <x>311.56124871702684</x>
      <y>-299.53739408055037</y>
      <steeringAngle>-0.1421333333333334</steeringAngle>
      <velocity>7.2</velocity>
      <orientation>0.6714424285586702</orientation>
      <time>66</time>
    </ksState>
    <ksState>
      <x>312.1008609359248</x>
      <y>-299.1236593541426</y>
      <steeringAngle>-0.10660000000000011</steeringAngle>
      <velocity>6.4</velocity>
      <orientation>0.6383828581107022</orientation>
      <time>67</time>
    </ksState>
    <ksState>
      <x>312.586628127115</x>
      <y>-298.771498636315</y>
      <steeringAngle>-0.07106666666666674</steeringAngle>
      <velocity>5.600000000000001</velocity>
      <orientation>0.6175659098168137</orientation>
      <time>68</time>
    </ksState>
    <ksState>
      <x>313.0123829843833</x>
      <y>-298.4729519599694</y>
      <steeringAngle>-0.03553333333333339</steeringAngle>
      <velocity>4.800000000000001</velocity>
      <orientation>0.6067153001591509</orientation>
      <time>69</time>
    </ksState>
    <ksState>
      <x>313.374371612301</x>
      <y>-298.22282386671077</y>
      <steeringAngle>-5.5294310796760726e-17</steeringAngle>
      <velocity>4.0</velocity>
      <orientation>0.6035915243219853</orientation>
      <time>70</time>
    </ksState>
    <ksState>
      <x>313.703483706446</x>
      <y>-297.99548028045496</y>
      <steeringAngle>0.035533333333333326</steeringAngle>
      <velocity>4.0</velocity>
      <orientation>0.6063477988545857</orientation>
      <time>71</time>
    </ksState>
    <ksState>
      <x>314.03133621670855</x>
      <y>-297.76632572862883</y>
      <steeringAngle>0.07106666666666711</steeringAngle>
      <velocity>4.0</velocity>
      <orientation>0.614623559397871</orientation>
      <time>72</time>
    </ksState>
    <ksState>
      <x>314.35663642177605</x>
      <y>-297.5335657185873</y>
      <steeringAngle>0.10660000000000043</steeringAngle>
      <velocity>4.0</velocity>
      <orientation>0.6284397992170079</orientation>
      <time>73</time>
    </ksState>
    <ksState>
      <x>314.6780255596142</x>
      <y>-297.29543970347385</y>
      <steeringAngle>0.14213333333333378</steeringAngle>
      <velocity>4.0</velocity>
      <orientation>0.6478317256025538</orientation>
      <time>74</time>
    </ksState>
    <ksState>
      <x>314.99404627655457</x>
      <y>-297.05024069783957</y>
      <steeringAngle>0.1776666666666672</steeringAngle>
      <velocity>4.0</velocity>
      <orientation>0.6728491320539511</orientation>
      <time>75</time>
    </ksState>
    <ksState>
      <x>315.3033543597</x>
      <y>-296.79663045333837</y>
      <steeringAngle>0.17766666666666667</steeringAngle>
      <velocity>4.0</velocity>
      <orientation>0.7006996202092071</orientation>
      <time>76</time>
    </ksState>
    <ksState>
      <x>315.60548026650554</x>
      <y>-296.53450527059346</y>
      <steeringAngle>0.17766666666666667</steeringAngle>
      <velocity>4.0</velocity>
      <orientation>0.7285501083644629</orientation>
      <time>77</time>
    </ksState>
    <ksState>
      <x>315.9001896397842</x>
      <y>-296.26406847296283</y>
      <steeringAngle>0.17766666666666667</steeringAngle>
      <velocity>4.0</velocity>
      <orientation>0.7564005965197188</orientation>
      <time>78</time>
    </ksState>
    <ksState>
      <x>316.187253903053</x>
      <y>-295.9855298114904</y>
      <steeringAngle>0.17766666666666667</steeringAngle>
      <velocity>4.0</velocity>
      <orientation>0.7842510846749746</orientation>
      <time>79</time>
    </ksState>
    <ksState>
      <x>316.46645040856305</x>
      <y>-295.69910531997374</y>
      <steeringAngle>0.17766666666666667</steeringAngle>
      <velocity>4.0</velocity>
      <orientation>0.8121015728302305</orientation>
      <time>80</time>
    </ksState>
    <ksState>
      <x>316.73756258086706</x>
      <y>-295.4050171759699</y>
      <steeringAngle>0.17766666666666667</steeringAngle>
      <velocity>4.0</velocity>
      <orientation>0.8399520609854865</orientation>
      <time>81</time>
    </ksState>
    <ksState>
      <x>317.0003802025071</x>
      <y>-295.1034934244218</y>
      <steeringAngle>0.17766666666666667</steeringAngle>
      <velocity>4.0</velocity>
      <orientation>0.8678025491407423</orientation>
      <time>82</time>
    </ksState>
    <ksState>
      <x>317.2546994067226</x>
      <y>-294.79476794996566</y>
      <steeringAngle>0.17766666666666667</steeringAngle>
      <velocity>4.0</velocity>
      <orientation>0.8956530372959982</orientation>
      <time>83</time>
    </ksState>
    <ksState>
      <x>317.5003229436814</x>
      <y>-294.47908020032565</y>
      <steeringAngle>0.17766666666666667</steeringAngle>
      <velocity>4.0</velocity>
      <orientation>0.923503525451254</orientation>
      <time>84</time>
    </ksState>
    <ksState>
      <x>317.73706030695945</x>
      <y>-294.15667502223795</y>
      <steeringAngle>0.17766666666666667</steeringAngle>
      <velocity>4.0</velocity>
      <orientation>0.95135401360651</orientation>
      <time>85</time>
    </ksState>
    <ksState>
      <x>317.96472785642567</x>
      <y>-293.82780250387395</y>
      <steeringAngle>0.17766666666666667</steeringAngle>
      <velocity>4.0</velocity>
      <orientation>0.9792045017617659</orientation>
      <time>86</time>
    </ksState>
    <ksState>
      <x>318.183149062803</x>
      <y>-293.492717661488</y>
      <steeringAngle>0.17766666666666667</steeringAngle>
      <velocity>4.0</velocity>
      <orientation>1.0070549899170218</orientation>
      <time>87</time>
    </ksState>
    <ksState>
      <x>318.39215449660344</x>
      <y>-293.15168041300495</y>
      <steeringAngle>0.17766666666666667</steeringAngle>
      <velocity>4.0</velocity>
      <orientation>1.0349054780722775</orientation>
      <time>88</time>
    </ksState>
    <ksState>
      <x>318.59158205338787</x>
      <y>-292.8049552671388</y>
      <steeringAngle>0.17766666666666667</steeringAngle>
      <velocity>4.0</velocity>
      <orientation>1.0627559662275334</orientation>
      <time>89</time>
    </ksState>
    <ksState>
      <x>318.7812770562475</x>
      <y>-292.452811143349</y>
      <steeringAngle>0.17766666666666667</steeringAngle>
      <velocity>4.0</velocity>
      <orientation>1.0906064543827894</orientation>
      <time>90</time>
    </ksState>
    <ksState>
      <x>318.9607511122433</x>
      <y>-292.0953527789969</y>
      <steeringAngle>0.21319999999999995</steeringAngle>
      <velocity>4.0</velocity>
      <orientation>1.1213142370202895</orientation>
      <time>91</time>
    </ksState>
    <ksState>
      <x>319.1281179427786</x>
      <y>-291.7320752088145</y>
      <steeringAngle>0.24873333333333336</steeringAngle>
      <velocity>4.0</velocity>
      <orientation>1.1577930781429837</orientation>
      <time>92</time>
    </ksState>
    <ksState>
      <x>319.2810409487433</x>
      <y>-291.3624935056297</y>
      <steeringAngle>0.2842666666666667</steeringAngle>
      <velocity>4.0</velocity>
      <orientation>1.2001403119884317</orientation>
      <time>93</time>
    </ksState>
    <ksState>
      <x>319.41705691870806</x>
      <y>-290.98637051675155</y>
      <steeringAngle>0.31980000000000003</steeringAngle>
      <velocity>4.0</velocity>
      <orientation>1.2484709933555669</orientation>
      <time>94</time>
    </ksState>
    <ksState>
      <x>319.53357462447934</x>
      <y>-290.6037687815505</y>
      <steeringAngle>0.35533333333333333</steeringAngle>
      <velocity>4.0</velocity>
      <orientation>1.3029191945338452</orientation>
      <time>95</time>
    </ksState>
    <ksState>
      <x>319.62013878076556</x>
      <y>-290.25436847432576</y>
      <steeringAngle>0.31979999999999975</steeringAngle>
      <velocity>3.2</velocity>
      <orientation>1.3520257545916334</orientation>
      <time>96</time>
    </ksState>
    <ksState>
      <x>319.67616217937706</x>
      <y>-289.98004413519703</y>
      <steeringAngle>0.2842666666666663</steeringAngle>
      <velocity>2.4000000000000004</velocity>
      <orientation>1.385958009957848</orientation>
      <time>97</time>
    </ksState>
    <ksState>
      <x>319.71077775622035</x>
      <y>-289.7830663450367</y>
      <steeringAngle>0.24873333333333292</steeringAngle>
      <velocity>1.6000000000000008</velocity>
      <orientation>1.4072303309047867</orientation>
      <time>98</time>
    </ksState>
    <ksState>
      <x>319.729647418845</x>
      <y>-289.6645598526466</y>
      <steeringAngle>0.21319999999999967</steeringAngle>
      <velocity>0.8000000000000008</velocity>
      <orientation>1.4182709216458416</orientation>
      <time>99</time>
    </ksState>
  </ksTrajectory>
</CommonRoadSolution>
