<?xml version="1.0" ?>
<CommonRoadSolution benchmark_id="KS2:SM1:DEU_Speyer-5_2_T-1:2020a" computation_time="1.2753078609998738" date="2020-12-29">
  <ksTrajectory planningProblem="1">
    <ksState>
      <x>-406.35439</x>
      <y>-705.78114</y>
      <steeringAngle>0.0</steeringAngle>
      <velocity>4.0</velocity>
      <orientation>2.6278367</orientation>
      <time>0</time>
    </ksState>
    <ksState>
      <x>-406.7027519139584</x>
      <y>-705.5845592865431</y>
      <steeringAngle>0.0</steeringAngle>
      <velocity>4.0</velocity>
      <orientation>2.6278367</orientation>
      <time>1</time>
    </ksState>
    <ksState>
      <x>-407.0511138279169</x>
      <y>-705.3879785730862</y>
      <steeringAngle>0.0</steeringAngle>
      <velocity>4.0</velocity>
      <orientation>2.6278367</orientation>
      <time>2</time>
    </ksState>
    <ksState>
      <x>-407.3994757418753</x>
      <y>-705.1913978596293</y>
      <steeringAngle>0.0</steeringAngle>
      <velocity>4.0</velocity>
      <orientation>2.6278367</orientation>
      <time>3</time>
    </ksState>
    <ksState>
      <x>-407.7478376558337</x>
      <y>-704.9948171461724</y>
      <steeringAngle>0.0</steeringAngle>
      <velocity>4.0</velocity>
      <orientation>2.6278367</orientation>
      <time>4</time>
    </ksState>
    <ksState>
      <x>-408.09619956979213</x>
      <y>-704.7982364327155</y>
      <steeringAngle>0.0</steeringAngle>
      <velocity>4.0</velocity>
      <orientation>2.6278367</orientation>
      <time>5</time>
    </ksState>
    <ksState>
      <x>-408.44438059961044</x>
      <y>-704.6013358303833</y>
      <steeringAngle>-0.035533333333333326</steeringAngle>
      <velocity>4.0</velocity>
      <orientation>2.6250804254673996</orientation>
      <time>6</time>
    </ksState>
    <ksState>
      <x>-408.7914695952059</x>
      <y>-704.4025185619063</y>
      <steeringAngle>-0.07106666666666711</steeringAngle>
      <velocity>4.0</velocity>
      <orientation>2.616804664924114</orientation>
      <time>7</time>
    </ksState>
    <ksState>
      <x>-409.13634004068734</x>
      <y>-704.1998813947208</y>
      <steeringAngle>-0.10660000000000043</steeringAngle>
      <velocity>4.0</velocity>
      <orientation>2.6029884251049773</orientation>
      <time>8</time>
    </ksState>
    <ksState>
      <x>-409.4777966003121</x>
      <y>-703.9915489803361</y>
      <steeringAngle>-0.14213333333333378</steeringAngle>
      <velocity>4.0</velocity>
      <orientation>2.5835964987194315</orientation>
      <time>9</time>
    </ksState>
    <ksState>
      <x>-409.8145409390242</x>
      <y>-703.7756904705551</y>
      <steeringAngle>-0.1776666666666672</steeringAngle>
      <velocity>4.0</velocity>
      <orientation>2.558579092268034</orientation>
      <time>10</time>
    </ksState>
    <ksState>
      <x>-410.17836067970234</x>
      <y>-703.528257506422</y>
      <steeringAngle>-0.14213333333333333</steeringAngle>
      <velocity>4.8000000000000025</velocity>
      <orientation>2.5311541925496814</orientation>
      <time>11</time>
    </ksState>
    <ksState>
      <x>-410.60047527505526</x>
      <y>-703.2246046464629</y>
      <steeringAngle>-0.10660000000000003</steeringAngle>
      <velocity>5.600000000000005</velocity>
      <orientation>2.5060379802707637</orientation>
      <time>12</time>
    </ksState>
    <ksState>
      <x>-411.07936176739423</x>
      <y>-702.863142408453</y>
      <steeringAngle>-0.07106666666666671</steeringAngle>
      <velocity>6.400000000000004</velocity>
      <orientation>2.485406210671304</orientation>
      <time>13</time>
    </ksState>
    <ksState>
      <x>-411.6148980497475</x>
      <y>-702.4441038314359</y>
      <steeringAngle>-0.035533333333333375</steeringAngle>
      <velocity>7.200000000000006</velocity>
      <orientation>2.471429542578512</orientation>
      <time>14</time>
    </ksState>
    <ksState>
      <x>-412.2088951117597</x>
      <y>-701.9700087580026</y>
      <steeringAngle>-2.6346112791397758e-17</steeringAngle>
      <velocity>8.000000000000007</velocity>
      <orientation>2.4662845297989433</orientation>
      <time>15</time>
    </ksState>
    <ksState>
      <x>-412.8028921630493</x>
      <y>-701.4959136744048</y>
      <steeringAngle>0.03553333333333333</steeringAngle>
      <velocity>7.199999999999999</velocity>
      <orientation>2.4714295427814355</orientation>
      <time>16</time>
    </ksState>
    <ksState>
      <x>-413.338428430915</x>
      <y>-701.0768750830775</y>
      <steeringAngle>0.07106666666666664</steeringAngle>
      <velocity>6.400000000000001</velocity>
      <orientation>2.4854062149023988</orientation>
      <time>17</time>
    </ksState>
    <ksState>
      <x>-413.8173149143249</x>
      <y>-700.7154128374531</y>
      <steeringAngle>0.10659999999999997</steeringAngle>
      <velocity>5.600000000000004</velocity>
      <orientation>2.50603798276828</orientation>
      <time>18</time>
    </ksState>
    <ksState>
      <x>-414.2394294979289</x>
      <y>-700.4117599650983</y>
      <steeringAngle>0.1421333333333333</steeringAngle>
      <velocity>4.800000000000003</velocity>
      <orientation>2.5311541902769283</orientation>
      <time>19</time>
    </ksState>
    <ksState>
      <x>-414.6032492296641</x>
      <y>-700.1643269917829</y>
      <steeringAngle>0.17766666666666653</steeringAngle>
      <velocity>4.000000000000006</velocity>
      <orientation>2.5585790868620784</orientation>
      <time>20</time>
    </ksState>
    <ksState>
      <x>-414.93999356783155</x>
      <y>-699.9484684798546</y>
      <steeringAngle>0.1421333333333333</steeringAngle>
      <velocity>4.0</velocity>
      <orientation>2.583596493206602</orientation>
      <time>21</time>
    </ksState>
    <ksState>
      <x>-415.28145012664544</x>
      <y>-699.7401360633532</y>
      <steeringAngle>0.10659999999999999</steeringAngle>
      <velocity>4.0</velocity>
      <orientation>2.6029884194973523</orientation>
      <time>22</time>
    </ksState>
    <ksState>
      <x>-415.6263205709577</x>
      <y>-699.5374988939484</y>
      <steeringAngle>0.07106666666666664</steeringAngle>
      <velocity>4.0</velocity>
      <orientation>2.6168046592323053</orientation>
      <time>23</time>
    </ksState>
    <ksState>
      <x>-415.97340956507065</x>
      <y>-699.3386816229487</y>
      <steeringAngle>0.03553333333333332</steeringAngle>
      <velocity>4.0</velocity>
      <orientation>2.6250804196945707</orientation>
      <time>24</time>
    </ksState>
    <ksState>
      <x>-416.32159060454956</x>
      <y>-699.1417810099562</y>
      <steeringAngle>-2.2985086056692694e-17</steeringAngle>
      <velocity>4.0</velocity>
      <orientation>2.627836682989411</orientation>
      <time>25</time>
    </ksState>
    <ksState>
      <x>-416.669952515164</x>
      <y>-698.9452002905734</y>
      <steeringAngle>0.0</steeringAngle>
      <velocity>4.0</velocity>
      <orientation>2.627836682989411</orientation>
      <time>26</time>
    </ksState>
    <ksState>
      <x>-417.0183144257785</x>
      <y>-698.7486195711906</y>
      <steeringAngle>0.0</steeringAngle>
      <velocity>4.0</velocity>
      <orientation>2.627836682989411</orientation>
      <time>27</time>
    </ksState>
    <ksState>
      <x>-417.36667633639297</x>
      <y>-698.5520388518079</y>
      <steeringAngle>0.0</steeringAngle>
      <velocity>4.0</velocity>
      <orientation>2.627836682989411</orientation>
      <time>28</time>
    </ksState>
    <ksState>
      <x>-417.7150382470074</x>
      <y>-698.3554581324252</y>
      <steeringAngle>0.0</steeringAngle>
      <velocity>4.0</velocity>
      <orientation>2.627836682989411</orientation>
      <time>29</time>
    </ksState>
    <ksState>
      <x>-418.06340015762186</x>
      <y>-698.1588774130424</y>
      <steeringAngle>0.0</steeringAngle>
      <velocity>4.0</velocity>
      <orientation>2.627836682989411</orientation>
      <time>30</time>
    </ksState>
    <ksState>
      <x>-418.37692587627987</x>
      <y>-697.9819547661031</y>
      <steeringAngle>0.0</steeringAngle>
      <velocity>3.2</velocity>
      <orientation>2.627836682989411</orientation>
      <time>31</time>
    </ksState>
    <ksState>
      <x>-418.62077921272623</x>
      <y>-697.8443482630902</y>
      <steeringAngle>0.0</steeringAngle>
      <velocity>2.4000000000000004</velocity>
      <orientation>2.627836682989411</orientation>
      <time>32</time>
    </ksState>
    <ksState>
      <x>-418.79496016704974</x>
      <y>-697.7460579039539</y>
      <steeringAngle>0.0</steeringAngle>
      <velocity>1.6</velocity>
      <orientation>2.627836682989411</orientation>
      <time>33</time>
    </ksState>
  </ksTrajectory>
</CommonRoadSolution>
