<?xml version="1.0" ?>
<CommonRoadSolution benchmark_id="KS2:SM1:PRI_Barceloneta-2_1_T-1:2020a" computation_time="1.584205251000185" date="2020-12-29">
  <ksTrajectory planningProblem="1">
    <ksState>
      <x>22.599561</x>
      <y>-125.77489</y>
      <steeringAngle>0.0</steeringAngle>
      <velocity>0.0</velocity>
      <orientation>3.0245693</orientation>
      <time>0</time>
    </ksState>
    <ksState>
      <x>22.55983526438495</x>
      <y>-125.77021389397987</y>
      <steeringAngle>-0.03553333333333333</steeringAngle>
      <velocity>0.8</velocity>
      <orientation>3.024201768221758</orientation>
      <time>1</time>
    </ksState>
    <ksState>
      <x>22.44067746049341</x>
      <y>-125.75602200030538</y>
      <steeringAngle>-0.0710666666666667</steeringAngle>
      <velocity>1.6</velocity>
      <orientation>3.0216269216297724</orientation>
      <time>2</time>
    </ksState>
    <ksState>
      <x>22.242194670509978</x>
      <y>-125.7314370956122</y>
      <steeringAngle>-0.10660000000000003</steeringAngle>
      <velocity>2.4000000000000004</velocity>
      <orientation>3.014626217392935</orientation>
      <time>3</time>
    </ksState>
    <ksState>
      <x>21.964687319815926</x>
      <y>-125.69417525321013</y>
      <steeringAngle>-0.14213333333333342</steeringAngle>
      <velocity>3.2000000000000015</velocity>
      <orientation>3.000958576452115</orientation>
      <time>4</time>
    </ksState>
    <ksState>
      <x>21.60881929301979</x>
      <y>-125.63983915181221</y>
      <steeringAngle>-0.17766666666666683</steeringAngle>
      <velocity>4.0000000000000036</velocity>
      <orientation>2.9783486605788947</orientation>
      <time>5</time>
    </ksState>
    <ksState>
      <x>21.215093416470314</x>
      <y>-125.56934389984167</y>
      <steeringAngle>-0.17766666666666667</steeringAngle>
      <velocity>4.0</velocity>
      <orientation>2.950498172423639</orientation>
      <time>6</time>
    </ksState>
    <ksState>
      <x>20.823483264408246</x>
      <y>-125.48791194177814</y>
      <steeringAngle>-0.17766666666666667</steeringAngle>
      <velocity>4.0</velocity>
      <orientation>2.922647684268383</orientation>
      <time>7</time>
    </ksState>
    <ksState>
      <x>20.434292603702268</x>
      <y>-125.39560643906981</y>
      <steeringAngle>-0.17766666666666667</steeringAngle>
      <velocity>4.0</velocity>
      <orientation>2.894797196113127</orientation>
      <time>8</time>
    </ksState>
    <ksState>
      <x>20.047823290664034</x>
      <y>-125.2924989841469</y>
      <steeringAngle>-0.17766666666666667</steeringAngle>
      <velocity>4.0</velocity>
      <orientation>2.866946707957871</orientation>
      <time>9</time>
    </ksState>
    <ksState>
      <x>19.664375071124756</x>
      <y>-125.17866954611894</y>
      <steeringAngle>-0.17766666666666667</steeringAngle>
      <velocity>4.0</velocity>
      <orientation>2.8390962198026153</orientation>
      <time>10</time>
    </ksState>
    <ksState>
      <x>19.284245387303816</x>
      <y>-125.05420641947802</y>
      <steeringAngle>-0.17766666666666667</steeringAngle>
      <velocity>4.0</velocity>
      <orientation>2.8112457316473596</orientation>
      <time>11</time>
    </ksState>
    <ksState>
      <x>18.907728993597317</x>
      <y>-124.91920612221024</y>
      <steeringAngle>-0.17766666666666667</steeringAngle>
      <velocity>4.0</velocity>
      <orientation>2.7833952434921034</orientation>
      <time>12</time>
    </ksState>
    <ksState>
      <x>18.535117949433882</x>
      <y>-124.77377336806445</y>
      <steeringAngle>-0.17766666666666667</steeringAngle>
      <velocity>4.0</velocity>
      <orientation>2.7555447553368477</orientation>
      <time>13</time>
    </ksState>
    <ksState>
      <x>18.166701251935045</x>
      <y>-124.61802095496927</y>
      <steeringAngle>-0.17766666666666667</steeringAngle>
      <velocity>4.0</velocity>
      <orientation>2.7276942671815916</orientation>
      <time>14</time>
    </ksState>
    <ksState>
      <x>17.80276464546447</x>
      <y>-124.45206968350595</y>
      <steeringAngle>-0.17766666666666667</steeringAngle>
      <velocity>4.0</velocity>
      <orientation>2.699843779026336</orientation>
      <time>15</time>
    </ksState>
    <ksState>
      <x>17.40773161057783</x>
      <y>-124.25832558218923</y>
      <steeringAngle>-0.14213333333333333</steeringAngle>
      <velocity>4.8000000000000025</velocity>
      <orientation>2.6724188793079833</orientation>
      <time>16</time>
    </ksState>
    <ksState>
      <x>16.94706891404878</x>
      <y>-124.01712924930276</y>
      <steeringAngle>-0.10660000000000003</steeringAngle>
      <velocity>5.600000000000005</velocity>
      <orientation>2.6473026670290656</orientation>
      <time>17</time>
    </ksState>
    <ksState>
      <x>16.422060551315482</x>
      <y>-123.72669261058094</y>
      <steeringAngle>-0.07106666666666671</steeringAngle>
      <velocity>6.400000000000004</velocity>
      <orientation>2.626670897429606</orientation>
      <time>18</time>
    </ksState>
    <ksState>
      <x>15.832860223814452</x>
      <y>-123.38722919161214</y>
      <steeringAngle>-0.035533333333333375</steeringAngle>
      <velocity>7.200000000000006</velocity>
      <orientation>2.612694229336814</orientation>
      <time>19</time>
    </ksState>
    <ksState>
      <x>15.178029763698351</x>
      <y>-123.0014887130038</y>
      <steeringAngle>-2.6346112791397758e-17</steeringAngle>
      <velocity>8.000000000000007</velocity>
      <orientation>2.607549216557245</orientation>
      <time>20</time>
    </ksState>
    <ksState>
      <x>14.48942501915463</x>
      <y>-122.5942743888551</y>
      <steeringAngle>0.0</steeringAngle>
      <velocity>8.0</velocity>
      <orientation>2.607549216557245</orientation>
      <time>21</time>
    </ksState>
    <ksState>
      <x>13.80082027461091</x>
      <y>-122.1870600647064</y>
      <steeringAngle>0.0</steeringAngle>
      <velocity>8.0</velocity>
      <orientation>2.607549216557245</orientation>
      <time>22</time>
    </ksState>
    <ksState>
      <x>13.11221553006719</x>
      <y>-121.77984574055772</y>
      <steeringAngle>0.0</steeringAngle>
      <velocity>8.0</velocity>
      <orientation>2.607549216557245</orientation>
      <time>23</time>
    </ksState>
    <ksState>
      <x>12.423610785523469</x>
      <y>-121.37263141640902</y>
      <steeringAngle>0.0</steeringAngle>
      <velocity>8.0</velocity>
      <orientation>2.607549216557245</orientation>
      <time>24</time>
    </ksState>
    <ksState>
      <x>11.735006040979748</x>
      <y>-120.96541709226032</y>
      <steeringAngle>0.0</steeringAngle>
      <velocity>8.0</velocity>
      <orientation>2.607549216557245</orientation>
      <time>25</time>
    </ksState>
    <ksState>
      <x>11.04715163429594</x>
      <y>-120.55693880402109</y>
      <steeringAngle>-0.03553333333333333</steeringAngle>
      <velocity>8.0</velocity>
      <orientation>2.6020366815544063</orientation>
      <time>26</time>
    </ksState>
    <ksState>
      <x>10.363851262638802</x>
      <y>-120.14090288929997</y>
      <steeringAngle>-0.07106666666666667</steeringAngle>
      <velocity>8.0</velocity>
      <orientation>2.585485160674137</orientation>
      <time>27</time>
    </ksState>
    <ksState>
      <x>9.68991967710248</x>
      <y>-119.70988619844954</y>
      <steeringAngle>-0.10659999999999997</steeringAngle>
      <velocity>8.0</velocity>
      <orientation>2.5578526813834417</orientation>
      <time>28</time>
    </ksState>
    <ksState>
      <x>9.030687435729792</x>
      <y>-119.2567498781395</y>
      <steeringAngle>-0.1421333333333333</steeringAngle>
      <velocity>8.0</velocity>
      <orientation>2.519068829110707</orientation>
      <time>29</time>
    </ksState>
    <ksState>
      <x>8.392243999908839</x>
      <y>-118.77482004520692</y>
      <steeringAngle>-0.17766666666666667</steeringAngle>
      <velocity>8.0</velocity>
      <orientation>2.4690340168615523</orientation>
      <time>30</time>
    </ksState>
    <ksState>
      <x>7.80968331294487</x>
      <y>-118.28685109393395</y>
      <steeringAngle>-0.1421333333333334</steeringAngle>
      <velocity>7.2</velocity>
      <orientation>2.421406695115915</orientation>
      <time>31</time>
    </ksState>
    <ksState>
      <x>7.306406745345189</x>
      <y>-117.82960885274795</y>
      <steeringAngle>-0.10660000000000011</steeringAngle>
      <velocity>6.4</velocity>
      <orientation>2.3883471246679475</orientation>
      <time>32</time>
    </ksState>
    <ksState>
      <x>6.873314299571595</x>
      <y>-117.41437654592264</y>
      <steeringAngle>-0.07106666666666674</steeringAngle>
      <velocity>5.600000000000001</velocity>
      <orientation>2.367530176374059</orientation>
      <time>33</time>
    </ksState>
  </ksTrajectory>
</CommonRoadSolution>
