<?xml version="1.0" ?>
<CommonRoadSolution benchmark_id="KS2:SM1:DEU_Moelln-11_1_T-1:2020a" computation_time="0.84235045000014" date="2020-12-29">
  <ksTrajectory planningProblem="1">
    <ksState>
      <x>-398.11915</x>
      <y>657.28851</y>
      <steeringAngle>0.0</steeringAngle>
      <velocity>8.0</velocity>
      <orientation>0.57853681</orientation>
      <time>0</time>
    </ksState>
    <ksState>
      <x>-397.48212484632415</x>
      <y>657.7029947389428</y>
      <steeringAngle>-0.03553333333333333</steeringAngle>
      <velocity>7.199999999999999</velocity>
      <orientation>0.5733917970175076</orientation>
      <time>1</time>
    </ksState>
    <ksState>
      <x>-396.9086065334637</x>
      <y>658.0683290790133</y>
      <steeringAngle>-0.07106666666666664</steeringAngle>
      <velocity>6.400000000000001</velocity>
      <orientation>0.5594151248965445</orientation>
      <time>2</time>
    </ksState>
    <ksState>
      <x>-396.3970360046641</x>
      <y>658.3818299770476</y>
      <steeringAngle>-0.10659999999999997</steeringAngle>
      <velocity>5.600000000000004</velocity>
      <orientation>0.5387833570306633</orientation>
      <time>3</time>
    </ksState>
    <ksState>
      <x>-395.94755731913955</x>
      <y>658.6432772945699</y>
      <steeringAngle>-0.1421333333333333</steeringAngle>
      <velocity>4.800000000000003</velocity>
      <orientation>0.513667149522015</orientation>
      <time>4</time>
    </ksState>
    <ksState>
      <x>-395.56153272798184</x>
      <y>658.8544002173071</y>
      <steeringAngle>-0.17766666666666653</steeringAngle>
      <velocity>4.000000000000006</velocity>
      <orientation>0.4862422529368651</orientation>
      <time>5</time>
    </ksState>
    <ksState>
      <x>-395.20550758837356</x>
      <y>659.0367124396803</y>
      <steeringAngle>-0.1421333333333333</steeringAngle>
      <velocity>4.0</velocity>
      <orientation>0.4612248465923418</orientation>
      <time>6</time>
    </ksState>
    <ksState>
      <x>-394.8455194490831</x>
      <y>659.2110784825112</y>
      <steeringAngle>-0.10659999999999999</steeringAngle>
      <velocity>4.0</velocity>
      <orientation>0.44183292030159127</orientation>
      <time>7</time>
    </ksState>
    <ksState>
      <x>-394.4826836735516</x>
      <y>659.3794460737485</y>
      <steeringAngle>-0.07106666666666664</steeringAngle>
      <velocity>4.0</velocity>
      <orientation>0.42801668056663833</orientation>
      <time>8</time>
    </ksState>
    <ksState>
      <x>-394.1180088080319</x>
      <y>659.5437972816547</y>
      <steeringAngle>-0.03553333333333332</steeringAngle>
      <velocity>4.0</velocity>
      <orientation>0.41974092010437297</orientation>
      <time>9</time>
    </ksState>
    <ksState>
      <x>-393.75243219464784</x>
      <y>659.7061352852032</y>
      <steeringAngle>2.2985086056692694e-17</steeringAngle>
      <velocity>4.0</velocity>
      <orientation>0.4169846568095326</orientation>
      <time>10</time>
    </ksState>
    <ksState>
      <x>-393.38685559467064</x>
      <y>659.8684732852934</y>
      <steeringAngle>0.035533333333333326</steeringAngle>
      <velocity>4.0</velocity>
      <orientation>0.41974093134213303</orientation>
      <time>11</time>
    </ksState>
    <ksState>
      <x>-393.02218073071487</x>
      <y>660.0328244967488</y>
      <steeringAngle>0.07106666666666711</steeringAngle>
      <velocity>4.0</velocity>
      <orientation>0.42801669188541847</orientation>
      <time>12</time>
    </ksState>
    <ksState>
      <x>-392.6593449570981</x>
      <y>660.2011920918361</y>
      <steeringAngle>0.10660000000000043</steeringAngle>
      <velocity>4.0</velocity>
      <orientation>0.4418329317045553</orientation>
      <time>13</time>
    </ksState>
    <ksState>
      <x>-392.29935682017117</x>
      <y>660.3755581386057</y>
      <steeringAngle>0.14213333333333378</steeringAngle>
      <velocity>4.0</velocity>
      <orientation>0.4612248580901011</orientation>
      <time>14</time>
    </ksState>
    <ksState>
      <x>-391.94333168332946</x>
      <y>660.5578703648451</y>
      <steeringAngle>0.1776666666666672</steeringAngle>
      <velocity>4.0</velocity>
      <orientation>0.48624226454149844</orientation>
      <time>15</time>
    </ksState>
    <ksState>
      <x>-391.5921587723972</x>
      <y>660.7493624876261</y>
      <steeringAngle>0.1421333333333333</steeringAngle>
      <velocity>4.0</velocity>
      <orientation>0.5112596708860218</orientation>
      <time>16</time>
    </ksState>
    <ksState>
      <x>-391.2453195385706</x>
      <y>660.9486048606316</y>
      <steeringAngle>0.10659999999999999</steeringAngle>
      <velocity>4.0</velocity>
      <orientation>0.5306515971767723</orientation>
      <time>17</time>
    </ksState>
    <ksState>
      <x>-390.9018328248886</x>
      <y>661.1535788182664</y>
      <steeringAngle>0.07106666666666664</steeringAngle>
      <velocity>4.0</velocity>
      <orientation>0.5444678369117253</orientation>
      <time>18</time>
    </ksState>
    <ksState>
      <x>-390.56062893480765</x>
      <y>661.3623346145349</y>
      <steeringAngle>0.03553333333333332</steeringAngle>
      <velocity>4.0</velocity>
      <orientation>0.5527435973739906</orientation>
      <time>19</time>
    </ksState>
    <ksState>
      <x>-390.22058062265705</x>
      <y>661.5729694479625</y>
      <steeringAngle>-2.2985086056692694e-17</steeringAngle>
      <velocity>4.0</velocity>
      <orientation>0.555499860668831</orientation>
      <time>20</time>
    </ksState>
    <ksState>
      <x>-389.88072584830826</x>
      <y>661.7839166744252</y>
      <steeringAngle>0.0</steeringAngle>
      <velocity>4.0</velocity>
      <orientation>0.555499860668831</orientation>
      <time>21</time>
    </ksState>
    <ksState>
      <x>-389.54087107395947</x>
      <y>661.994863900888</y>
      <steeringAngle>0.0</steeringAngle>
      <velocity>4.0</velocity>
      <orientation>0.555499860668831</orientation>
      <time>22</time>
    </ksState>
    <ksState>
      <x>-389.20101629961067</x>
      <y>662.2058111273508</y>
      <steeringAngle>0.0</steeringAngle>
      <velocity>4.0</velocity>
      <orientation>0.555499860668831</orientation>
      <time>23</time>
    </ksState>
    <ksState>
      <x>-388.8611615252619</x>
      <y>662.4167583538135</y>
      <steeringAngle>0.0</steeringAngle>
      <velocity>4.0</velocity>
      <orientation>0.555499860668831</orientation>
      <time>24</time>
    </ksState>
    <ksState>
      <x>-388.5213067509131</x>
      <y>662.6277055802763</y>
      <steeringAngle>0.0</steeringAngle>
      <velocity>4.0</velocity>
      <orientation>0.555499860668831</orientation>
      <time>25</time>
    </ksState>
    <ksState>
      <x>-388.1814519765643</x>
      <y>662.838652806739</y>
      <steeringAngle>0.0</steeringAngle>
      <velocity>4.0</velocity>
      <orientation>0.555499860668831</orientation>
      <time>26</time>
    </ksState>
    <ksState>
      <x>-387.8415972022155</x>
      <y>663.0496000332018</y>
      <steeringAngle>0.0</steeringAngle>
      <velocity>4.0</velocity>
      <orientation>0.555499860668831</orientation>
      <time>27</time>
    </ksState>
    <ksState>
      <x>-387.5017424278667</x>
      <y>663.2605472596646</y>
      <steeringAngle>0.0</steeringAngle>
      <velocity>4.0</velocity>
      <orientation>0.555499860668831</orientation>
      <time>28</time>
    </ksState>
    <ksState>
      <x>-387.1618876535179</x>
      <y>663.4714944861273</y>
      <steeringAngle>0.0</steeringAngle>
      <velocity>4.0</velocity>
      <orientation>0.555499860668831</orientation>
      <time>29</time>
    </ksState>
    <ksState>
      <x>-386.8220328791691</x>
      <y>663.68244171259</y>
      <steeringAngle>0.0</steeringAngle>
      <velocity>4.0</velocity>
      <orientation>0.555499860668831</orientation>
      <time>30</time>
    </ksState>
    <ksState>
      <x>-386.51616358312833</x>
      <y>663.8722942158646</y>
      <steeringAngle>0.0</steeringAngle>
      <velocity>3.2</velocity>
      <orientation>0.555499860668831</orientation>
      <time>31</time>
    </ksState>
    <ksState>
      <x>-386.2782652420439</x>
      <y>664.0199572737928</y>
      <steeringAngle>0.0</steeringAngle>
      <velocity>2.4000000000000004</velocity>
      <orientation>0.555499860668831</orientation>
      <time>32</time>
    </ksState>
    <ksState>
      <x>-386.10833785582923</x>
      <y>664.1254308864285</y>
      <steeringAngle>0.0</steeringAngle>
      <velocity>1.6</velocity>
      <orientation>0.555499860668831</orientation>
      <time>33</time>
    </ksState>
  </ksTrajectory>
</CommonRoadSolution>
