<?xml version="1.0" ?>
<CommonRoadSolution benchmark_id="KS2:SM1:DEU_Lohmar-34_1_T-1:2020a" computation_time="1.7958807279999291" date="2020-12-29">
  <ksTrajectory planningProblem="123">
    <ksState>
      <x>171.08643</x>
      <y>-331.74458</y>
      <steeringAngle>0.0</steeringAngle>
      <velocity>4.0</velocity>
      <orientation>-1.5790998</orientation>
      <time>0</time>
    </ksState>
    <ksState>
      <x>171.08324173104563</x>
      <y>-332.1845682569715</y>
      <steeringAngle>0.035533333333333326</steeringAngle>
      <velocity>4.799999999999999</velocity>
      <orientation>-1.5759760213308092</orientation>
      <time>1</time>
    </ksState>
    <ksState>
      <x>171.08305843539623</x>
      <y>-332.70456564609856</y>
      <steeringAngle>0.07106666666666667</steeringAngle>
      <velocity>5.599999999999998</velocity>
      <orientation>-1.5651254102696364</orientation>
      <time>2</time>
    </ksState>
    <ksState>
      <x>171.09228923430874</x>
      <y>-333.3044837469285</y>
      <steeringAngle>0.10659999999999999</steeringAngle>
      <velocity>6.3999999999999995</velocity>
      <orientation>-1.5443084612693085</orientation>
      <time>3</time>
    </ksState>
    <ksState>
      <x>171.12099247260426</x>
      <y>-333.98384660024664</y>
      <steeringAngle>0.14213333333333333</steeringAngle>
      <velocity>7.199999999999999</velocity>
      <orientation>-1.5112488902881434</orientation>
      <time>4</time>
    </ksState>
    <ksState>
      <x>171.1835897772342</x>
      <y>-334.74119209347606</y>
      <steeringAngle>0.17766666666666664</steeringAngle>
      <velocity>7.9999999999999964</velocity>
      <orientation>-1.4636215682065967</orientation>
      <time>5</time>
    </ksState>
    <ksState>
      <x>171.28977212186896</x>
      <y>-335.5340298475491</y>
      <steeringAngle>0.14213333333333336</steeringAngle>
      <velocity>8.0</velocity>
      <orientation>-1.4135867566578484</orientation>
      <time>6</time>
    </ksState>
    <ksState>
      <x>171.4310459301838</x>
      <y>-336.32140611243676</y>
      <steeringAngle>0.1066000000000001</steeringAngle>
      <velocity>8.0</velocity>
      <orientation>-1.374802904650851</orientation>
      <time>7</time>
    </ksState>
    <ksState>
      <x>171.59838398799837</x>
      <y>-337.1036830090087</y>
      <steeringAngle>0.07106666666666674</steeringAngle>
      <velocity>8.0</velocity>
      <orientation>-1.347170425621164</orientation>
      <time>8</time>
    </ksState>
    <ksState>
      <x>171.7829619879245</x>
      <y>-337.8820892276001</y>
      <steeringAngle>0.035533333333333354</steeringAngle>
      <velocity>8.0</velocity>
      <orientation>-1.3306189049921346</orientation>
      <time>9</time>
    </ksState>
    <ksState>
      <x>171.97611612825457</x>
      <y>-338.6584201776471</y>
      <steeringAngle>2.0816681711721685e-17</steeringAngle>
      <velocity>8.0</velocity>
      <orientation>-1.3251063785337298</orientation>
      <time>10</time>
    </ksState>
    <ksState>
      <x>172.17069661750583</x>
      <y>-339.434395971859</y>
      <steeringAngle>0.0</steeringAngle>
      <velocity>8.0</velocity>
      <orientation>-1.3251063785337298</orientation>
      <time>11</time>
    </ksState>
    <ksState>
      <x>172.36527710675705</x>
      <y>-340.2103717660708</y>
      <steeringAngle>0.0</steeringAngle>
      <velocity>8.0</velocity>
      <orientation>-1.3251063785337298</orientation>
      <time>12</time>
    </ksState>
    <ksState>
      <x>172.5598575960083</x>
      <y>-340.9863475602827</y>
      <steeringAngle>0.0</steeringAngle>
      <velocity>8.0</velocity>
      <orientation>-1.3251063785337298</orientation>
      <time>13</time>
    </ksState>
    <ksState>
      <x>172.75443808525955</x>
      <y>-341.7623233544946</y>
      <steeringAngle>0.0</steeringAngle>
      <velocity>8.0</velocity>
      <orientation>-1.3251063785337298</orientation>
      <time>14</time>
    </ksState>
    <ksState>
      <x>172.9490185745108</x>
      <y>-342.53829914870647</y>
      <steeringAngle>0.0</steeringAngle>
      <velocity>8.0</velocity>
      <orientation>-1.3251063785337298</orientation>
      <time>15</time>
    </ksState>
    <ksState>
      <x>173.14502421971048</x>
      <y>-343.31391502258157</y>
      <steeringAngle>0.03553333333333333</steeringAngle>
      <velocity>8.0</velocity>
      <orientation>-1.319593843530891</orientation>
      <time>16</time>
    </ksState>
    <ksState>
      <x>173.3495705122062</x>
      <y>-344.0873140751223</y>
      <steeringAngle>0.07106666666666667</steeringAngle>
      <velocity>8.0</velocity>
      <orientation>-1.3030423226506214</orientation>
      <time>17</time>
    </ksState>
    <ksState>
      <x>173.57114331544236</x>
      <y>-344.8559912912808</y>
      <steeringAngle>0.10659999999999997</steeringAngle>
      <velocity>8.0</velocity>
      <orientation>-1.2754098433599266</orientation>
      <time>18</time>
    </ksState>
    <ksState>
      <x>173.81810261630045</x>
      <y>-345.6168662984726</y>
      <steeringAngle>0.1421333333333333</steeringAngle>
      <velocity>8.0</velocity>
      <orientation>-1.2366259910871915</orientation>
      <time>19</time>
    </ksState>
    <ksState>
      <x>174.09857844097183</x>
      <y>-346.3659989278435</y>
      <steeringAngle>0.17766666666666667</steeringAngle>
      <velocity>8.0</velocity>
      <orientation>-1.1865911788380368</orientation>
      <time>20</time>
    </ksState>
    <ksState>
      <x>174.41893201932047</x>
      <y>-347.09894374609615</y>
      <steeringAngle>0.17766666666666667</steeringAngle>
      <velocity>8.0</velocity>
      <orientation>-1.130890202527525</orientation>
      <time>21</time>
    </ksState>
    <ksState>
      <x>174.7795934106275</x>
      <y>-347.81291709447686</y>
      <steeringAngle>0.17766666666666667</steeringAngle>
      <velocity>8.0</velocity>
      <orientation>-1.0751892262170133</orientation>
      <time>22</time>
    </ksState>
    <ksState>
      <x>175.17944390313428</x>
      <y>-348.5057043407641</y>
      <steeringAngle>0.17766666666666667</steeringAngle>
      <velocity>8.0</velocity>
      <orientation>-1.0194882499065017</orientation>
      <time>23</time>
    </ksState>
    <ksState>
      <x>175.61724324197542</x>
      <y>-349.17515659988857</y>
      <steeringAngle>0.17766666666666667</steeringAngle>
      <velocity>8.0</velocity>
      <orientation>-0.9637872735959897</orientation>
      <time>24</time>
    </ksState>
    <ksState>
      <x>176.09163346345636</x>
      <y>-349.81919736735034</y>
      <steeringAngle>0.17766666666666667</steeringAngle>
      <velocity>8.0</velocity>
      <orientation>-0.908086297285478</orientation>
      <time>25</time>
    </ksState>
    <ksState>
      <x>176.57587719904575</x>
      <y>-350.40481221102334</y>
      <steeringAngle>0.21320000000000014</steeringAngle>
      <velocity>7.200000000000003</velocity>
      <orientation>-0.8498369702139851</orientation>
      <time>26</time>
    </ksState>
    <ksState>
      <x>177.03986174521611</x>
      <y>-350.90177366193626</y>
      <steeringAngle>0.24873333333333347</steeringAngle>
      <velocity>6.400000000000004</velocity>
      <orientation>-0.7879198827282058</orientation>
      <time>27</time>
    </ksState>
    <ksState>
      <x>177.4759496478806</x>
      <y>-351.3137284397174</y>
      <steeringAngle>0.2842666666666668</steeringAngle>
      <velocity>5.600000000000001</velocity>
      <orientation>-0.7244977399642847</orientation>
      <time>28</time>
    </ksState>
    <ksState>
      <x>177.87567553679395</x>
      <y>-351.6461898530332</y>
      <steeringAngle>0.3198</steeringAngle>
      <velocity>4.800000000000002</velocity>
      <orientation>-0.661768640222332</orientation>
      <time>29</time>
    </ksState>
    <ksState>
      <x>178.23052118948905</x>
      <y>-351.9062416239401</y>
      <steeringAngle>0.3553333333333332</steeringAngle>
      <velocity>4.000000000000001</velocity>
      <orientation>-0.6019788061741173</orientation>
      <time>30</time>
    </ksState>
    <ksState>
      <x>178.5665426311074</x>
      <y>-352.12314117132695</y>
      <steeringAngle>0.35533333333333333</steeringAngle>
      <velocity>4.0</velocity>
      <orientation>-0.5444220994174032</orientation>
      <time>31</time>
    </ksState>
    <ksState>
      <x>178.91448480299908</x>
      <y>-352.32035195722904</y>
      <steeringAngle>0.35533333333333333</steeringAngle>
      <velocity>4.0</velocity>
      <orientation>-0.4868653926606892</orientation>
      <time>32</time>
    </ksState>
    <ksState>
      <x>179.27319534501405</x>
      <y>-352.497220827307</y>
      <steeringAngle>0.35533333333333333</steeringAngle>
      <velocity>4.0</velocity>
      <orientation>-0.4293086859039752</orientation>
      <time>33</time>
    </ksState>
    <ksState>
      <x>179.6414862582716</x>
      <y>-352.65316201635034</y>
      <steeringAngle>0.35533333333333333</steeringAngle>
      <velocity>4.0</velocity>
      <orientation>-0.3717519791472612</orientation>
      <time>34</time>
    </ksState>
    <ksState>
      <x>180.01813781499675</x>
      <y>-352.7876590691431</y>
      <steeringAngle>0.35533333333333333</steeringAngle>
      <velocity>4.0</velocity>
      <orientation>-0.31419527239054723</orientation>
      <time>35</time>
    </ksState>
    <ksState>
      <x>180.44048235987412</x>
      <y>-352.9108152820106</y>
      <steeringAngle>0.31979999999999975</steeringAngle>
      <velocity>4.800000000000001</velocity>
      <orientation>-0.25440543735879867</orientation>
      <time>36</time>
    </ksState>
    <ksState>
      <x>180.94759364144483</x>
      <y>-353.0254867118986</y>
      <steeringAngle>0.28426666666666645</steeringAngle>
      <velocity>5.600000000000004</velocity>
      <orientation>-0.19167633722747512</orientation>
      <time>37</time>
    </ksState>
    <ksState>
      <x>181.53990461356568</x>
      <y>-353.1206029799968</y>
      <steeringAngle>0.2487333333333331</steeringAngle>
      <velocity>6.400000000000004</velocity>
      <orientation>-0.12825420053479925</orientation>
      <time>38</time>
    </ksState>
    <ksState>
      <x>182.2166346474962</x>
      <y>-353.1860919510566</y>
      <steeringAngle>0.21319999999999992</steeringAngle>
      <velocity>7.200000000000004</velocity>
      <orientation>-0.06633711185700025</orientation>
      <time>39</time>
    </ksState>
    <ksState>
      <x>182.97602646969034</x>
      <y>-353.21367463293757</y>
      <steeringAngle>0.17766666666666656</steeringAngle>
      <velocity>8.000000000000004</velocity>
      <orientation>-0.008087782256035014</orientation>
      <time>40</time>
    </ksState>
    <ksState>
      <x>183.77584136755465</x>
      <y>-353.19937852043944</y>
      <steeringAngle>0.14213333333333336</steeringAngle>
      <velocity>8.0</velocity>
      <orientation>0.04194702929271342</orientation>
      <time>41</time>
    </ksState>
    <ksState>
      <x>184.57426674476278</x>
      <y>-353.14959451676555</y>
      <steeringAngle>0.1066000000000001</steeringAngle>
      <velocity>8.0</velocity>
      <orientation>0.08073088129971076</orientation>
      <time>42</time>
    </ksState>
    <ksState>
      <x>185.3706241015201</x>
      <y>-353.07333187851503</y>
      <steeringAngle>0.07106666666666674</steeringAngle>
      <velocity>8.0</velocity>
      <orientation>0.10836336032939767</orientation>
      <time>43</time>
    </ksState>
    <ksState>
      <x>186.16511912218368</x>
      <y>-352.97949796034925</y>
      <steeringAngle>0.035533333333333354</steeringAngle>
      <velocity>8.0</velocity>
      <orientation>0.12491488095842701</orientation>
      <time>44</time>
    </ksState>
    <ksState>
      <x>186.95853892817192</x>
      <y>-352.87690585002093</y>
      <steeringAngle>2.0816681711721685e-17</steeringAngle>
      <velocity>8.0</velocity>
      <orientation>0.13042740741683184</orientation>
      <time>45</time>
    </ksState>
    <ksState>
      <x>187.75193276120123</x>
      <y>-352.7743172421337</y>
      <steeringAngle>-0.03553333333333333</steeringAngle>
      <velocity>8.0</velocity>
      <orientation>0.12491487241399306</orientation>
      <time>46</time>
    </ksState>
    <ksState>
      <x>188.54640181592856</x>
      <y>-352.6804865364704</y>
      <steeringAngle>-0.07106666666666667</steeringAngle>
      <velocity>8.0</velocity>
      <orientation>0.10836335153372342</orientation>
      <time>47</time>
    </ksState>
    <ksState>
      <x>189.34273314295106</x>
      <y>-352.60422653792756</y>
      <steeringAngle>-0.10659999999999997</steeringAngle>
      <velocity>8.0</velocity>
      <orientation>0.08073087224302852</orientation>
      <time>48</time>
    </ksState>
    <ksState>
      <x>190.1411324181225</x>
      <y>-352.5544443096217</y>
      <steeringAngle>-0.1421333333333333</steeringAngle>
      <velocity>8.0</velocity>
      <orientation>0.0419470199702936</orientation>
      <time>49</time>
    </ksState>
    <ksState>
      <x>190.94092115536847</x>
      <y>-352.5401488422354</y>
      <steeringAngle>-0.17766666666666667</steeringAngle>
      <velocity>8.0</velocity>
      <orientation>-0.008087792278861083</orientation>
      <time>50</time>
    </ksState>
    <ksState>
      <x>191.7403273724628</x>
      <y>-352.56889036161976</y>
      <steeringAngle>-0.17766666666666667</steeringAngle>
      <velocity>8.0</velocity>
      <orientation>-0.06378876858937288</orientation>
      <time>51</time>
    </ksState>
    <ksState>
      <x>192.5368937261488</x>
      <y>-352.64209199178015</y>
      <steeringAngle>-0.17766666666666667</steeringAngle>
      <velocity>8.0</velocity>
      <orientation>-0.11948974489988462</orientation>
      <time>52</time>
    </ksState>
    <ksState>
      <x>193.328149394794</x>
      <y>-352.75952667540696</y>
      <steeringAngle>-0.17766666666666667</steeringAngle>
      <velocity>8.0</velocity>
      <orientation>-0.1751907212103963</orientation>
      <time>53</time>
    </ksState>
    <ksState>
      <x>194.11164006431954</x>
      <y>-352.9208301540079</y>
      <steeringAngle>-0.17766666666666667</steeringAngle>
      <velocity>8.0</velocity>
      <orientation>-0.23089169752090813</orientation>
      <time>54</time>
    </ksState>
    <ksState>
      <x>194.88493550655116</x>
      <y>-353.1255020976625</y>
      <steeringAngle>-0.17766666666666667</steeringAngle>
      <velocity>8.0</velocity>
      <orientation>-0.28659267383141995</orientation>
      <time>55</time>
    </ksState>
    <ksState>
      <x>195.60833821530892</x>
      <y>-353.3582662967231</y>
      <steeringAngle>-0.1421333333333334</steeringAngle>
      <velocity>7.2</velocity>
      <orientation>-0.3342199955770569</orientation>
      <time>56</time>
    </ksState>
    <ksState>
      <x>196.24672212366846</x>
      <y>-353.59241103009816</y>
      <steeringAngle>-0.10660000000000011</steeringAngle>
      <velocity>6.4</velocity>
      <orientation>-0.3672795660250249</orientation>
      <time>57</time>
    </ksState>
    <ksState>
      <x>196.80427017256025</x>
      <y>-353.81405738895523</y>
      <steeringAngle>-0.07106666666666674</steeringAngle>
      <velocity>5.600000000000001</velocity>
      <orientation>-0.38809651431891334</orientation>
      <time>58</time>
    </ksState>
    <ksState>
      <x>197.28440191797958</x>
      <y>-354.0137341865187</y>
      <steeringAngle>-0.03553333333333339</steeringAngle>
      <velocity>4.800000000000001</velocity>
      <orientation>-0.39894712397657617</orientation>
      <time>59</time>
    </ksState>
    <ksState>
      <x>197.68949469283604</x>
      <y>-354.1854888765216</y>
      <steeringAngle>-5.5294310796760726e-17</steeringAngle>
      <velocity>4.0</velocity>
      <orientation>-0.4020708998137418</orientation>
      <time>60</time>
    </ksState>
    <ksState>
      <x>198.094587478277</x>
      <y>-354.35724354608095</y>
      <steeringAngle>0.035533333333333326</steeringAngle>
      <velocity>4.799999999999999</velocity>
      <orientation>-0.39894712114455094</orientation>
      <time>61</time>
    </ksState>
    <ksState>
      <x>198.57471922920377</x>
      <y>-354.5569203350381</y>
      <steeringAngle>0.07106666666666667</steeringAngle>
      <velocity>5.599999999999998</velocity>
      <orientation>-0.3880965100833782</orientation>
      <time>62</time>
    </ksState>
    <ksState>
      <x>199.13226728102993</x>
      <y>-354.77856668681676</y>
      <steeringAngle>0.10659999999999999</steeringAngle>
      <velocity>6.3999999999999995</velocity>
      <orientation>-0.3672795610830502</orientation>
      <time>63</time>
    </ksState>
    <ksState>
      <x>199.77065118714896</x>
      <y>-355.0127114086566</y>
      <steeringAngle>0.14213333333333333</steeringAngle>
      <velocity>7.199999999999999</velocity>
      <orientation>-0.334219990101885</orientation>
      <time>64</time>
    </ksState>
    <ksState>
      <x>200.49405387922735</x>
      <y>-355.2454755892247</y>
      <steeringAngle>0.17766666666666664</steeringAngle>
      <velocity>7.9999999999999964</velocity>
      <orientation>-0.2865926680203384</orientation>
      <time>65</time>
    </ksState>
    <ksState>
      <x>201.26732395152615</x>
      <y>-355.4501409674673</y>
      <steeringAngle>0.17766666666666667</steeringAngle>
      <velocity>8.0</velocity>
      <orientation>-0.2308916917098266</orientation>
      <time>66</time>
    </ksState>
    <ksState>
      <x>202.05078896387465</x>
      <y>-355.6114393115482</y>
      <steeringAngle>0.17766666666666667</steeringAngle>
      <velocity>8.0</velocity>
      <orientation>-0.17519071539931486</orientation>
      <time>67</time>
    </ksState>
    <ksState>
      <x>202.84201873362304</x>
      <y>-355.7288702974083</y>
      <steeringAngle>0.17766666666666667</steeringAngle>
      <velocity>8.0</velocity>
      <orientation>-0.11948973908880317</orientation>
      <time>68</time>
    </ksState>
    <ksState>
      <x>203.63855902702576</x>
      <y>-355.80206967802377</y>
      <steeringAngle>0.17766666666666667</steeringAngle>
      <velocity>8.0</velocity>
      <orientation>-0.06378876277829135</orientation>
      <time>69</time>
    </ksState>
    <ksState>
      <x>204.4379391387991</x>
      <y>-355.8308104033233</y>
      <steeringAngle>0.17766666666666667</steeringAngle>
      <velocity>8.0</velocity>
      <orientation>-0.008087786467779523</orientation>
      <time>70</time>
    </ksState>
    <ksState>
      <x>205.23775403675086</x>
      <y>-355.8165142941931</y>
      <steeringAngle>0.14213333333333336</steeringAngle>
      <velocity>8.0</velocity>
      <orientation>0.04194702508096891</orientation>
      <time>71</time>
    </ksState>
    <ksState>
      <x>206.03617941419583</x>
      <y>-355.76673029388</y>
      <steeringAngle>0.1066000000000001</steeringAngle>
      <velocity>8.0</velocity>
      <orientation>0.08073087708796625</orientation>
      <time>72</time>
    </ksState>
    <ksState>
      <x>206.83253677130148</x>
      <y>-355.69046765898077</y>
      <steeringAngle>0.07106666666666674</steeringAngle>
      <velocity>8.0</velocity>
      <orientation>0.10836335611765316</orientation>
      <time>73</time>
    </ksState>
    <ksState>
      <x>207.6270317923873</x>
      <y>-355.59663374415777</y>
      <steeringAngle>0.035533333333333354</steeringAngle>
      <velocity>8.0</velocity>
      <orientation>0.1249148767466825</orientation>
      <time>74</time>
    </ksState>
    <ksState>
      <x>208.42045159883463</x>
      <y>-355.4940416371674</y>
      <steeringAngle>2.0816681711721685e-17</steeringAngle>
      <velocity>8.0</velocity>
      <orientation>0.13042740320508733</orientation>
      <time>75</time>
    </ksState>
    <ksState>
      <x>209.213845432296</x>
      <y>-355.39145303262177</y>
      <steeringAngle>-0.03553333333333333</steeringAngle>
      <velocity>8.0</velocity>
      <orientation>0.12491486820224855</orientation>
      <time>76</time>
    </ksState>
    <ksState>
      <x>210.00831448741855</x>
      <y>-355.29762233030453</y>
      <steeringAngle>-0.07106666666666667</steeringAngle>
      <velocity>8.0</velocity>
      <orientation>0.10836334732197891</orientation>
      <time>77</time>
    </ksState>
    <ksState>
      <x>210.80464581476224</x>
      <y>-355.22136233511566</y>
      <steeringAngle>-0.10659999999999997</steeringAngle>
      <velocity>8.0</velocity>
      <orientation>0.08073086803128401</orientation>
      <time>78</time>
    </ksState>
    <ksState>
      <x>211.60304509014335</x>
      <y>-355.1715801101725</y>
      <steeringAngle>-0.1421333333333333</steeringAngle>
      <velocity>8.0</velocity>
      <orientation>0.04194701575854909</orientation>
      <time>79</time>
    </ksState>
    <ksState>
      <x>212.4028338274495</x>
      <y>-355.15728464615466</y>
      <steeringAngle>-0.17766666666666667</steeringAngle>
      <velocity>8.0</velocity>
      <orientation>-0.008087796490605592</orientation>
      <time>80</time>
    </ksState>
    <ksState>
      <x>213.20231286395867</x>
      <y>-355.1845155111424</y>
      <steeringAngle>-0.14213333333333336</steeringAngle>
      <velocity>8.0</velocity>
      <orientation>-0.058122608039354026</orientation>
      <time>81</time>
    </ksState>
    <ksState>
      <x>213.9998285619515</x>
      <y>-355.24720715009124</y>
      <steeringAngle>-0.1066000000000001</steeringAngle>
      <velocity>8.0</velocity>
      <orientation>-0.09690646004635137</orientation>
      <time>82</time>
    </ksState>
    <ksState>
      <x>214.7948482307997</x>
      <y>-355.3363405105479</y>
      <steeringAngle>-0.07106666666666674</steeringAngle>
      <velocity>8.0</velocity>
      <orientation>-0.12453893907603827</orientation>
      <time>83</time>
    </ksState>
    <ksState>
      <x>215.58772160014618</x>
      <y>-355.4430127299215</y>
      <steeringAngle>-0.035533333333333354</steeringAngle>
      <velocity>8.0</velocity>
      <orientation>-0.14109045970506762</orientation>
      <time>84</time>
    </ksState>
    <ksState>
      <x>216.37937823591187</x>
      <y>-355.5584246046639</y>
      <steeringAngle>-2.0816681711721685e-17</steeringAngle>
      <velocity>8.0</velocity>
      <orientation>-0.14660298616347245</orientation>
      <time>85</time>
    </ksState>
    <ksState>
      <x>217.17100891797332</x>
      <y>-355.67383283650247</y>
      <steeringAngle>0.03553333333333333</steeringAngle>
      <velocity>8.0</velocity>
      <orientation>-0.14109045116063368</orientation>
      <time>86</time>
    </ksState>
    <ksState>
      <x>217.96385633902977</x>
      <y>-355.78050170341663</y>
      <steeringAngle>0.07106666666666667</steeringAngle>
      <velocity>8.0</velocity>
      <orientation>-0.12453893028036403</orientation>
      <time>87</time>
    </ksState>
    <ksState>
      <x>218.75884999271818</x>
      <y>-355.8696322838608</y>
      <steeringAngle>0.10659999999999997</steeringAngle>
      <velocity>8.0</velocity>
      <orientation>-0.09690645098966913</orientation>
      <time>88</time>
    </ksState>
    <ksState>
      <x>219.55633959860344</x>
      <y>-355.93232200673754</y>
      <steeringAngle>0.1421333333333333</steeringAngle>
      <velocity>8.0</velocity>
      <orientation>-0.058122598716934204</orientation>
      <time>89</time>
    </ksState>
    <ksState>
      <x>220.35579247865536</x>
      <y>-355.9595520855106</y>
      <steeringAngle>0.17766666666666667</steeringAngle>
      <velocity>8.0</velocity>
      <orientation>-0.008087786467779523</orientation>
      <time>90</time>
    </ksState>
    <ksState>
      <x>221.15560737660712</x>
      <y>-355.9452559763804</y>
      <steeringAngle>0.14213333333333336</steeringAngle>
      <velocity>8.0</velocity>
      <orientation>0.04194702508096891</orientation>
      <time>91</time>
    </ksState>
    <ksState>
      <x>221.9540327540521</x>
      <y>-355.8954719760673</y>
      <steeringAngle>0.1066000000000001</steeringAngle>
      <velocity>8.0</velocity>
      <orientation>0.08073087708796625</orientation>
      <time>92</time>
    </ksState>
    <ksState>
      <x>222.75039011115774</x>
      <y>-355.81920934116806</y>
      <steeringAngle>0.07106666666666674</steeringAngle>
      <velocity>8.0</velocity>
      <orientation>0.10836335611765316</orientation>
      <time>93</time>
    </ksState>
    <ksState>
      <x>223.54488513224356</x>
      <y>-355.72537542634507</y>
      <steeringAngle>0.035533333333333354</steeringAngle>
      <velocity>8.0</velocity>
      <orientation>0.1249148767466825</orientation>
      <time>94</time>
    </ksState>
    <ksState>
      <x>224.3383049386909</x>
      <y>-355.6227833193547</y>
      <steeringAngle>2.0816681711721685e-17</steeringAngle>
      <velocity>8.0</velocity>
      <orientation>0.13042740320508733</orientation>
      <time>95</time>
    </ksState>
    <ksState>
      <x>225.09201586398456</x>
      <y>-355.5252205891487</y>
      <steeringAngle>-0.03553333333333333</steeringAngle>
      <velocity>7.199999999999999</velocity>
      <orientation>0.12528239022259502</orientation>
      <time>96</time>
    </ksState>
    <ksState>
      <x>225.76719509759323</x>
      <y>-355.4444404076395</y>
      <steeringAngle>-0.07106666666666664</steeringAngle>
      <velocity>6.400000000000001</velocity>
      <orientation>0.1113057181016319</orientation>
      <time>97</time>
    </ksState>
    <ksState>
      <x>226.3640853055604</x>
      <y>-355.38353639596954</y>
      <steeringAngle>-0.10659999999999997</steeringAngle>
      <velocity>5.600000000000004</velocity>
      <orientation>0.09067395023575053</orientation>
      <time>98</time>
    </ksState>
    <ksState>
      <x>226.88246127423028</x>
      <y>-355.3426445424285</y>
      <steeringAngle>-0.1421333333333333</steeringAngle>
      <velocity>4.800000000000003</velocity>
      <orientation>0.06555774272710227</orientation>
      <time>99</time>
    </ksState>
  </ksTrajectory>
</CommonRoadSolution>
