<?xml version="1.0" ?>
<CommonRoadSolution benchmark_id="KS2:SM1:DEU_Hennigsdorf-3_5_T-1:2020a" computation_time="2.2441901969998526" date="2020-12-29">
  <ksTrajectory planningProblem="1">
    <ksState>
      <x>-76.732008</x>
      <y>440.71943</y>
      <steeringAngle>0.0</steeringAngle>
      <velocity>4.0</velocity>
      <orientation>-0.45383362</orientation>
      <time>0</time>
    </ksState>
    <ksState>
      <x>-76.33654788035243</x>
      <y>440.52652770692737</y>
      <steeringAngle>0.0</steeringAngle>
      <velocity>4.8</velocity>
      <orientation>-0.45383362</orientation>
      <time>1</time>
    </ksState>
    <ksState>
      <x>-75.86918592089623</x>
      <y>440.29855226972177</y>
      <steeringAngle>0.0</steeringAngle>
      <velocity>5.6</velocity>
      <orientation>-0.45383362</orientation>
      <time>2</time>
    </ksState>
    <ksState>
      <x>-75.32992212164577</x>
      <y>440.0355036883903</y>
      <steeringAngle>0.0</steeringAngle>
      <velocity>6.4</velocity>
      <orientation>-0.45383362</orientation>
      <time>3</time>
    </ksState>
    <ksState>
      <x>-74.71875648260948</x>
      <y>439.737381962937</y>
      <steeringAngle>0.0</steeringAngle>
      <velocity>7.199999999999999</velocity>
      <orientation>-0.45383362</orientation>
      <time>4</time>
    </ksState>
    <ksState>
      <x>-74.03568900379261</x>
      <y>439.40418709336444</y>
      <steeringAngle>0.0</steeringAngle>
      <velocity>7.999999999999998</velocity>
      <orientation>-0.45383362</orientation>
      <time>5</time>
    </ksState>
    <ksState>
      <x>-73.35205687856242</x>
      <y>439.07215432000385</y>
      <steeringAngle>0.03553333333333333</steeringAngle>
      <velocity>7.199999999999999</velocity>
      <orientation>-0.4486886070175077</orientation>
      <time>6</time>
    </ksState>
    <ksState>
      <x>-72.73755177801743</x>
      <y>438.78099127869325</y>
      <steeringAngle>0.07106666666666664</steeringAngle>
      <velocity>6.400000000000001</velocity>
      <orientation>-0.4347119348965446</orientation>
      <time>7</time>
    </ksState>
    <ksState>
      <x>-72.19096046959427</x>
      <y>438.5335540936122</y>
      <steeringAngle>0.10659999999999997</steeringAngle>
      <velocity>5.600000000000004</velocity>
      <orientation>-0.4140801670306632</orientation>
      <time>8</time>
    </ksState>
    <ksState>
      <x>-71.71245327470882</x>
      <y>438.3300432756606</y>
      <steeringAngle>0.1421333333333333</steeringAngle>
      <velocity>4.800000000000003</velocity>
      <orientation>-0.3889639595220149</orientation>
      <time>9</time>
    </ksState>
    <ksState>
      <x>-71.30316678954185</x>
      <y>438.1685736297725</y>
      <steeringAngle>0.17766666666666653</steeringAngle>
      <velocity>4.000000000000006</velocity>
      <orientation>-0.3615390629368651</orientation>
      <time>10</time>
    </ksState>
    <ksState>
      <x>-70.9272302806747</x>
      <y>438.03195961965434</y>
      <steeringAngle>0.1421333333333333</steeringAngle>
      <velocity>4.0</velocity>
      <orientation>-0.3365216565923418</orientation>
      <time>11</time>
    </ksState>
    <ksState>
      <x>-70.54834989395987</x>
      <y>437.90372300286685</y>
      <steeringAngle>0.10659999999999999</steeringAngle>
      <velocity>4.0</velocity>
      <orientation>-0.3171297303015912</orientation>
      <time>12</time>
    </ksState>
    <ksState>
      <x>-70.16739007276911</x>
      <y>437.78179244712766</y>
      <steeringAngle>0.07106666666666664</steeringAngle>
      <velocity>4.0</velocity>
      <orientation>-0.3033134905666383</orientation>
      <time>13</time>
    </ksState>
    <ksState>
      <x>-69.785105001505</x>
      <y>437.6640758324521</y>
      <steeringAngle>0.03553333333333332</steeringAngle>
      <velocity>4.0</velocity>
      <orientation>-0.29503773010437295</orientation>
      <time>14</time>
    </ksState>
    <ksState>
      <x>-69.40217558761245</x>
      <y>437.5484689484643</y>
      <steeringAngle>-2.2985086056692694e-17</steeringAngle>
      <velocity>4.0</velocity>
      <orientation>-0.2922814668095326</orientation>
      <time>15</time>
    </ksState>
    <ksState>
      <x>-69.01924618745282</x>
      <y>437.4328620662404</y>
      <steeringAngle>-0.035533333333333326</steeringAngle>
      <velocity>4.0</velocity>
      <orientation>-0.295037741342133</orientation>
      <time>16</time>
    </ksState>
    <ksState>
      <x>-68.63696111729901</x>
      <y>437.31514544784864</y>
      <steeringAngle>-0.07106666666666711</steeringAngle>
      <velocity>4.0</velocity>
      <orientation>-0.3033135018854184</orientation>
      <time>17</time>
    </ksState>
    <ksState>
      <x>-68.25600129752928</x>
      <y>437.19321488805116</y>
      <steeringAngle>-0.10660000000000043</steeringAngle>
      <velocity>4.0</velocity>
      <orientation>-0.31712974170455527</orientation>
      <time>18</time>
    </ksState>
    <ksState>
      <x>-67.87712091266967</x>
      <y>437.06497826706163</y>
      <steeringAngle>-0.14213333333333378</steeringAngle>
      <velocity>4.0</velocity>
      <orientation>-0.3365216680901011</orientation>
      <time>19</time>
    </ksState>
    <ksState>
      <x>-67.50118440606678</x>
      <y>436.9283642527631</y>
      <steeringAngle>-0.1776666666666672</steeringAngle>
      <velocity>4.0</velocity>
      <orientation>-0.3615390745414984</orientation>
      <time>20</time>
    </ksState>
    <ksState>
      <x>-67.12892064835799</x>
      <y>436.78203810624</y>
      <steeringAngle>-0.1421333333333333</steeringAngle>
      <velocity>4.0</velocity>
      <orientation>-0.38655648088602174</orientation>
      <time>21</time>
    </ksState>
    <ksState>
      <x>-66.75999293720676</x>
      <y>436.6274828692954</y>
      <steeringAngle>-0.10659999999999999</steeringAngle>
      <velocity>4.0</velocity>
      <orientation>-0.4059484071767723</orientation>
      <time>22</time>
    </ksState>
    <ksState>
      <x>-66.39367881679912</x>
      <y>436.4668235683678</y>
      <steeringAngle>-0.07106666666666664</steeringAngle>
      <velocity>4.0</velocity>
      <orientation>-0.4197646469117252</orientation>
      <time>23</time>
    </ksState>
    <ksState>
      <x>-66.02915940704554</x>
      <y>436.3021278580564</y>
      <steeringAngle>-0.03553333333333332</steeringAngle>
      <velocity>4.0</velocity>
      <orientation>-0.4280404073739906</orientation>
      <time>24</time>
    </ksState>
    <ksState>
      <x>-65.6655528866491</x>
      <y>436.1354239709552</y>
      <steeringAngle>2.2985086056692694e-17</steeringAngle>
      <velocity>4.0</velocity>
      <orientation>-0.4307966706688309</orientation>
      <time>25</time>
    </ksState>
    <ksState>
      <x>-65.2655603316783</x>
      <y>435.9521051576825</y>
      <steeringAngle>0.035533333333333326</steeringAngle>
      <velocity>4.799999999999999</velocity>
      <orientation>-0.4276728919996401</orientation>
      <time>26</time>
    </ksState>
    <ksState>
      <x>-64.79136174313989</x>
      <y>435.7387204887758</y>
      <steeringAngle>0.07106666666666667</steeringAngle>
      <velocity>5.599999999999998</velocity>
      <orientation>-0.41682228093846735</orientation>
      <time>27</time>
    </ksState>
    <ksState>
      <x>-64.24040979814471</x>
      <y>435.5011517836441</y>
      <steeringAngle>0.10659999999999999</steeringAngle>
      <velocity>6.3999999999999995</velocity>
      <orientation>-0.39600533193813936</orientation>
      <time>28</time>
    </ksState>
    <ksState>
      <x>-63.60901432416103</x>
      <y>435.24876811184623</y>
      <steeringAngle>0.14213333333333333</steeringAngle>
      <velocity>7.199999999999999</velocity>
      <orientation>-0.3629457609569742</orientation>
      <time>29</time>
    </ksState>
    <ksState>
      <x>-62.8925954876195</x>
      <y>434.9953225174669</y>
      <steeringAngle>0.17766666666666664</steeringAngle>
      <velocity>7.9999999999999964</velocity>
      <orientation>-0.31531843887542754</orientation>
      <time>30</time>
    </ksState>
    <ksState>
      <x>-62.16416797017997</x>
      <y>434.7788540881938</y>
      <steeringAngle>0.17766666666666667</steeringAngle>
      <velocity>7.2</velocity>
      <orientation>-0.2624025114310502</orientation>
      <time>31</time>
    </ksState>
    <ksState>
      <x>-61.5035150517585</x>
      <y>434.618070551018</y>
      <steeringAngle>0.17766666666666667</steeringAngle>
      <velocity>6.4</velocity>
      <orientation>-0.215056681638239</orientation>
      <time>32</time>
    </ksState>
    <ksState>
      <x>-60.914832835435334</x>
      <y>434.5023083324498</y>
      <steeringAngle>0.17766666666666667</steeringAngle>
      <velocity>5.599999999999999</velocity>
      <orientation>-0.17328094948305423</orientation>
      <time>33</time>
    </ksState>
  </ksTrajectory>
</CommonRoadSolution>
