<?xml version="1.0" ?>
<CommonRoadSolution benchmark_id="KS2:SM1:DEU_Muehlhausen-1_2_T-1:2020a" computation_time="2.4292465250000532" date="2020-12-29">
  <ksTrajectory planningProblem="1">
    <ksState>
      <x>-776.71327</x>
      <y>649.0387</y>
      <steeringAngle>0.0</steeringAngle>
      <velocity>8.0</velocity>
      <orientation>0.053492843</orientation>
      <time>0</time>
    </ksState>
    <ksState>
      <x>-775.9543571054768</x>
      <y>649.079335174684</y>
      <steeringAngle>0.0</steeringAngle>
      <velocity>7.200000000000001</velocity>
      <orientation>0.053492843</orientation>
      <time>1</time>
    </ksState>
    <ksState>
      <x>-775.2753297791685</x>
      <y>649.1156929625395</y>
      <steeringAngle>0.0</steeringAngle>
      <velocity>6.400000000000001</velocity>
      <orientation>0.053492843</orientation>
      <time>2</time>
    </ksState>
    <ksState>
      <x>-774.6761880208751</x>
      <y>649.1477733635769</y>
      <steeringAngle>0.0</steeringAngle>
      <velocity>5.600000000000001</velocity>
      <orientation>0.053492843</orientation>
      <time>3</time>
    </ksState>
    <ksState>
      <x>-774.1569318305403</x>
      <y>649.1755763777994</y>
      <steeringAngle>0.0</steeringAngle>
      <velocity>4.800000000000001</velocity>
      <orientation>0.053492843</orientation>
      <time>4</time>
    </ksState>
    <ksState>
      <x>-773.7175612081433</x>
      <y>649.1991020052081</y>
      <steeringAngle>0.0</steeringAngle>
      <velocity>4.000000000000001</velocity>
      <orientation>0.053492843</orientation>
      <time>5</time>
    </ksState>
    <ksState>
      <x>-773.3181333685385</x>
      <y>649.2204889392729</y>
      <steeringAngle>0.0</steeringAngle>
      <velocity>4.0</velocity>
      <orientation>0.053492843</orientation>
      <time>6</time>
    </ksState>
    <ksState>
      <x>-772.9187055289337</x>
      <y>649.2418758733376</y>
      <steeringAngle>0.0</steeringAngle>
      <velocity>4.0</velocity>
      <orientation>0.053492843</orientation>
      <time>7</time>
    </ksState>
    <ksState>
      <x>-772.519277689329</x>
      <y>649.2632628074023</y>
      <steeringAngle>0.0</steeringAngle>
      <velocity>4.0</velocity>
      <orientation>0.053492843</orientation>
      <time>8</time>
    </ksState>
    <ksState>
      <x>-772.1198498497242</x>
      <y>649.2846497414671</y>
      <steeringAngle>0.0</steeringAngle>
      <velocity>4.0</velocity>
      <orientation>0.053492843</orientation>
      <time>9</time>
    </ksState>
    <ksState>
      <x>-771.7204220101196</x>
      <y>649.3060366755318</y>
      <steeringAngle>0.0</steeringAngle>
      <velocity>4.0</velocity>
      <orientation>0.053492843</orientation>
      <time>10</time>
    </ksState>
    <ksState>
      <x>-771.3209941705148</x>
      <y>649.3274236095965</y>
      <steeringAngle>0.0</steeringAngle>
      <velocity>4.0</velocity>
      <orientation>0.053492843</orientation>
      <time>11</time>
    </ksState>
    <ksState>
      <x>-770.9215663309101</x>
      <y>649.3488105436612</y>
      <steeringAngle>0.0</steeringAngle>
      <velocity>4.0</velocity>
      <orientation>0.053492843</orientation>
      <time>12</time>
    </ksState>
    <ksState>
      <x>-770.5221384913053</x>
      <y>649.3701974777259</y>
      <steeringAngle>0.0</steeringAngle>
      <velocity>4.0</velocity>
      <orientation>0.053492843</orientation>
      <time>13</time>
    </ksState>
    <ksState>
      <x>-770.1227106517006</x>
      <y>649.3915844117907</y>
      <steeringAngle>0.0</steeringAngle>
      <velocity>4.0</velocity>
      <orientation>0.053492843</orientation>
      <time>14</time>
    </ksState>
    <ksState>
      <x>-769.7232828120959</x>
      <y>649.4129713458555</y>
      <steeringAngle>0.0</steeringAngle>
      <velocity>4.0</velocity>
      <orientation>0.053492843</orientation>
      <time>15</time>
    </ksState>
    <ksState>
      <x>-769.2839121875045</x>
      <y>649.4364969733816</y>
      <steeringAngle>0.0</steeringAngle>
      <velocity>4.8</velocity>
      <orientation>0.053492843</orientation>
      <time>16</time>
    </ksState>
    <ksState>
      <x>-768.764655994947</x>
      <y>649.464299987723</y>
      <steeringAngle>0.0</steeringAngle>
      <velocity>5.6</velocity>
      <orientation>0.053492843</orientation>
      <time>17</time>
    </ksState>
    <ksState>
      <x>-768.1655142344393</x>
      <y>649.4963803888792</y>
      <steeringAngle>0.0</steeringAngle>
      <velocity>6.4</velocity>
      <orientation>0.053492843</orientation>
      <time>18</time>
    </ksState>
    <ksState>
      <x>-767.4864869059909</x>
      <y>649.5327381768492</y>
      <steeringAngle>0.0</steeringAngle>
      <velocity>7.199999999999999</velocity>
      <orientation>0.053492843</orientation>
      <time>19</time>
    </ksState>
    <ksState>
      <x>-766.7275740096076</x>
      <y>649.5733733516329</y>
      <steeringAngle>0.0</steeringAngle>
      <velocity>7.999999999999998</velocity>
      <orientation>0.053492843</orientation>
      <time>20</time>
    </ksState>
    <ksState>
      <x>-765.928718330398</x>
      <y>649.6161472197623</y>
      <steeringAngle>0.0</steeringAngle>
      <velocity>8.0</velocity>
      <orientation>0.053492843</orientation>
      <time>21</time>
    </ksState>
    <ksState>
      <x>-765.1298626511885</x>
      <y>649.6589210878918</y>
      <steeringAngle>0.0</steeringAngle>
      <velocity>8.0</velocity>
      <orientation>0.053492843</orientation>
      <time>22</time>
    </ksState>
    <ksState>
      <x>-764.3310069719791</x>
      <y>649.7016949560212</y>
      <steeringAngle>0.0</steeringAngle>
      <velocity>8.0</velocity>
      <orientation>0.053492843</orientation>
      <time>23</time>
    </ksState>
    <ksState>
      <x>-763.5321512927696</x>
      <y>649.7444688241507</y>
      <steeringAngle>0.0</steeringAngle>
      <velocity>8.0</velocity>
      <orientation>0.053492843</orientation>
      <time>24</time>
    </ksState>
    <ksState>
      <x>-762.7332956135601</x>
      <y>649.7872426922801</y>
      <steeringAngle>0.0</steeringAngle>
      <velocity>8.0</velocity>
      <orientation>0.053492843</orientation>
      <time>25</time>
    </ksState>
    <ksState>
      <x>-761.9743156246603</x>
      <y>649.8265875989629</y>
      <steeringAngle>-0.03553333333333333</steeringAngle>
      <velocity>7.199999999999999</velocity>
      <orientation>0.04834783001750767</orientation>
      <time>26</time>
    </ksState>
    <ksState>
      <x>-761.2949249150693</x>
      <y>649.855235442555</y>
      <steeringAngle>-0.07106666666666664</steeringAngle>
      <velocity>6.400000000000001</velocity>
      <orientation>0.03437115789654456</orientation>
      <time>27</time>
    </ksState>
    <ksState>
      <x>-760.6951193082118</x>
      <y>649.8700831018633</y>
      <steeringAngle>-0.10659999999999997</steeringAngle>
      <velocity>5.600000000000004</velocity>
      <orientation>0.013739390030663198</orientation>
      <time>28</time>
    </ksState>
    <ksState>
      <x>-760.1751338034423</x>
      <y>649.8710123004781</y>
      <steeringAngle>-0.1421333333333333</steeringAngle>
      <velocity>4.800000000000003</velocity>
      <orientation>-0.011376817477985066</orientation>
      <time>29</time>
    </ksState>
    <ksState>
      <x>-759.7352804030631</x>
      <y>649.8602021358911</y>
      <steeringAngle>-0.17766666666666653</steeringAngle>
      <velocity>4.000000000000006</velocity>
      <orientation>-0.03880171406313487</orientation>
      <time>30</time>
    </ksState>
    <ksState>
      <x>-759.3355259859732</x>
      <y>649.839491472401</y>
      <steeringAngle>-0.1421333333333333</steeringAngle>
      <velocity>4.0</velocity>
      <orientation>-0.06381912040765818</orientation>
      <time>31</time>
    </ksState>
    <ksState>
      <x>-758.936325652768</x>
      <y>649.8099118271788</y>
      <steeringAngle>-0.10659999999999999</steeringAngle>
      <velocity>4.0</velocity>
      <orientation>-0.08321104669840876</orientation>
      <time>32</time>
    </ksState>
    <ksState>
      <x>-758.5376682641684</x>
      <y>649.7737093391954</y>
      <steeringAngle>-0.07106666666666664</steeringAngle>
      <velocity>4.0</velocity>
      <orientation>-0.09702728643336167</orientation>
      <time>33</time>
    </ksState>
  </ksTrajectory>
</CommonRoadSolution>
