<?xml version="1.0" ?>
<CommonRoadSolution benchmark_id="KS2:SM1:DEU_Flensburg-89_1_T-1:2020a" computation_time="2.3023840899999186" date="2020-12-29">
  <ksTrajectory planningProblem="123">
    <ksState>
      <x>21.98172</x>
      <y>152.22167</y>
      <steeringAngle>0.0</steeringAngle>
      <velocity>8.0</velocity>
      <orientation>-1.241116</orientation>
      <time>0</time>
    </ksState>
    <ksState>
      <x>22.240712469963814</x>
      <y>151.4647532935507</y>
      <steeringAngle>0.0</steeringAngle>
      <velocity>8.0</velocity>
      <orientation>-1.241116</orientation>
      <time>1</time>
    </ksState>
    <ksState>
      <x>22.499704939927625</x>
      <y>150.7078365871014</y>
      <steeringAngle>0.0</steeringAngle>
      <velocity>8.0</velocity>
      <orientation>-1.241116</orientation>
      <time>2</time>
    </ksState>
    <ksState>
      <x>22.75869740989144</x>
      <y>149.95091988065212</y>
      <steeringAngle>0.0</steeringAngle>
      <velocity>8.0</velocity>
      <orientation>-1.241116</orientation>
      <time>3</time>
    </ksState>
    <ksState>
      <x>23.01768987985525</x>
      <y>149.19400317420283</y>
      <steeringAngle>0.0</steeringAngle>
      <velocity>8.0</velocity>
      <orientation>-1.241116</orientation>
      <time>4</time>
    </ksState>
    <ksState>
      <x>23.276682349819065</x>
      <y>148.43708646775352</y>
      <steeringAngle>0.0</steeringAngle>
      <velocity>8.0</velocity>
      <orientation>-1.241116</orientation>
      <time>5</time>
    </ksState>
    <ksState>
      <x>23.53567481978288</x>
      <y>147.68016976130423</y>
      <steeringAngle>0.0</steeringAngle>
      <velocity>8.0</velocity>
      <orientation>-1.241116</orientation>
      <time>6</time>
    </ksState>
    <ksState>
      <x>23.79466728974669</x>
      <y>146.92325305485494</y>
      <steeringAngle>0.0</steeringAngle>
      <velocity>8.0</velocity>
      <orientation>-1.241116</orientation>
      <time>7</time>
    </ksState>
    <ksState>
      <x>24.053659759710506</x>
      <y>146.16633634840565</y>
      <steeringAngle>0.0</steeringAngle>
      <velocity>8.0</velocity>
      <orientation>-1.241116</orientation>
      <time>8</time>
    </ksState>
    <ksState>
      <x>24.312652229674317</x>
      <y>145.40941964195636</y>
      <steeringAngle>0.0</steeringAngle>
      <velocity>8.0</velocity>
      <orientation>-1.241116</orientation>
      <time>9</time>
    </ksState>
    <ksState>
      <x>24.57164469963813</x>
      <y>144.65250293550704</y>
      <steeringAngle>0.0</steeringAngle>
      <velocity>8.0</velocity>
      <orientation>-1.241116</orientation>
      <time>10</time>
    </ksState>
    <ksState>
      <x>24.829245627737354</x>
      <y>143.89511270676124</y>
      <steeringAngle>-0.03553333333333333</steeringAngle>
      <velocity>8.0</velocity>
      <orientation>-1.246628535002839</orientation>
      <time>11</time>
    </ksState>
    <ksState>
      <x>25.07847475735533</x>
      <y>143.13493501622142</y>
      <steeringAngle>-0.07106666666666667</steeringAngle>
      <velocity>8.0</velocity>
      <orientation>-1.2631800558831086</orientation>
      <time>12</time>
    </ksState>
    <ksState>
      <x>25.310849433854457</x>
      <y>142.3694540043752</y>
      <steeringAngle>-0.10659999999999997</steeringAngle>
      <velocity>8.0</velocity>
      <orientation>-1.2908125351738033</orientation>
      <time>13</time>
    </ksState>
    <ksState>
      <x>25.517679533678795</x>
      <y>141.5967050265978</y>
      <steeringAngle>-0.1421333333333333</steeringAngle>
      <velocity>8.0</velocity>
      <orientation>-1.3295963874465384</orientation>
      <time>14</time>
    </ksState>
    <ksState>
      <x>25.69000001393509</x>
      <y>140.81556993156138</y>
      <steeringAngle>-0.17766666666666667</steeringAngle>
      <velocity>8.0</velocity>
      <orientation>-1.3796311996956931</orientation>
      <time>15</time>
    </ksState>
    <ksState>
      <x>25.82005489834521</x>
      <y>140.0263169627325</y>
      <steeringAngle>-0.17766666666666667</steeringAngle>
      <velocity>8.0</velocity>
      <orientation>-1.435332176006205</orientation>
      <time>16</time>
    </ksState>
    <ksState>
      <x>25.905968655752243</x>
      <y>139.23104756959222</y>
      <steeringAngle>-0.17766666666666667</steeringAngle>
      <velocity>8.0</velocity>
      <orientation>-1.4910331523167166</orientation>
      <time>17</time>
    </ksState>
    <ksState>
      <x>25.947474792990093</x>
      <y>138.43222855032204</y>
      <steeringAngle>-0.17766666666666667</steeringAngle>
      <velocity>8.0</velocity>
      <orientation>-1.5467341286272283</orientation>
      <time>18</time>
    </ksState>
    <ksState>
      <x>25.94444456646613</x>
      <y>137.63233767897535</y>
      <steeringAngle>-0.17766666666666667</steeringAngle>
      <velocity>8.0</velocity>
      <orientation>-1.60243510493774</orientation>
      <time>19</time>
    </ksState>
    <ksState>
      <x>25.896887374781706</x>
      <y>136.83385605369608</y>
      <steeringAngle>-0.17766666666666667</steeringAngle>
      <velocity>8.0</velocity>
      <orientation>-1.658136081248252</orientation>
      <time>20</time>
    </ksState>
    <ksState>
      <x>25.809270972001038</x>
      <y>136.07903150020599</y>
      <steeringAngle>-0.21320000000000014</steeringAngle>
      <velocity>7.200000000000003</velocity>
      <orientation>-1.7163854083197447</orientation>
      <time>21</time>
    </ksState>
    <ksState>
      <x>25.69041150087359</x>
      <y>135.40961028086673</y>
      <steeringAngle>-0.24873333333333347</steeringAngle>
      <velocity>6.400000000000004</velocity>
      <orientation>-1.7783024958055242</orientation>
      <time>22</time>
    </ksState>
    <ksState>
      <x>25.54870106171969</x>
      <y>134.82668871734222</y>
      <steeringAngle>-0.2842666666666668</steeringAngle>
      <velocity>5.600000000000001</velocity>
      <orientation>-1.8417246385694452</orientation>
      <time>23</time>
    </ksState>
    <ksState>
      <x>25.3942420649611</x>
      <y>134.3302475869634</y>
      <steeringAngle>-0.3198</steeringAngle>
      <velocity>4.800000000000002</velocity>
      <orientation>-1.904453738311398</orientation>
      <time>24</time>
    </ksState>
    <ksState>
      <x>25.23803579690781</x>
      <y>133.91897886385246</y>
      <steeringAngle>-0.3553333333333332</steeringAngle>
      <velocity>4.000000000000001</velocity>
      <orientation>-1.9642435723596128</orientation>
      <time>25</time>
    </ksState>
    <ksState>
      <x>25.073760612456354</x>
      <y>133.55433587685079</y>
      <steeringAngle>-0.39086666666666653</steeringAngle>
      <velocity>4.0</velocity>
      <orientation>-2.0249639386656</orientation>
      <time>26</time>
    </ksState>
    <ksState>
      <x>24.886531969933326</x>
      <y>133.20094475187568</y>
      <steeringAngle>-0.42639999999999995</steeringAngle>
      <velocity>4.0</velocity>
      <orientation>-2.0921335521220037</orientation>
      <time>27</time>
    </ksState>
    <ksState>
      <x>24.67489099211545</x>
      <y>132.8616285987818</y>
      <steeringAngle>-0.4619333333333333</steeringAngle>
      <velocity>4.0</velocity>
      <orientation>-2.1659541357543475</orientation>
      <time>28</time>
    </ksState>
    <ksState>
      <x>24.437708726124143</x>
      <y>132.53966934399224</y>
      <steeringAngle>-0.49746666666666667</steeringAngle>
      <velocity>4.0</velocity>
      <orientation>-2.2466546775675678</orientation>
      <time>29</time>
    </ksState>
    <ksState>
      <x>24.1742887860104</x>
      <y>132.23882537898905</y>
      <steeringAngle>-0.533</steeringAngle>
      <velocity>4.0</velocity>
      <orientation>-2.3344945441673763</orientation>
      <time>30</time>
    </ksState>
    <ksState>
      <x>23.885156919989758</x>
      <y>131.96260097642514</y>
      <steeringAngle>-0.4974666666666666</steeringAngle>
      <velocity>4.0</velocity>
      <orientation>-2.4223344110068257</orientation>
      <time>31</time>
    </ksState>
    <ksState>
      <x>23.573791287028495</x>
      <y>131.71167342940527</y>
      <steeringAngle>-0.4619333333333334</steeringAngle>
      <velocity>4.0</velocity>
      <orientation>-2.5030349527939957</orientation>
      <time>32</time>
    </ksState>
    <ksState>
      <x>23.243976952334304</x>
      <y>131.48551007133597</y>
      <steeringAngle>-0.42640000000000017</steeringAngle>
      <velocity>4.0</velocity>
      <orientation>-2.5768555360438006</orientation>
      <time>33</time>
    </ksState>
    <ksState>
      <x>22.89904173565857</x>
      <y>131.28312540176435</y>
      <steeringAngle>-0.3908666666666668</steeringAngle>
      <velocity>4.0</velocity>
      <orientation>-2.6440251489066635</orientation>
      <time>34</time>
    </ksState>
    <ksState>
      <x>22.541869418053842</x>
      <y>131.103184388565</y>
      <steeringAngle>-0.3553333333333335</steeringAngle>
      <velocity>4.0</velocity>
      <orientation>-2.704745516784949</orientation>
      <time>35</time>
    </ksState>
    <ksState>
      <x>22.13776515331771</x>
      <y>130.92928179922947</y>
      <steeringAngle>-0.31979999999999975</steeringAngle>
      <velocity>4.800000000000001</velocity>
      <orientation>-2.7645353518166975</orientation>
      <time>36</time>
    </ksState>
    <ksState>
      <x>21.64849287914855</x>
      <y>130.75342950195082</y>
      <steeringAngle>-0.28426666666666645</steeringAngle>
      <velocity>5.600000000000004</velocity>
      <orientation>-2.8272644519480212</orientation>
      <time>37</time>
    </ksState>
    <ksState>
      <x>21.072268493360795</x>
      <y>130.58656174180754</y>
      <steeringAngle>-0.2487333333333331</steeringAngle>
      <velocity>6.400000000000004</velocity>
      <orientation>-2.890686588640697</orientation>
      <time>38</time>
    </ksState>
    <ksState>
      <x>20.408634489237695</x>
      <y>130.43877049468657</y>
      <steeringAngle>-0.21319999999999992</steeringAngle>
      <velocity>7.200000000000004</velocity>
      <orientation>-2.952603677318496</orientation>
      <time>39</time>
    </ksState>
    <ksState>
      <x>19.65832204933965</x>
      <y>130.3184875512185</y>
      <steeringAngle>-0.17766666666666656</steeringAngle>
      <velocity>8.000000000000004</velocity>
      <orientation>-3.0108530069194614</orientation>
      <time>40</time>
    </ksState>
    <ksState>
      <x>18.8627925942701</x>
      <y>130.2348258472408</y>
      <steeringAngle>-0.14213333333333336</steeringAngle>
      <velocity>8.0</velocity>
      <orientation>-3.06088781846821</orientation>
      <time>41</time>
    </ksState>
    <ksState>
      <x>18.064300560951153</x>
      <y>130.1865542805537</y>
      <steeringAngle>-0.1066000000000001</steeringAngle>
      <velocity>8.0</velocity>
      <orientation>-3.099671670475207</orientation>
      <time>42</time>
    </ksState>
    <ksState>
      <x>17.26462152925304</x>
      <y>130.16481457573212</y>
      <steeringAngle>-0.07106666666666674</steeringAngle>
      <velocity>8.0</velocity>
      <orientation>-3.1273041495048943</orientation>
      <time>43</time>
    </ksState>
    <ksState>
      <x>16.464641099123426</x>
      <y>130.16074141870646</y>
      <steeringAngle>-0.035533333333333354</steeringAngle>
      <velocity>8.0</velocity>
      <orientation>-3.1438556701339233</orientation>
      <time>44</time>
    </ksState>
    <ksState>
      <x>15.66465628758801</x>
      <y>130.16549191764435</y>
      <steeringAngle>-2.0816681711721685e-17</steeringAngle>
      <velocity>8.0</velocity>
      <orientation>-3.149368196592328</orientation>
      <time>45</time>
    </ksState>
    <ksState>
      <x>14.86468047109376</x>
      <y>130.1717122893663</y>
      <steeringAngle>0.0</steeringAngle>
      <velocity>8.0</velocity>
      <orientation>-3.149368196592328</orientation>
      <time>46</time>
    </ksState>
    <ksState>
      <x>14.06470465459951</x>
      <y>130.17793266108822</y>
      <steeringAngle>0.0</steeringAngle>
      <velocity>8.0</velocity>
      <orientation>-3.149368196592328</orientation>
      <time>47</time>
    </ksState>
    <ksState>
      <x>13.264728838105261</x>
      <y>130.18415303281017</y>
      <steeringAngle>0.0</steeringAngle>
      <velocity>8.0</velocity>
      <orientation>-3.149368196592328</orientation>
      <time>48</time>
    </ksState>
    <ksState>
      <x>12.464753021611012</x>
      <y>130.1903734045321</y>
      <steeringAngle>0.0</steeringAngle>
      <velocity>8.0</velocity>
      <orientation>-3.149368196592328</orientation>
      <time>49</time>
    </ksState>
    <ksState>
      <x>11.664777205116762</x>
      <y>130.19659377625405</y>
      <steeringAngle>0.0</steeringAngle>
      <velocity>8.0</velocity>
      <orientation>-3.149368196592328</orientation>
      <time>50</time>
    </ksState>
    <ksState>
      <x>10.864815295112395</x>
      <y>130.20428398427154</y>
      <steeringAngle>-0.03553333333333333</steeringAngle>
      <velocity>8.0</velocity>
      <orientation>-3.154880731595167</orientation>
      <time>51</time>
    </ksState>
    <ksState>
      <x>10.064994934062584</x>
      <y>130.22079671556514</y>
      <steeringAngle>-0.07106666666666667</steeringAngle>
      <velocity>8.0</velocity>
      <orientation>-3.1714322524754364</orientation>
      <time>52</time>
    </ksState>
    <ksState>
      <x>9.265750657938444</x>
      <y>130.2549691731582</y>
      <steeringAngle>-0.10659999999999997</steeringAngle>
      <velocity>8.0</velocity>
      <orientation>-3.1990647317661316</orientation>
      <time>53</time>
    </ksState>
    <ksState>
      <x>8.46810581947608</x>
      <y>130.3156518273827</y>
      <steeringAngle>-0.1421333333333333</steeringAngle>
      <velocity>8.0</velocity>
      <orientation>-3.237848584038866</orientation>
      <time>54</time>
    </ksState>
    <ksState>
      <x>7.6739735448904245</x>
      <y>130.4116742991</y>
      <steeringAngle>-0.17766666666666667</steeringAngle>
      <velocity>8.0</velocity>
      <orientation>-3.287883396288021</orientation>
      <time>55</time>
    </ksState>
    <ksState>
      <x>6.925128891341712</x>
      <y>130.54098917161625</y>
      <steeringAngle>-0.1421333333333334</steeringAngle>
      <velocity>7.2</velocity>
      <orientation>-3.335510718033658</orientation>
      <time>56</time>
    </ksState>
    <ksState>
      <x>6.260274571244407</x>
      <y>130.68356021940525</y>
      <steeringAngle>-0.10660000000000011</steeringAngle>
      <velocity>6.4</velocity>
      <orientation>-3.3685702884816258</orientation>
      <time>57</time>
    </ksState>
    <ksState>
      <x>5.677209601557237</x>
      <y>130.825059959127</y>
      <steeringAngle>-0.07106666666666674</steeringAngle>
      <velocity>5.600000000000001</velocity>
      <orientation>-3.3893872367755145</orientation>
      <time>58</time>
    </ksState>
    <ksState>
      <x>5.173872497971294</x>
      <y>130.95563207176338</y>
      <steeringAngle>-0.03553333333333339</steeringAngle>
      <velocity>4.800000000000001</velocity>
      <orientation>-3.400237846433177</orientation>
      <time>59</time>
    </ksState>
    <ksState>
      <x>4.748741704164155</x>
      <y>131.06905005065482</y>
      <steeringAngle>-5.5294310796760726e-17</steeringAngle>
      <velocity>4.0</velocity>
      <orientation>-3.4033616222703427</orientation>
      <time>60</time>
    </ksState>
    <ksState>
      <x>4.323610902735395</x>
      <y>131.18246800782342</y>
      <steeringAngle>0.035533333333333326</steeringAngle>
      <velocity>4.799999999999999</velocity>
      <orientation>-3.4002378436011518</orientation>
      <time>61</time>
    </ksState>
    <ksState>
      <x>3.820273794899648</x>
      <y>131.31304011116782</y>
      <steeringAngle>0.07106666666666667</steeringAngle>
      <velocity>5.599999999999998</velocity>
      <orientation>-3.389387232539979</orientation>
      <time>62</time>
    </ksState>
    <ksState>
      <x>3.2372088232967835</x>
      <y>131.4545398434704</y>
      <steeringAngle>0.10659999999999999</steeringAngle>
      <velocity>6.3999999999999995</velocity>
      <orientation>-3.368570283539651</orientation>
      <time>63</time>
    </ksState>
    <ksState>
      <x>2.5723545070311142</x>
      <y>131.59711088015086</y>
      <steeringAngle>0.14213333333333333</steeringAngle>
      <velocity>7.199999999999999</velocity>
      <orientation>-3.3355107125584857</orientation>
      <time>64</time>
    </ksState>
    <ksState>
      <x>1.8235098725838816</x>
      <y>131.72642573668878</y>
      <steeringAngle>0.17766666666666664</steeringAngle>
      <velocity>7.9999999999999964</velocity>
      <orientation>-3.287883390476939</orientation>
      <time>65</time>
    </ksState>
    <ksState>
      <x>1.0293775878357094</x>
      <y>131.82244817633887</y>
      <steeringAngle>0.14213333333333336</steeringAngle>
      <velocity>8.0</velocity>
      <orientation>-3.237848578928191</orientation>
      <time>66</time>
    </ksState>
    <ksState>
      <x>0.23173275002515803</x>
      <y>131.88313082738864</y>
      <steeringAngle>0.1066000000000001</steeringAngle>
      <velocity>8.0</velocity>
      <orientation>-3.1990647269211934</orientation>
      <time>67</time>
    </ksState>
    <ksState>
      <x>-0.5675115253851755</x>
      <y>131.91730328306818</y>
      <steeringAngle>0.07106666666666674</steeringAngle>
      <velocity>8.0</velocity>
      <orientation>-3.1714322478915062</orientation>
      <time>68</time>
    </ksState>
    <ksState>
      <x>-1.3673318857884698</x>
      <y>131.93381601400128</y>
      <steeringAngle>0.035533333333333354</steeringAngle>
      <velocity>8.0</velocity>
      <orientation>-3.1548807272624773</orientation>
      <time>69</time>
    </ksState>
    <ksState>
      <x>-2.1672938390070833</x>
      <y>131.94150622402285</y>
      <steeringAngle>2.0816681711721685e-17</steeringAngle>
      <velocity>8.0</velocity>
      <orientation>-3.1493682008040724</orientation>
      <time>70</time>
    </ksState>
    <ksState>
      <x>-2.967269655475134</x>
      <y>131.94772659911408</y>
      <steeringAngle>0.0</steeringAngle>
      <velocity>8.0</velocity>
      <orientation>-3.1493682008040724</orientation>
      <time>71</time>
    </ksState>
    <ksState>
      <x>-3.767245471943185</x>
      <y>131.9539469742053</y>
      <steeringAngle>0.0</steeringAngle>
      <velocity>8.0</velocity>
      <orientation>-3.1493682008040724</orientation>
      <time>72</time>
    </ksState>
    <ksState>
      <x>-4.567221288411236</x>
      <y>131.96016734929654</y>
      <steeringAngle>0.0</steeringAngle>
      <velocity>8.0</velocity>
      <orientation>-3.1493682008040724</orientation>
      <time>73</time>
    </ksState>
    <ksState>
      <x>-5.367197104879287</x>
      <y>131.96638772438777</y>
      <steeringAngle>0.0</steeringAngle>
      <velocity>8.0</velocity>
      <orientation>-3.1493682008040724</orientation>
      <time>74</time>
    </ksState>
    <ksState>
      <x>-6.167172921347338</x>
      <y>131.972608099479</y>
      <steeringAngle>0.0</steeringAngle>
      <velocity>8.0</velocity>
      <orientation>-3.1493682008040724</orientation>
      <time>75</time>
    </ksState>
    <ksState>
      <x>-6.967134831319315</x>
      <y>131.98029831086572</y>
      <steeringAngle>-0.03553333333333333</steeringAngle>
      <velocity>8.0</velocity>
      <orientation>-3.1548807358069113</orientation>
      <time>76</time>
    </ksState>
    <ksState>
      <x>-7.766955192299579</x>
      <y>131.99681104552798</y>
      <steeringAngle>-0.07106666666666667</steeringAngle>
      <velocity>8.0</velocity>
      <orientation>-3.1714322566871807</orientation>
      <time>77</time>
    </ksState>
    <ksState>
      <x>-8.566199468279795</x>
      <y>132.03098350648725</y>
      <steeringAngle>-0.10659999999999997</steeringAngle>
      <velocity>8.0</velocity>
      <orientation>-3.199064735977876</orientation>
      <time>78</time>
    </ksState>
    <ksState>
      <x>-9.363844306486577</x>
      <y>132.09166616407123</y>
      <steeringAngle>-0.1421333333333333</steeringAngle>
      <velocity>8.0</velocity>
      <orientation>-3.2378485882506105</orientation>
      <time>79</time>
    </ksState>
    <ksState>
      <x>-10.157976580667812</x>
      <y>132.18768863913323</y>
      <steeringAngle>-0.17766666666666667</steeringAngle>
      <velocity>8.0</velocity>
      <orientation>-3.2878834004997652</orientation>
      <time>80</time>
    </ksState>
    <ksState>
      <x>-10.906821233671884</x>
      <y>132.31700351480342</y>
      <steeringAngle>-0.1421333333333334</steeringAngle>
      <velocity>7.2</velocity>
      <orientation>-3.3355107222454023</orientation>
      <time>81</time>
    </ksState>
    <ksState>
      <x>-11.571675553168715</x>
      <y>132.4595745653926</y>
      <steeringAngle>-0.10660000000000011</steeringAngle>
      <velocity>6.4</velocity>
      <orientation>-3.36857029269337</orientation>
      <time>82</time>
    </ksState>
    <ksState>
      <x>-12.154740522259925</x>
      <y>132.6010743075701</y>
      <steeringAngle>-0.07106666666666674</steeringAngle>
      <velocity>5.600000000000001</velocity>
      <orientation>-3.3893872409872587</orientation>
      <time>83</time>
    </ksState>
    <ksState>
      <x>-12.658077625295933</x>
      <y>132.73164642232638</y>
      <steeringAngle>-0.03553333333333339</steeringAngle>
      <velocity>4.800000000000001</velocity>
      <orientation>-3.4002378506449213</orientation>
      <time>84</time>
    </ksState>
    <ksState>
      <x>-13.083208418625382</x>
      <y>132.84506440300837</y>
      <steeringAngle>-5.5294310796760726e-17</steeringAngle>
      <velocity>4.0</velocity>
      <orientation>-3.403361626482087</orientation>
      <time>85</time>
    </ksState>
    <ksState>
      <x>-13.469676688089011</x>
      <y>132.9482252164112</y>
      <steeringAngle>0.035533333333333326</steeringAngle>
      <velocity>4.0</velocity>
      <orientation>-3.4006053519494865</orientation>
      <time>86</time>
    </ksState>
    <ksState>
      <x>-13.856707027258002</x>
      <y>133.04925290405583</y>
      <steeringAngle>0.07106666666666711</steeringAngle>
      <velocity>4.0</velocity>
      <orientation>-3.392329591406201</orientation>
      <time>87</time>
    </ksState>
    <ksState>
      <x>-14.24482747934811</x>
      <y>133.14599979217573</y>
      <steeringAngle>0.10660000000000043</steeringAngle>
      <velocity>4.0</velocity>
      <orientation>-3.3785133515870642</orientation>
      <time>88</time>
    </ksState>
    <ksState>
      <x>-14.634497425121362</x>
      <y>133.23628993756964</y>
      <steeringAngle>0.14213333333333378</steeringAngle>
      <velocity>4.0</velocity>
      <orientation>-3.3591214252015185</orientation>
      <time>89</time>
    </ksState>
    <ksState>
      <x>-15.026071544050417</x>
      <y>133.31790706374093</y>
      <steeringAngle>0.1776666666666672</steeringAngle>
      <velocity>4.0</velocity>
      <orientation>-3.334104018750121</orientation>
      <time>90</time>
    </ksState>
    <ksState>
      <x>-15.419697141936364</x>
      <y>133.38896010803865</y>
      <steeringAngle>0.17766666666666667</steeringAngle>
      <velocity>4.0</velocity>
      <orientation>-3.3062535305948653</orientation>
      <time>91</time>
    </ksState>
    <ksState>
      <x>-15.815148732845723</x>
      <y>133.4490243589654</y>
      <steeringAngle>0.17766666666666667</steeringAngle>
      <velocity>4.0</velocity>
      <orientation>-3.278403042439609</orientation>
      <time>92</time>
    </ksState>
    <ksState>
      <x>-16.21211957163824</x>
      <y>133.49805322147878</y>
      <steeringAngle>0.17766666666666667</steeringAngle>
      <velocity>4.0</velocity>
      <orientation>-3.2505525542843534</orientation>
      <time>93</time>
    </ksState>
    <ksState>
      <x>-16.610301767600017</x>
      <y>133.5360086690454</y>
      <steeringAngle>0.17766666666666667</steeringAngle>
      <velocity>4.0</velocity>
      <orientation>-3.2227020661290973</orientation>
      <time>94</time>
    </ksState>
    <ksState>
      <x>-17.009386490761994</x>
      <y>133.56286126237146</y>
      <steeringAngle>0.17766666666666667</steeringAngle>
      <velocity>4.0</velocity>
      <orientation>-3.1948515779738416</orientation>
      <time>95</time>
    </ksState>
    <ksState>
      <x>-17.36906838669512</x>
      <y>133.5778077390461</y>
      <steeringAngle>0.1421333333333333</steeringAngle>
      <velocity>3.1999999999999993</velocity>
      <orientation>-3.172241663000399</orientation>
      <time>96</time>
    </ksState>
    <ksState>
      <x>-17.64898895333054</x>
      <y>133.5843842507732</y>
      <steeringAngle>0.10659999999999997</steeringAngle>
      <velocity>2.3999999999999977</velocity>
      <orientation>-3.158574022129692</orientation>
      <time>97</time>
    </ksState>
    <ksState>
      <x>-17.848970981163635</x>
      <y>133.58703443145757</y>
      <steeringAngle>0.07106666666666664</steeringAngle>
      <velocity>1.5999999999999976</velocity>
      <orientation>-3.151573316276473</orientation>
      <time>98</time>
    </ksState>
    <ksState>
      <x>-17.968966551730347</x>
      <y>133.5880613909643</y>
      <steeringAngle>0.0355333333333333</steeringAngle>
      <velocity>0.7999999999999972</velocity>
      <orientation>-3.1489984718025057</orientation>
      <time>99</time>
    </ksState>
  </ksTrajectory>
</CommonRoadSolution>
