<?xml version="1.0" ?>
<CommonRoadSolution benchmark_id="KS2:SM1:DEU_Meckenheim-8_3_T-1:2020a" computation_time="1.3272417370001222" date="2020-12-29">
  <ksTrajectory planningProblem="1">
    <ksState>
      <x>529.95444</x>
      <y>640.44953</y>
      <steeringAngle>0.0</steeringAngle>
      <velocity>4.0</velocity>
      <orientation>1.5780901</orientation>
      <time>0</time>
    </ksState>
    <ksState>
      <x>529.9518142649349</x>
      <y>640.8095204231719</y>
      <steeringAngle>0.0</steeringAngle>
      <velocity>3.2</velocity>
      <orientation>1.5780901</orientation>
      <time>1</time>
    </ksState>
    <ksState>
      <x>529.9497720265534</x>
      <y>641.0895129741974</y>
      <steeringAngle>0.0</steeringAngle>
      <velocity>2.4000000000000004</velocity>
      <orientation>1.5780901</orientation>
      <time>2</time>
    </ksState>
    <ksState>
      <x>529.9483132848546</x>
      <y>641.2895076531787</y>
      <steeringAngle>0.0</steeringAngle>
      <velocity>1.6</velocity>
      <orientation>1.5780901</orientation>
      <time>3</time>
    </ksState>
    <ksState>
      <x>529.9474380398384</x>
      <y>641.4095044601563</y>
      <steeringAngle>0.0</steeringAngle>
      <velocity>0.7999999999999998</velocity>
      <orientation>1.5780901</orientation>
      <time>4</time>
    </ksState>
    <ksState>
      <x>529.9471462915043</x>
      <y>641.449503395183</y>
      <steeringAngle>0.0</steeringAngle>
      <velocity>-3.3306690738754696e-16</velocity>
      <orientation>1.5780901</orientation>
      <time>5</time>
    </ksState>
    <ksState>
      <x>529.9468604316551</x>
      <y>641.4895023741926</y>
      <steeringAngle>-0.03553333333333333</steeringAngle>
      <velocity>0.8</velocity>
      <orientation>1.5777225682217582</orientation>
      <time>6</time>
    </ksState>
    <ksState>
      <x>529.9461675712497</x>
      <y>641.6095003409204</y>
      <steeringAngle>-0.0710666666666667</steeringAngle>
      <velocity>1.6</velocity>
      <orientation>1.5751477216297725</orientation>
      <time>7</time>
    </ksState>
    <ksState>
      <x>529.945951441632</x>
      <y>641.8094998127856</y>
      <steeringAngle>-0.10660000000000003</steeringAngle>
      <velocity>2.4000000000000004</velocity>
      <orientation>1.5681470173929353</orientation>
      <time>8</time>
    </ksState>
    <ksState>
      <x>529.9485155953481</x>
      <y>642.0894858833393</y>
      <steeringAngle>-0.14213333333333342</steeringAngle>
      <velocity>3.2000000000000015</velocity>
      <orientation>1.554479376452115</orientation>
      <time>9</time>
    </ksState>
    <ksState>
      <x>529.9583057374842</x>
      <y>642.4493450468018</y>
      <steeringAngle>-0.17766666666666683</steeringAngle>
      <velocity>4.0000000000000036</velocity>
      <orientation>1.531869460578895</orientation>
      <time>10</time>
    </ksState>
    <ksState>
      <x>529.9794360573051</x>
      <y>642.8487735835881</y>
      <steeringAngle>-0.17766666666666667</steeringAngle>
      <velocity>4.0</velocity>
      <orientation>1.504018972423639</orientation>
      <time>11</time>
    </ksState>
    <ksState>
      <x>530.0116810238133</x>
      <y>643.2474588443228</y>
      <steeringAngle>-0.17766666666666667</steeringAngle>
      <velocity>4.0</velocity>
      <orientation>1.476168484268383</orientation>
      <time>12</time>
    </ksState>
    <ksState>
      <x>530.055015629233</x>
      <y>643.6450915745954</y>
      <steeringAngle>-0.17766666666666667</steeringAngle>
      <velocity>4.0</velocity>
      <orientation>1.4483179961131274</orientation>
      <time>13</time>
    </ksState>
    <ksState>
      <x>530.1094062629687</x>
      <y>644.0413633703906</y>
      <steeringAngle>-0.17766666666666667</steeringAngle>
      <velocity>4.0</velocity>
      <orientation>1.4204675079578715</orientation>
      <time>14</time>
    </ksState>
    <ksState>
      <x>530.1748107406981</x>
      <y>644.4359668832013</y>
      <steeringAngle>-0.17766666666666667</steeringAngle>
      <velocity>4.0</velocity>
      <orientation>1.3926170198026155</orientation>
      <time>15</time>
    </ksState>
    <ksState>
      <x>530.2511783313257</x>
      <y>644.8285960180306</y>
      <steeringAngle>-0.17766666666666667</steeringAngle>
      <velocity>4.0</velocity>
      <orientation>1.3647665316473596</orientation>
      <time>16</time>
    </ksState>
    <ksState>
      <x>530.3384498104436</x>
      <y>645.2189463272719</y>
      <steeringAngle>-0.17766666666666667</steeringAngle>
      <velocity>4.0</velocity>
      <orientation>1.3369160434921037</orientation>
      <time>17</time>
    </ksState>
    <ksState>
      <x>530.4365574869632</x>
      <y>645.6067150212363</y>
      <steeringAngle>-0.17766666666666667</steeringAngle>
      <velocity>4.0</velocity>
      <orientation>1.309065555336848</orientation>
      <time>18</time>
    </ksState>
    <ksState>
      <x>530.5454252682878</x>
      <y>645.991601346494</y>
      <steeringAngle>-0.17766666666666667</steeringAngle>
      <velocity>4.0</velocity>
      <orientation>1.281215067181592</orientation>
      <time>19</time>
    </ksState>
    <ksState>
      <x>530.664968717595</x>
      <y>646.3733067849637</y>
      <steeringAngle>-0.17766666666666667</steeringAngle>
      <velocity>4.0</velocity>
      <orientation>1.2533645790263361</orientation>
      <time>20</time>
    </ksState>
    <ksState>
      <x>530.7950951080124</x>
      <y>646.7515352462566</y>
      <steeringAngle>-0.17766666666666667</steeringAngle>
      <velocity>4.0</velocity>
      <orientation>1.2255140908710802</orientation>
      <time>21</time>
    </ksState>
    <ksState>
      <x>530.9357035302329</x>
      <y>647.1259934503232</y>
      <steeringAngle>-0.17766666666666667</steeringAngle>
      <velocity>4.0</velocity>
      <orientation>1.1976636027158243</orientation>
      <time>22</time>
    </ksState>
    <ksState>
      <x>531.0866849203491</x>
      <y>647.4963909341828</y>
      <steeringAngle>-0.17766666666666667</steeringAngle>
      <velocity>4.0</velocity>
      <orientation>1.1698131145605686</orientation>
      <time>23</time>
    </ksState>
    <ksState>
      <x>531.2479221769104</x>
      <y>647.8624404175557</y>
      <steeringAngle>-0.17766666666666667</steeringAngle>
      <velocity>4.0</velocity>
      <orientation>1.1419626264053127</orientation>
      <time>24</time>
    </ksState>
    <ksState>
      <x>531.4192902452853</x>
      <y>648.2238579920745</y>
      <steeringAngle>-0.17766666666666667</steeringAngle>
      <velocity>4.0</velocity>
      <orientation>1.1141121382500567</orientation>
      <time>25</time>
    </ksState>
    <ksState>
      <x>531.6006561980101</x>
      <y>648.580363304247</y>
      <steeringAngle>-0.17766666666666667</steeringAngle>
      <velocity>4.0</velocity>
      <orientation>1.0862616500948008</orientation>
      <time>26</time>
    </ksState>
    <ksState>
      <x>531.7918793944749</x>
      <y>648.9316799194618</y>
      <steeringAngle>-0.17766666666666667</steeringAngle>
      <velocity>4.0</velocity>
      <orientation>1.0584111619395449</orientation>
      <time>27</time>
    </ksState>
    <ksState>
      <x>531.9928115094232</x>
      <y>649.277535324788</y>
      <steeringAngle>-0.17766666666666667</steeringAngle>
      <velocity>4.0</velocity>
      <orientation>1.0305606737842892</orientation>
      <time>28</time>
    </ksState>
    <ksState>
      <x>532.2032966996262</x>
      <y>649.6176612748214</y>
      <steeringAngle>-0.17766666666666667</steeringAngle>
      <velocity>4.0</velocity>
      <orientation>1.0027101856290332</orientation>
      <time>29</time>
    </ksState>
    <ksState>
      <x>532.4231717136917</x>
      <y>649.9517939673544</y>
      <steeringAngle>-0.17766666666666667</steeringAngle>
      <velocity>4.0</velocity>
      <orientation>0.9748596974737773</orientation>
      <time>30</time>
    </ksState>
    <ksState>
      <x>532.6289467267181</x>
      <y>650.2471748368789</y>
      <steeringAngle>-0.17766666666666667</steeringAngle>
      <velocity>3.2000000000000006</velocity>
      <orientation>0.9497942582055997</orientation>
      <time>31</time>
    </ksState>
    <ksState>
      <x>532.794074232616</x>
      <y>650.473295209642</y>
      <steeringAngle>-0.17766666666666667</steeringAngle>
      <velocity>2.4000000000000012</velocity>
      <orientation>0.93029891657557</orientation>
      <time>32</time>
    </ksState>
    <ksState>
      <x>532.914705750373</x>
      <y>650.632817590443</y>
      <steeringAngle>-0.17766666666666667</steeringAngle>
      <velocity>1.6000000000000005</velocity>
      <orientation>0.916373672576589</orientation>
      <time>33</time>
    </ksState>
  </ksTrajectory>
</CommonRoadSolution>
