<?xml version="1.0" ?>
<CommonRoadSolution benchmark_id="KS2:SM1:DEU_Guetersloh-24_2_T-1:2020a" computation_time="0.9636902339998414" date="2020-12-29">
  <ksTrajectory planningProblem="1">
    <ksState>
      <x>383.36584</x>
      <y>-446.00272</y>
      <steeringAngle>0.0</steeringAngle>
      <velocity>4.0</velocity>
      <orientation>-3.0949043</orientation>
      <time>0</time>
    </ksState>
    <ksState>
      <x>382.9662933550429</x>
      <y>-446.021755630478</y>
      <steeringAngle>0.035533333333333326</steeringAngle>
      <velocity>4.0</velocity>
      <orientation>-3.0921480254673996</orientation>
      <time>1</time>
    </ksState>
    <ksState>
      <x>382.5668587621627</x>
      <y>-446.04299434792347</y>
      <steeringAngle>0.07106666666666711</steeringAngle>
      <velocity>4.0</velocity>
      <orientation>-3.083872264924114</orientation>
      <time>2</time>
    </ksState>
    <ksState>
      <x>382.1676851105964</x>
      <y>-446.0686427706179</y>
      <steeringAngle>0.10660000000000043</steeringAngle>
      <velocity>4.0</velocity>
      <orientation>-3.0700560251049773</orientation>
      <time>3</time>
    </ksState>
    <ksState>
      <x>381.76899529366887</x>
      <y>-446.1009136068712</y>
      <steeringAngle>0.14213333333333378</steeringAngle>
      <velocity>4.0</velocity>
      <orientation>-3.0506640987194316</orientation>
      <time>4</time>
    </ksState>
    <ksState>
      <x>381.3711242091625</x>
      <y>-446.1420262085063</y>
      <steeringAngle>0.1776666666666672</steeringAngle>
      <velocity>4.0</velocity>
      <orientation>-3.025646692268034</orientation>
      <time>5</time>
    </ksState>
    <ksState>
      <x>380.97445433938594</x>
      <y>-446.1934524748616</y>
      <steeringAngle>0.1421333333333333</steeringAngle>
      <velocity>4.0</velocity>
      <orientation>-3.0006292859235106</orientation>
      <time>6</time>
    </ksState>
    <ksState>
      <x>380.5790196597819</x>
      <y>-446.2536720023319</y>
      <steeringAngle>0.10659999999999999</steeringAngle>
      <velocity>4.0</velocity>
      <orientation>-2.98123735963276</orientation>
      <time>7</time>
    </ksState>
    <ksState>
      <x>380.184636054313</x>
      <y>-446.3204478776305</y>
      <steeringAngle>0.07106666666666664</steeringAngle>
      <velocity>4.0</velocity>
      <orientation>-2.967421119897807</orientation>
      <time>8</time>
    </ksState>
    <ksState>
      <x>379.7910119271295</x>
      <y>-446.3915753939735</y>
      <steeringAngle>0.03553333333333332</steeringAngle>
      <velocity>4.0</velocity>
      <orientation>-2.9591453594355417</orientation>
      <time>9</time>
    </ksState>
    <ksState>
      <x>379.39778504509445</x>
      <y>-446.46487278065587</y>
      <steeringAngle>-2.2985086056692694e-17</steeringAngle>
      <velocity>4.0</velocity>
      <orientation>-2.9563890961407013</orientation>
      <time>10</time>
    </ksState>
    <ksState>
      <x>379.00455817606695</x>
      <y>-446.5381701625939</y>
      <steeringAngle>-0.035533333333333326</steeringAngle>
      <velocity>4.0</velocity>
      <orientation>-2.9591453706733017</orientation>
      <time>11</time>
    </ksState>
    <ksState>
      <x>378.6109340481618</x>
      <y>-446.6092976751262</y>
      <steeringAngle>-0.07106666666666711</steeringAngle>
      <velocity>4.0</velocity>
      <orientation>-2.9674211312165872</orientation>
      <time>12</time>
    </ksState>
    <ksState>
      <x>378.21655044209</x>
      <y>-446.6760735461674</y>
      <steeringAngle>-0.10660000000000043</steeringAngle>
      <velocity>4.0</velocity>
      <orientation>-2.981237371035724</orientation>
      <time>13</time>
    </ksState>
    <ksState>
      <x>377.8211157622027</x>
      <y>-446.73629306905303</y>
      <steeringAngle>-0.14213333333333378</steeringAngle>
      <velocity>4.0</velocity>
      <orientation>-3.00062929742127</orientation>
      <time>14</time>
    </ksState>
    <ksState>
      <x>377.4244458925161</x>
      <y>-446.787719330655</y>
      <steeringAngle>-0.1776666666666672</steeringAngle>
      <velocity>4.0</velocity>
      <orientation>-3.0256467038726673</orientation>
      <time>15</time>
    </ksState>
    <ksState>
      <x>376.9866888603106</x>
      <y>-446.83191932414394</y>
      <steeringAngle>-0.17766666666666667</steeringAngle>
      <velocity>4.800000000000002</velocity>
      <orientation>-3.0562822409150017</orientation>
      <time>16</time>
    </ksState>
    <ksState>
      <x>376.4678911401661</x>
      <y>-446.86683907378404</y>
      <steeringAngle>-0.17766666666666667</steeringAngle>
      <velocity>5.600000000000001</velocity>
      <orientation>-3.0924878755915417</orientation>
      <time>17</time>
    </ksState>
    <ksState>
      <x>375.868173594515</x>
      <y>-446.88376572770363</y>
      <steeringAngle>-0.17766666666666667</steeringAngle>
      <velocity>6.3999999999999995</velocity>
      <orientation>-3.1342636079011816</orientation>
      <time>18</time>
    </ksState>
    <ksState>
      <x>375.1883279176734</x>
      <y>-446.8726534127401</y>
      <steeringAngle>-0.17766666666666667</steeringAngle>
      <velocity>7.200000000000002</velocity>
      <orientation>-3.1816094378432784</orientation>
      <time>19</time>
    </ksState>
    <ksState>
      <x>374.4300949519633</x>
      <y>-446.82217567541863</y>
      <steeringAngle>-0.17766666666666667</steeringAngle>
      <velocity>8.0</velocity>
      <orientation>-3.2345253654174284</orientation>
      <time>20</time>
    </ksState>
    <ksState>
      <x>373.67559312898004</x>
      <y>-446.7316647470729</y>
      <steeringAngle>-0.17766666666666667</steeringAngle>
      <velocity>7.2</velocity>
      <orientation>-3.2874412928618058</orientation>
      <time>21</time>
    </ksState>
    <ksState>
      <x>373.0054031233088</x>
      <y>-446.6169521464401</y>
      <steeringAngle>-0.17766666666666667</steeringAngle>
      <velocity>6.4</velocity>
      <orientation>-3.334787122654617</orientation>
      <time>22</time>
    </ksState>
    <ksState>
      <x>372.4191426977076</x>
      <y>-446.48949095063165</y>
      <steeringAngle>-0.17766666666666667</steeringAngle>
      <velocity>5.599999999999999</velocity>
      <orientation>-3.376562854809802</orientation>
      <time>23</time>
    </ksState>
    <ksState>
      <x>371.91573346290147</x>
      <y>-446.35930030544216</y>
      <steeringAngle>-0.17766666666666667</steeringAngle>
      <velocity>4.799999999999999</velocity>
      <orientation>-3.412768489331316</orientation>
      <time>24</time>
    </ksState>
    <ksState>
      <x>371.4936840890334</x>
      <y>-446.23496533708123</y>
      <steeringAngle>-0.17766666666666667</steeringAngle>
      <velocity>4.0</velocity>
      <orientation>-3.4434040262206462</orientation>
      <time>25</time>
    </ksState>
    <ksState>
      <x>371.11346922956477</x>
      <y>-446.1107626517065</y>
      <steeringAngle>-0.17766666666666667</steeringAngle>
      <velocity>4.0</velocity>
      <orientation>-3.471254514375902</orientation>
      <time>26</time>
    </ksState>
    <ksState>
      <x>370.736860440757</x>
      <y>-445.976020322853</y>
      <steeringAngle>-0.17766666666666667</steeringAngle>
      <velocity>4.0</velocity>
      <orientation>-3.499105002531158</orientation>
      <time>27</time>
    </ksState>
    <ksState>
      <x>370.36414985370544</x>
      <y>-445.83084286416647</y>
      <steeringAngle>-0.17766666666666667</steeringAngle>
      <velocity>4.0</velocity>
      <orientation>-3.526955490686414</orientation>
      <time>28</time>
    </ksState>
    <ksState>
      <x>369.99562654273734</x>
      <y>-445.67534287556833</y>
      <steeringAngle>-0.17766666666666667</steeringAngle>
      <velocity>4.0</velocity>
      <orientation>-3.55480597884167</orientation>
      <time>29</time>
    </ksState>
    <ksState>
      <x>369.63157633490505</x>
      <y>-445.5096409618592</y>
      <steeringAngle>-0.17766666666666667</steeringAngle>
      <velocity>4.0</velocity>
      <orientation>-3.5826564669969256</orientation>
      <time>30</time>
    </ksState>
    <ksState>
      <x>369.3078607361502</x>
      <y>-445.3521523129037</y>
      <steeringAngle>-0.1421333333333333</steeringAngle>
      <velocity>3.1999999999999993</velocity>
      <orientation>-3.605266381970368</orientation>
      <time>31</time>
    </ksState>
    <ksState>
      <x>369.0583292653412</x>
      <y>-445.2251372775422</y>
      <steeringAngle>-0.10659999999999997</steeringAngle>
      <velocity>2.3999999999999977</velocity>
      <orientation>-3.618934022841075</orientation>
      <time>32</time>
    </ksState>
    <ksState>
      <x>368.88102970027643</x>
      <y>-445.132591617775</y>
      <steeringAngle>-0.07106666666666664</steeringAngle>
      <velocity>1.5999999999999976</velocity>
      <orientation>-3.6259347286942942</orientation>
      <time>33</time>
    </ksState>
  </ksTrajectory>
</CommonRoadSolution>
