<?xml version="1.0" ?>
<CommonRoadSolution benchmark_id="KS2:SM1:DEU_Guetersloh-36_1_T-1:2020a" computation_time="0.6445219089998773" date="2020-12-29">
  <ksTrajectory planningProblem="1">
    <ksState>
      <x>200.05766</x>
      <y>-73.700199</y>
      <steeringAngle>0.0</steeringAngle>
      <velocity>12.0</velocity>
      <orientation>-4.3615164</orientation>
      <time>0</time>
    </ksState>
    <ksState>
      <x>199.6589478683517</x>
      <y>-72.61087414719299</y>
      <steeringAngle>0.0</steeringAngle>
      <velocity>11.200000000000001</velocity>
      <orientation>-4.3615164</orientation>
      <time>1</time>
    </ksState>
    <ksState>
      <x>199.2877331252595</x>
      <y>-71.59667514675881</y>
      <steeringAngle>0.0</steeringAngle>
      <velocity>10.4</velocity>
      <orientation>-4.3615164</orientation>
      <time>2</time>
    </ksState>
    <ksState>
      <x>198.944015770617</x>
      <y>-70.65760199840665</y>
      <steeringAngle>0.0</steeringAngle>
      <velocity>9.599999999999998</velocity>
      <orientation>-4.3615164</orientation>
      <time>3</time>
    </ksState>
    <ksState>
      <x>198.6277958043939</x>
      <y>-69.79365470205381</y>
      <steeringAngle>0.0</steeringAngle>
      <velocity>8.799999999999999</velocity>
      <orientation>-4.3615164</orientation>
      <time>4</time>
    </ksState>
    <ksState>
      <x>198.33907322658033</x>
      <y>-69.0048332576733</y>
      <steeringAngle>0.0</steeringAngle>
      <velocity>7.999999999999997</velocity>
      <orientation>-4.3615164</orientation>
      <time>5</time>
    </ksState>
    <ksState>
      <x>198.06548053771314</x>
      <y>-68.25307183451059</y>
      <steeringAngle>-0.03553333333333333</steeringAngle>
      <velocity>8.0</velocity>
      <orientation>-4.367028935002839</orientation>
      <time>6</time>
    </ksState>
    <ksState>
      <x>197.800198699286</x>
      <y>-67.49834617147445</y>
      <steeringAngle>-0.07106666666666667</steeringAngle>
      <velocity>8.0</velocity>
      <orientation>-4.383580455883108</orientation>
      <time>7</time>
    </ksState>
    <ksState>
      <x>197.55165514843645</x>
      <y>-66.73796122086966</y>
      <steeringAngle>-0.10659999999999997</steeringAngle>
      <velocity>8.0</velocity>
      <orientation>-4.411212935173803</orientation>
      <time>8</time>
    </ksState>
    <ksState>
      <x>197.32849642524502</x>
      <y>-65.96976862970978</y>
      <steeringAngle>-0.1421333333333333</steeringAngle>
      <velocity>8.0</velocity>
      <orientation>-4.449996787446539</orientation>
      <time>9</time>
    </ksState>
    <ksState>
      <x>197.13966186515506</x>
      <y>-65.1924605225033</y>
      <steeringAngle>-0.17766666666666667</steeringAngle>
      <velocity>8.0</velocity>
      <orientation>-4.500031599695693</orientation>
      <time>10</time>
    </ksState>
    <ksState>
      <x>196.99291138711845</x>
      <y>-64.4061407281701</y>
      <steeringAngle>-0.17766666666666667</steeringAngle>
      <velocity>8.0</velocity>
      <orientation>-4.555732576006204</orientation>
      <time>11</time>
    </ksState>
    <ksState>
      <x>196.89016463226338</x>
      <y>-63.61287048055948</y>
      <steeringAngle>-0.17766666666666667</steeringAngle>
      <velocity>8.0</velocity>
      <orientation>-4.611433552316717</orientation>
      <time>12</time>
    </ksState>
    <ksState>
      <x>196.83174030701522</x>
      <y>-62.81511037677171</y>
      <steeringAngle>-0.17766666666666667</steeringAngle>
      <velocity>8.0</velocity>
      <orientation>-4.667134528627228</orientation>
      <time>13</time>
    </ksState>
    <ksState>
      <x>196.8178196317433</x>
      <y>-62.01533490631981</y>
      <steeringAngle>-0.17766666666666667</steeringAngle>
      <velocity>8.0</velocity>
      <orientation>-4.72283550493774</orientation>
      <time>14</time>
    </ksState>
    <ksState>
      <x>196.84844578608212</x>
      <y>-61.21602480938627</y>
      <steeringAngle>-0.17766666666666667</steeringAngle>
      <velocity>8.0</velocity>
      <orientation>-4.778536481248252</orientation>
      <time>15</time>
    </ksState>
    <ksState>
      <x>196.92352378162101</x>
      <y>-60.41965943071261</y>
      <steeringAngle>-0.17766666666666667</steeringAngle>
      <velocity>8.0</velocity>
      <orientation>-4.834237457558763</orientation>
      <time>16</time>
    </ksState>
    <ksState>
      <x>197.04282073684018</x>
      <y>-59.628708852071384</y>
      <steeringAngle>-0.17766666666666667</steeringAngle>
      <velocity>8.0</velocity>
      <orientation>-4.8899384338692755</orientation>
      <time>17</time>
    </ksState>
    <ksState>
      <x>197.20596661408794</x>
      <y>-58.845626476000234</y>
      <steeringAngle>-0.17766666666666667</steeringAngle>
      <velocity>8.0</velocity>
      <orientation>-4.945639410179787</orientation>
      <time>18</time>
    </ksState>
    <ksState>
      <x>197.4124553680507</x>
      <y>-58.07284126468762</y>
      <steeringAngle>-0.17766666666666667</steeringAngle>
      <velocity>8.0</velocity>
      <orientation>-5.001340386490299</orientation>
      <time>19</time>
    </ksState>
    <ksState>
      <x>197.6616465133037</x>
      <y>-57.31275024019319</y>
      <steeringAngle>-0.17766666666666667</steeringAngle>
      <velocity>8.0</velocity>
      <orientation>-5.057041362800811</orientation>
      <time>20</time>
    </ksState>
    <ksState>
      <x>197.93599546429388</x>
      <y>-56.60407308909194</y>
      <steeringAngle>-0.1421333333333334</steeringAngle>
      <velocity>7.2</velocity>
      <orientation>-5.104668684546447</orientation>
      <time>21</time>
    </ksState>
    <ksState>
      <x>198.20678922941246</x>
      <y>-55.98035159083122</y>
      <steeringAngle>-0.10660000000000011</steeringAngle>
      <velocity>6.4</velocity>
      <orientation>-5.137728254994416</orientation>
      <time>22</time>
    </ksState>
    <ksState>
      <x>198.4604150095803</x>
      <y>-55.436604499940714</y>
      <steeringAngle>-0.07106666666666674</steeringAngle>
      <velocity>5.600000000000001</velocity>
      <orientation>-5.158545203288304</orientation>
      <time>23</time>
    </ksState>
    <ksState>
      <x>198.68761600379085</x>
      <y>-54.9688684368941</y>
      <steeringAngle>-0.03553333333333339</steeringAngle>
      <velocity>4.800000000000001</velocity>
      <orientation>-5.169395812945967</orientation>
      <time>24</time>
    </ksState>
    <ksState>
      <x>198.88258764548914</x>
      <y>-54.574424665600425</y>
      <steeringAngle>-5.5294310796760726e-17</steeringAngle>
      <velocity>4.0</velocity>
      <orientation>-5.172519588783133</orientation>
      <time>25</time>
    </ksState>
    <ksState>
      <x>199.07839295386174</x>
      <y>-54.180394067112346</y>
      <steeringAngle>-0.035533333333333326</steeringAngle>
      <velocity>4.799999999999999</velocity>
      <orientation>-5.175643367452324</orientation>
      <time>26</time>
    </ksState>
    <ksState>
      <x>199.31300282060383</x>
      <y>-53.71632992421452</y>
      <steeringAngle>-0.07106666666666667</steeringAngle>
      <velocity>5.599999999999998</velocity>
      <orientation>-5.1864939785134965</orientation>
      <time>27</time>
    </ksState>
    <ksState>
      <x>199.59209603229974</x>
      <y>-53.18520478402889</y>
      <steeringAngle>-0.10659999999999999</steeringAngle>
      <velocity>6.3999999999999995</velocity>
      <orientation>-5.2073109275138245</orientation>
      <time>28</time>
    </ksState>
    <ksState>
      <x>199.92443252179373</x>
      <y>-52.59198457187489</y>
      <steeringAngle>-0.14213333333333333</steeringAngle>
      <velocity>7.199999999999999</velocity>
      <orientation>-5.24037049849499</orientation>
      <time>29</time>
    </ksState>
    <ksState>
      <x>200.32222023751</x>
      <y>-51.94448511095846</y>
      <steeringAngle>-0.17766666666666664</steeringAngle>
      <velocity>7.9999999999999964</velocity>
      <orientation>-5.287997820576536</orientation>
      <time>30</time>
    </ksState>
    <ksState>
      <x>200.75150700561753</x>
      <y>-51.31742568623846</y>
      <steeringAngle>-0.1421333333333334</steeringAngle>
      <velocity>7.2</velocity>
      <orientation>-5.335625142322173</orientation>
      <time>31</time>
    </ksState>
    <ksState>
      <x>201.15788589831638</x>
      <y>-50.77225235032725</y>
      <steeringAngle>-0.10660000000000011</steeringAngle>
      <velocity>6.4</velocity>
      <orientation>-5.368684712770142</orientation>
      <time>32</time>
    </ksState>
    <ksState>
      <x>201.52924581532085</x>
      <y>-50.30100003228513</y>
      <steeringAngle>-0.07106666666666674</steeringAngle>
      <velocity>5.600000000000001</velocity>
      <orientation>-5.389501661064029</orientation>
      <time>33</time>
    </ksState>
  </ksTrajectory>
</CommonRoadSolution>
