<?xml version="1.0" ?>
<CommonRoadSolution benchmark_id="KS2:SM1:ESP_Monzon-6_1_T-1:2020a" computation_time="1.7310370970003532" date="2020-12-29">
  <ksTrajectory planningProblem="1">
    <ksState>
      <x>258.02657</x>
      <y>-518.65347</y>
      <steeringAngle>0.0</steeringAngle>
      <velocity>4.0</velocity>
      <orientation>0.94555391</orientation>
      <time>0</time>
    </ksState>
    <ksState>
      <x>258.26098531729383</x>
      <y>-518.3293568473168</y>
      <steeringAngle>-0.035533333333333326</steeringAngle>
      <velocity>4.0</velocity>
      <orientation>0.9427976354673996</orientation>
      <time>1</time>
    </ksState>
    <ksState>
      <x>258.4971839067348</x>
      <y>-518.0065421892634</y>
      <steeringAngle>-0.07106666666666711</steeringAngle>
      <velocity>4.0</velocity>
      <orientation>0.9345218749241142</orientation>
      <time>2</time>
    </ksState>
    <ksState>
      <x>258.73693185400674</x>
      <y>-517.6863572935072</y>
      <steeringAngle>-0.10660000000000043</steeringAngle>
      <velocity>4.0</velocity>
      <orientation>0.9207056351049774</orientation>
      <time>3</time>
    </ksState>
    <ksState>
      <x>258.9819598772317</x>
      <y>-517.3701987180602</y>
      <steeringAngle>-0.14213333333333378</steeringAngle>
      <velocity>4.0</velocity>
      <orientation>0.9013137087194315</orientation>
      <time>4</time>
    </ksState>
    <ksState>
      <x>259.2339430112476</x>
      <y>-517.0595604299002</y>
      <steeringAngle>-0.1776666666666672</steeringAngle>
      <velocity>4.0</velocity>
      <orientation>0.8762963022680341</orientation>
      <time>5</time>
    </ksState>
    <ksState>
      <x>259.49390446329284</x>
      <y>-516.7555675189462</y>
      <steeringAngle>-0.1421333333333333</steeringAngle>
      <velocity>4.0</velocity>
      <orientation>0.8512788959235108</orientation>
      <time>6</time>
    </ksState>
    <ksState>
      <x>259.7605526908448</x>
      <y>-516.4574170534665</y>
      <steeringAngle>-0.10659999999999999</steeringAngle>
      <velocity>4.0</velocity>
      <orientation>0.8318869696327602</orientation>
      <time>7</time>
    </ksState>
    <ksState>
      <x>260.03211550610376</x>
      <y>-516.1637317062781</y>
      <steeringAngle>-0.07106666666666664</steeringAngle>
      <velocity>4.0</velocity>
      <orientation>0.8180707298978073</orientation>
      <time>8</time>
    </ksState>
    <ksState>
      <x>260.3069064577536</x>
      <y>-515.8730617732382</y>
      <steeringAngle>-0.03553333333333332</steeringAngle>
      <velocity>4.0</velocity>
      <orientation>0.809794969435542</orientation>
      <time>9</time>
    </ksState>
    <ksState>
      <x>260.5832969232563</x>
      <y>-515.5839109506064</y>
      <steeringAngle>2.2985086056692694e-17</steeringAngle>
      <velocity>4.0</velocity>
      <orientation>0.8070387061407016</orientation>
      <time>10</time>
    </ksState>
    <ksState>
      <x>260.8599530167703</x>
      <y>-515.2950140729466</y>
      <steeringAngle>0.0</steeringAngle>
      <velocity>4.0</velocity>
      <orientation>0.8070387061407016</orientation>
      <time>11</time>
    </ksState>
    <ksState>
      <x>261.1366091102843</x>
      <y>-515.006117195287</y>
      <steeringAngle>0.0</steeringAngle>
      <velocity>4.0</velocity>
      <orientation>0.8070387061407016</orientation>
      <time>12</time>
    </ksState>
    <ksState>
      <x>261.41326520379835</x>
      <y>-514.7172203176272</y>
      <steeringAngle>0.0</steeringAngle>
      <velocity>4.0</velocity>
      <orientation>0.8070387061407016</orientation>
      <time>13</time>
    </ksState>
    <ksState>
      <x>261.68992129731237</x>
      <y>-514.4283234399674</y>
      <steeringAngle>0.0</steeringAngle>
      <velocity>4.0</velocity>
      <orientation>0.8070387061407016</orientation>
      <time>14</time>
    </ksState>
    <ksState>
      <x>261.9665773908264</x>
      <y>-514.1394265623076</y>
      <steeringAngle>0.0</steeringAngle>
      <velocity>4.0</velocity>
      <orientation>0.8070387061407016</orientation>
      <time>15</time>
    </ksState>
    <ksState>
      <x>262.2432334843404</x>
      <y>-513.8505296846478</y>
      <steeringAngle>0.0</steeringAngle>
      <velocity>4.0</velocity>
      <orientation>0.8070387061407016</orientation>
      <time>16</time>
    </ksState>
    <ksState>
      <x>262.5198895778544</x>
      <y>-513.5616328069881</y>
      <steeringAngle>0.0</steeringAngle>
      <velocity>4.0</velocity>
      <orientation>0.8070387061407016</orientation>
      <time>17</time>
    </ksState>
    <ksState>
      <x>262.79654567136845</x>
      <y>-513.2727359293283</y>
      <steeringAngle>0.0</steeringAngle>
      <velocity>4.0</velocity>
      <orientation>0.8070387061407016</orientation>
      <time>18</time>
    </ksState>
    <ksState>
      <x>263.07320176488247</x>
      <y>-512.9838390516685</y>
      <steeringAngle>0.0</steeringAngle>
      <velocity>4.0</velocity>
      <orientation>0.8070387061407016</orientation>
      <time>19</time>
    </ksState>
    <ksState>
      <x>263.3498578583965</x>
      <y>-512.6949421740087</y>
      <steeringAngle>0.0</steeringAngle>
      <velocity>4.0</velocity>
      <orientation>0.8070387061407016</orientation>
      <time>20</time>
    </ksState>
    <ksState>
      <x>263.62677914433885</x>
      <y>-512.4062996994555</y>
      <steeringAngle>-0.035533333333333326</steeringAngle>
      <velocity>4.0</velocity>
      <orientation>0.8042824316081012</orientation>
      <time>21</time>
    </ksState>
    <ksState>
      <x>263.9052873357723</x>
      <y>-512.119189503864</y>
      <steeringAngle>-0.07106666666666711</steeringAngle>
      <velocity>4.0</velocity>
      <orientation>0.7960066710648158</orientation>
      <time>22</time>
    </ksState>
    <ksState>
      <x>264.18694779127316</x>
      <y>-511.8351739523558</y>
      <steeringAngle>-0.10660000000000043</steeringAngle>
      <velocity>4.0</velocity>
      <orientation>0.782190431245679</orientation>
      <time>23</time>
    </ksState>
    <ksState>
      <x>264.4732818257895</x>
      <y>-511.5558751917575</y>
      <steeringAngle>-0.14213333333333378</steeringAngle>
      <velocity>4.0</velocity>
      <orientation>0.7627985048601331</orientation>
      <time>24</time>
    </ksState>
    <ksState>
      <x>264.7657421547962</x>
      <y>-511.283004156547</y>
      <steeringAngle>-0.1776666666666672</steeringAngle>
      <velocity>4.0</velocity>
      <orientation>0.7377810984087358</orientation>
      <time>25</time>
    </ksState>
    <ksState>
      <x>265.0656853155374</x>
      <y>-511.0183883608254</y>
      <steeringAngle>-0.21319999999999995</steeringAngle>
      <velocity>4.0</velocity>
      <orientation>0.7070733157712357</orientation>
      <time>26</time>
    </ksState>
    <ksState>
      <x>265.37434002551186</x>
      <y>-510.7639978756029</y>
      <steeringAngle>-0.24873333333333336</steeringAngle>
      <velocity>4.0</velocity>
      <orientation>0.6705944746485414</orientation>
      <time>27</time>
    </ksState>
    <ksState>
      <x>265.6927704656901</x>
      <y>-510.5219686710633</y>
      <steeringAngle>-0.2842666666666667</steeringAngle>
      <velocity>4.0</velocity>
      <orientation>0.6282472408030934</orientation>
      <time>28</time>
    </ksState>
    <ksState>
      <x>266.0218334722692</x>
      <y>-510.29462227335875</y>
      <steeringAngle>-0.31980000000000003</steeringAngle>
      <velocity>4.0</velocity>
      <orientation>0.5799165594359583</orientation>
      <time>29</time>
    </ksState>
    <ksState>
      <x>266.36212868982346</x>
      <y>-510.08448034882497</y>
      <steeringAngle>-0.35533333333333333</steeringAngle>
      <velocity>4.0</velocity>
      <orientation>0.5254683582576799</orientation>
      <time>30</time>
    </ksState>
    <ksState>
      <x>266.67794863971216</x>
      <y>-509.9117618289883</y>
      <steeringAngle>-0.31979999999999975</steeringAngle>
      <velocity>3.2</velocity>
      <orientation>0.47636179819989155</orientation>
      <time>31</time>
    </ksState>
    <ksState>
      <x>266.9289499651405</x>
      <y>-509.7877021705024</y>
      <steeringAngle>-0.2842666666666663</steeringAngle>
      <velocity>2.4000000000000004</velocity>
      <orientation>0.4424295428336772</orientation>
      <time>32</time>
    </ksState>
    <ksState>
      <x>267.1106103661945</x>
      <y>-509.70404820068904</y>
      <steeringAngle>-0.24873333333333292</steeringAngle>
      <velocity>1.6000000000000008</velocity>
      <orientation>0.42115722188673843</orientation>
      <time>33</time>
    </ksState>
  </ksTrajectory>
</CommonRoadSolution>
