<?xml version="1.0" ?>
<CommonRoadSolution benchmark_id="KS2:SM1:ARG_Carcarana-3_3_T-1:2020a" computation_time="2.023165758999994" date="2020-12-29">
  <ksTrajectory planningProblem="1">
    <ksState>
      <x>350.5634</x>
      <y>-581.96265</y>
      <steeringAngle>0.0</steeringAngle>
      <velocity>8.0</velocity>
      <orientation>2.9327914</orientation>
      <time>0</time>
    </ksState>
    <ksState>
      <x>349.82017688565986</x>
      <y>-581.8038480870936</y>
      <steeringAngle>-0.03553333333333333</steeringAngle>
      <velocity>7.199999999999999</velocity>
      <orientation>2.927646387017508</orientation>
      <time>1</time>
    </ksState>
    <ksState>
      <x>349.1565946266055</x>
      <y>-581.6553522262441</y>
      <steeringAngle>-0.07106666666666664</steeringAngle>
      <velocity>6.400000000000001</velocity>
      <orientation>2.9136697148965447</orientation>
      <time>2</time>
    </ksState>
    <ksState>
      <x>348.57345381870874</x>
      <y>-581.514164347267</y>
      <steeringAngle>-0.10659999999999997</steeringAngle>
      <velocity>5.600000000000004</velocity>
      <orientation>2.8930379470306633</orientation>
      <time>3</time>
    </ksState>
    <ksState>
      <x>348.07101209250027</x>
      <y>-581.3802311536773</y>
      <steeringAngle>-0.1421333333333333</steeringAngle>
      <velocity>4.800000000000003</velocity>
      <orientation>2.867921739522015</orientation>
      <time>4</time>
    </ksState>
    <ksState>
      <x>347.64900574592707</x>
      <y>-581.2557381139701</y>
      <steeringAngle>-0.17766666666666653</steeringAngle>
      <velocity>4.000000000000006</velocity>
      <orientation>2.840496842936865</orientation>
      <time>5</time>
    </ksState>
    <ksState>
      <x>347.2685827476991</x>
      <y>-581.1321663175155</y>
      <steeringAngle>-0.1421333333333333</steeringAngle>
      <velocity>4.0</velocity>
      <orientation>2.8154794365923417</orientation>
      <time>6</time>
    </ksState>
    <ksState>
      <x>346.8909926136697</x>
      <y>-581.0001789393085</y>
      <steeringAngle>-0.10659999999999999</steeringAngle>
      <velocity>4.0</velocity>
      <orientation>2.796087510301591</orientation>
      <time>7</time>
    </ksState>
    <ksState>
      <x>346.515642572668</x>
      <y>-580.8619407661992</y>
      <steeringAngle>-0.07106666666666664</steeringAngle>
      <velocity>4.0</velocity>
      <orientation>2.782271270566638</orientation>
      <time>8</time>
    </ksState>
    <ksState>
      <x>346.1418401397015</x>
      <y>-580.7195651426171</y>
      <steeringAngle>-0.03553333333333332</steeringAngle>
      <velocity>4.0</velocity>
      <orientation>2.7739955101043727</orientation>
      <time>9</time>
    </ksState>
    <ksState>
      <x>345.7688276221656</x>
      <y>-580.5751298650324</y>
      <steeringAngle>2.2985086056692694e-17</steeringAngle>
      <velocity>4.0</velocity>
      <orientation>2.7712392468095324</orientation>
      <time>10</time>
    </ksState>
    <ksState>
      <x>345.3958151165414</x>
      <y>-580.4306945945057</y>
      <steeringAngle>0.035533333333333326</steeringAngle>
      <velocity>4.0</velocity>
      <orientation>2.773995521342133</orientation>
      <time>11</time>
    </ksState>
    <ksState>
      <x>345.0220126821641</x>
      <y>-580.2883189745363</y>
      <steeringAngle>0.07106666666666711</steeringAngle>
      <velocity>4.0</velocity>
      <orientation>2.7822712818854183</orientation>
      <time>12</time>
    </ksState>
    <ksState>
      <x>344.6466626397861</x>
      <y>-580.1500808055006</y>
      <steeringAngle>0.10660000000000043</steeringAngle>
      <velocity>4.0</velocity>
      <orientation>2.796087521704555</orientation>
      <time>13</time>
    </ksState>
    <ksState>
      <x>344.2690725046342</x>
      <y>-580.0180934317477</y>
      <steeringAngle>0.14213333333333378</steeringAngle>
      <velocity>4.0</velocity>
      <orientation>2.815479448090101</orientation>
      <time>14</time>
    </ksState>
    <ksState>
      <x>343.88864950561964</x>
      <y>-579.8945216399818</y>
      <steeringAngle>0.1776666666666672</steeringAngle>
      <velocity>4.0</velocity>
      <orientation>2.8404968545414984</orientation>
      <time>15</time>
    </ksState>
    <ksState>
      <x>343.50514713902936</x>
      <y>-579.7808661021518</y>
      <steeringAngle>0.1421333333333333</steeringAngle>
      <velocity>4.0</velocity>
      <orientation>2.865514260886022</orientation>
      <time>16</time>
    </ksState>
    <ksState>
      <x>343.11921231925095</x>
      <y>-579.6757504886356</y>
      <steeringAngle>0.10659999999999999</steeringAngle>
      <velocity>4.0</velocity>
      <orientation>2.8849061871767723</orientation>
      <time>17</time>
    </ksState>
    <ksState>
      <x>342.73158278919846</x>
      <y>-579.5770550317196</y>
      <steeringAngle>0.07106666666666664</steeringAngle>
      <velocity>4.0</velocity>
      <orientation>2.8987224269117253</orientation>
      <time>18</time>
    </ksState>
    <ksState>
      <x>342.34288497845324</x>
      <y>-579.4826458743039</y>
      <steeringAngle>0.03553333333333332</steeringAngle>
      <velocity>4.0</velocity>
      <orientation>2.9069981873739907</orientation>
      <time>19</time>
    </ksState>
    <ksState>
      <x>341.9536714431149</x>
      <y>-579.3903815173782</y>
      <steeringAngle>-2.2985086056692694e-17</steeringAngle>
      <velocity>4.0</velocity>
      <orientation>2.909754450668831</orientation>
      <time>20</time>
    </ksState>
    <ksState>
      <x>341.5254433423481</x>
      <y>-579.2892840662824</y>
      <steeringAngle>0.0</steeringAngle>
      <velocity>4.8</velocity>
      <orientation>2.909754450668831</orientation>
      <time>21</time>
    </ksState>
    <ksState>
      <x>341.0193555870344</x>
      <y>-579.1698052604746</y>
      <steeringAngle>0.0</steeringAngle>
      <velocity>5.6</velocity>
      <orientation>2.909754450668831</orientation>
      <time>22</time>
    </ksState>
    <ksState>
      <x>340.4354081771891</x>
      <y>-579.0319450999583</y>
      <steeringAngle>0.0</steeringAngle>
      <velocity>6.4</velocity>
      <orientation>2.909754450668831</orientation>
      <time>23</time>
    </ksState>
    <ksState>
      <x>339.77360111282155</x>
      <y>-578.8757035847357</y>
      <steeringAngle>0.0</steeringAngle>
      <velocity>7.199999999999999</velocity>
      <orientation>2.909754450668831</orientation>
      <time>24</time>
    </ksState>
    <ksState>
      <x>339.03393439393733</x>
      <y>-578.7010807148081</y>
      <steeringAngle>0.0</steeringAngle>
      <velocity>7.999999999999998</velocity>
      <orientation>2.909754450668831</orientation>
      <time>25</time>
    </ksState>
    <ksState>
      <x>338.2942676768661</x>
      <y>-578.5264578453085</y>
      <steeringAngle>0.0</steeringAngle>
      <velocity>7.200000000000001</velocity>
      <orientation>2.909754450668831</orientation>
      <time>26</time>
    </ksState>
    <ksState>
      <x>337.6324606145844</x>
      <y>-578.3702163305784</y>
      <steeringAngle>0.0</steeringAngle>
      <velocity>6.400000000000001</velocity>
      <orientation>2.909754450668831</orientation>
      <time>27</time>
    </ksState>
    <ksState>
      <x>337.0485132068973</x>
      <y>-578.2323561705715</y>
      <steeringAngle>0.0</steeringAngle>
      <velocity>5.600000000000001</velocity>
      <orientation>2.909754450668831</orientation>
      <time>28</time>
    </ksState>
    <ksState>
      <x>336.54242545374984</x>
      <y>-578.1128773652752</y>
      <steeringAngle>0.0</steeringAngle>
      <velocity>4.800000000000001</velocity>
      <orientation>2.909754450668831</orientation>
      <time>29</time>
    </ksState>
    <ksState>
      <x>336.1141973551218</x>
      <y>-578.0117799146843</y>
      <steeringAngle>0.0</steeringAngle>
      <velocity>4.000000000000001</velocity>
      <orientation>2.909754450668831</orientation>
      <time>30</time>
    </ksState>
    <ksState>
      <x>335.7248990826067</x>
      <y>-577.9198731411756</y>
      <steeringAngle>0.0</steeringAngle>
      <velocity>4.0</velocity>
      <orientation>2.909754450668831</orientation>
      <time>31</time>
    </ksState>
    <ksState>
      <x>335.33560081009165</x>
      <y>-577.8279663676669</y>
      <steeringAngle>0.0</steeringAngle>
      <velocity>4.0</velocity>
      <orientation>2.909754450668831</orientation>
      <time>32</time>
    </ksState>
    <ksState>
      <x>334.94630253757657</x>
      <y>-577.7360595941582</y>
      <steeringAngle>0.0</steeringAngle>
      <velocity>4.0</velocity>
      <orientation>2.909754450668831</orientation>
      <time>33</time>
    </ksState>
  </ksTrajectory>
</CommonRoadSolution>
