<?xml version="1.0" ?>
<CommonRoadSolution benchmark_id="KS2:SM1:DEU_Lohmar-9_1_T-1:2020a" computation_time="1.4808159469998827" date="2020-12-29">
  <ksTrajectory planningProblem="123">
    <ksState>
      <x>171.0652</x>
      <y>-334.30127</y>
      <steeringAngle>0.0</steeringAngle>
      <velocity>4.0</velocity>
      <orientation>-1.5790998</orientation>
      <time>0</time>
    </ksState>
    <ksState>
      <x>171.06201173104563</x>
      <y>-334.7412582569715</y>
      <steeringAngle>0.035533333333333326</steeringAngle>
      <velocity>4.799999999999999</velocity>
      <orientation>-1.5759760213308092</orientation>
      <time>1</time>
    </ksState>
    <ksState>
      <x>171.06182843539622</x>
      <y>-335.26125564609856</y>
      <steeringAngle>0.07106666666666667</steeringAngle>
      <velocity>5.599999999999998</velocity>
      <orientation>-1.5651254102696364</orientation>
      <time>2</time>
    </ksState>
    <ksState>
      <x>171.07105923430873</x>
      <y>-335.8611737469285</y>
      <steeringAngle>0.10659999999999999</steeringAngle>
      <velocity>6.3999999999999995</velocity>
      <orientation>-1.5443084612693085</orientation>
      <time>3</time>
    </ksState>
    <ksState>
      <x>171.09976247260425</x>
      <y>-336.54053660024664</y>
      <steeringAngle>0.14213333333333333</steeringAngle>
      <velocity>7.199999999999999</velocity>
      <orientation>-1.5112488902881434</orientation>
      <time>4</time>
    </ksState>
    <ksState>
      <x>171.1623597772342</x>
      <y>-337.29788209347606</y>
      <steeringAngle>0.17766666666666664</steeringAngle>
      <velocity>7.9999999999999964</velocity>
      <orientation>-1.4636215682065967</orientation>
      <time>5</time>
    </ksState>
    <ksState>
      <x>171.26854212186896</x>
      <y>-338.0907198475491</y>
      <steeringAngle>0.14213333333333336</steeringAngle>
      <velocity>8.0</velocity>
      <orientation>-1.4135867566578484</orientation>
      <time>6</time>
    </ksState>
    <ksState>
      <x>171.4098159301838</x>
      <y>-338.87809611243676</y>
      <steeringAngle>0.1066000000000001</steeringAngle>
      <velocity>8.0</velocity>
      <orientation>-1.374802904650851</orientation>
      <time>7</time>
    </ksState>
    <ksState>
      <x>171.57715398799837</x>
      <y>-339.6603730090087</y>
      <steeringAngle>0.07106666666666674</steeringAngle>
      <velocity>8.0</velocity>
      <orientation>-1.347170425621164</orientation>
      <time>8</time>
    </ksState>
    <ksState>
      <x>171.7617319879245</x>
      <y>-340.4387792276001</y>
      <steeringAngle>0.035533333333333354</steeringAngle>
      <velocity>8.0</velocity>
      <orientation>-1.3306189049921346</orientation>
      <time>9</time>
    </ksState>
    <ksState>
      <x>171.95488612825457</x>
      <y>-341.2151101776471</y>
      <steeringAngle>2.0816681711721685e-17</steeringAngle>
      <velocity>8.0</velocity>
      <orientation>-1.3251063785337298</orientation>
      <time>10</time>
    </ksState>
    <ksState>
      <x>172.15089177345425</x>
      <y>-341.9907260515222</y>
      <steeringAngle>0.03553333333333333</steeringAngle>
      <velocity>8.0</velocity>
      <orientation>-1.319593843530891</orientation>
      <time>11</time>
    </ksState>
    <ksState>
      <x>172.35543806594998</x>
      <y>-342.76412510406294</y>
      <steeringAngle>0.07106666666666667</steeringAngle>
      <velocity>8.0</velocity>
      <orientation>-1.3030423226506214</orientation>
      <time>12</time>
    </ksState>
    <ksState>
      <x>172.57701086918613</x>
      <y>-343.53280232022144</y>
      <steeringAngle>0.10659999999999997</steeringAngle>
      <velocity>8.0</velocity>
      <orientation>-1.2754098433599266</orientation>
      <time>13</time>
    </ksState>
    <ksState>
      <x>172.82397017004422</x>
      <y>-344.2936773274132</y>
      <steeringAngle>0.1421333333333333</steeringAngle>
      <velocity>8.0</velocity>
      <orientation>-1.2366259910871915</orientation>
      <time>14</time>
    </ksState>
    <ksState>
      <x>173.1044459947156</x>
      <y>-345.04280995678414</y>
      <steeringAngle>0.17766666666666667</steeringAngle>
      <velocity>8.0</velocity>
      <orientation>-1.1865911788380368</orientation>
      <time>15</time>
    </ksState>
    <ksState>
      <x>173.42479957306423</x>
      <y>-345.7757547750368</y>
      <steeringAngle>0.17766666666666667</steeringAngle>
      <velocity>8.0</velocity>
      <orientation>-1.130890202527525</orientation>
      <time>16</time>
    </ksState>
    <ksState>
      <x>173.78546096437128</x>
      <y>-346.4897281234175</y>
      <steeringAngle>0.17766666666666667</steeringAngle>
      <velocity>8.0</velocity>
      <orientation>-1.0751892262170133</orientation>
      <time>17</time>
    </ksState>
    <ksState>
      <x>174.18531145687805</x>
      <y>-347.18251536970473</y>
      <steeringAngle>0.17766666666666667</steeringAngle>
      <velocity>8.0</velocity>
      <orientation>-1.0194882499065017</orientation>
      <time>18</time>
    </ksState>
    <ksState>
      <x>174.62311079571919</x>
      <y>-347.8519676288292</y>
      <steeringAngle>0.17766666666666667</steeringAngle>
      <velocity>8.0</velocity>
      <orientation>-0.9637872735959897</orientation>
      <time>19</time>
    </ksState>
    <ksState>
      <x>175.09750101720013</x>
      <y>-348.49600839629096</y>
      <steeringAngle>0.17766666666666667</steeringAngle>
      <velocity>8.0</velocity>
      <orientation>-0.908086297285478</orientation>
      <time>20</time>
    </ksState>
    <ksState>
      <x>175.60701063907737</x>
      <y>-349.1126399450935</y>
      <steeringAngle>0.17766666666666667</steeringAngle>
      <velocity>8.0</velocity>
      <orientation>-0.8523853209749662</orientation>
      <time>21</time>
    </ksState>
    <ksState>
      <x>176.15005930799907</x>
      <y>-349.6999496798672</y>
      <steeringAngle>0.17766666666666667</steeringAngle>
      <velocity>8.0</velocity>
      <orientation>-0.7966843446644545</orientation>
      <time>22</time>
    </ksState>
    <ksState>
      <x>176.72496257565874</x>
      <y>-350.25611585810026</y>
      <steeringAngle>0.17766666666666667</steeringAngle>
      <velocity>8.0</velocity>
      <orientation>-0.7409833683539427</orientation>
      <time>23</time>
    </ksState>
    <ksState>
      <x>177.32993720910235</x>
      <y>-350.7794133654766</y>
      <steeringAngle>0.17766666666666667</steeringAngle>
      <velocity>8.0</velocity>
      <orientation>-0.6852823920434309</orientation>
      <time>24</time>
    </ksState>
    <ksState>
      <x>177.96310670091023</x>
      <y>-351.26821903957756</y>
      <steeringAngle>0.17766666666666667</steeringAngle>
      <velocity>8.0</velocity>
      <orientation>-0.6295814157329191</orientation>
      <time>25</time>
    </ksState>
    <ksState>
      <x>178.62250705665073</x>
      <y>-351.72101666834067</y>
      <steeringAngle>0.17766666666666667</steeringAngle>
      <velocity>8.0</velocity>
      <orientation>-0.5738804394224074</orientation>
      <time>26</time>
    </ksState>
    <ksState>
      <x>179.30609301010932</x>
      <y>-352.1364018216762</y>
      <steeringAngle>0.17766666666666667</steeringAngle>
      <velocity>8.0</velocity>
      <orientation>-0.5181794631118957</orientation>
      <time>27</time>
    </ksState>
    <ksState>
      <x>180.01174418827748</x>
      <y>-352.51308603919273</y>
      <steeringAngle>0.17766666666666667</steeringAngle>
      <velocity>8.0</velocity>
      <orientation>-0.4624784868013839</orientation>
      <time>28</time>
    </ksState>
    <ksState>
      <x>180.73727180478735</x>
      <y>-352.84990092309494</y>
      <steeringAngle>0.17766666666666667</steeringAngle>
      <velocity>8.0</velocity>
      <orientation>-0.4067775104908721</orientation>
      <time>29</time>
    </ksState>
    <ksState>
      <x>181.48042542135667</x>
      <y>-353.1458017418999</y>
      <steeringAngle>0.17766666666666667</steeringAngle>
      <velocity>8.0</velocity>
      <orientation>-0.3510765341803603</orientation>
      <time>30</time>
    </ksState>
    <ksState>
      <x>182.23889988640636</x>
      <y>-353.39987064521506</y>
      <steeringAngle>0.17766666666666667</steeringAngle>
      <velocity>8.0</velocity>
      <orientation>-0.2953755578698485</orientation>
      <time>31</time>
    </ksState>
    <ksState>
      <x>183.01034263910194</x>
      <y>-353.6113196004996</y>
      <steeringAngle>0.17766666666666667</steeringAngle>
      <velocity>8.0</velocity>
      <orientation>-0.23967458155933674</orientation>
      <time>32</time>
    </ksState>
    <ksState>
      <x>183.79236078807344</x>
      <y>-353.7794927245575</y>
      <steeringAngle>0.17766666666666667</steeringAngle>
      <velocity>8.0</velocity>
      <orientation>-0.18397360524882506</orientation>
      <time>33</time>
    </ksState>
    <ksState>
      <x>184.58252867214856</x>
      <y>-353.9038683785772</y>
      <steeringAngle>0.17766666666666667</steeringAngle>
      <velocity>8.0</velocity>
      <orientation>-0.12827262893831323</orientation>
      <time>34</time>
    </ksState>
    <ksState>
      <x>185.37839535199075</x>
      <y>-353.98406077414216</y>
      <steeringAngle>0.17766666666666667</steeringAngle>
      <velocity>8.0</velocity>
      <orientation>-0.07257165262780141</orientation>
      <time>35</time>
    </ksState>
    <ksState>
      <x>186.1774430330449</x>
      <y>-354.02133272066624</y>
      <steeringAngle>0.14213333333333336</steeringAngle>
      <velocity>8.0</velocity>
      <orientation>-0.022536841079052974</orientation>
      <time>36</time>
    </ksState>
    <ksState>
      <x>186.97739086917434</x>
      <y>-354.02310215448813</y>
      <steeringAngle>0.1066000000000001</steeringAngle>
      <velocity>8.0</velocity>
      <orientation>0.016247010927944366</orientation>
      <time>37</time>
    </ksState>
    <ksState>
      <x>187.77698126110474</x>
      <y>-353.9983155928881</y>
      <steeringAngle>0.07106666666666674</steeringAngle>
      <velocity>8.0</velocity>
      <orientation>0.043879489957631274</orientation>
      <time>38</time>
    </ksState>
    <ksState>
      <x>188.57584549347132</x>
      <y>-353.95587484072814</y>
      <steeringAngle>0.035533333333333354</steeringAngle>
      <velocity>8.0</velocity>
      <orientation>0.060431010586660616</orientation>
      <time>39</time>
    </ksState>
    <ksState>
      <x>189.37420113485103</x>
      <y>-353.9046251011707</y>
      <steeringAngle>2.0816681711721685e-17</steeringAngle>
      <velocity>8.0</velocity>
      <orientation>0.06594353704506545</orientation>
      <time>40</time>
    </ksState>
    <ksState>
      <x>190.17255673320213</x>
      <y>-353.85337536616</y>
      <steeringAngle>-0.03553333333333333</steeringAngle>
      <velocity>8.0</velocity>
      <orientation>0.06043100204222667</orientation>
      <time>41</time>
    </ksState>
    <ksState>
      <x>190.97142096641875</x>
      <y>-353.81093461767654</y>
      <steeringAngle>-0.07106666666666667</steeringAngle>
      <velocity>8.0</velocity>
      <orientation>0.04387948116195703</orientation>
      <time>42</time>
    </ksState>
    <ksState>
      <x>191.77101135930633</x>
      <y>-353.7861480612999</y>
      <steeringAngle>-0.10659999999999997</steeringAngle>
      <velocity>8.0</velocity>
      <orientation>0.01624700187126213</orientation>
      <time>43</time>
    </ksState>
    <ksState>
      <x>192.5709591963122</x>
      <y>-353.78791750160906</y>
      <steeringAngle>-0.1421333333333333</steeringAngle>
      <velocity>8.0</velocity>
      <orientation>-0.022536850401472797</orientation>
      <time>44</time>
    </ksState>
    <ksState>
      <x>193.37000686943628</x>
      <y>-353.82518948422717</y>
      <steeringAngle>-0.17766666666666667</steeringAngle>
      <velocity>8.0</velocity>
      <orientation>-0.07257166265062748</orientation>
      <time>45</time>
    </ksState>
    <ksState>
      <x>194.1660435137773</x>
      <y>-353.90387909892934</y>
      <steeringAngle>-0.14213333333333336</steeringAngle>
      <velocity>8.0</velocity>
      <orientation>-0.12260647419937591</orientation>
      <time>46</time>
    </ksState>
    <ksState>
      <x>194.95783596930556</x>
      <y>-354.0178281173226</y>
      <steeringAngle>-0.1066000000000001</steeringAngle>
      <velocity>8.0</velocity>
      <orientation>-0.16139032620637325</orientation>
      <time>47</time>
    </ksState>
    <ksState>
      <x>195.7454338328903</x>
      <y>-354.1580022011616</y>
      <steeringAngle>-0.07106666666666674</steeringAngle>
      <velocity>8.0</velocity>
      <orientation>-0.18902280523606016</orientation>
      <time>48</time>
    </ksState>
    <ksState>
      <x>196.52975977191636</x>
      <y>-354.31553981752484</y>
      <steeringAngle>-0.035533333333333354</steeringAngle>
      <velocity>8.0</velocity>
      <orientation>-0.2055743258650895</orientation>
      <time>49</time>
    </ksState>
    <ksState>
      <x>197.31230838650097</x>
      <y>-354.4817202367662</y>
      <steeringAngle>-2.0816681711721685e-17</steeringAngle>
      <velocity>8.0</velocity>
      <orientation>-0.21108685232349433</orientation>
      <time>50</time>
    </ksState>
    <ksState>
      <x>198.094856959167</x>
      <y>-354.64790064528523</y>
      <steeringAngle>0.03553333333333333</steeringAngle>
      <velocity>8.0</velocity>
      <orientation>-0.20557431732065556</orientation>
      <time>51</time>
    </ksState>
    <ksState>
      <x>198.87918289956593</x>
      <y>-354.8054382581336</y>
      <steeringAngle>0.07106666666666667</steeringAngle>
      <velocity>8.0</velocity>
      <orientation>-0.18902279644038592</orientation>
      <time>52</time>
    </ksState>
    <ksState>
      <x>199.66678076485329</x>
      <y>-354.94561233694253</y>
      <steeringAngle>0.10659999999999997</steeringAngle>
      <velocity>8.0</velocity>
      <orientation>-0.16139031714969101</orientation>
      <time>53</time>
    </ksState>
    <ksState>
      <x>200.45857322218703</x>
      <y>-355.05956134904346</y>
      <steeringAngle>0.1421333333333333</steeringAngle>
      <velocity>8.0</velocity>
      <orientation>-0.12260646487695609</orientation>
      <time>54</time>
    </ksState>
    <ksState>
      <x>201.2546098639018</x>
      <y>-355.1382509268842</y>
      <steeringAngle>0.17766666666666667</steeringAngle>
      <velocity>8.0</velocity>
      <orientation>-0.07257165262780141</orientation>
      <time>55</time>
    </ksState>
    <ksState>
      <x>202.05365754495597</x>
      <y>-355.1755228734083</y>
      <steeringAngle>0.14213333333333336</steeringAngle>
      <velocity>8.0</velocity>
      <orientation>-0.022536841079052974</orientation>
      <time>56</time>
    </ksState>
    <ksState>
      <x>202.8536053810854</x>
      <y>-355.1772923072302</y>
      <steeringAngle>0.1066000000000001</steeringAngle>
      <velocity>8.0</velocity>
      <orientation>0.016247010927944366</orientation>
      <time>57</time>
    </ksState>
    <ksState>
      <x>203.6531957730158</x>
      <y>-355.15250574563015</y>
      <steeringAngle>0.07106666666666674</steeringAngle>
      <velocity>8.0</velocity>
      <orientation>0.043879489957631274</orientation>
      <time>58</time>
    </ksState>
    <ksState>
      <x>204.45206000538238</x>
      <y>-355.1100649934702</y>
      <steeringAngle>0.035533333333333354</steeringAngle>
      <velocity>8.0</velocity>
      <orientation>0.060431010586660616</orientation>
      <time>59</time>
    </ksState>
    <ksState>
      <x>205.2504156467621</x>
      <y>-355.05881525391277</y>
      <steeringAngle>2.0816681711721685e-17</steeringAngle>
      <velocity>8.0</velocity>
      <orientation>0.06594353704506545</orientation>
      <time>60</time>
    </ksState>
    <ksState>
      <x>206.0487712451132</x>
      <y>-355.007565518902</y>
      <steeringAngle>-0.03553333333333333</steeringAngle>
      <velocity>8.0</velocity>
      <orientation>0.06043100204222667</orientation>
      <time>61</time>
    </ksState>
    <ksState>
      <x>206.8476354783298</x>
      <y>-354.9651247704186</y>
      <steeringAngle>-0.07106666666666667</steeringAngle>
      <velocity>8.0</velocity>
      <orientation>0.04387948116195703</orientation>
      <time>62</time>
    </ksState>
    <ksState>
      <x>207.6472258712174</x>
      <y>-354.94033821404196</y>
      <steeringAngle>-0.10659999999999997</steeringAngle>
      <velocity>8.0</velocity>
      <orientation>0.01624700187126213</orientation>
      <time>63</time>
    </ksState>
    <ksState>
      <x>208.44717370822326</x>
      <y>-354.9421076543511</y>
      <steeringAngle>-0.1421333333333333</steeringAngle>
      <velocity>8.0</velocity>
      <orientation>-0.022536850401472797</orientation>
      <time>64</time>
    </ksState>
    <ksState>
      <x>209.24622138134734</x>
      <y>-354.9793796369692</y>
      <steeringAngle>-0.17766666666666667</steeringAngle>
      <velocity>8.0</velocity>
      <orientation>-0.07257166265062748</orientation>
      <time>65</time>
    </ksState>
    <ksState>
      <x>210.04225802568837</x>
      <y>-355.0580692516714</y>
      <steeringAngle>-0.14213333333333336</steeringAngle>
      <velocity>8.0</velocity>
      <orientation>-0.12260647419937591</orientation>
      <time>66</time>
    </ksState>
    <ksState>
      <x>210.83405048121662</x>
      <y>-355.17201827006465</y>
      <steeringAngle>-0.1066000000000001</steeringAngle>
      <velocity>8.0</velocity>
      <orientation>-0.16139032620637325</orientation>
      <time>67</time>
    </ksState>
    <ksState>
      <x>211.62164834480137</x>
      <y>-355.31219235390364</y>
      <steeringAngle>-0.07106666666666674</steeringAngle>
      <velocity>8.0</velocity>
      <orientation>-0.18902280523606016</orientation>
      <time>68</time>
    </ksState>
    <ksState>
      <x>212.40597428382742</x>
      <y>-355.4697299702669</y>
      <steeringAngle>-0.035533333333333354</steeringAngle>
      <velocity>8.0</velocity>
      <orientation>-0.2055743258650895</orientation>
      <time>69</time>
    </ksState>
    <ksState>
      <x>213.18852289841203</x>
      <y>-355.63591038950824</y>
      <steeringAngle>-2.0816681711721685e-17</steeringAngle>
      <velocity>8.0</velocity>
      <orientation>-0.21108685232349433</orientation>
      <time>70</time>
    </ksState>
    <ksState>
      <x>213.97107147107806</x>
      <y>-355.8020907980273</y>
      <steeringAngle>0.03553333333333333</steeringAngle>
      <velocity>8.0</velocity>
      <orientation>-0.20557431732065556</orientation>
      <time>71</time>
    </ksState>
    <ksState>
      <x>214.755397411477</x>
      <y>-355.95962841087567</y>
      <steeringAngle>0.07106666666666667</steeringAngle>
      <velocity>8.0</velocity>
      <orientation>-0.18902279644038592</orientation>
      <time>72</time>
    </ksState>
    <ksState>
      <x>215.54299527676434</x>
      <y>-356.0998024896846</y>
      <steeringAngle>0.10659999999999997</steeringAngle>
      <velocity>8.0</velocity>
      <orientation>-0.16139031714969101</orientation>
      <time>73</time>
    </ksState>
    <ksState>
      <x>216.3347877340981</x>
      <y>-356.2137515017855</y>
      <steeringAngle>0.1421333333333333</steeringAngle>
      <velocity>8.0</velocity>
      <orientation>-0.12260646487695609</orientation>
      <time>74</time>
    </ksState>
    <ksState>
      <x>217.13082437581286</x>
      <y>-356.29244107962626</y>
      <steeringAngle>0.17766666666666667</steeringAngle>
      <velocity>8.0</velocity>
      <orientation>-0.07257165262780141</orientation>
      <time>75</time>
    </ksState>
    <ksState>
      <x>217.92992118897882</x>
      <y>-356.32820146206535</y>
      <steeringAngle>0.17766666666666667</steeringAngle>
      <velocity>8.0</velocity>
      <orientation>-0.01687067631728962</orientation>
      <time>76</time>
    </ksState>
    <ksState>
      <x>218.72976957988698</x>
      <y>-356.3194189260381</y>
      <steeringAngle>0.17766666666666667</steeringAngle>
      <velocity>8.0</velocity>
      <orientation>0.03883029999322213</orientation>
      <time>77</time>
    </ksState>
    <ksState>
      <x>219.52788854674756</x>
      <y>-356.2661207111189</y>
      <steeringAngle>0.17766666666666667</steeringAngle>
      <velocity>8.0</velocity>
      <orientation>0.09453127630373381</orientation>
      <time>78</time>
    </ksState>
    <ksState>
      <x>220.32180248692723</x>
      <y>-356.1684721375246</y>
      <steeringAngle>0.17766666666666667</steeringAngle>
      <velocity>8.0</velocity>
      <orientation>0.15023225261424564</orientation>
      <time>79</time>
    </ksState>
    <ksState>
      <x>221.10904884143773</x>
      <y>-356.0267760906517</y>
      <steeringAngle>0.17766666666666667</steeringAngle>
      <velocity>8.0</velocity>
      <orientation>0.20593322892475746</orientation>
      <time>80</time>
    </ksState>
    <ksState>
      <x>221.8488538961634</x>
      <y>-355.8530546688158</y>
      <steeringAngle>0.1421333333333334</steeringAngle>
      <velocity>7.2</velocity>
      <orientation>0.2535605506703944</orientation>
      <time>81</time>
    </ksState>
    <ksState>
      <x>222.50402779687323</x>
      <y>-355.6711070652361</y>
      <steeringAngle>0.10660000000000011</steeringAngle>
      <velocity>6.4</velocity>
      <orientation>0.2866201211183623</orientation>
      <time>82</time>
    </ksState>
    <ksState>
      <x>223.07762163326524</x>
      <y>-355.49510409346937</y>
      <steeringAngle>0.07106666666666674</steeringAngle>
      <velocity>5.600000000000001</velocity>
      <orientation>0.3074370694122508</orientation>
      <time>83</time>
    </ksState>
    <ksState>
      <x>223.57228073106305</x>
      <y>-355.3347616679842</y>
      <steeringAngle>0.03553333333333339</steeringAngle>
      <velocity>4.800000000000001</velocity>
      <orientation>0.31828767906991373</orientation>
      <time>84</time>
    </ksState>
    <ksState>
      <x>223.9898950853369</x>
      <y>-355.1962045285675</y>
      <steeringAngle>5.5294310796760726e-17</steeringAngle>
      <velocity>4.0</velocity>
      <orientation>0.32141145490707923</orientation>
      <time>85</time>
    </ksState>
    <ksState>
      <x>224.40750944851368</x>
      <y>-355.0576474103807</y>
      <steeringAngle>-0.035533333333333326</steeringAngle>
      <velocity>4.799999999999999</velocity>
      <orientation>0.3182876762378884</orientation>
      <time>86</time>
    </ksState>
    <ksState>
      <x>224.9021685511076</x>
      <y>-354.8973049939176</y>
      <steeringAngle>-0.07106666666666667</steeringAngle>
      <velocity>5.599999999999998</velocity>
      <orientation>0.30743706517671565</orientation>
      <time>87</time>
    </ksState>
    <ksState>
      <x>225.47576238985414</x>
      <y>-354.72130202944277</y>
      <steeringAngle>-0.10659999999999999</steeringAngle>
      <velocity>6.3999999999999995</velocity>
      <orientation>0.28662011617638766</orientation>
      <time>88</time>
    </ksState>
    <ksState>
      <x>226.13093628740128</x>
      <y>-354.53935443718024</y>
      <steeringAngle>-0.14213333333333333</steeringAngle>
      <velocity>7.199999999999999</velocity>
      <orientation>0.2535605451952225</orientation>
      <time>89</time>
    </ksState>
    <ksState>
      <x>226.87074132401187</x>
      <y>-354.3656330324328</y>
      <steeringAngle>-0.17766666666666664</steeringAngle>
      <velocity>7.9999999999999964</velocity>
      <orientation>0.20593322311367585</orientation>
      <time>90</time>
    </ksState>
    <ksState>
      <x>227.6186657677014</x>
      <y>-354.2312984980813</y>
      <steeringAngle>-0.21320000000000014</steeringAngle>
      <velocity>7.200000000000003</velocity>
      <orientation>0.147683896042183</orientation>
      <time>91</time>
    </ksState>
    <ksState>
      <x>228.29386532282078</x>
      <y>-354.15156203499845</y>
      <steeringAngle>-0.24873333333333347</steeringAngle>
      <velocity>6.400000000000004</velocity>
      <orientation>0.08576680855640365</orientation>
      <time>92</time>
    </ksState>
    <ksState>
      <x>228.89286443044557</x>
      <y>-354.11870679414204</y>
      <steeringAngle>-0.2842666666666668</steeringAngle>
      <velocity>5.600000000000001</velocity>
      <orientation>0.02234466579248251</orientation>
      <time>93</time>
    </ksState>
    <ksState>
      <x>229.41276101698386</x>
      <y>-354.1230561524075</y>
      <steeringAngle>-0.3198</steeringAngle>
      <velocity>4.800000000000002</velocity>
      <orientation>-0.04038443394947011</orientation>
      <time>94</time>
    </ksState>
    <ksState>
      <x>229.8516269304693</x>
      <y>-354.1537004140078</y>
      <steeringAngle>-0.3553333333333332</steeringAngle>
      <velocity>4.000000000000001</velocity>
      <orientation>-0.10017426799768486</orientation>
      <time>95</time>
    </ksState>
    <ksState>
      <x>230.28781287820274</x>
      <y>-354.2110082350746</y>
      <steeringAngle>-0.31979999999999975</steeringAngle>
      <velocity>4.800000000000001</velocity>
      <orientation>-0.15996410302943342</orientation>
      <time>96</time>
    </ksState>
    <ksState>
      <x>230.79817569884355</x>
      <y>-354.3102109569949</y>
      <steeringAngle>-0.28426666666666645</steeringAngle>
      <velocity>5.600000000000004</velocity>
      <orientation>-0.22269320316075697</orientation>
      <time>97</time>
    </ksState>
    <ksState>
      <x>231.37865462812016</x>
      <y>-354.4616163889239</y>
      <steeringAngle>-0.2487333333333331</steeringAngle>
      <velocity>6.400000000000004</velocity>
      <orientation>-0.28611533985343285</orientation>
      <time>98</time>
    </ksState>
    <ksState>
      <x>232.02447992999566</x>
      <y>-354.67412997345775</y>
      <steeringAngle>-0.21319999999999992</steeringAngle>
      <velocity>7.200000000000004</velocity>
      <orientation>-0.34803242853123184</orientation>
      <time>99</time>
    </ksState>
    <ksState>
      <x>232.73070981931033</x>
      <y>-354.954622553384</y>
      <steeringAngle>-0.17766666666666656</steeringAngle>
      <velocity>8.000000000000004</velocity>
      <orientation>-0.4062817581321971</orientation>
      <time>100</time>
    </ksState>
  </ksTrajectory>
</CommonRoadSolution>
