<?xml version="1.0" ?>
<CommonRoadSolution benchmark_id="KS2:SM1:DEU_Lohmar-39_1_T-1:2020a" computation_time="14.446280794000131" date="2020-12-29">
  <ksTrajectory planningProblem="123">
    <ksState>
      <x>212.6284</x>
      <y>213.78963</y>
      <steeringAngle>0.0</steeringAngle>
      <velocity>4.0</velocity>
      <orientation>-0.79446206</orientation>
      <time>0</time>
    </ksState>
    <ksState>
      <x>212.93669422013397</x>
      <y>213.4756958114567</y>
      <steeringAngle>0.0</steeringAngle>
      <velocity>4.8</velocity>
      <orientation>-0.79446206</orientation>
      <time>1</time>
    </ksState>
    <ksState>
      <x>213.3010419347385</x>
      <y>213.10468267964293</y>
      <steeringAngle>0.0</steeringAngle>
      <velocity>5.6</velocity>
      <orientation>-0.79446206</orientation>
      <time>2</time>
    </ksState>
    <ksState>
      <x>213.72144314380242</x>
      <y>212.67659060457012</y>
      <steeringAngle>0.0</steeringAngle>
      <velocity>6.4</velocity>
      <orientation>-0.79446206</orientation>
      <time>3</time>
    </ksState>
    <ksState>
      <x>214.19789784731913</x>
      <y>212.19141958624493</y>
      <steeringAngle>0.0</steeringAngle>
      <velocity>7.199999999999999</velocity>
      <orientation>-0.79446206</orientation>
      <time>4</time>
    </ksState>
    <ksState>
      <x>214.73040604528455</x>
      <y>211.64916962467157</y>
      <steeringAngle>0.0</steeringAngle>
      <velocity>7.999999999999998</velocity>
      <orientation>-0.79446206</orientation>
      <time>5</time>
    </ksState>
    <ksState>
      <x>215.2909409896735</x>
      <y>211.07838019228961</y>
      <steeringAngle>0.0</steeringAngle>
      <velocity>8.0</velocity>
      <orientation>-0.79446206</orientation>
      <time>6</time>
    </ksState>
    <ksState>
      <x>215.8514759340624</x>
      <y>210.50759075990769</y>
      <steeringAngle>0.0</steeringAngle>
      <velocity>8.0</velocity>
      <orientation>-0.79446206</orientation>
      <time>7</time>
    </ksState>
    <ksState>
      <x>216.41201087845133</x>
      <y>209.93680132752573</y>
      <steeringAngle>0.0</steeringAngle>
      <velocity>8.0</velocity>
      <orientation>-0.79446206</orientation>
      <time>8</time>
    </ksState>
    <ksState>
      <x>216.97254582284023</x>
      <y>209.36601189514377</y>
      <steeringAngle>0.0</steeringAngle>
      <velocity>8.0</velocity>
      <orientation>-0.79446206</orientation>
      <time>9</time>
    </ksState>
    <ksState>
      <x>217.53308076722917</x>
      <y>208.7952224627618</y>
      <steeringAngle>0.0</steeringAngle>
      <velocity>8.0</velocity>
      <orientation>-0.79446206</orientation>
      <time>10</time>
    </ksState>
    <ksState>
      <x>218.0936157116181</x>
      <y>208.22443303037986</y>
      <steeringAngle>0.0</steeringAngle>
      <velocity>8.0</velocity>
      <orientation>-0.79446206</orientation>
      <time>11</time>
    </ksState>
    <ksState>
      <x>218.654150656007</x>
      <y>207.65364359799793</y>
      <steeringAngle>0.0</steeringAngle>
      <velocity>8.0</velocity>
      <orientation>-0.79446206</orientation>
      <time>12</time>
    </ksState>
    <ksState>
      <x>219.21468560039594</x>
      <y>207.08285416561597</y>
      <steeringAngle>0.0</steeringAngle>
      <velocity>8.0</velocity>
      <orientation>-0.79446206</orientation>
      <time>13</time>
    </ksState>
    <ksState>
      <x>219.77522054478484</x>
      <y>206.512064733234</y>
      <steeringAngle>0.0</steeringAngle>
      <velocity>8.0</velocity>
      <orientation>-0.79446206</orientation>
      <time>14</time>
    </ksState>
    <ksState>
      <x>220.33575548917378</x>
      <y>205.94127530085206</y>
      <steeringAngle>0.0</steeringAngle>
      <velocity>8.0</velocity>
      <orientation>-0.79446206</orientation>
      <time>15</time>
    </ksState>
    <ksState>
      <x>220.86734046045765</x>
      <y>205.39812148880856</y>
      <steeringAngle>-0.03553333333333333</steeringAngle>
      <velocity>7.199999999999999</velocity>
      <orientation>-0.7996070729824923</orientation>
      <time>16</time>
    </ksState>
    <ksState>
      <x>221.33825363552552</x>
      <y>204.9075776918153</y>
      <steeringAngle>-0.07106666666666664</steeringAngle>
      <velocity>6.400000000000001</velocity>
      <orientation>-0.8135837451034554</orientation>
      <time>17</time>
    </ksState>
    <ksState>
      <x>221.74617065635758</x>
      <y>204.4675880065725</y>
      <steeringAngle>-0.10659999999999997</steeringAngle>
      <velocity>5.600000000000004</velocity>
      <orientation>-0.8342155129693367</orientation>
      <time>18</time>
    </ksState>
    <ksState>
      <x>222.0908473676804</x>
      <y>204.07825042393736</y>
      <steeringAngle>-0.1421333333333333</steeringAngle>
      <velocity>4.800000000000003</velocity>
      <orientation>-0.859331720477985</orientation>
      <time>19</time>
    </ksState>
    <ksState>
      <x>222.3737115429232</x>
      <y>203.74124043618065</y>
      <steeringAngle>-0.17766666666666653</steeringAngle>
      <velocity>4.000000000000006</velocity>
      <orientation>-0.8867566170631348</orientation>
      <time>20</time>
    </ksState>
    <ksState>
      <x>222.62183370333955</x>
      <y>203.42751633361416</y>
      <steeringAngle>-0.21319999999999995</steeringAngle>
      <velocity>4.0</velocity>
      <orientation>-0.917464399700635</orientation>
      <time>21</time>
    </ksState>
    <ksState>
      <x>222.8592773703222</x>
      <y>203.10564251676828</y>
      <steeringAngle>-0.24873333333333336</steeringAngle>
      <velocity>4.0</velocity>
      <orientation>-0.9539432408233293</orientation>
      <time>22</time>
    </ksState>
    <ksState>
      <x>223.08385249439434</x>
      <y>202.7746710758097</y>
      <steeringAngle>-0.2842666666666667</steeringAngle>
      <velocity>4.0</velocity>
      <orientation>-0.9962904746687773</orientation>
      <time>23</time>
    </ksState>
    <ksState>
      <x>223.29319487563444</x>
      <y>202.43387111356674</y>
      <steeringAngle>-0.31980000000000003</steeringAngle>
      <velocity>4.0</velocity>
      <orientation>-1.0446211560359122</orientation>
      <time>24</time>
    </ksState>
    <ksState>
      <x>223.4847542780669</x>
      <y>202.0827793038121</y>
      <steeringAngle>-0.35533333333333333</steeringAngle>
      <velocity>4.0</velocity>
      <orientation>-1.0990693572141907</orientation>
      <time>25</time>
    </ksState>
    <ksState>
      <x>223.65578983883174</x>
      <y>201.72125796121952</y>
      <steeringAngle>-0.39086666666666653</steeringAngle>
      <velocity>4.0</velocity>
      <orientation>-1.159789723520178</orientation>
      <time>26</time>
    </ksState>
    <ksState>
      <x>223.80337489936286</x>
      <y>201.34956117390465</y>
      <steeringAngle>-0.42639999999999995</steeringAngle>
      <velocity>4.0</velocity>
      <orientation>-1.2269593369765817</orientation>
      <time>27</time>
    </ksState>
    <ksState>
      <x>223.92441439229643</x>
      <y>200.96840924042863</y>
      <steeringAngle>-0.4619333333333333</steeringAngle>
      <velocity>4.0</velocity>
      <orientation>-1.3007799206089254</orientation>
      <time>28</time>
    </ksState>
    <ksState>
      <x>224.01567795372492</x>
      <y>200.57907114647838</y>
      <steeringAngle>-0.49746666666666667</steeringAngle>
      <velocity>4.0</velocity>
      <orientation>-1.381480462422146</orientation>
      <time>29</time>
    </ksState>
    <ksState>
      <x>224.0738530535078</x>
      <y>200.18345414242822</y>
      <steeringAngle>-0.533</steeringAngle>
      <velocity>4.0</velocity>
      <orientation>-1.4693203290219545</orientation>
      <time>30</time>
    </ksState>
    <ksState>
      <x>224.09661316204077</x>
      <y>199.7842309792977</y>
      <steeringAngle>-0.4974666666666666</steeringAngle>
      <velocity>4.0</velocity>
      <orientation>-1.5571601958614036</orientation>
      <time>31</time>
    </ksState>
    <ksState>
      <x>224.08569833043728</x>
      <y>199.38448849007014</y>
      <steeringAngle>-0.4619333333333334</steeringAngle>
      <velocity>4.0</velocity>
      <orientation>-1.6378607376485739</orientation>
      <time>32</time>
    </ksState>
    <ksState>
      <x>224.04396867212432</x>
      <y>198.9867624593404</y>
      <steeringAngle>-0.42640000000000017</steeringAngle>
      <velocity>4.0</velocity>
      <orientation>-1.711681320898379</orientation>
      <time>33</time>
    </ksState>
    <ksState>
      <x>223.9743324742877</x>
      <y>198.59294694652812</y>
      <steeringAngle>-0.3908666666666668</steeringAngle>
      <velocity>4.0</velocity>
      <orientation>-1.7788509337612415</orientation>
      <time>34</time>
    </ksState>
    <ksState>
      <x>223.8796761280761</x>
      <y>198.20437133121467</y>
      <steeringAngle>-0.3553333333333335</steeringAngle>
      <velocity>4.0</velocity>
      <orientation>-1.8395713016395274</orientation>
      <time>35</time>
    </ksState>
    <ksState>
      <x>223.74998756352707</x>
      <y>197.78398669355443</y>
      <steeringAngle>-0.31979999999999975</steeringAngle>
      <velocity>4.800000000000001</velocity>
      <orientation>-1.899361136671276</orientation>
      <time>36</time>
    </ksState>
    <ksState>
      <x>223.5665510389005</x>
      <y>197.29750706380435</y>
      <steeringAngle>-0.28426666666666645</steeringAngle>
      <velocity>5.600000000000004</velocity>
      <orientation>-1.9620902368025996</orientation>
      <time>37</time>
    </ksState>
    <ksState>
      <x>223.31988631291168</x>
      <y>196.75066530871925</y>
      <steeringAngle>-0.2487333333333331</steeringAngle>
      <velocity>6.400000000000004</velocity>
      <orientation>-2.0255123734952756</orientation>
      <time>38</time>
    </ksState>
    <ksState>
      <x>223.0020145936637</x>
      <y>196.14965789257835</y>
      <steeringAngle>-0.21319999999999992</steeringAngle>
      <velocity>7.200000000000004</velocity>
      <orientation>-2.0874294621730742</orientation>
      <time>39</time>
    </ksState>
    <ksState>
      <x>222.60699170990668</x>
      <y>195.5005094771421</y>
      <steeringAngle>-0.17766666666666656</steeringAngle>
      <velocity>8.000000000000004</velocity>
      <orientation>-2.1456787917740394</orientation>
      <time>40</time>
    </ksState>
    <ksState>
      <x>222.15353357124778</x>
      <y>194.8415631680636</y>
      <steeringAngle>-0.17766666666666667</steeringAngle>
      <velocity>8.0</velocity>
      <orientation>-2.2013797680845513</orientation>
      <time>41</time>
    </ksState>
    <ksState>
      <x>221.66409370317535</x>
      <y>194.20888378882105</y>
      <steeringAngle>-0.17766666666666667</steeringAngle>
      <velocity>8.0</velocity>
      <orientation>-2.257080744395063</orientation>
      <time>42</time>
    </ksState>
    <ksState>
      <x>221.14019026793213</x>
      <y>193.60443381114175</y>
      <steeringAngle>-0.17766666666666667</steeringAngle>
      <velocity>8.0</velocity>
      <orientation>-2.3127817207055745</orientation>
      <time>43</time>
    </ksState>
    <ksState>
      <x>220.58344830736948</x>
      <y>193.0300881158628</y>
      <steeringAngle>-0.17766666666666667</steeringAngle>
      <velocity>8.0</velocity>
      <orientation>-2.3684826970160864</orientation>
      <time>44</time>
    </ksState>
    <ksState>
      <x>219.9955947209705</x>
      <y>192.48762820642494</y>
      <steeringAngle>-0.17766666666666667</steeringAngle>
      <velocity>8.0</velocity>
      <orientation>-2.4241836733265982</orientation>
      <time>45</time>
    </ksState>
    <ksState>
      <x>219.41081157831377</x>
      <y>192.00232487090489</y>
      <steeringAngle>-0.1421333333333334</steeringAngle>
      <velocity>7.2</velocity>
      <orientation>-2.4718109950722353</orientation>
      <time>46</time>
    </ksState>
    <ksState>
      <x>218.87051298566055</x>
      <y>191.58948688646467</y>
      <steeringAngle>-0.10660000000000011</steeringAngle>
      <velocity>6.4</velocity>
      <orientation>-2.504870565520203</orientation>
      <time>47</time>
    </ksState>
    <ksState>
      <x>218.38416160668038</x>
      <y>191.2381334015215</y>
      <steeringAngle>-0.07106666666666674</steeringAngle>
      <velocity>5.600000000000001</velocity>
      <orientation>-2.5256875138140917</orientation>
      <time>48</time>
    </ksState>
    <ksState>
      <x>217.95791151941327</x>
      <y>190.94029421748186</y>
      <steeringAngle>-0.03553333333333339</steeringAngle>
      <velocity>4.800000000000001</velocity>
      <orientation>-2.5365381234717543</orientation>
      <time>49</time>
    </ksState>
    <ksState>
      <x>217.59550798565348</x>
      <y>190.69076764876155</y>
      <steeringAngle>-5.5294310796760726e-17</steeringAngle>
      <velocity>4.0</velocity>
      <orientation>-2.53966189930892</orientation>
      <time>50</time>
    </ksState>
    <ksState>
      <x>217.2331044634573</x>
      <y>190.4412410601351</y>
      <steeringAngle>0.035533333333333326</steeringAngle>
      <velocity>4.799999999999999</velocity>
      <orientation>-2.536538120639729</orientation>
      <time>51</time>
    </ksState>
    <ksState>
      <x>216.80685438049363</x>
      <y>190.14340186682819</y>
      <steeringAngle>0.07106666666666667</steeringAngle>
      <velocity>5.599999999999998</velocity>
      <orientation>-2.5256875095785563</orientation>
      <time>52</time>
    </ksState>
    <ksState>
      <x>216.32050300590942</x>
      <y>189.79204837560889</y>
      <steeringAngle>0.10659999999999999</steeringAngle>
      <velocity>6.3999999999999995</velocity>
      <orientation>-2.504870560578228</orientation>
      <time>53</time>
    </ksState>
    <ksState>
      <x>215.78020442419063</x>
      <y>189.37921038686525</y>
      <steeringAngle>0.14213333333333333</steeringAngle>
      <velocity>7.199999999999999</velocity>
      <orientation>-2.471810989597063</orientation>
      <time>54</time>
    </ksState>
    <ksState>
      <x>215.1954213060903</x>
      <y>188.89390705548715</y>
      <steeringAngle>0.17766666666666664</steeringAngle>
      <velocity>7.9999999999999964</velocity>
      <orientation>-2.4241836675155164</orientation>
      <time>55</time>
    </ksState>
    <ksState>
      <x>214.6065286080519</x>
      <y>188.35254600702436</y>
      <steeringAngle>0.14213333333333336</steeringAngle>
      <velocity>8.0</velocity>
      <orientation>-2.374148855966768</orientation>
      <time>56</time>
    </ksState>
    <ksState>
      <x>214.04222116996718</x>
      <y>187.78555677719146</y>
      <steeringAngle>0.1066000000000001</steeringAngle>
      <velocity>8.0</velocity>
      <orientation>-2.3353650039597706</orientation>
      <time>57</time>
    </ksState>
    <ksState>
      <x>213.4970290985822</x>
      <y>187.2001297759331</y>
      <steeringAngle>0.07106666666666674</steeringAngle>
      <velocity>8.0</velocity>
      <orientation>-2.3077325249300835</orientation>
      <time>58</time>
    </ksState>
    <ksState>
      <x>212.96488861264552</x>
      <y>186.6027925324721</y>
      <steeringAngle>0.035533333333333354</steeringAngle>
      <velocity>8.0</velocity>
      <orientation>-2.2911810043010545</orientation>
      <time>59</time>
    </ksState>
    <ksState>
      <x>212.4393634760673</x>
      <y>185.99961627568476</y>
      <steeringAngle>2.0816681711721685e-17</steeringAngle>
      <velocity>8.0</velocity>
      <orientation>-2.2856684778426497</orientation>
      <time>60</time>
    </ksState>
    <ksState>
      <x>211.94214461253014</x>
      <y>185.4248362769243</y>
      <steeringAngle>0.03553333333333333</steeringAngle>
      <velocity>7.199999999999999</velocity>
      <orientation>-2.2805234648601576</orientation>
      <time>61</time>
    </ksState>
    <ksState>
      <x>211.50225149724582</x>
      <y>184.9062936245354</y>
      <steeringAngle>0.07106666666666664</steeringAngle>
      <velocity>6.400000000000001</velocity>
      <orientation>-2.2665467927391942</orientation>
      <time>62</time>
    </ksState>
    <ksState>
      <x>211.1221303800037</x>
      <y>184.44207906721175</y>
      <steeringAngle>0.10659999999999997</steeringAngle>
      <velocity>5.600000000000004</velocity>
      <orientation>-2.245915024873313</orientation>
      <time>63</time>
    </ksState>
    <ksState>
      <x>210.80201893612872</x>
      <y>184.03230540763766</y>
      <steeringAngle>0.1421333333333333</steeringAngle>
      <velocity>4.800000000000003</velocity>
      <orientation>-2.2207988173646647</orientation>
      <time>64</time>
    </ksState>
    <ksState>
      <x>210.5403891736388</x>
      <y>183.67855727568073</y>
      <steeringAngle>0.17766666666666653</steeringAngle>
      <velocity>4.000000000000006</velocity>
      <orientation>-2.1933739207795147</orientation>
      <time>65</time>
    </ksState>
    <ksState>
      <x>210.3116916371541</x>
      <y>183.3504001742478</y>
      <steeringAngle>0.17766666666666667</steeringAngle>
      <velocity>4.0</velocity>
      <orientation>-2.165523432624259</orientation>
      <time>66</time>
    </ksState>
    <ksState>
      <x>210.0922209209643</x>
      <y>183.016001789492</y>
      <steeringAngle>0.17766666666666667</steeringAngle>
      <velocity>4.0</velocity>
      <orientation>-2.137672944469003</orientation>
      <time>67</time>
    </ksState>
    <ksState>
      <x>209.88214726863907</x>
      <y>182.67562150685254</y>
      <steeringAngle>0.17766666666666667</steeringAngle>
      <velocity>4.0</velocity>
      <orientation>-2.109822456313747</orientation>
      <time>68</time>
    </ksState>
    <ksState>
      <x>209.68163361312844</x>
      <y>182.3295233255012</y>
      <steeringAngle>0.17766666666666667</steeringAngle>
      <velocity>4.0</velocity>
      <orientation>-2.081971968158491</orientation>
      <time>69</time>
    </ksState>
    <ksState>
      <x>209.4908354737176</x>
      <y>181.97797567862108</y>
      <steeringAngle>0.17766666666666667</steeringAngle>
      <velocity>4.0</velocity>
      <orientation>-2.0541214800032352</orientation>
      <time>70</time>
    </ksState>
    <ksState>
      <x>209.30990085566125</x>
      <y>181.6212512606121</y>
      <steeringAngle>0.17766666666666667</steeringAngle>
      <velocity>4.0</velocity>
      <orientation>-2.0262709918479795</orientation>
      <time>71</time>
    </ksState>
    <ksState>
      <x>209.13897005040582</x>
      <y>181.2596266834511</y>
      <steeringAngle>0.17766666666666667</steeringAngle>
      <velocity>4.0</velocity>
      <orientation>-1.9984205036927234</orientation>
      <time>72</time>
    </ksState>
    <ksState>
      <x>208.97817565013614</x>
      <y>180.89338245202498</y>
      <steeringAngle>0.17766666666666667</steeringAngle>
      <velocity>4.0</velocity>
      <orientation>-1.9705700155374677</orientation>
      <time>73</time>
    </ksState>
    <ksState>
      <x>208.82764236678494</x>
      <y>180.52280262555783</y>
      <steeringAngle>0.17766666666666667</steeringAngle>
      <velocity>4.0</velocity>
      <orientation>-1.9427195273822118</orientation>
      <time>74</time>
    </ksState>
    <ksState>
      <x>208.6874869549307</x>
      <y>180.14817462532616</y>
      <steeringAngle>0.17766666666666667</steeringAngle>
      <velocity>4.0</velocity>
      <orientation>-1.9148690392269558</orientation>
      <time>75</time>
    </ksState>
    <ksState>
      <x>208.55745968790546</x>
      <y>179.76990943225428</y>
      <steeringAngle>0.1421333333333333</steeringAngle>
      <velocity>4.0</velocity>
      <orientation>-1.8898516328824326</orientation>
      <time>76</time>
    </ksState>
    <ksState>
      <x>208.43585995257138</x>
      <y>179.38884712542117</y>
      <steeringAngle>0.10659999999999999</steeringAngle>
      <velocity>4.0</velocity>
      <orientation>-1.870459706591682</orientation>
      <time>77</time>
    </ksState>
    <ksState>
      <x>208.32060163468896</x>
      <y>179.00581583956648</y>
      <steeringAngle>0.07106666666666664</steeringAngle>
      <velocity>4.0</velocity>
      <orientation>-1.856643466856729</orientation>
      <time>78</time>
    </ksState>
    <ksState>
      <x>208.2095797612113</x>
      <y>178.62153310421192</y>
      <steeringAngle>0.03553333333333332</steeringAngle>
      <velocity>4.0</velocity>
      <orientation>-1.8483677063944637</orientation>
      <time>79</time>
    </ksState>
    <ksState>
      <x>208.10067855036013</x>
      <y>178.2366429719344</y>
      <steeringAngle>-2.2985086056692694e-17</steeringAngle>
      <velocity>4.0</velocity>
      <orientation>-1.8456114430996233</orientation>
      <time>80</time>
    </ksState>
    <ksState>
      <x>207.99177734103273</x>
      <y>177.8517528534185</y>
      <steeringAngle>-0.035533333333333326</steeringAngle>
      <velocity>4.0</velocity>
      <orientation>-1.8483677176322237</orientation>
      <time>81</time>
    </ksState>
    <ksState>
      <x>207.8807554638201</x>
      <y>177.46747011910915</y>
      <steeringAngle>-0.07106666666666711</steeringAngle>
      <velocity>4.0</velocity>
      <orientation>-1.8566434781755092</orientation>
      <time>82</time>
    </ksState>
    <ksState>
      <x>207.76549714185523</x>
      <y>177.0844388346044</y>
      <steeringAngle>-0.10660000000000043</steeringAngle>
      <velocity>4.0</velocity>
      <orientation>-1.870459717994646</orientation>
      <time>83</time>
    </ksState>
    <ksState>
      <x>207.6438974022873</x>
      <y>176.70337652955286</y>
      <steeringAngle>-0.14213333333333378</steeringAngle>
      <velocity>4.0</velocity>
      <orientation>-1.8898516443801918</orientation>
      <time>84</time>
    </ksState>
    <ksState>
      <x>207.5138701310428</x>
      <y>176.3251113386719</y>
      <steeringAngle>-0.1776666666666672</steeringAngle>
      <velocity>4.0</velocity>
      <orientation>-1.914869050831589</orientation>
      <time>85</time>
    </ksState>
    <ksState>
      <x>207.3733593664983</x>
      <y>175.95061949087284</y>
      <steeringAngle>-0.21319999999999995</steeringAngle>
      <velocity>4.0</velocity>
      <orientation>-1.9455768334690893</orientation>
      <time>86</time>
    </ksState>
    <ksState>
      <x>207.22035503222276</x>
      <y>175.58106310457435</y>
      <steeringAngle>-0.24873333333333336</steeringAngle>
      <velocity>4.0</velocity>
      <orientation>-1.9820556745917834</orientation>
      <time>87</time>
    </ksState>
    <ksState>
      <x>207.0529143879687</x>
      <y>175.2178280405538</y>
      <steeringAngle>-0.2842666666666667</steeringAngle>
      <velocity>4.0</velocity>
      <orientation>-2.0244029084372315</orientation>
      <time>88</time>
    </ksState>
    <ksState>
      <x>206.86919058942726</x>
      <y>174.86256136227172</y>
      <steeringAngle>-0.31980000000000003</steeringAngle>
      <velocity>4.0</velocity>
      <orientation>-2.0727335898043666</orientation>
      <time>89</time>
    </ksState>
    <ksState>
      <x>206.667469844427</x>
      <y>174.51720762394882</y>
      <steeringAngle>-0.35533333333333333</steeringAngle>
      <velocity>4.0</velocity>
      <orientation>-2.127181790982645</orientation>
      <time>90</time>
    </ksState>
    <ksState>
      <x>206.4469090478214</x>
      <y>174.18357097925409</y>
      <steeringAngle>-0.31979999999999986</steeringAngle>
      <velocity>4.0</velocity>
      <orientation>-2.1816299901760248</orientation>
      <time>91</time>
    </ksState>
    <ksState>
      <x>206.20949921257773</x>
      <y>173.86169300920116</y>
      <steeringAngle>-0.28426666666666656</steeringAngle>
      <velocity>4.0</velocity>
      <orientation>-2.229960669657282</orientation>
      <time>92</time>
    </ksState>
    <ksState>
      <x>205.9577422948372</x>
      <y>173.55089639637498</y>
      <steeringAngle>-0.2487333333333332</steeringAngle>
      <velocity>4.0</velocity>
      <orientation>-2.272307903380157</orientation>
      <time>93</time>
    </ksState>
    <ksState>
      <x>205.69393219424387</x>
      <y>173.25025295598647</y>
      <steeringAngle>-0.21319999999999986</steeringAngle>
      <velocity>4.0</velocity>
      <orientation>-2.308786744453785</orientation>
      <time>94</time>
    </ksState>
    <ksState>
      <x>205.4201709641133</x>
      <y>172.9586329879773</y>
      <steeringAngle>-0.1776666666666665</steeringAngle>
      <velocity>4.0</velocity>
      <orientation>-2.3394945271026124</orientation>
      <time>95</time>
    </ksState>
    <ksState>
      <x>205.16668216471723</x>
      <y>172.70302265436803</y>
      <steeringAngle>-0.17766666666666667</steeringAngle>
      <velocity>3.2000000000000006</velocity>
      <orientation>-2.36455996637079</orientation>
      <time>96</time>
    </ksState>
    <ksState>
      <x>204.965141904768</x>
      <y>172.5086543447028</y>
      <steeringAngle>-0.17766666666666667</steeringAngle>
      <velocity>2.4000000000000012</velocity>
      <orientation>-2.38405530800082</orientation>
      <time>97</time>
    </ksState>
    <ksState>
      <x>204.81888368222613</x>
      <y>172.37224362154785</y>
      <steeringAngle>-0.17766666666666667</steeringAngle>
      <velocity>1.6000000000000005</velocity>
      <orientation>-2.3979805519998005</orientation>
      <time>98</time>
    </ksState>
    <ksState>
      <x>204.73022196340787</x>
      <y>172.29137944168576</y>
      <steeringAngle>-0.17766666666666667</steeringAngle>
      <velocity>0.8000000000000004</velocity>
      <orientation>-2.406335698370555</orientation>
      <time>99</time>
    </ksState>
  </ksTrajectory>
</CommonRoadSolution>
