<?xml version="1.0" ?>
<CommonRoadSolution benchmark_id="KS2:SM1:BEL_Zaventem-4_1_T-1:2020a" computation_time="1.0488847529999816" date="2020-12-29">
  <ksTrajectory planningProblem="1">
    <ksState>
      <x>-303.0879</x>
      <y>-188.79662</y>
      <steeringAngle>0.0</steeringAngle>
      <velocity>8.0</velocity>
      <orientation>-1.2776751</orientation>
      <time>0</time>
    </ksState>
    <ksState>
      <x>-302.8553401328749</x>
      <y>-189.562070262891</y>
      <steeringAngle>0.03553333333333333</steeringAngle>
      <velocity>8.0</velocity>
      <orientation>-1.272162564997161</orientation>
      <time>1</time>
    </ksState>
    <ksState>
      <x>-302.61435433096113</x>
      <y>-190.32490125565454</y>
      <steeringAngle>0.07106666666666667</steeringAngle>
      <velocity>8.0</velocity>
      <orientation>-1.2556110441168915</orientation>
      <time>2</time>
    </ksState>
    <ksState>
      <x>-302.3565850459803</x>
      <y>-191.0822084360613</y>
      <steeringAngle>0.10659999999999997</steeringAngle>
      <velocity>8.0</velocity>
      <orientation>-1.2279785648261967</orientation>
      <time>3</time>
    </ksState>
    <ksState>
      <x>-302.0738277443619</x>
      <y>-191.83051851967028</y>
      <steeringAngle>0.1421333333333333</steeringAngle>
      <velocity>8.0</velocity>
      <orientation>-1.1891947125534617</orientation>
      <time>4</time>
    </ksState>
    <ksState>
      <x>-301.7581483605466</x>
      <y>-192.56551029598296</y>
      <steeringAngle>0.17766666666666667</steeringAngle>
      <velocity>8.0</velocity>
      <orientation>-1.139159900304307</orientation>
      <time>5</time>
    </ksState>
    <ksState>
      <x>-301.4047507898227</x>
      <y>-193.28312896324442</y>
      <steeringAngle>0.14213333333333336</steeringAngle>
      <velocity>8.0</velocity>
      <orientation>-1.0891250887555586</orientation>
      <time>6</time>
    </ksState>
    <ksState>
      <x>-301.0198338558974</x>
      <y>-193.98438399916344</y>
      <steeringAngle>0.1066000000000001</steeringAngle>
      <velocity>8.0</velocity>
      <orientation>-1.0503412367485612</orientation>
      <time>7</time>
    </ksState>
    <ksState>
      <x>-300.61183831170985</x>
      <y>-194.67249649318347</y>
      <steeringAngle>0.07106666666666674</steeringAngle>
      <velocity>8.0</velocity>
      <orientation>-1.0227087577188743</orientation>
      <time>8</time>
    </ksState>
    <ksState>
      <x>-300.18873632945673</x>
      <y>-195.3514442023718</y>
      <steeringAngle>0.035533333333333354</steeringAngle>
      <velocity>8.0</velocity>
      <orientation>-1.0061572370898448</orientation>
      <time>9</time>
    </ksState>
    <ksState>
      <x>-299.7581672811926</x>
      <y>-196.02569086391665</y>
      <steeringAngle>2.0816681711721685e-17</steeringAngle>
      <velocity>8.0</velocity>
      <orientation>-1.00064471063144</orientation>
      <time>10</time>
    </ksState>
    <ksState>
      <x>-299.34794991845644</x>
      <y>-196.665473416199</y>
      <steeringAngle>0.0</steeringAngle>
      <velocity>7.200000000000001</velocity>
      <orientation>-1.00064471063144</orientation>
      <time>11</time>
    </ksState>
    <ksState>
      <x>-298.9809133309453</x>
      <y>-197.23791043635</y>
      <steeringAngle>0.0</steeringAngle>
      <velocity>6.400000000000001</velocity>
      <orientation>-1.00064471063144</orientation>
      <time>12</time>
    </ksState>
    <ksState>
      <x>-298.65705751855114</x>
      <y>-197.74300192453813</y>
      <steeringAngle>0.0</steeringAngle>
      <velocity>5.600000000000001</velocity>
      <orientation>-1.00064471063144</orientation>
      <time>13</time>
    </ksState>
    <ksState>
      <x>-298.37638248124347</x>
      <y>-198.180747880811</y>
      <steeringAngle>0.0</steeringAngle>
      <velocity>4.800000000000001</velocity>
      <orientation>-1.00064471063144</orientation>
      <time>14</time>
    </ksState>
    <ksState>
      <x>-298.13888821901105</x>
      <y>-198.55114830518605</y>
      <steeringAngle>0.0</steeringAngle>
      <velocity>4.000000000000001</velocity>
      <orientation>-1.00064471063144</orientation>
      <time>15</time>
    </ksState>
    <ksState>
      <x>-297.92267515904314</x>
      <y>-198.8876773372523</y>
      <steeringAngle>0.035533333333333326</steeringAngle>
      <velocity>4.0</velocity>
      <orientation>-0.9978884360988396</orientation>
      <time>16</time>
    </ksState>
    <ksState>
      <x>-297.70461003342643</x>
      <y>-199.22300803685775</y>
      <steeringAngle>0.07106666666666711</steeringAngle>
      <velocity>4.0</velocity>
      <orientation>-0.9896126755555542</orientation>
      <time>17</time>
    </ksState>
    <ksState>
      <x>-297.48285613232207</x>
      <y>-199.55590840188682</y>
      <steeringAngle>0.10660000000000043</steeringAngle>
      <velocity>4.0</velocity>
      <orientation>-0.9757964357364174</orientation>
      <time>18</time>
    </ksState>
    <ksState>
      <x>-297.2556084647177</x>
      <y>-199.88507929149063</y>
      <steeringAngle>0.14213333333333378</steeringAngle>
      <velocity>4.0</velocity>
      <orientation>-0.9564045093508715</orientation>
      <time>19</time>
    </ksState>
    <ksState>
      <x>-297.0211122747838</x>
      <y>-200.2091212375501</y>
      <steeringAngle>0.1776666666666672</steeringAngle>
      <velocity>4.0</velocity>
      <orientation>-0.9313871028994742</orientation>
      <time>20</time>
    </ksState>
    <ksState>
      <x>-296.77828395684776</x>
      <y>-200.52696719783296</y>
      <steeringAngle>0.1421333333333333</steeringAngle>
      <velocity>4.0</velocity>
      <orientation>-0.9063696965549509</orientation>
      <time>21</time>
    </ksState>
    <ksState>
      <x>-296.5284573057947</x>
      <y>-200.83934776980553</y>
      <steeringAngle>0.10659999999999999</steeringAngle>
      <velocity>4.0</velocity>
      <orientation>-0.8869777702642003</orientation>
      <time>22</time>
    </ksState>
    <ksState>
      <x>-296.2734776604942</x>
      <y>-201.14754060922107</y>
      <steeringAngle>0.07106666666666664</steeringAngle>
      <velocity>4.0</velocity>
      <orientation>-0.8731615305292474</orientation>
      <time>23</time>
    </ksState>
    <ksState>
      <x>-296.0151087386923</x>
      <y>-201.45290035989063</y>
      <steeringAngle>0.03553333333333332</steeringAngle>
      <velocity>4.0</velocity>
      <orientation>-0.8648857700669821</orientation>
      <time>24</time>
    </ksState>
    <ksState>
      <x>-295.7550590830006</x>
      <y>-201.7568313787487</y>
      <steeringAngle>-2.2985086056692694e-17</steeringAngle>
      <velocity>4.0</velocity>
      <orientation>-0.8621295067721417</orientation>
      <time>25</time>
    </ksState>
    <ksState>
      <x>-295.4950094379202</x>
      <y>-202.06076238871265</y>
      <steeringAngle>-0.035533333333333326</steeringAngle>
      <velocity>4.0</velocity>
      <orientation>-0.8648857813047421</orientation>
      <time>26</time>
    </ksState>
    <ksState>
      <x>-295.236640519058</x>
      <y>-202.36612214191217</y>
      <steeringAngle>-0.07106666666666711</steeringAngle>
      <velocity>4.0</velocity>
      <orientation>-0.8731615418480275</orientation>
      <time>27</time>
    </ksState>
    <ksState>
      <x>-294.98166087714344</x>
      <y>-202.674314983978</y>
      <steeringAngle>-0.10660000000000043</steeringAngle>
      <velocity>4.0</velocity>
      <orientation>-0.8869777816671643</orientation>
      <time>28</time>
    </ksState>
    <ksState>
      <x>-294.7318342299195</x>
      <y>-202.98669555848775</y>
      <steeringAngle>-0.14213333333333378</steeringAngle>
      <velocity>4.0</velocity>
      <orientation>-0.9063697080527102</orientation>
      <time>29</time>
    </ksState>
    <ksState>
      <x>-294.4890059161453</x>
      <y>-203.3045415210688</y>
      <steeringAngle>-0.1776666666666672</steeringAngle>
      <velocity>4.0</velocity>
      <orientation>-0.9313871145041075</orientation>
      <time>30</time>
    </ksState>
    <ksState>
      <x>-294.2778289724292</x>
      <y>-203.59608484976943</y>
      <steeringAngle>-0.17766666666666667</steeringAngle>
      <velocity>3.2000000000000006</velocity>
      <orientation>-0.9564525537722851</orientation>
      <time>31</time>
    </ksState>
    <ksState>
      <x>-294.1186711523871</x>
      <y>-203.8264460975998</y>
      <steeringAngle>-0.17766666666666667</steeringAngle>
      <velocity>2.4000000000000012</velocity>
      <orientation>-0.9759478954023149</orientation>
      <time>32</time>
    </ksState>
    <ksState>
      <x>-294.00775145453605</x>
      <y>-203.99286777191355</y>
      <steeringAngle>-0.17766666666666667</steeringAngle>
      <velocity>1.6000000000000005</velocity>
      <orientation>-0.9898731394012958</orientation>
      <time>33</time>
    </ksState>
  </ksTrajectory>
</CommonRoadSolution>
