<?xml version="1.0" ?>
<CommonRoadSolution benchmark_id="KS2:SM1:BEL_Beringen-8_1_T-1:2020a" computation_time="2.5758165590000317" date="2020-12-29">
  <ksTrajectory planningProblem="1">
    <ksState>
      <x>1000.9426</x>
      <y>873.36308</y>
      <steeringAngle>0.0</steeringAngle>
      <velocity>4.0</velocity>
      <orientation>-2.4333111</orientation>
      <time>0</time>
    </ksState>
    <ksState>
      <x>1000.6388076411599</x>
      <y>873.1028681580127</y>
      <steeringAngle>0.0</steeringAngle>
      <velocity>4.0</velocity>
      <orientation>-2.4333111</orientation>
      <time>1</time>
    </ksState>
    <ksState>
      <x>1000.33501528232</x>
      <y>872.8426563160253</y>
      <steeringAngle>0.0</steeringAngle>
      <velocity>4.0</velocity>
      <orientation>-2.4333111</orientation>
      <time>2</time>
    </ksState>
    <ksState>
      <x>1000.03122292348</x>
      <y>872.5824444740381</y>
      <steeringAngle>0.0</steeringAngle>
      <velocity>4.0</velocity>
      <orientation>-2.4333111</orientation>
      <time>3</time>
    </ksState>
    <ksState>
      <x>999.7274305646399</x>
      <y>872.3222326320507</y>
      <steeringAngle>0.0</steeringAngle>
      <velocity>4.0</velocity>
      <orientation>-2.4333111</orientation>
      <time>4</time>
    </ksState>
    <ksState>
      <x>999.4236382058</x>
      <y>872.0620207900635</y>
      <steeringAngle>0.0</steeringAngle>
      <velocity>4.0</velocity>
      <orientation>-2.4333111</orientation>
      <time>5</time>
    </ksState>
    <ksState>
      <x>999.11984584696</x>
      <y>871.8018089480762</y>
      <steeringAngle>0.0</steeringAngle>
      <velocity>4.0</velocity>
      <orientation>-2.4333111</orientation>
      <time>6</time>
    </ksState>
    <ksState>
      <x>998.81605348812</x>
      <y>871.5415971060888</y>
      <steeringAngle>0.0</steeringAngle>
      <velocity>4.0</velocity>
      <orientation>-2.4333111</orientation>
      <time>7</time>
    </ksState>
    <ksState>
      <x>998.51226112928</x>
      <y>871.2813852641016</y>
      <steeringAngle>0.0</steeringAngle>
      <velocity>4.0</velocity>
      <orientation>-2.4333111</orientation>
      <time>8</time>
    </ksState>
    <ksState>
      <x>998.2084687704399</x>
      <y>871.0211734221142</y>
      <steeringAngle>0.0</steeringAngle>
      <velocity>4.0</velocity>
      <orientation>-2.4333111</orientation>
      <time>9</time>
    </ksState>
    <ksState>
      <x>997.9046764116</x>
      <y>870.760961580127</y>
      <steeringAngle>0.0</steeringAngle>
      <velocity>4.0</velocity>
      <orientation>-2.4333111</orientation>
      <time>10</time>
    </ksState>
    <ksState>
      <x>997.60088405276</x>
      <y>870.5007497381397</y>
      <steeringAngle>0.0</steeringAngle>
      <velocity>4.0</velocity>
      <orientation>-2.4333111</orientation>
      <time>11</time>
    </ksState>
    <ksState>
      <x>997.29709169392</x>
      <y>870.2405378961523</y>
      <steeringAngle>0.0</steeringAngle>
      <velocity>4.0</velocity>
      <orientation>-2.4333111</orientation>
      <time>12</time>
    </ksState>
    <ksState>
      <x>996.99329933508</x>
      <y>869.9803260541651</y>
      <steeringAngle>0.0</steeringAngle>
      <velocity>4.0</velocity>
      <orientation>-2.4333111</orientation>
      <time>13</time>
    </ksState>
    <ksState>
      <x>996.68950697624</x>
      <y>869.7201142121777</y>
      <steeringAngle>0.0</steeringAngle>
      <velocity>4.0</velocity>
      <orientation>-2.4333111</orientation>
      <time>14</time>
    </ksState>
    <ksState>
      <x>996.3857146174</x>
      <y>869.4599023701904</y>
      <steeringAngle>0.0</steeringAngle>
      <velocity>4.0</velocity>
      <orientation>-2.4333111</orientation>
      <time>15</time>
    </ksState>
    <ksState>
      <x>996.08192225856</x>
      <y>869.1996905282032</y>
      <steeringAngle>0.0</steeringAngle>
      <velocity>4.0</velocity>
      <orientation>-2.4333111</orientation>
      <time>16</time>
    </ksState>
    <ksState>
      <x>995.77812989972</x>
      <y>868.9394786862158</y>
      <steeringAngle>0.0</steeringAngle>
      <velocity>4.0</velocity>
      <orientation>-2.4333111</orientation>
      <time>17</time>
    </ksState>
    <ksState>
      <x>995.47433754088</x>
      <y>868.6792668442286</y>
      <steeringAngle>0.0</steeringAngle>
      <velocity>4.0</velocity>
      <orientation>-2.4333111</orientation>
      <time>18</time>
    </ksState>
    <ksState>
      <x>995.17054518204</x>
      <y>868.4190550022412</y>
      <steeringAngle>0.0</steeringAngle>
      <velocity>4.0</velocity>
      <orientation>-2.4333111</orientation>
      <time>19</time>
    </ksState>
    <ksState>
      <x>994.8667528232</x>
      <y>868.1588431602539</y>
      <steeringAngle>0.0</steeringAngle>
      <velocity>4.0</velocity>
      <orientation>-2.4333111</orientation>
      <time>20</time>
    </ksState>
    <ksState>
      <x>994.56296046436</x>
      <y>867.8986313182667</y>
      <steeringAngle>0.0</steeringAngle>
      <velocity>4.0</velocity>
      <orientation>-2.4333111</orientation>
      <time>21</time>
    </ksState>
    <ksState>
      <x>994.2591681055201</x>
      <y>867.6384194762793</y>
      <steeringAngle>0.0</steeringAngle>
      <velocity>4.0</velocity>
      <orientation>-2.4333111</orientation>
      <time>22</time>
    </ksState>
    <ksState>
      <x>993.95537574668</x>
      <y>867.378207634292</y>
      <steeringAngle>0.0</steeringAngle>
      <velocity>4.0</velocity>
      <orientation>-2.4333111</orientation>
      <time>23</time>
    </ksState>
    <ksState>
      <x>993.65158338784</x>
      <y>867.1179957923047</y>
      <steeringAngle>0.0</steeringAngle>
      <velocity>4.0</velocity>
      <orientation>-2.4333111</orientation>
      <time>24</time>
    </ksState>
    <ksState>
      <x>993.3477910290001</x>
      <y>866.8577839503174</y>
      <steeringAngle>0.0</steeringAngle>
      <velocity>4.0</velocity>
      <orientation>-2.4333111</orientation>
      <time>25</time>
    </ksState>
    <ksState>
      <x>993.04399867016</x>
      <y>866.5975721083302</y>
      <steeringAngle>0.0</steeringAngle>
      <velocity>4.0</velocity>
      <orientation>-2.4333111</orientation>
      <time>26</time>
    </ksState>
    <ksState>
      <x>992.7402063113201</x>
      <y>866.3373602663428</y>
      <steeringAngle>0.0</steeringAngle>
      <velocity>4.0</velocity>
      <orientation>-2.4333111</orientation>
      <time>27</time>
    </ksState>
    <ksState>
      <x>992.43641395248</x>
      <y>866.0771484243555</y>
      <steeringAngle>0.0</steeringAngle>
      <velocity>4.0</velocity>
      <orientation>-2.4333111</orientation>
      <time>28</time>
    </ksState>
    <ksState>
      <x>992.13262159364</x>
      <y>865.8169365823682</y>
      <steeringAngle>0.0</steeringAngle>
      <velocity>4.0</velocity>
      <orientation>-2.4333111</orientation>
      <time>29</time>
    </ksState>
    <ksState>
      <x>991.8288292348001</x>
      <y>865.5567247403809</y>
      <steeringAngle>0.0</steeringAngle>
      <velocity>4.0</velocity>
      <orientation>-2.4333111</orientation>
      <time>30</time>
    </ksState>
    <ksState>
      <x>991.4946576392956</x>
      <y>865.2704917135263</y>
      <steeringAngle>0.0</steeringAngle>
      <velocity>4.8</velocity>
      <orientation>-2.4333111</orientation>
      <time>31</time>
    </ksState>
    <ksState>
      <x>991.0997275719888</x>
      <y>864.9322163182449</y>
      <steeringAngle>0.0</steeringAngle>
      <velocity>5.6</velocity>
      <orientation>-2.4333111</orientation>
      <time>32</time>
    </ksState>
    <ksState>
      <x>990.6440390328917</x>
      <y>864.541898554547</y>
      <steeringAngle>0.0</steeringAngle>
      <velocity>6.4</velocity>
      <orientation>-2.4333111</orientation>
      <time>33</time>
    </ksState>
  </ksTrajectory>
</CommonRoadSolution>
