<?xml version="1.0" ?>
<CommonRoadSolution benchmark_id="KS2:SM1:ESP_SantBoideLlobregat-3_1_T-1:2020a" computation_time="1.600133256999925" date="2020-12-29">
  <ksTrajectory planningProblem="1">
    <ksState>
      <x>-862.53088</x>
      <y>-468.59544</y>
      <steeringAngle>0.0</steeringAngle>
      <velocity>4.0</velocity>
      <orientation>-2.1092266</orientation>
      <time>0</time>
    </ksState>
    <ksState>
      <x>-862.756107524898</x>
      <y>-468.9734246469899</y>
      <steeringAngle>0.035533333333333326</steeringAngle>
      <velocity>4.799999999999999</velocity>
      <orientation>-2.106102821330809</orientation>
      <time>1</time>
    </ksState>
    <ksState>
      <x>-863.0191985671206</x>
      <y>-469.42195605257757</y>
      <steeringAngle>0.07106666666666667</steeringAngle>
      <velocity>5.599999999999998</velocity>
      <orientation>-2.0952522102696363</orientation>
      <time>2</time>
    </ksState>
    <ksState>
      <x>-863.3145789932511</x>
      <y>-469.94419865828013</y>
      <steeringAngle>0.10659999999999999</steeringAngle>
      <velocity>6.3999999999999995</velocity>
      <orientation>-2.074435261269308</orientation>
      <time>3</time>
    </ksState>
    <ksState>
      <x>-863.6333303717641</x>
      <y>-470.5448277626809</y>
      <steeringAngle>0.14213333333333333</steeringAngle>
      <velocity>7.199999999999999</velocity>
      <orientation>-2.041375690288143</orientation>
      <time>4</time>
    </ksState>
    <ksState>
      <x>-863.9622712388964</x>
      <y>-471.229874129427</y>
      <steeringAngle>0.17766666666666664</steeringAngle>
      <velocity>7.9999999999999964</velocity>
      <orientation>-1.9937483682065966</orientation>
      <time>5</time>
    </ksState>
    <ksState>
      <x>-864.254497371413</x>
      <y>-471.93133020649964</y>
      <steeringAngle>0.21320000000000014</steeringAngle>
      <velocity>7.200000000000003</velocity>
      <orientation>-1.9354990411351038</orientation>
      <time>6</time>
    </ksState>
    <ksState>
      <x>-864.4777470274497</x>
      <y>-472.5735232723746</y>
      <steeringAngle>0.24873333333333347</steeringAngle>
      <velocity>6.400000000000004</velocity>
      <orientation>-1.8735819536493243</orientation>
      <time>7</time>
    </ksState>
    <ksState>
      <x>-864.6388076922565</x>
      <y>-473.15139770513576</y>
      <steeringAngle>0.2842666666666668</steeringAngle>
      <velocity>5.600000000000001</velocity>
      <orientation>-1.8101598108854033</orientation>
      <time>8</time>
    </ksState>
    <ksState>
      <x>-864.746504138563</x>
      <y>-473.6600359391139</y>
      <steeringAngle>0.3198</steeringAngle>
      <velocity>4.800000000000002</velocity>
      <orientation>-1.7474307111434506</orientation>
      <time>9</time>
    </ksState>
    <ksState>
      <x>-864.811074992603</x>
      <y>-474.0952059812779</y>
      <steeringAngle>0.3553333333333332</steeringAngle>
      <velocity>4.000000000000001</velocity>
      <orientation>-1.687640877095236</orientation>
      <time>10</time>
    </ksState>
    <ksState>
      <x>-864.8466652473356</x>
      <y>-474.49356989712686</y>
      <steeringAngle>0.31979999999999986</steeringAngle>
      <velocity>4.0</velocity>
      <orientation>-1.6331926779018564</orientation>
      <time>11</time>
    </ksState>
    <ksState>
      <x>-864.8617510209406</x>
      <y>-474.8932463624217</y>
      <steeringAngle>0.28426666666666656</steeringAngle>
      <velocity>4.0</velocity>
      <orientation>-1.5848619984205992</orientation>
      <time>12</time>
    </ksState>
    <ksState>
      <x>-864.8587106894478</x>
      <y>-475.29320490597195</y>
      <steeringAngle>0.2487333333333332</steeringAngle>
      <velocity>4.0</velocity>
      <orientation>-1.542514764697724</orientation>
      <time>13</time>
    </ksState>
    <ksState>
      <x>-864.83991638731</x>
      <y>-475.69274091389974</y>
      <steeringAngle>0.21319999999999986</steeringAngle>
      <velocity>4.0</velocity>
      <orientation>-1.5060359236240963</orientation>
      <time>14</time>
    </ksState>
    <ksState>
      <x>-864.8077159089515</x>
      <y>-476.0914269383071</y>
      <steeringAngle>0.1776666666666665</steeringAngle>
      <velocity>4.0</velocity>
      <orientation>-1.4753281409752685</orientation>
      <time>15</time>
    </ksState>
    <ksState>
      <x>-864.7640471709578</x>
      <y>-476.48902307477863</y>
      <steeringAngle>0.17766666666666667</steeringAngle>
      <velocity>4.0</velocity>
      <orientation>-1.4474776528200126</orientation>
      <time>16</time>
    </ksState>
    <ksState>
      <x>-864.7093235512872</x>
      <y>-476.8852490209789</y>
      <steeringAngle>0.17766666666666667</steeringAngle>
      <velocity>4.0</velocity>
      <orientation>-1.4196271646647567</orientation>
      <time>17</time>
    </ksState>
    <ksState>
      <x>-864.6435874940892</x>
      <y>-477.2797974299163</y>
      <steeringAngle>0.17766666666666667</steeringAngle>
      <velocity>4.0</velocity>
      <orientation>-1.391776676509501</orientation>
      <time>18</time>
    </ksState>
    <ksState>
      <x>-864.5668899845288</x>
      <y>-477.6723622897906</y>
      <steeringAngle>0.17766666666666667</steeringAngle>
      <velocity>4.0</velocity>
      <orientation>-1.363926188354245</orientation>
      <time>19</time>
    </ksState>
    <ksState>
      <x>-864.4792905081488</x>
      <y>-478.06263912713507</y>
      <steeringAngle>0.17766666666666667</steeringAngle>
      <velocity>4.0</velocity>
      <orientation>-1.3360757001989891</orientation>
      <time>20</time>
    </ksState>
    <ksState>
      <x>-864.3812229293726</x>
      <y>-478.4504205042701</y>
      <steeringAngle>0.1421333333333333</steeringAngle>
      <velocity>4.0</velocity>
      <orientation>-1.311058293854466</orientation>
      <time>21</time>
    </ksState>
    <ksState>
      <x>-864.2745704063108</x>
      <y>-478.83593343096237</y>
      <steeringAngle>0.10659999999999999</steeringAngle>
      <velocity>4.0</velocity>
      <orientation>-1.2916663675637152</orientation>
      <time>22</time>
    </ksState>
    <ksState>
      <x>-864.1615322753125</x>
      <y>-479.2196257904445</y>
      <steeringAngle>0.07106666666666664</steeringAngle>
      <velocity>4.0</velocity>
      <orientation>-1.2778501278287624</orientation>
      <time>23</time>
    </ksState>
    <ksState>
      <x>-864.0442631572486</x>
      <y>-479.60204837219226</y>
      <steeringAngle>0.03553333333333332</steeringAngle>
      <velocity>4.0</velocity>
      <orientation>-1.269574367366497</orientation>
      <time>24</time>
    </ksState>
    <ksState>
      <x>-863.9248865282976</x>
      <y>-479.9838193874747</y>
      <steeringAngle>-2.2985086056692694e-17</steeringAngle>
      <velocity>4.0</velocity>
      <orientation>-1.2668181040716566</orientation>
      <time>25</time>
    </ksState>
    <ksState>
      <x>-863.8055099055989</x>
      <y>-480.3655903904034</y>
      <steeringAngle>-0.035533333333333326</steeringAngle>
      <velocity>4.0</velocity>
      <orientation>-1.269574378604257</orientation>
      <time>26</time>
    </ksState>
    <ksState>
      <x>-863.6882407912334</x>
      <y>-480.7480129733192</y>
      <steeringAngle>-0.07106666666666711</steeringAngle>
      <velocity>4.0</velocity>
      <orientation>-1.2778501391475425</orientation>
      <time>27</time>
    </ksState>
    <ksState>
      <x>-863.5752026643911</x>
      <y>-481.1317053339045</y>
      <steeringAngle>-0.10660000000000043</steeringAngle>
      <velocity>4.0</velocity>
      <orientation>-1.2916663789666794</orientation>
      <time>28</time>
    </ksState>
    <ksState>
      <x>-863.468550145848</x>
      <y>-481.5172182614213</y>
      <steeringAngle>-0.14213333333333378</steeringAngle>
      <velocity>4.0</velocity>
      <orientation>-1.3110583053522251</orientation>
      <time>29</time>
    </ksState>
    <ksState>
      <x>-863.3704825718023</x>
      <y>-481.9049996390303</y>
      <steeringAngle>-0.1776666666666672</steeringAngle>
      <velocity>4.0</velocity>
      <orientation>-1.3360757118036224</orientation>
      <time>30</time>
    </ksState>
    <ksState>
      <x>-863.2911535274245</x>
      <y>-482.25614080264575</y>
      <steeringAngle>-0.17766666666666667</steeringAngle>
      <velocity>3.2000000000000006</velocity>
      <orientation>-1.3611411510718</orientation>
      <time>31</time>
    </ksState>
    <ksState>
      <x>-863.2355523891542</x>
      <y>-482.53056024365816</y>
      <steeringAngle>-0.17766666666666667</steeringAngle>
      <velocity>2.4000000000000012</velocity>
      <orientation>-1.3806364927018298</orientation>
      <time>32</time>
    </ksState>
    <ksState>
      <x>-863.1991178511531</x>
      <y>-482.72721190902973</y>
      <steeringAngle>-0.17766666666666667</steeringAngle>
      <velocity>1.6000000000000005</velocity>
      <orientation>-1.3945617367008107</orientation>
      <time>33</time>
    </ksState>
  </ksTrajectory>
</CommonRoadSolution>
