<?xml version="1.0" ?>
<CommonRoadSolution benchmark_id="KS2:SM1:DEU_Guetersloh-55_1_T-1:2020a" computation_time="1.029875451999942" date="2020-12-29">
  <ksTrajectory planningProblem="1">
    <ksState>
      <x>-597.87006</x>
      <y>-729.73629</y>
      <steeringAngle>0.0</steeringAngle>
      <velocity>8.0</velocity>
      <orientation>1.9725512</orientation>
      <time>0</time>
    </ksState>
    <ksState>
      <x>-598.1660559932131</x>
      <y>-729.0363007020576</y>
      <steeringAngle>-0.03553333333333333</steeringAngle>
      <velocity>7.199999999999999</velocity>
      <orientation>1.9674061870175077</orientation>
      <time>1</time>
    </ksState>
    <ksState>
      <x>-598.4248360869065</x>
      <y>-728.4074721894016</y>
      <steeringAngle>-0.07106666666666664</steeringAngle>
      <velocity>6.400000000000001</velocity>
      <orientation>1.9534295148965446</orientation>
      <time>2</time>
    </ksState>
    <ksState>
      <x>-598.6434848741347</x>
      <y>-727.8487415504993</y>
      <steeringAngle>-0.10659999999999997</steeringAngle>
      <velocity>5.600000000000004</velocity>
      <orientation>1.9327977470306632</orientation>
      <time>3</time>
    </ksState>
    <ksState>
      <x>-598.821810981966</x>
      <y>-727.360289313483</y>
      <steeringAngle>-0.1421333333333333</steeringAngle>
      <velocity>4.800000000000003</velocity>
      <orientation>1.907681539522015</orientation>
      <time>4</time>
    </ksState>
    <ksState>
      <x>-598.9617562152861</x>
      <y>-726.9431523993235</y>
      <steeringAngle>-0.17766666666666653</steeringAngle>
      <velocity>4.000000000000006</velocity>
      <orientation>1.8802566429368652</orientation>
      <time>5</time>
    </ksState>
    <ksState>
      <x>-599.0897747436345</x>
      <y>-726.5222021269085</y>
      <steeringAngle>-0.14213333333333333</steeringAngle>
      <velocity>4.8000000000000025</velocity>
      <orientation>1.8528317432185128</orientation>
      <time>6</time>
    </ksState>
    <ksState>
      <x>-599.227905893723</x>
      <y>-726.0208982506553</y>
      <steeringAngle>-0.10660000000000003</steeringAngle>
      <velocity>5.600000000000005</velocity>
      <orientation>1.827715530939595</orientation>
      <time>7</time>
    </ksState>
    <ksState>
      <x>-599.3739664698228</x>
      <y>-725.4389587949029</y>
      <steeringAngle>-0.07106666666666671</steeringAngle>
      <velocity>6.400000000000004</velocity>
      <orientation>1.8070837613401354</orientation>
      <time>8</time>
    </ksState>
    <ksState>
      <x>-599.5280076253537</x>
      <y>-724.7766418306418</y>
      <steeringAngle>-0.035533333333333375</steeringAngle>
      <velocity>7.200000000000006</velocity>
      <orientation>1.7931070932473432</orientation>
      <time>9</time>
    </ksState>
    <ksState>
      <x>-599.693020615053</x>
      <y>-724.0347730002119</y>
      <steeringAngle>-2.6346112791397758e-17</steeringAngle>
      <velocity>8.000000000000007</velocity>
      <orientation>1.7879620804677747</orientation>
      <time>10</time>
    </ksState>
    <ksState>
      <x>-599.8580335900252</x>
      <y>-723.292904168596</y>
      <steeringAngle>0.03553333333333333</steeringAngle>
      <velocity>7.199999999999999</velocity>
      <orientation>1.793107093450267</orientation>
      <time>11</time>
    </ksState>
    <ksState>
      <x>-600.0120747252963</x>
      <y>-722.6305872022834</y>
      <steeringAngle>0.07106666666666664</steeringAngle>
      <velocity>6.400000000000001</velocity>
      <orientation>1.8070837655712302</orientation>
      <time>12</time>
    </ksState>
    <ksState>
      <x>-600.1581352896657</x>
      <y>-722.0486477462052</y>
      <steeringAngle>0.10659999999999997</steeringAngle>
      <velocity>5.600000000000004</velocity>
      <orientation>1.8277155334371116</orientation>
      <time>13</time>
    </ksState>
    <ksState>
      <x>-600.296266422828</x>
      <y>-721.5473438676727</y>
      <steeringAngle>0.1421333333333333</steeringAngle>
      <velocity>4.800000000000003</velocity>
      <orientation>1.8528317409457598</orientation>
      <time>14</time>
    </ksState>
    <ksState>
      <x>-600.4242849384515</x>
      <y>-721.1263935937196</y>
      <steeringAngle>0.17766666666666653</steeringAngle>
      <velocity>4.000000000000006</velocity>
      <orientation>1.8802566375309095</orientation>
      <time>15</time>
    </ksState>
    <ksState>
      <x>-600.5510344231847</x>
      <y>-720.7470175077842</y>
      <steeringAngle>0.1421333333333333</steeringAngle>
      <velocity>4.0</velocity>
      <orientation>1.9052740438754328</orientation>
      <time>16</time>
    </ksState>
    <ksState>
      <x>-600.6861755000579</x>
      <y>-720.3705445782609</y>
      <steeringAngle>0.10659999999999999</steeringAngle>
      <velocity>4.0</velocity>
      <orientation>1.9246659701661835</orientation>
      <time>17</time>
    </ksState>
    <ksState>
      <x>-600.8275484161269</x>
      <y>-719.9963639475668</y>
      <steeringAngle>0.07106666666666664</steeringAngle>
      <velocity>4.0</velocity>
      <orientation>1.9384822099011363</orientation>
      <time>18</time>
    </ksState>
    <ksState>
      <x>-600.9730456931148</x>
      <y>-719.6237654780703</y>
      <steeringAngle>0.03553333333333332</steeringAngle>
      <velocity>4.0</velocity>
      <orientation>1.9467579703634017</orientation>
      <time>19</time>
    </ksState>
    <ksState>
      <x>-601.1205959448835</x>
      <y>-719.2519741241464</y>
      <steeringAngle>-2.2985086056692694e-17</steeringAngle>
      <velocity>4.0</velocity>
      <orientation>1.949514233658242</orientation>
      <time>20</time>
    </ksState>
    <ksState>
      <x>-601.2684877570159</x>
      <y>-718.8803183534335</y>
      <steeringAngle>0.0</steeringAngle>
      <velocity>4.0</velocity>
      <orientation>1.949514233658242</orientation>
      <time>21</time>
    </ksState>
    <ksState>
      <x>-601.4163795691483</x>
      <y>-718.5086625827206</y>
      <steeringAngle>0.0</steeringAngle>
      <velocity>4.0</velocity>
      <orientation>1.949514233658242</orientation>
      <time>22</time>
    </ksState>
    <ksState>
      <x>-601.5642713812807</x>
      <y>-718.1370068120077</y>
      <steeringAngle>0.0</steeringAngle>
      <velocity>4.0</velocity>
      <orientation>1.949514233658242</orientation>
      <time>23</time>
    </ksState>
    <ksState>
      <x>-601.7121631934132</x>
      <y>-717.7653510412948</y>
      <steeringAngle>0.0</steeringAngle>
      <velocity>4.0</velocity>
      <orientation>1.949514233658242</orientation>
      <time>24</time>
    </ksState>
    <ksState>
      <x>-601.8600550055455</x>
      <y>-717.3936952705819</y>
      <steeringAngle>0.0</steeringAngle>
      <velocity>4.0</velocity>
      <orientation>1.949514233658242</orientation>
      <time>25</time>
    </ksState>
    <ksState>
      <x>-602.0076052501569</x>
      <y>-717.0219039285105</y>
      <steeringAngle>-0.035533333333333326</steeringAngle>
      <velocity>4.0</velocity>
      <orientation>1.9467579591256416</orientation>
      <time>26</time>
    </ksState>
    <ksState>
      <x>-602.153102523544</x>
      <y>-716.649305457573</y>
      <steeringAngle>-0.07106666666666711</steeringAngle>
      <velocity>4.0</velocity>
      <orientation>1.9384821985823562</orientation>
      <time>27</time>
    </ksState>
    <ksState>
      <x>-602.294475435551</x>
      <y>-716.2751248254684</y>
      <steeringAngle>-0.10660000000000043</steeringAngle>
      <velocity>4.0</velocity>
      <orientation>1.9246659587632193</orientation>
      <time>28</time>
    </ksState>
    <ksState>
      <x>-602.4296165079796</x>
      <y>-715.8986518947854</y>
      <steeringAngle>-0.14213333333333378</steeringAngle>
      <velocity>4.0</velocity>
      <orientation>1.9052740323776736</orientation>
      <time>29</time>
    </ksState>
    <ksState>
      <x>-602.5563659880308</x>
      <y>-715.5192758080242</y>
      <steeringAngle>-0.1776666666666672</steeringAngle>
      <velocity>4.0</velocity>
      <orientation>1.8802566259262763</orientation>
      <time>30</time>
    </ksState>
    <ksState>
      <x>-602.6616933217598</x>
      <y>-715.1750384381228</y>
      <steeringAngle>-0.17766666666666667</steeringAngle>
      <velocity>3.2000000000000006</velocity>
      <orientation>1.8551911866580988</orientation>
      <time>31</time>
    </ksState>
    <ksState>
      <x>-602.7376301705358</x>
      <y>-714.90553684039</y>
      <steeringAngle>-0.17766666666666667</steeringAngle>
      <velocity>2.4000000000000012</velocity>
      <orientation>1.835695845028069</orientation>
      <time>32</time>
    </ksState>
    <ksState>
      <x>-602.7886469974461</x>
      <y>-714.7121547408442</y>
      <steeringAngle>-0.17766666666666667</steeringAngle>
      <velocity>1.6000000000000005</velocity>
      <orientation>1.821770601029088</orientation>
      <time>33</time>
    </ksState>
  </ksTrajectory>
</CommonRoadSolution>
