<?xml version="1.0" ?>
<CommonRoadSolution benchmark_id="KS2:SM1:BEL_Nivelles-20_1_T-1:2020a" computation_time="1.2034462090000488" date="2020-12-29">
  <ksTrajectory planningProblem="1">
    <ksState>
      <x>-883.77781</x>
      <y>-626.00842</y>
      <steeringAngle>0.0</steeringAngle>
      <velocity>4.0</velocity>
      <orientation>-2.1064599</orientation>
      <time>0</time>
    </ksState>
    <ksState>
      <x>-883.9819747113398</x>
      <y>-626.3523920492185</y>
      <steeringAngle>0.0</steeringAngle>
      <velocity>4.0</velocity>
      <orientation>-2.1064599</orientation>
      <time>1</time>
    </ksState>
    <ksState>
      <x>-884.1861394226795</x>
      <y>-626.6963640984369</y>
      <steeringAngle>0.0</steeringAngle>
      <velocity>4.0</velocity>
      <orientation>-2.1064599</orientation>
      <time>2</time>
    </ksState>
    <ksState>
      <x>-884.3903041340193</x>
      <y>-627.0403361476555</y>
      <steeringAngle>0.0</steeringAngle>
      <velocity>4.0</velocity>
      <orientation>-2.1064599</orientation>
      <time>3</time>
    </ksState>
    <ksState>
      <x>-884.5944688453591</x>
      <y>-627.3843081968739</y>
      <steeringAngle>0.0</steeringAngle>
      <velocity>4.0</velocity>
      <orientation>-2.1064599</orientation>
      <time>4</time>
    </ksState>
    <ksState>
      <x>-884.7986335566989</x>
      <y>-627.7282802460924</y>
      <steeringAngle>0.0</steeringAngle>
      <velocity>4.0</velocity>
      <orientation>-2.1064599</orientation>
      <time>5</time>
    </ksState>
    <ksState>
      <x>-885.0027982680386</x>
      <y>-628.0722522953108</y>
      <steeringAngle>0.0</steeringAngle>
      <velocity>4.0</velocity>
      <orientation>-2.1064599</orientation>
      <time>6</time>
    </ksState>
    <ksState>
      <x>-885.2069629793783</x>
      <y>-628.4162243445293</y>
      <steeringAngle>0.0</steeringAngle>
      <velocity>4.0</velocity>
      <orientation>-2.1064599</orientation>
      <time>7</time>
    </ksState>
    <ksState>
      <x>-885.4111276907181</x>
      <y>-628.7601963937478</y>
      <steeringAngle>0.0</steeringAngle>
      <velocity>4.0</velocity>
      <orientation>-2.1064599</orientation>
      <time>8</time>
    </ksState>
    <ksState>
      <x>-885.6152924020579</x>
      <y>-629.1041684429663</y>
      <steeringAngle>0.0</steeringAngle>
      <velocity>4.0</velocity>
      <orientation>-2.1064599</orientation>
      <time>9</time>
    </ksState>
    <ksState>
      <x>-885.8194571133977</x>
      <y>-629.4481404921847</y>
      <steeringAngle>0.0</steeringAngle>
      <velocity>4.0</velocity>
      <orientation>-2.1064599</orientation>
      <time>10</time>
    </ksState>
    <ksState>
      <x>-886.0236218247375</x>
      <y>-629.7921125414032</y>
      <steeringAngle>0.0</steeringAngle>
      <velocity>4.0</velocity>
      <orientation>-2.1064599</orientation>
      <time>11</time>
    </ksState>
    <ksState>
      <x>-886.2277865360771</x>
      <y>-630.1360845906216</y>
      <steeringAngle>0.0</steeringAngle>
      <velocity>4.0</velocity>
      <orientation>-2.1064599</orientation>
      <time>12</time>
    </ksState>
    <ksState>
      <x>-886.4319512474169</x>
      <y>-630.4800566398402</y>
      <steeringAngle>0.0</steeringAngle>
      <velocity>4.0</velocity>
      <orientation>-2.1064599</orientation>
      <time>13</time>
    </ksState>
    <ksState>
      <x>-886.6361159587567</x>
      <y>-630.8240286890587</y>
      <steeringAngle>0.0</steeringAngle>
      <velocity>4.0</velocity>
      <orientation>-2.1064599</orientation>
      <time>14</time>
    </ksState>
    <ksState>
      <x>-886.8402806700965</x>
      <y>-631.1680007382771</y>
      <steeringAngle>0.0</steeringAngle>
      <velocity>4.0</velocity>
      <orientation>-2.1064599</orientation>
      <time>15</time>
    </ksState>
    <ksState>
      <x>-887.0444453814363</x>
      <y>-631.5119727874956</y>
      <steeringAngle>0.0</steeringAngle>
      <velocity>4.0</velocity>
      <orientation>-2.1064599</orientation>
      <time>16</time>
    </ksState>
    <ksState>
      <x>-887.248610092776</x>
      <y>-631.855944836714</y>
      <steeringAngle>0.0</steeringAngle>
      <velocity>4.0</velocity>
      <orientation>-2.1064599</orientation>
      <time>17</time>
    </ksState>
    <ksState>
      <x>-887.4527748041157</x>
      <y>-632.1999168859326</y>
      <steeringAngle>0.0</steeringAngle>
      <velocity>4.0</velocity>
      <orientation>-2.1064599</orientation>
      <time>18</time>
    </ksState>
    <ksState>
      <x>-887.6569395154555</x>
      <y>-632.543888935151</y>
      <steeringAngle>0.0</steeringAngle>
      <velocity>4.0</velocity>
      <orientation>-2.1064599</orientation>
      <time>19</time>
    </ksState>
    <ksState>
      <x>-887.8611042267953</x>
      <y>-632.8878609843695</y>
      <steeringAngle>0.0</steeringAngle>
      <velocity>4.0</velocity>
      <orientation>-2.1064599</orientation>
      <time>20</time>
    </ksState>
    <ksState>
      <x>-888.0652689381351</x>
      <y>-633.2318330335879</y>
      <steeringAngle>0.0</steeringAngle>
      <velocity>4.0</velocity>
      <orientation>-2.1064599</orientation>
      <time>21</time>
    </ksState>
    <ksState>
      <x>-888.2694336494748</x>
      <y>-633.5758050828064</y>
      <steeringAngle>0.0</steeringAngle>
      <velocity>4.0</velocity>
      <orientation>-2.1064599</orientation>
      <time>22</time>
    </ksState>
    <ksState>
      <x>-888.4735983608145</x>
      <y>-633.9197771320249</y>
      <steeringAngle>0.0</steeringAngle>
      <velocity>4.0</velocity>
      <orientation>-2.1064599</orientation>
      <time>23</time>
    </ksState>
    <ksState>
      <x>-888.6777630721543</x>
      <y>-634.2637491812434</y>
      <steeringAngle>0.0</steeringAngle>
      <velocity>4.0</velocity>
      <orientation>-2.1064599</orientation>
      <time>24</time>
    </ksState>
    <ksState>
      <x>-888.8819277834941</x>
      <y>-634.6077212304618</y>
      <steeringAngle>0.0</steeringAngle>
      <velocity>4.0</velocity>
      <orientation>-2.1064599</orientation>
      <time>25</time>
    </ksState>
    <ksState>
      <x>-889.086408344524</x>
      <y>-634.9515054315024</y>
      <steeringAngle>-0.035533333333333326</steeringAngle>
      <velocity>4.0</velocity>
      <orientation>-2.1092161745326004</orientation>
      <time>26</time>
    </ksState>
    <ksState>
      <x>-889.2927811898141</x>
      <y>-635.2941558741329</y>
      <steeringAngle>-0.07106666666666711</steeringAngle>
      <velocity>4.0</velocity>
      <orientation>-2.117491935075886</orientation>
      <time>27</time>
    </ksState>
    <ksState>
      <x>-889.5029244179169</x>
      <y>-635.6345046208238</y>
      <steeringAngle>-0.10660000000000043</steeringAngle>
      <velocity>4.0</velocity>
      <orientation>-2.1313081748950227</orientation>
      <time>28</time>
    </ksState>
    <ksState>
      <x>-889.718686742444</x>
      <y>-635.9713155415328</y>
      <steeringAngle>-0.14213333333333378</steeringAngle>
      <velocity>4.0</velocity>
      <orientation>-2.1507001012805684</orientation>
      <time>29</time>
    </ksState>
    <ksState>
      <x>-889.9418701311023</x>
      <y>-636.3032505064378</y>
      <steeringAngle>-0.1776666666666672</steeringAngle>
      <velocity>4.0</velocity>
      <orientation>-2.175717507731966</orientation>
      <time>30</time>
    </ksState>
    <ksState>
      <x>-890.1502906678465</x>
      <y>-636.5967706827977</y>
      <steeringAngle>-0.17766666666666667</steeringAngle>
      <velocity>3.2000000000000006</velocity>
      <orientation>-2.2007829470001434</orientation>
      <time>31</time>
    </ksState>
    <ksState>
      <x>-890.3174430718924</x>
      <y>-636.8213983525186</y>
      <steeringAngle>-0.17766666666666667</steeringAngle>
      <velocity>2.4000000000000012</velocity>
      <orientation>-2.2202782886301735</orientation>
      <time>32</time>
    </ksState>
    <ksState>
      <x>-890.4395029386452</x>
      <y>-636.9798304893503</y>
      <steeringAngle>-0.17766666666666667</steeringAngle>
      <velocity>1.6000000000000005</velocity>
      <orientation>-2.234203532629154</orientation>
      <time>33</time>
    </ksState>
  </ksTrajectory>
</CommonRoadSolution>
