<?xml version="1.0" ?>
<CommonRoadSolution benchmark_id="KS2:SM1:DEU_Guetersloh-15_2_T-1:2020a" computation_time="1.3352622439999777" date="2020-12-29">
  <ksTrajectory planningProblem="1">
    <ksState>
      <x>285.1094</x>
      <y>51.066769</y>
      <steeringAngle>0.0</steeringAngle>
      <velocity>12.0</velocity>
      <orientation>0.42572805</orientation>
      <time>0</time>
    </ksState>
    <ksState>
      <x>286.1658564291608</x>
      <y>51.5458303866211</y>
      <steeringAngle>0.0</steeringAngle>
      <velocity>11.200000000000001</velocity>
      <orientation>0.42572805</orientation>
      <time>1</time>
    </ksState>
    <ksState>
      <x>287.1494537938002</x>
      <y>51.99185305672335</y>
      <steeringAngle>0.0</steeringAngle>
      <velocity>10.4</velocity>
      <orientation>0.42572805</orientation>
      <time>2</time>
    </ksState>
    <ksState>
      <x>288.0601920942002</x>
      <y>52.40483701043467</y>
      <steeringAngle>0.0</steeringAngle>
      <velocity>9.599999999999998</velocity>
      <orientation>0.42572805</orientation>
      <time>3</time>
    </ksState>
    <ksState>
      <x>288.898071330441</x>
      <y>52.78478224779139</y>
      <steeringAngle>0.0</steeringAngle>
      <velocity>8.799999999999999</velocity>
      <orientation>0.42572805</orientation>
      <time>4</time>
    </ksState>
    <ksState>
      <x>289.66309150254875</x>
      <y>53.13168876880541</y>
      <steeringAngle>0.0</steeringAngle>
      <velocity>7.999999999999997</velocity>
      <orientation>0.42572805</orientation>
      <time>5</time>
    </ksState>
    <ksState>
      <x>290.35578437897317</x>
      <y>53.444379069555424</y>
      <steeringAngle>-0.03553333333333333</steeringAngle>
      <velocity>7.199999999999999</velocity>
      <orientation>0.4205830370175077</orientation>
      <time>6</time>
    </ksState>
    <ksState>
      <x>290.9782290155363</x>
      <y>53.71815837782196</y>
      <steeringAngle>-0.07106666666666664</steeringAngle>
      <velocity>6.400000000000001</velocity>
      <orientation>0.4066063648965446</orientation>
      <time>7</time>
    </ksState>
    <ksState>
      <x>291.5315579032225</x>
      <y>53.950137603306594</y>
      <steeringAngle>-0.10659999999999997</steeringAngle>
      <velocity>5.600000000000004</velocity>
      <orientation>0.3859745970306632</orientation>
      <time>8</time>
    </ksState>
    <ksState>
      <x>292.0155951531508</x>
      <y>54.140121100648685</y>
      <steeringAngle>-0.1421333333333333</steeringAngle>
      <velocity>4.800000000000003</velocity>
      <orientation>0.360858389522015</orientation>
      <time>9</time>
    </ksState>
    <ksState>
      <x>292.4292575955291</x>
      <y>54.290025260861654</y>
      <steeringAngle>-0.17766666666666653</steeringAngle>
      <velocity>4.000000000000006</velocity>
      <orientation>0.33343349293686514</orientation>
      <time>10</time>
    </ksState>
    <ksState>
      <x>292.8088847428546</x>
      <y>54.41602079837494</y>
      <steeringAngle>-0.1421333333333333</steeringAngle>
      <velocity>4.0</velocity>
      <orientation>0.3084160865923418</orientation>
      <time>11</time>
    </ksState>
    <ksState>
      <x>293.1912191849681</x>
      <y>54.53355952261546</y>
      <steeringAngle>-0.10659999999999999</steeringAngle>
      <velocity>4.0</velocity>
      <orientation>0.2890241603015913</orientation>
      <time>12</time>
    </ksState>
    <ksState>
      <x>293.57545502820744</x>
      <y>54.64473624029815</y>
      <steeringAngle>-0.07106666666666664</steeringAngle>
      <velocity>4.0</velocity>
      <orientation>0.27520792056663834</orientation>
      <time>13</time>
    </ksState>
    <ksState>
      <x>293.96089717850816</x>
      <y>54.751663439147</y>
      <steeringAngle>-0.03553333333333332</steeringAngle>
      <velocity>4.0</velocity>
      <orientation>0.266932160104373</orientation>
      <time>14</time>
    </ksState>
    <ksState>
      <x>294.34692412958606</x>
      <y>54.85646363328301</y>
      <steeringAngle>2.2985086056692694e-17</steeringAngle>
      <velocity>4.0</velocity>
      <orientation>0.26417589680953263</orientation>
      <time>15</time>
    </ksState>
    <ksState>
      <x>294.7329510668869</x>
      <y>54.96126382604176</y>
      <steeringAngle>0.035533333333333326</steeringAngle>
      <velocity>4.0</velocity>
      <orientation>0.26693217134213304</orientation>
      <time>16</time>
    </ksState>
    <ksState>
      <x>295.1183932161822</x>
      <y>55.0681910286365</y>
      <steeringAngle>0.07106666666666711</steeringAngle>
      <velocity>4.0</velocity>
      <orientation>0.2752079318854185</orientation>
      <time>17</time>
    </ksState>
    <ksState>
      <x>295.50262905811513</x>
      <y>55.17936775041577</y>
      <steeringAngle>0.10660000000000043</steeringAngle>
      <velocity>4.0</velocity>
      <orientation>0.2890241717045553</orientation>
      <time>18</time>
    </ksState>
    <ksState>
      <x>295.88496349849214</x>
      <y>55.296906478908845</y>
      <steeringAngle>0.14213333333333378</steeringAngle>
      <velocity>4.0</velocity>
      <orientation>0.3084160980901011</orientation>
      <time>19</time>
    </ksState>
    <ksState>
      <x>296.2645906436718</x>
      <y>55.42290202066446</y>
      <steeringAngle>0.1776666666666672</steeringAngle>
      <velocity>4.0</velocity>
      <orientation>0.33343350454149845</orientation>
      <time>20</time>
    </ksState>
    <ksState>
      <x>296.640819419533</x>
      <y>55.558709070090316</y>
      <steeringAngle>0.1421333333333333</steeringAngle>
      <velocity>4.0</velocity>
      <orientation>0.35845091088602177</orientation>
      <time>21</time>
    </ksState>
    <ksState>
      <x>297.0139447191887</x>
      <y>55.7028357091239</y>
      <steeringAngle>0.10659999999999999</steeringAngle>
      <velocity>4.0</velocity>
      <orientation>0.37784283717677236</orientation>
      <time>22</time>
    </ksState>
    <ksState>
      <x>297.38462899591286</x>
      <y>55.85313744821588</y>
      <steeringAngle>0.07106666666666664</steeringAngle>
      <velocity>4.0</velocity>
      <orientation>0.39165907691172525</orientation>
      <time>23</time>
    </ksState>
    <ksState>
      <x>297.75363270142947</x>
      <y>56.007524437295515</y>
      <steeringAngle>0.03553333333333332</steeringAngle>
      <velocity>4.0</velocity>
      <orientation>0.3999348373739906</orientation>
      <time>24</time>
    </ksState>
    <ksState>
      <x>298.1217803116444</x>
      <y>56.16394446396259</y>
      <steeringAngle>-2.2985086056692694e-17</steeringAngle>
      <velocity>4.0</velocity>
      <orientation>0.40269110066883096</orientation>
      <time>25</time>
    </ksState>
    <ksState>
      <x>298.48978419009876</x>
      <y>56.320702702797185</y>
      <steeringAngle>0.0</steeringAngle>
      <velocity>4.0</velocity>
      <orientation>0.40269110066883096</orientation>
      <time>26</time>
    </ksState>
    <ksState>
      <x>298.8577880685532</x>
      <y>56.477460941631776</y>
      <steeringAngle>0.0</steeringAngle>
      <velocity>4.0</velocity>
      <orientation>0.40269110066883096</orientation>
      <time>27</time>
    </ksState>
    <ksState>
      <x>299.22579194700756</x>
      <y>56.63421918046637</y>
      <steeringAngle>0.0</steeringAngle>
      <velocity>4.0</velocity>
      <orientation>0.40269110066883096</orientation>
      <time>28</time>
    </ksState>
    <ksState>
      <x>299.59379582546194</x>
      <y>56.79097741930096</y>
      <steeringAngle>0.0</steeringAngle>
      <velocity>4.0</velocity>
      <orientation>0.40269110066883096</orientation>
      <time>29</time>
    </ksState>
    <ksState>
      <x>299.96179970391637</x>
      <y>56.94773565813555</y>
      <steeringAngle>0.0</steeringAngle>
      <velocity>4.0</velocity>
      <orientation>0.40269110066883096</orientation>
      <time>30</time>
    </ksState>
    <ksState>
      <x>300.29300319357986</x>
      <y>57.08881807268394</y>
      <steeringAngle>0.0</steeringAngle>
      <velocity>3.2</velocity>
      <orientation>0.40269110066883096</orientation>
      <time>31</time>
    </ksState>
    <ksState>
      <x>300.5506059074587</x>
      <y>57.198548839425484</y>
      <steeringAngle>0.0</steeringAngle>
      <velocity>2.4000000000000004</velocity>
      <orientation>0.40269110066883096</orientation>
      <time>32</time>
    </ksState>
    <ksState>
      <x>300.73460784564674</x>
      <y>57.276927958400115</y>
      <steeringAngle>0.0</steeringAngle>
      <velocity>1.6</velocity>
      <orientation>0.40269110066883096</orientation>
      <time>33</time>
    </ksState>
  </ksTrajectory>
</CommonRoadSolution>
