<?xml version="1.0" ?>
<CommonRoadSolution benchmark_id="KS2:SM1:DEU_Flensburg-26_1_T-1:2020a" computation_time="3.4805345259999854" date="2020-12-29">
  <ksTrajectory planningProblem="123">
    <ksState>
      <x>449.1863</x>
      <y>-247.50402</y>
      <steeringAngle>0.0</steeringAngle>
      <velocity>8.0</velocity>
      <orientation>0.019117544</orientation>
      <time>0</time>
    </ksState>
    <ksState>
      <x>449.9863</x>
      <y>-247.4887259648</y>
      <steeringAngle>0.0</steeringAngle>
      <velocity>8.0</velocity>
      <orientation>0.019117544</orientation>
      <time>1</time>
    </ksState>
    <ksState>
      <x>450.78630000000004</x>
      <y>-247.4734319296</y>
      <steeringAngle>0.0</steeringAngle>
      <velocity>8.0</velocity>
      <orientation>0.019117544</orientation>
      <time>2</time>
    </ksState>
    <ksState>
      <x>451.5863</x>
      <y>-247.4581378944</y>
      <steeringAngle>0.0</steeringAngle>
      <velocity>8.0</velocity>
      <orientation>0.019117544</orientation>
      <time>3</time>
    </ksState>
    <ksState>
      <x>452.3863</x>
      <y>-247.4428438592</y>
      <steeringAngle>0.0</steeringAngle>
      <velocity>8.0</velocity>
      <orientation>0.019117544</orientation>
      <time>4</time>
    </ksState>
    <ksState>
      <x>453.1863</x>
      <y>-247.427549824</y>
      <steeringAngle>0.0</steeringAngle>
      <velocity>8.0</velocity>
      <orientation>0.019117544</orientation>
      <time>5</time>
    </ksState>
    <ksState>
      <x>453.9863</x>
      <y>-247.41225578880002</y>
      <steeringAngle>0.0</steeringAngle>
      <velocity>8.0</velocity>
      <orientation>0.019117544</orientation>
      <time>6</time>
    </ksState>
    <ksState>
      <x>454.78630000000004</x>
      <y>-247.3969617536</y>
      <steeringAngle>0.0</steeringAngle>
      <velocity>8.0</velocity>
      <orientation>0.019117544</orientation>
      <time>7</time>
    </ksState>
    <ksState>
      <x>455.5863</x>
      <y>-247.38166771840002</y>
      <steeringAngle>0.0</steeringAngle>
      <velocity>8.0</velocity>
      <orientation>0.019117544</orientation>
      <time>8</time>
    </ksState>
    <ksState>
      <x>456.3863</x>
      <y>-247.3663736832</y>
      <steeringAngle>0.0</steeringAngle>
      <velocity>8.0</velocity>
      <orientation>0.019117544</orientation>
      <time>9</time>
    </ksState>
    <ksState>
      <x>457.1863</x>
      <y>-247.35107964800002</y>
      <steeringAngle>0.0</steeringAngle>
      <velocity>8.0</velocity>
      <orientation>0.019117544</orientation>
      <time>10</time>
    </ksState>
    <ksState>
      <x>457.9863</x>
      <y>-247.33578561280004</y>
      <steeringAngle>0.0</steeringAngle>
      <velocity>8.0</velocity>
      <orientation>0.019117544</orientation>
      <time>11</time>
    </ksState>
    <ksState>
      <x>458.78630000000004</x>
      <y>-247.32049157760002</y>
      <steeringAngle>0.0</steeringAngle>
      <velocity>8.0</velocity>
      <orientation>0.019117544</orientation>
      <time>12</time>
    </ksState>
    <ksState>
      <x>459.5863</x>
      <y>-247.30519754240004</y>
      <steeringAngle>0.0</steeringAngle>
      <velocity>8.0</velocity>
      <orientation>0.019117544</orientation>
      <time>13</time>
    </ksState>
    <ksState>
      <x>460.3863</x>
      <y>-247.28990350720002</y>
      <steeringAngle>0.0</steeringAngle>
      <velocity>8.0</velocity>
      <orientation>0.019117544</orientation>
      <time>14</time>
    </ksState>
    <ksState>
      <x>461.1863</x>
      <y>-247.27460947200004</y>
      <steeringAngle>0.0</steeringAngle>
      <velocity>8.0</velocity>
      <orientation>0.019117544</orientation>
      <time>15</time>
    </ksState>
    <ksState>
      <x>461.9863</x>
      <y>-247.25931543680005</y>
      <steeringAngle>0.0</steeringAngle>
      <velocity>8.0</velocity>
      <orientation>0.019117544</orientation>
      <time>16</time>
    </ksState>
    <ksState>
      <x>462.78630000000004</x>
      <y>-247.24402140160004</y>
      <steeringAngle>0.0</steeringAngle>
      <velocity>8.0</velocity>
      <orientation>0.019117544</orientation>
      <time>17</time>
    </ksState>
    <ksState>
      <x>463.5863</x>
      <y>-247.22872736640005</y>
      <steeringAngle>0.0</steeringAngle>
      <velocity>8.0</velocity>
      <orientation>0.019117544</orientation>
      <time>18</time>
    </ksState>
    <ksState>
      <x>464.3863</x>
      <y>-247.21343333120004</y>
      <steeringAngle>0.0</steeringAngle>
      <velocity>8.0</velocity>
      <orientation>0.019117544</orientation>
      <time>19</time>
    </ksState>
    <ksState>
      <x>465.1863</x>
      <y>-247.19813929600005</y>
      <steeringAngle>0.0</steeringAngle>
      <velocity>8.0</velocity>
      <orientation>0.019117544</orientation>
      <time>20</time>
    </ksState>
    <ksState>
      <x>465.9463227105397</x>
      <y>-247.18490201035286</y>
      <steeringAngle>-0.03553333333333333</steeringAngle>
      <velocity>7.199999999999999</velocity>
      <orientation>0.013972531017507676</orientation>
      <time>21</time>
    </ksState>
    <ksState>
      <x>466.62642089864516</x>
      <y>-247.17962136930916</y>
      <steeringAngle>-0.07106666666666664</steeringAngle>
      <velocity>6.400000000000001</velocity>
      <orientation>-4.141103455434364e-06</orientation>
      <time>22</time>
    </ksState>
    <ksState>
      <x>467.2264920627646</x>
      <y>-247.1853993708323</y>
      <steeringAngle>-0.10659999999999997</steeringAngle>
      <velocity>5.600000000000004</velocity>
      <orientation>-0.0206359089693368</orientation>
      <time>23</time>
    </ksState>
    <ksState>
      <x>467.74629723347465</x>
      <y>-247.20234616444222</y>
      <steeringAngle>-0.1421333333333333</steeringAngle>
      <velocity>4.800000000000003</velocity>
      <orientation>-0.045752116477985064</orientation>
      <time>24</time>
    </ksState>
    <ksState>
      <x>468.1855994469767</x>
      <y>-247.22827281648935</y>
      <steeringAngle>-0.17766666666666653</steeringAngle>
      <velocity>4.000000000000006</velocity>
      <orientation>-0.07317701306313487</orientation>
      <time>25</time>
    </ksState>
    <ksState>
      <x>468.5840340949836</x>
      <y>-247.26344738526325</y>
      <steeringAngle>-0.21319999999999995</steeringAngle>
      <velocity>4.0</velocity>
      <orientation>-0.10388479570063504</orientation>
      <time>26</time>
    </ksState>
    <ksState>
      <x>468.9810564815629</x>
      <y>-247.31198060600914</y>
      <steeringAngle>-0.24873333333333336</steeringAngle>
      <velocity>4.0</velocity>
      <orientation>-0.1403636368233293</orientation>
      <time>27</time>
    </ksState>
    <ksState>
      <x>469.37585115284816</x>
      <y>-247.37611521918345</y>
      <steeringAngle>-0.2842666666666667</steeringAngle>
      <velocity>4.0</velocity>
      <orientation>-0.18271087066877734</orientation>
      <time>28</time>
    </ksState>
    <ksState>
      <x>469.7673253167004</x>
      <y>-247.45807146290076</y>
      <steeringAngle>-0.31980000000000003</steeringAngle>
      <velocity>4.0</velocity>
      <orientation>-0.23104155203591237</orientation>
      <time>29</time>
    </ksState>
    <ksState>
      <x>470.1540639352019</x>
      <y>-247.56002098225534</y>
      <steeringAngle>-0.35533333333333333</steeringAngle>
      <velocity>4.0</velocity>
      <orientation>-0.2854897532141908</orientation>
      <time>30</time>
    </ksState>
    <ksState>
      <x>470.53428436882893</x>
      <y>-247.68405027737774</y>
      <steeringAngle>-0.39086666666666653</steeringAngle>
      <velocity>4.0</velocity>
      <orientation>-0.346210119520178</orientation>
      <time>31</time>
    </ksState>
    <ksState>
      <x>470.90579163312714</x>
      <y>-247.83211176584064</y>
      <steeringAngle>-0.42639999999999995</steeringAngle>
      <velocity>4.0</velocity>
      <orientation>-0.4133797329765816</orientation>
      <time>32</time>
    </ksState>
    <ksState>
      <x>471.2659362446609</x>
      <y>-248.00596001583267</y>
      <steeringAngle>-0.4619333333333333</steeringAngle>
      <velocity>4.0</velocity>
      <orientation>-0.4872003166089256</orientation>
      <time>33</time>
    </ksState>
    <ksState>
      <x>471.6115770258841</x>
      <y>-248.20707102846217</y>
      <steeringAngle>-0.49746666666666667</steeringAngle>
      <velocity>4.0</velocity>
      <orientation>-0.5679008584221459</orientation>
      <time>34</time>
    </ksState>
    <ksState>
      <x>471.93905249987034</x>
      <y>-248.43654209431983</y>
      <steeringAngle>-0.533</steeringAngle>
      <velocity>4.0</velocity>
      <orientation>-0.6557407250219546</orientation>
      <time>35</time>
    </ksState>
    <ksState>
      <x>472.244497738798</x>
      <y>-248.6945955477531</y>
      <steeringAngle>-0.533</steeringAngle>
      <velocity>4.0</velocity>
      <orientation>-0.7472450235767745</orientation>
      <time>36</time>
    </ksState>
    <ksState>
      <x>472.52508507986016</x>
      <y>-248.97947999486033</y>
      <steeringAngle>-0.533</steeringAngle>
      <velocity>4.0</velocity>
      <orientation>-0.8387493221315943</orientation>
      <time>37</time>
    </ksState>
    <ksState>
      <x>472.77846676902396</x>
      <y>-249.28881173416025</y>
      <steeringAngle>-0.533</steeringAngle>
      <velocity>4.0</velocity>
      <orientation>-0.9302536206864142</orientation>
      <time>38</time>
    </ksState>
    <ksState>
      <x>473.002522712094</x>
      <y>-249.62000252679118</y>
      <steeringAngle>-0.533</steeringAngle>
      <velocity>4.0</velocity>
      <orientation>-1.021757919241234</orientation>
      <time>39</time>
    </ksState>
    <ksState>
      <x>473.1953781892693</x>
      <y>-249.9702812351406</y>
      <steeringAngle>-0.533</steeringAngle>
      <velocity>4.0</velocity>
      <orientation>-1.1132622177960538</orientation>
      <time>40</time>
    </ksState>
    <ksState>
      <x>473.35587287256345</x>
      <y>-250.33653062169938</y>
      <steeringAngle>-0.4974666666666666</steeringAngle>
      <velocity>4.0</velocity>
      <orientation>-1.201102084635503</orientation>
      <time>41</time>
    </ksState>
    <ksState>
      <x>473.48498579732035</x>
      <y>-250.71500524951938</y>
      <steeringAngle>-0.4619333333333334</steeringAngle>
      <velocity>4.0</velocity>
      <orientation>-1.2818026264226732</orientation>
      <time>42</time>
    </ksState>
    <ksState>
      <x>473.58451375579386</x>
      <y>-251.10233139811388</y>
      <steeringAngle>-0.42640000000000017</steeringAngle>
      <velocity>4.0</velocity>
      <orientation>-1.3556232096724783</orientation>
      <time>43</time>
    </ksState>
    <ksState>
      <x>473.65652238649125</x>
      <y>-251.4957200294771</y>
      <steeringAngle>-0.3908666666666668</steeringAngle>
      <velocity>4.0</velocity>
      <orientation>-1.4227928225353408</orientation>
      <time>44</time>
    </ksState>
    <ksState>
      <x>473.70325364264164</x>
      <y>-251.89291900026248</y>
      <steeringAngle>-0.3553333333333335</steeringAngle>
      <velocity>4.0</velocity>
      <orientation>-1.4835131904136265</orientation>
      <time>45</time>
    </ksState>
    <ksState>
      <x>473.72705386222776</x>
      <y>-252.29216081324066</y>
      <steeringAngle>-0.31979999999999986</steeringAngle>
      <velocity>4.0</velocity>
      <orientation>-1.5379613896070061</orientation>
      <time>46</time>
    </ksState>
    <ksState>
      <x>473.7303197640665</x>
      <y>-252.6921085490275</y>
      <steeringAngle>-0.28426666666666656</steeringAngle>
      <velocity>4.0</velocity>
      <orientation>-1.5862920690882634</orientation>
      <time>47</time>
    </ksState>
    <ksState>
      <x>473.7154591428081</x>
      <y>-253.09180248457096</y>
      <steeringAngle>-0.2487333333333332</steeringAngle>
      <velocity>4.0</velocity>
      <orientation>-1.6286393028111386</orientation>
      <time>48</time>
    </ksState>
    <ksState>
      <x>473.68486392285257</x>
      <y>-253.49060842727943</y>
      <steeringAngle>-0.21319999999999986</steeringAngle>
      <velocity>4.0</velocity>
      <orientation>-1.6651181438847662</orientation>
      <time>49</time>
    </ksState>
    <ksState>
      <x>473.6408935069808</x>
      <y>-253.88816851002457</y>
      <steeringAngle>-0.1776666666666665</steeringAngle>
      <velocity>4.0</velocity>
      <orientation>-1.695825926533594</orientation>
      <time>50</time>
    </ksState>
    <ksState>
      <x>473.57981910128115</x>
      <y>-254.32389525055723</y>
      <steeringAngle>-0.14213333333333333</steeringAngle>
      <velocity>4.8000000000000025</velocity>
      <orientation>-1.7232508262519464</orientation>
      <time>51</time>
    </ksState>
    <ksState>
      <x>473.49409303177913</x>
      <y>-254.83676641564554</y>
      <steeringAngle>-0.10660000000000003</steeringAngle>
      <velocity>5.600000000000005</velocity>
      <orientation>-1.7483670385308643</orientation>
      <time>52</time>
    </ksState>
    <ksState>
      <x>473.3816162576163</x>
      <y>-255.4261187697817</y>
      <steeringAngle>-0.07106666666666671</steeringAngle>
      <velocity>6.400000000000004</velocity>
      <orientation>-1.7689988081303238</orientation>
      <time>53</time>
    </ksState>
    <ksState>
      <x>473.24254381369354</x>
      <y>-256.09173975359056</y>
      <steeringAngle>-0.035533333333333375</steeringAngle>
      <velocity>7.200000000000006</velocity>
      <orientation>-1.782975476223116</orientation>
      <time>54</time>
    </ksState>
    <ksState>
      <x>473.0799365742513</x>
      <y>-256.8341396013908</y>
      <steeringAngle>-2.6346112791397758e-17</steeringAngle>
      <velocity>8.000000000000007</velocity>
      <orientation>-1.7881204890026845</orientation>
      <time>55</time>
    </ksState>
    <ksState>
      <x>472.9074425729333</x>
      <y>-257.6153219229453</y>
      <steeringAngle>0.0</steeringAngle>
      <velocity>8.0</velocity>
      <orientation>-1.7881204890026845</orientation>
      <time>56</time>
    </ksState>
    <ksState>
      <x>472.73494857161523</x>
      <y>-258.39650424449985</y>
      <steeringAngle>0.0</steeringAngle>
      <velocity>8.0</velocity>
      <orientation>-1.7881204890026845</orientation>
      <time>57</time>
    </ksState>
    <ksState>
      <x>472.56245457029723</x>
      <y>-259.1776865660543</y>
      <steeringAngle>0.0</steeringAngle>
      <velocity>8.0</velocity>
      <orientation>-1.7881204890026845</orientation>
      <time>58</time>
    </ksState>
    <ksState>
      <x>472.38996056897923</x>
      <y>-259.95886888760884</y>
      <steeringAngle>0.0</steeringAngle>
      <velocity>8.0</velocity>
      <orientation>-1.7881204890026845</orientation>
      <time>59</time>
    </ksState>
    <ksState>
      <x>472.21746656766123</x>
      <y>-260.74005120916337</y>
      <steeringAngle>0.0</steeringAngle>
      <velocity>8.0</velocity>
      <orientation>-1.7881204890026845</orientation>
      <time>60</time>
    </ksState>
    <ksState>
      <x>472.04497256634323</x>
      <y>-261.5212335307179</y>
      <steeringAngle>0.0</steeringAngle>
      <velocity>8.0</velocity>
      <orientation>-1.7881204890026845</orientation>
      <time>61</time>
    </ksState>
    <ksState>
      <x>471.8724785650252</x>
      <y>-262.3024158522724</y>
      <steeringAngle>0.0</steeringAngle>
      <velocity>8.0</velocity>
      <orientation>-1.7881204890026845</orientation>
      <time>62</time>
    </ksState>
    <ksState>
      <x>471.6999845637072</x>
      <y>-263.0835981738269</y>
      <steeringAngle>0.0</steeringAngle>
      <velocity>8.0</velocity>
      <orientation>-1.7881204890026845</orientation>
      <time>63</time>
    </ksState>
    <ksState>
      <x>471.5274905623892</x>
      <y>-263.8647804953814</y>
      <steeringAngle>0.0</steeringAngle>
      <velocity>8.0</velocity>
      <orientation>-1.7881204890026845</orientation>
      <time>64</time>
    </ksState>
    <ksState>
      <x>471.3549965610712</x>
      <y>-264.64596281693593</y>
      <steeringAngle>0.0</steeringAngle>
      <velocity>8.0</velocity>
      <orientation>-1.7881204890026845</orientation>
      <time>65</time>
    </ksState>
    <ksState>
      <x>471.18393841878697</x>
      <y>-265.4274596555191</y>
      <steeringAngle>0.03553333333333333</steeringAngle>
      <velocity>8.0</velocity>
      <orientation>-1.7826079539998456</orientation>
      <time>66</time>
    </ksState>
    <ksState>
      <x>471.0215118181327</x>
      <y>-266.2107877347072</y>
      <steeringAngle>0.07106666666666667</steeringAngle>
      <velocity>8.0</velocity>
      <orientation>-1.766056433119576</orientation>
      <time>67</time>
    </ksState>
    <ksState>
      <x>470.8764280058861</x>
      <y>-266.9974959761787</y>
      <steeringAngle>0.10659999999999997</steeringAngle>
      <velocity>8.0</velocity>
      <orientation>-1.7384239538288813</orientation>
      <time>68</time>
    </ksState>
    <ksState>
      <x>470.7575425874179</x>
      <y>-267.7885623009107</y>
      <steeringAngle>0.1421333333333333</steeringAngle>
      <velocity>8.0</velocity>
      <orientation>-1.6996401015561462</orientation>
      <time>69</time>
    </ksState>
    <ksState>
      <x>470.67388944522344</x>
      <y>-268.5840926500579</y>
      <steeringAngle>0.17766666666666667</steeringAngle>
      <velocity>8.0</velocity>
      <orientation>-1.6496052893069915</orientation>
      <time>70</time>
    </ksState>
    <ksState>
      <x>470.6316343480281</x>
      <y>-269.3828923129001</y>
      <steeringAngle>0.14213333333333336</steeringAngle>
      <velocity>8.0</velocity>
      <orientation>-1.5995704777582431</orientation>
      <time>71</time>
    </ksState>
    <ksState>
      <x>470.62487545843203</x>
      <y>-270.18281355204533</y>
      <steeringAngle>0.1066000000000001</steeringAngle>
      <velocity>8.0</velocity>
      <orientation>-1.5607866257512457</orientation>
      <time>72</time>
    </ksState>
    <ksState>
      <x>470.64467427716755</x>
      <y>-270.9825429908432</y>
      <steeringAngle>0.07106666666666674</steeringAngle>
      <velocity>8.0</velocity>
      <orientation>-1.5331541467215588</orientation>
      <time>73</time>
    </ksState>
    <ksState>
      <x>470.68213147230745</x>
      <y>-271.78165639814586</y>
      <steeringAngle>0.035533333333333354</steeringAngle>
      <velocity>8.0</velocity>
      <orientation>-1.5166026260925294</orientation>
      <time>74</time>
    </ksState>
    <ksState>
      <x>470.7284006557117</x>
      <y>-272.5803161683826</y>
      <steeringAngle>2.0816681711721685e-17</steeringAngle>
      <velocity>8.0</velocity>
      <orientation>-1.5110900996341246</orientation>
      <time>75</time>
    </ksState>
    <ksState>
      <x>470.7746698348378</x>
      <y>-273.3789758955632</y>
      <steeringAngle>-0.03553333333333333</steeringAngle>
      <velocity>8.0</velocity>
      <orientation>-1.5166026346369634</orientation>
      <time>76</time>
    </ksState>
    <ksState>
      <x>470.8121270262959</x>
      <y>-274.1780893036929</y>
      <steeringAngle>-0.07106666666666667</steeringAngle>
      <velocity>8.0</velocity>
      <orientation>-1.533154155517233</orientation>
      <time>77</time>
    </ksState>
    <ksState>
      <x>470.8319258398022</x>
      <y>-274.9778187434154</y>
      <steeringAngle>-0.10659999999999997</steeringAngle>
      <velocity>8.0</velocity>
      <orientation>-1.5607866348079278</orientation>
      <time>78</time>
    </ksState>
    <ksState>
      <x>470.82516694371344</x>
      <y>-275.7777399833966</y>
      <steeringAngle>-0.1421333333333333</steeringAngle>
      <velocity>8.0</velocity>
      <orientation>-1.5995704870806629</orientation>
      <time>79</time>
    </ksState>
    <ksState>
      <x>470.7829118104743</x>
      <y>-276.5765396380837</y>
      <steeringAngle>-0.17766666666666667</steeringAngle>
      <velocity>8.0</velocity>
      <orientation>-1.6496052993298176</orientation>
      <time>80</time>
    </ksState>
    <ksState>
      <x>470.69925863140276</x>
      <y>-277.3720699896272</y>
      <steeringAngle>-0.14213333333333336</steeringAngle>
      <velocity>8.0</velocity>
      <orientation>-1.699640110878566</orientation>
      <time>81</time>
    </ksState>
    <ksState>
      <x>470.5803732066536</x>
      <y>-278.16313631251455</y>
      <steeringAngle>-0.1066000000000001</steeringAngle>
      <velocity>8.0</velocity>
      <orientation>-1.7384239628855633</orientation>
      <time>82</time>
    </ksState>
    <ksState>
      <x>470.43528938938766</x>
      <y>-278.94984455225205</y>
      <steeringAngle>-0.07106666666666674</steeringAngle>
      <velocity>8.0</velocity>
      <orientation>-1.7660564419152502</orientation>
      <time>83</time>
    </ksState>
    <ksState>
      <x>470.2728627852271</x>
      <y>-279.7331726300454</y>
      <steeringAngle>-0.035533333333333354</steeringAngle>
      <velocity>8.0</velocity>
      <orientation>-1.7826079625442797</orientation>
      <time>84</time>
    </ksState>
    <ksState>
      <x>470.1018046319594</x>
      <y>-280.51466951047945</y>
      <steeringAngle>-2.0816681711721685e-17</steeringAngle>
      <velocity>8.0</velocity>
      <orientation>-1.7881204890026845</orientation>
      <time>85</time>
    </ksState>
    <ksState>
      <x>469.9293106306414</x>
      <y>-281.295851832034</y>
      <steeringAngle>0.0</steeringAngle>
      <velocity>8.0</velocity>
      <orientation>-1.7881204890026845</orientation>
      <time>86</time>
    </ksState>
    <ksState>
      <x>469.75681662932334</x>
      <y>-282.0770341535885</y>
      <steeringAngle>0.0</steeringAngle>
      <velocity>8.0</velocity>
      <orientation>-1.7881204890026845</orientation>
      <time>87</time>
    </ksState>
    <ksState>
      <x>469.58432262800534</x>
      <y>-282.85821647514297</y>
      <steeringAngle>0.0</steeringAngle>
      <velocity>8.0</velocity>
      <orientation>-1.7881204890026845</orientation>
      <time>88</time>
    </ksState>
    <ksState>
      <x>469.41182862668734</x>
      <y>-283.6393987966975</y>
      <steeringAngle>0.0</steeringAngle>
      <velocity>8.0</velocity>
      <orientation>-1.7881204890026845</orientation>
      <time>89</time>
    </ksState>
    <ksState>
      <x>469.23933462536934</x>
      <y>-284.420581118252</y>
      <steeringAngle>0.0</steeringAngle>
      <velocity>8.0</velocity>
      <orientation>-1.7881204890026845</orientation>
      <time>90</time>
    </ksState>
    <ksState>
      <x>469.06684062405134</x>
      <y>-285.20176343980654</y>
      <steeringAngle>0.0</steeringAngle>
      <velocity>8.0</velocity>
      <orientation>-1.7881204890026845</orientation>
      <time>91</time>
    </ksState>
    <ksState>
      <x>468.8943466227333</x>
      <y>-285.98294576136107</y>
      <steeringAngle>0.0</steeringAngle>
      <velocity>8.0</velocity>
      <orientation>-1.7881204890026845</orientation>
      <time>92</time>
    </ksState>
    <ksState>
      <x>468.7218526214153</x>
      <y>-286.76412808291553</y>
      <steeringAngle>0.0</steeringAngle>
      <velocity>8.0</velocity>
      <orientation>-1.7881204890026845</orientation>
      <time>93</time>
    </ksState>
    <ksState>
      <x>468.5493586200973</x>
      <y>-287.54531040447006</y>
      <steeringAngle>0.0</steeringAngle>
      <velocity>8.0</velocity>
      <orientation>-1.7881204890026845</orientation>
      <time>94</time>
    </ksState>
    <ksState>
      <x>468.3768646187793</x>
      <y>-288.3264927260246</y>
      <steeringAngle>0.0</steeringAngle>
      <velocity>8.0</velocity>
      <orientation>-1.7881204890026845</orientation>
      <time>95</time>
    </ksState>
    <ksState>
      <x>468.2117341275232</x>
      <y>-289.06833540886896</y>
      <steeringAngle>-0.03553333333333333</steeringAngle>
      <velocity>7.199999999999999</velocity>
      <orientation>-1.7932655019851769</orientation>
      <time>96</time>
    </ksState>
    <ksState>
      <x>468.057588077525</x>
      <y>-289.7306279654412</y>
      <steeringAngle>-0.07106666666666664</steeringAngle>
      <velocity>6.400000000000001</velocity>
      <orientation>-1.80724217410614</orientation>
      <time>97</time>
    </ksState>
    <ksState>
      <x>467.91143533081197</x>
      <y>-290.31254427697826</y>
      <steeringAngle>-0.10659999999999997</steeringAngle>
      <velocity>5.600000000000004</velocity>
      <orientation>-1.8278739419720214</orientation>
      <time>98</time>
    </ksState>
    <ksState>
      <x>467.77322478857</x>
      <y>-290.8138262680707</y>
      <steeringAngle>-0.1421333333333333</steeringAngle>
      <velocity>4.800000000000003</velocity>
      <orientation>-1.8529901494806695</orientation>
      <time>99</time>
    </ksState>
  </ksTrajectory>
</CommonRoadSolution>
