<?xml version="1.0" ?>
<CommonRoadSolution benchmark_id="KS2:SM1:DEU_Flensburg-87_1_T-1:2020a" computation_time="1.4530357449999656" date="2020-12-29">
  <ksTrajectory planningProblem="123">
    <ksState>
      <x>93.960322</x>
      <y>295.70821</y>
      <steeringAngle>0.0</steeringAngle>
      <velocity>12.0</velocity>
      <orientation>-2.0092139</orientation>
      <time>0</time>
    </ksState>
    <ksState>
      <x>93.45091332508369</x>
      <y>294.6217005421857</y>
      <steeringAngle>0.0</steeringAngle>
      <velocity>12.0</velocity>
      <orientation>-2.0092139</orientation>
      <time>1</time>
    </ksState>
    <ksState>
      <x>92.94150465016737</x>
      <y>293.5351910843713</y>
      <steeringAngle>0.0</steeringAngle>
      <velocity>12.0</velocity>
      <orientation>-2.0092139</orientation>
      <time>2</time>
    </ksState>
    <ksState>
      <x>92.43209597525106</x>
      <y>292.448681626557</y>
      <steeringAngle>0.0</steeringAngle>
      <velocity>12.0</velocity>
      <orientation>-2.0092139</orientation>
      <time>3</time>
    </ksState>
    <ksState>
      <x>91.92268730033474</x>
      <y>291.3621721687427</y>
      <steeringAngle>0.0</steeringAngle>
      <velocity>12.0</velocity>
      <orientation>-2.0092139</orientation>
      <time>4</time>
    </ksState>
    <ksState>
      <x>91.41327862541843</x>
      <y>290.2756627109283</y>
      <steeringAngle>0.0</steeringAngle>
      <velocity>12.0</velocity>
      <orientation>-2.0092139</orientation>
      <time>5</time>
    </ksState>
    <ksState>
      <x>90.90386995050211</x>
      <y>289.189153253114</y>
      <steeringAngle>0.0</steeringAngle>
      <velocity>12.0</velocity>
      <orientation>-2.0092139</orientation>
      <time>6</time>
    </ksState>
    <ksState>
      <x>90.3944612755858</x>
      <y>288.1026437952996</y>
      <steeringAngle>0.0</steeringAngle>
      <velocity>12.0</velocity>
      <orientation>-2.0092139</orientation>
      <time>7</time>
    </ksState>
    <ksState>
      <x>89.88505260066948</x>
      <y>287.0161343374853</y>
      <steeringAngle>0.0</steeringAngle>
      <velocity>12.0</velocity>
      <orientation>-2.0092139</orientation>
      <time>8</time>
    </ksState>
    <ksState>
      <x>89.37564392575317</x>
      <y>285.929624879671</y>
      <steeringAngle>0.0</steeringAngle>
      <velocity>12.0</velocity>
      <orientation>-2.0092139</orientation>
      <time>9</time>
    </ksState>
    <ksState>
      <x>88.86623525083685</x>
      <y>284.8431154218566</y>
      <steeringAngle>0.0</steeringAngle>
      <velocity>12.0</velocity>
      <orientation>-2.0092139</orientation>
      <time>10</time>
    </ksState>
    <ksState>
      <x>88.35682657592054</x>
      <y>283.7566059640423</y>
      <steeringAngle>0.0</steeringAngle>
      <velocity>12.0</velocity>
      <orientation>-2.0092139</orientation>
      <time>11</time>
    </ksState>
    <ksState>
      <x>87.84741790100422</x>
      <y>282.67009650622794</y>
      <steeringAngle>0.0</steeringAngle>
      <velocity>12.0</velocity>
      <orientation>-2.0092139</orientation>
      <time>12</time>
    </ksState>
    <ksState>
      <x>87.3380092260879</x>
      <y>281.5835870484136</y>
      <steeringAngle>0.0</steeringAngle>
      <velocity>12.0</velocity>
      <orientation>-2.0092139</orientation>
      <time>13</time>
    </ksState>
    <ksState>
      <x>86.82860055117159</x>
      <y>280.4970775905993</y>
      <steeringAngle>0.0</steeringAngle>
      <velocity>12.0</velocity>
      <orientation>-2.0092139</orientation>
      <time>14</time>
    </ksState>
    <ksState>
      <x>86.31919187625527</x>
      <y>279.41056813278493</y>
      <steeringAngle>0.0</steeringAngle>
      <velocity>12.0</velocity>
      <orientation>-2.0092139</orientation>
      <time>15</time>
    </ksState>
    <ksState>
      <x>85.80978320133896</x>
      <y>278.3240586749706</y>
      <steeringAngle>0.0</steeringAngle>
      <velocity>12.0</velocity>
      <orientation>-2.0092139</orientation>
      <time>16</time>
    </ksState>
    <ksState>
      <x>85.30037452642264</x>
      <y>277.23754921715624</y>
      <steeringAngle>0.0</steeringAngle>
      <velocity>12.0</velocity>
      <orientation>-2.0092139</orientation>
      <time>17</time>
    </ksState>
    <ksState>
      <x>84.79096585150633</x>
      <y>276.1510397593419</y>
      <steeringAngle>0.0</steeringAngle>
      <velocity>12.0</velocity>
      <orientation>-2.0092139</orientation>
      <time>18</time>
    </ksState>
    <ksState>
      <x>84.28155717659001</x>
      <y>275.0645303015276</y>
      <steeringAngle>0.0</steeringAngle>
      <velocity>12.0</velocity>
      <orientation>-2.0092139</orientation>
      <time>19</time>
    </ksState>
    <ksState>
      <x>83.7721485016737</x>
      <y>273.97802084371324</y>
      <steeringAngle>0.0</steeringAngle>
      <velocity>12.0</velocity>
      <orientation>-2.0092139</orientation>
      <time>20</time>
    </ksState>
    <ksState>
      <x>83.26273982675738</x>
      <y>272.8915113858989</y>
      <steeringAngle>0.0</steeringAngle>
      <velocity>12.0</velocity>
      <orientation>-2.0092139</orientation>
      <time>21</time>
    </ksState>
    <ksState>
      <x>82.75333115184107</x>
      <y>271.80500192808455</y>
      <steeringAngle>0.0</steeringAngle>
      <velocity>12.0</velocity>
      <orientation>-2.0092139</orientation>
      <time>22</time>
    </ksState>
    <ksState>
      <x>82.24392247692475</x>
      <y>270.71849247027023</y>
      <steeringAngle>0.0</steeringAngle>
      <velocity>12.0</velocity>
      <orientation>-2.0092139</orientation>
      <time>23</time>
    </ksState>
    <ksState>
      <x>81.73451380200844</x>
      <y>269.6319830124559</y>
      <steeringAngle>0.0</steeringAngle>
      <velocity>12.0</velocity>
      <orientation>-2.0092139</orientation>
      <time>24</time>
    </ksState>
    <ksState>
      <x>81.22510512709212</x>
      <y>268.54547355464155</y>
      <steeringAngle>0.0</steeringAngle>
      <velocity>12.0</velocity>
      <orientation>-2.0092139</orientation>
      <time>25</time>
    </ksState>
    <ksState>
      <x>80.7156964521758</x>
      <y>267.45896409682723</y>
      <steeringAngle>0.0</steeringAngle>
      <velocity>12.0</velocity>
      <orientation>-2.0092139</orientation>
      <time>26</time>
    </ksState>
    <ksState>
      <x>80.20628777725949</x>
      <y>266.37245463901286</y>
      <steeringAngle>0.0</steeringAngle>
      <velocity>12.0</velocity>
      <orientation>-2.0092139</orientation>
      <time>27</time>
    </ksState>
    <ksState>
      <x>79.69687910234317</x>
      <y>265.28594518119854</y>
      <steeringAngle>0.0</steeringAngle>
      <velocity>12.0</velocity>
      <orientation>-2.0092139</orientation>
      <time>28</time>
    </ksState>
    <ksState>
      <x>79.18747042742686</x>
      <y>264.1994357233842</y>
      <steeringAngle>0.0</steeringAngle>
      <velocity>12.0</velocity>
      <orientation>-2.0092139</orientation>
      <time>29</time>
    </ksState>
    <ksState>
      <x>78.67806175251054</x>
      <y>263.11292626556985</y>
      <steeringAngle>0.0</steeringAngle>
      <velocity>12.0</velocity>
      <orientation>-2.0092139</orientation>
      <time>30</time>
    </ksState>
    <ksState>
      <x>78.16865307759423</x>
      <y>262.02641680775554</y>
      <steeringAngle>0.0</steeringAngle>
      <velocity>12.0</velocity>
      <orientation>-2.0092139</orientation>
      <time>31</time>
    </ksState>
    <ksState>
      <x>77.65924440267791</x>
      <y>260.93990734994117</y>
      <steeringAngle>0.0</steeringAngle>
      <velocity>12.0</velocity>
      <orientation>-2.0092139</orientation>
      <time>32</time>
    </ksState>
    <ksState>
      <x>77.1498357277616</x>
      <y>259.85339789212685</y>
      <steeringAngle>0.0</steeringAngle>
      <velocity>12.0</velocity>
      <orientation>-2.0092139</orientation>
      <time>33</time>
    </ksState>
    <ksState>
      <x>76.64042705284528</x>
      <y>258.76688843431253</y>
      <steeringAngle>0.0</steeringAngle>
      <velocity>12.0</velocity>
      <orientation>-2.0092139</orientation>
      <time>34</time>
    </ksState>
    <ksState>
      <x>76.13101837792897</x>
      <y>257.68037897649816</y>
      <steeringAngle>0.0</steeringAngle>
      <velocity>12.0</velocity>
      <orientation>-2.0092139</orientation>
      <time>35</time>
    </ksState>
    <ksState>
      <x>75.62160970301265</x>
      <y>256.59386951868385</y>
      <steeringAngle>0.0</steeringAngle>
      <velocity>12.0</velocity>
      <orientation>-2.0092139</orientation>
      <time>36</time>
    </ksState>
    <ksState>
      <x>75.11220102809634</x>
      <y>255.5073600608695</y>
      <steeringAngle>0.0</steeringAngle>
      <velocity>12.0</velocity>
      <orientation>-2.0092139</orientation>
      <time>37</time>
    </ksState>
    <ksState>
      <x>74.60279235318002</x>
      <y>254.42085060305516</y>
      <steeringAngle>0.0</steeringAngle>
      <velocity>12.0</velocity>
      <orientation>-2.0092139</orientation>
      <time>38</time>
    </ksState>
    <ksState>
      <x>74.0933836782637</x>
      <y>253.3343411452408</y>
      <steeringAngle>0.0</steeringAngle>
      <velocity>12.0</velocity>
      <orientation>-2.0092139</orientation>
      <time>39</time>
    </ksState>
    <ksState>
      <x>73.58397500334739</x>
      <y>252.24783168742647</y>
      <steeringAngle>0.0</steeringAngle>
      <velocity>12.0</velocity>
      <orientation>-2.0092139</orientation>
      <time>40</time>
    </ksState>
    <ksState>
      <x>73.0887994521691</x>
      <y>251.19883515823466</y>
      <steeringAngle>-0.03553333333333333</steeringAngle>
      <velocity>11.200000000000001</velocity>
      <orientation>-2.017115173772344</orientation>
      <time>41</time>
    </ksState>
    <ksState>
      <x>72.61302452838889</x>
      <y>250.22930443907345</y>
      <steeringAngle>-0.07106666666666667</steeringAngle>
      <velocity>10.400000000000007</velocity>
      <orientation>-2.039367604570834</orientation>
      <time>42</time>
    </ksState>
    <ksState>
      <x>72.14715928398857</x>
      <y>249.34450471995692</y>
      <steeringAngle>-0.10660000000000001</steeringAngle>
      <velocity>9.60000000000001</velocity>
      <orientation>-2.073815615455506</orientation>
      <time>43</time>
    </ksState>
    <ksState>
      <x>71.68671771534106</x>
      <y>248.54810420883405</y>
      <steeringAngle>-0.14213333333333344</steeringAngle>
      <velocity>8.800000000000008</velocity>
      <orientation>-2.118323747576351</orientation>
      <time>44</time>
    </ksState>
    <ksState>
      <x>71.23152926307475</x>
      <y>247.84224177924037</y>
      <steeringAngle>-0.17766666666666675</steeringAngle>
      <velocity>8.000000000000009</velocity>
      <orientation>-2.1707660453913324</orientation>
      <time>45</time>
    </ksState>
    <ksState>
      <x>70.76168439427849</x>
      <y>247.1948776459815</y>
      <steeringAngle>-0.17766666666666667</steeringAngle>
      <velocity>8.0</velocity>
      <orientation>-2.2264670217018443</orientation>
      <time>46</time>
    </ksState>
    <ksState>
      <x>70.2565280144012</x>
      <y>246.57467476526688</y>
      <steeringAngle>-0.17766666666666667</steeringAngle>
      <velocity>8.0</velocity>
      <orientation>-2.282167998012356</orientation>
      <time>47</time>
    </ksState>
    <ksState>
      <x>69.71762703582937</x>
      <y>245.98355690876912</y>
      <steeringAngle>-0.17766666666666667</steeringAngle>
      <velocity>8.0</velocity>
      <orientation>-2.3378689743228676</orientation>
      <time>48</time>
    </ksState>
    <ksState>
      <x>69.14665301974205</x>
      <y>245.42335760379837</y>
      <steeringAngle>-0.17766666666666667</steeringAngle>
      <velocity>8.0</velocity>
      <orientation>-2.3935699506333794</orientation>
      <time>49</time>
    </ksState>
    <ksState>
      <x>68.54537701056195</x>
      <y>244.89581447459096</y>
      <steeringAngle>-0.17766666666666667</steeringAngle>
      <velocity>8.0</velocity>
      <orientation>-2.4492709269438913</orientation>
      <time>50</time>
    </ksState>
    <ksState>
      <x>67.9165820323757</x>
      <y>244.40136197939708</y>
      <steeringAngle>-0.14213333333333336</steeringAngle>
      <velocity>8.0</velocity>
      <orientation>-2.4993057384926396</orientation>
      <time>51</time>
    </ksState>
    <ksState>
      <x>67.26643332069276</x>
      <y>243.93528653043924</y>
      <steeringAngle>-0.1066000000000001</steeringAngle>
      <velocity>8.0</velocity>
      <orientation>-2.538089590499637</orientation>
      <time>52</time>
    </ksState>
    <ksState>
      <x>66.60115101219735</x>
      <y>243.4910359046587</y>
      <steeringAngle>-0.07106666666666674</steeringAngle>
      <velocity>8.0</velocity>
      <orientation>-2.565722069529324</orientation>
      <time>53</time>
    </ksState>
    <ksState>
      <x>65.9262057006604</x>
      <y>243.061577983981</y>
      <steeringAngle>-0.035533333333333354</steeringAngle>
      <velocity>8.0</velocity>
      <orientation>-2.582273590158353</orientation>
      <time>54</time>
    </ksState>
    <ksState>
      <x>65.24655785479722</x>
      <y>242.63958619313544</y>
      <steeringAngle>-2.0816681711721685e-17</steeringAngle>
      <velocity>8.0</velocity>
      <orientation>-2.587786116616758</orientation>
      <time>55</time>
    </ksState>
    <ksState>
      <x>64.56691004660121</x>
      <y>242.21759442358118</y>
      <steeringAngle>0.03553333333333333</steeringAngle>
      <velocity>8.0</velocity>
      <orientation>-2.582273581613919</orientation>
      <time>56</time>
    </ksState>
    <ksState>
      <x>63.89196473650773</x>
      <y>241.78813649941694</y>
      <steeringAngle>0.07106666666666667</steeringAngle>
      <velocity>8.0</velocity>
      <orientation>-2.5657220607336497</orientation>
      <time>57</time>
    </ksState>
    <ksState>
      <x>63.226682430267076</x>
      <y>241.34388586882847</y>
      <steeringAngle>0.10659999999999997</steeringAngle>
      <velocity>8.0</velocity>
      <orientation>-2.5380895814429545</orientation>
      <time>58</time>
    </ksState>
    <ksState>
      <x>62.576533721638725</x>
      <y>240.87781041408076</y>
      <steeringAngle>0.1421333333333333</steeringAngle>
      <velocity>8.0</velocity>
      <orientation>-2.49930572917022</orientation>
      <time>59</time>
    </ksState>
    <ksState>
      <x>61.947738770872284</x>
      <y>240.38335789411155</y>
      <steeringAngle>0.17766666666666667</steeringAngle>
      <velocity>8.0</velocity>
      <orientation>-2.449270916921065</orientation>
      <time>60</time>
    </ksState>
    <ksState>
      <x>61.37493499990274</x>
      <y>239.8839717796015</y>
      <steeringAngle>0.1421333333333334</steeringAngle>
      <velocity>7.2</velocity>
      <orientation>-2.401643595175428</orientation>
      <time>61</time>
    </ksState>
    <ksState>
      <x>60.88079264988827</x>
      <y>239.41687317272937</y>
      <steeringAngle>0.10660000000000011</steeringAngle>
      <velocity>6.4</velocity>
      <orientation>-2.3685840247274603</orientation>
      <time>62</time>
    </ksState>
    <ksState>
      <x>60.45599052339864</x>
      <y>238.9931632618853</y>
      <steeringAngle>0.07106666666666674</steeringAngle>
      <velocity>5.600000000000001</velocity>
      <orientation>-2.3477670764335716</orientation>
      <time>63</time>
    </ksState>
    <ksState>
      <x>60.09364851070806</x>
      <y>238.62019465424657</y>
      <steeringAngle>0.03553333333333339</steeringAngle>
      <velocity>4.800000000000001</velocity>
      <orientation>-2.336916466775909</orientation>
      <time>64</time>
    </ksState>
    <ksState>
      <x>59.78923287996436</x>
      <y>238.30249833141954</y>
      <steeringAngle>5.5294310796760726e-17</steeringAngle>
      <velocity>4.0</velocity>
      <orientation>-2.3337926909387434</orientation>
      <time>65</time>
    </ksState>
    <ksState>
      <x>59.48548973813823</x>
      <y>237.98415899183777</y>
      <steeringAngle>0.035533333333333326</steeringAngle>
      <velocity>4.799999999999999</velocity>
      <orientation>-2.3306689122695525</orientation>
      <time>66</time>
    </ksState>
    <ksState>
      <x>59.12912421085243</x>
      <y>237.60547584030004</y>
      <steeringAngle>0.07106666666666667</steeringAngle>
      <velocity>5.599999999999998</velocity>
      <orientation>-2.3198183012083797</orientation>
      <time>67</time>
    </ksState>
    <ksState>
      <x>58.724865801123606</x>
      <y>237.16212262500162</y>
      <steeringAngle>0.10659999999999999</steeringAngle>
      <velocity>6.3999999999999995</velocity>
      <orientation>-2.2990013522080517</orientation>
      <time>68</time>
    </ksState>
    <ksState>
      <x>58.28036789476246</x>
      <y>236.64755545387834</y>
      <steeringAngle>0.14213333333333333</steeringAngle>
      <velocity>7.199999999999999</velocity>
      <orientation>-2.2659417812268865</orientation>
      <time>69</time>
    </ksState>
    <ksState>
      <x>57.807138029060454</x>
      <y>236.05295969803285</y>
      <steeringAngle>0.17766666666666664</steeringAngle>
      <velocity>7.9999999999999964</velocity>
      <orientation>-2.21831445914534</orientation>
      <time>70</time>
    </ksState>
    <ksState>
      <x>57.34134457416326</x>
      <y>235.40264988573517</y>
      <steeringAngle>0.14213333333333336</steeringAngle>
      <velocity>8.0</velocity>
      <orientation>-2.1682796475965915</orientation>
      <time>71</time>
    </ksState>
    <ksState>
      <x>56.90485609272566</x>
      <y>234.73227873704474</y>
      <steeringAngle>0.1066000000000001</steeringAngle>
      <velocity>8.0</velocity>
      <orientation>-2.129495795589594</orientation>
      <time>72</time>
    </ksState>
    <ksState>
      <x>56.49084834567784</x>
      <y>234.04776668171792</y>
      <steeringAngle>0.07106666666666674</steeringAngle>
      <velocity>8.0</velocity>
      <orientation>-2.101863316559907</orientation>
      <time>73</time>
    </ksState>
    <ksState>
      <x>56.09205125149766</x>
      <y>233.35426386494498</y>
      <steeringAngle>0.035533333333333354</steeringAngle>
      <velocity>8.0</velocity>
      <orientation>-2.085311795930878</orientation>
      <time>74</time>
    </ksState>
    <ksState>
      <x>55.70092341474867</x>
      <y>232.65639763045047</y>
      <steeringAngle>2.0816681711721685e-17</steeringAngle>
      <velocity>8.0</velocity>
      <orientation>-2.079799269472473</orientation>
      <time>75</time>
    </ksState>
    <ksState>
      <x>55.331699417651805</x>
      <y>231.99211434359157</y>
      <steeringAngle>0.03553333333333333</steeringAngle>
      <velocity>7.199999999999999</velocity>
      <orientation>-2.074654256489981</orientation>
      <time>76</time>
    </ksState>
    <ksState>
      <x>55.00709472854581</x>
      <y>231.39459929689278</y>
      <steeringAngle>0.07106666666666664</steeringAngle>
      <velocity>6.400000000000001</velocity>
      <orientation>-2.0606775843690177</orientation>
      <time>77</time>
    </ksState>
    <ksState>
      <x>54.72989422691521</x>
      <y>230.86248361313565</y>
      <steeringAngle>0.10659999999999997</steeringAngle>
      <velocity>5.600000000000004</velocity>
      <orientation>-2.0400458165031363</orientation>
      <time>78</time>
    </ksState>
    <ksState>
      <x>54.50030751034552</x>
      <y>230.3959262981622</y>
      <steeringAngle>0.1421333333333333</steeringAngle>
      <velocity>4.800000000000003</velocity>
      <orientation>-2.014929608994488</orientation>
      <time>79</time>
    </ksState>
    <ksState>
      <x>54.31651492542161</x>
      <y>229.9961661710728</y>
      <steeringAngle>0.17766666666666653</steeringAngle>
      <velocity>4.000000000000006</velocity>
      <orientation>-1.9875047124093383</orientation>
      <time>80</time>
    </ksState>
    <ksState>
      <x>54.16007912960881</x>
      <y>229.62804219629086</y>
      <steeringAngle>0.21319999999999995</steeringAngle>
      <velocity>4.0</velocity>
      <orientation>-1.9567969297718382</orientation>
      <time>81</time>
    </ksState>
    <ksState>
      <x>54.016095335771816</x>
      <y>229.25487880570518</y>
      <steeringAngle>0.24873333333333336</steeringAngle>
      <velocity>4.0</velocity>
      <orientation>-1.920318088649144</orientation>
      <time>82</time>
    </ksState>
    <ksState>
      <x>53.8869261996982</x>
      <y>228.87634028009884</y>
      <steeringAngle>0.2842666666666667</steeringAngle>
      <velocity>4.0</velocity>
      <orientation>-1.877970854803696</orientation>
      <time>83</time>
    </ksState>
    <ksState>
      <x>53.77504501593292</x>
      <y>228.49234620779126</y>
      <steeringAngle>0.31980000000000003</steeringAngle>
      <velocity>4.0</velocity>
      <orientation>-1.8296401734365608</orientation>
      <time>84</time>
    </ksState>
    <ksState>
      <x>53.68303382580231</x>
      <y>228.10312338673907</y>
      <steeringAngle>0.35533333333333333</steeringAngle>
      <velocity>4.0</velocity>
      <orientation>-1.7751919722582823</orientation>
      <time>85</time>
    </ksState>
    <ksState>
      <x>53.61357250550234</x>
      <y>227.70926304451322</y>
      <steeringAngle>0.39086666666666653</steeringAngle>
      <velocity>4.0</velocity>
      <orientation>-1.714471605952295</orientation>
      <time>86</time>
    </ksState>
    <ksState>
      <x>53.569416637054594</x>
      <y>227.31178334556773</y>
      <steeringAngle>0.42639999999999995</steeringAngle>
      <velocity>4.0</velocity>
      <orientation>-1.6473019924958914</orientation>
      <time>87</time>
    </ksState>
    <ksState>
      <x>53.553361075826224</x>
      <y>226.91219659128805</y>
      <steeringAngle>0.4619333333333333</steeringAngle>
      <velocity>4.0</velocity>
      <orientation>-1.5734814088635476</orientation>
      <time>88</time>
    </ksState>
    <ksState>
      <x>53.56818622753101</x>
      <y>226.51258002015723</y>
      <steeringAngle>0.49746666666666667</steeringAngle>
      <velocity>4.0</velocity>
      <orientation>-1.492780867050327</orientation>
      <time>89</time>
    </ksState>
    <ksState>
      <x>53.61658314247127</x>
      <y>226.1156481686353</y>
      <steeringAngle>0.533</steeringAngle>
      <velocity>4.0</velocity>
      <orientation>-1.4049410004505185</orientation>
      <time>90</time>
    </ksState>
    <ksState>
      <x>53.70105325362046</x>
      <y>225.72482363403554</y>
      <steeringAngle>0.5685333333333333</steeringAngle>
      <velocity>4.0</velocity>
      <orientation>-1.3096683608012887</orientation>
      <time>91</time>
    </ksState>
    <ksState>
      <x>53.823778126634856</x>
      <y>225.34430148199033</y>
      <steeringAngle>0.6040666666666665</steeringAngle>
      <velocity>4.0</velocity>
      <orientation>-1.206631007582826</orientation>
      <time>92</time>
    </ksState>
    <ksState>
      <x>53.98645464902234</x>
      <y>224.97910068349447</y>
      <steeringAngle>0.6396</steeringAngle>
      <velocity>4.0</velocity>
      <orientation>-1.0954532248073354</orientation>
      <time>93</time>
    </ksState>
    <ksState>
      <x>54.19009103974593</x>
      <y>224.63509320452116</y>
      <steeringAngle>0.6751333333333333</steeringAngle>
      <velocity>4.0</velocity>
      <orientation>-0.9757091759274049</orientation>
      <time>94</time>
    </ksState>
    <ksState>
      <x>54.43476009507187</x>
      <y>224.31899824566884</y>
      <steeringAngle>0.7106666666666664</steeringAngle>
      <velocity>4.0</velocity>
      <orientation>-0.8469152382430942</orientation>
      <time>95</time>
    </ksState>
    <ksState>
      <x>54.688466098067536</x>
      <y>224.06387520831979</y>
      <steeringAngle>0.6751333333333334</steeringAngle>
      <velocity>3.1999999999999984</velocity>
      <orientation>-0.73084549569988</orientation>
      <time>96</time>
    </ksState>
    <ksState>
      <x>54.90464516550991</x>
      <y>223.88605358971648</y>
      <steeringAngle>0.6395999999999997</steeringAngle>
      <velocity>2.3999999999999986</velocity>
      <orientation>-0.6468780513792609</orientation>
      <time>97</time>
    </ksState>
    <ksState>
      <x>55.067554296084374</x>
      <y>223.7700783725249</y>
      <steeringAngle>0.6040666666666666</steeringAngle>
      <velocity>1.5999999999999988</velocity>
      <orientation>-0.5911501031017926</orientation>
      <time>98</time>
    </ksState>
    <ksState>
      <x>55.16822500618997</x>
      <y>223.70477715690174</y>
      <steeringAngle>0.5685333333333333</steeringAngle>
      <velocity>0.7999999999999987</velocity>
      <orientation>-0.5601065013280466</orientation>
      <time>99</time>
    </ksState>
  </ksTrajectory>
</CommonRoadSolution>
