<?xml version="1.0" ?>
<CommonRoadSolution benchmark_id="KS2:SM1:HRV_Pula-24_1_T-1:2020a" computation_time="1.046424670000306" date="2020-12-29">
  <ksTrajectory planningProblem="1">
    <ksState>
      <x>705.99792</x>
      <y>-1017.1434</y>
      <steeringAngle>0.0</steeringAngle>
      <velocity>4.0</velocity>
      <orientation>0.7222551</orientation>
      <time>0</time>
    </ksState>
    <ksState>
      <x>706.2982894326352</x>
      <y>-1016.8792445899427</y>
      <steeringAngle>-0.035533333333333326</steeringAngle>
      <velocity>4.0</velocity>
      <orientation>0.7194988254673996</orientation>
      <time>1</time>
    </ksState>
    <ksState>
      <x>706.6001103140811</x>
      <y>-1016.6167503373746</y>
      <steeringAngle>-0.07106666666666711</steeringAngle>
      <velocity>4.0</velocity>
      <orientation>0.7112230649241142</orientation>
      <time>2</time>
    </ksState>
    <ksState>
      <x>706.9048100758715</x>
      <y>-1016.3576065532385</y>
      <steeringAngle>-0.10660000000000043</steeringAngle>
      <velocity>4.0</velocity>
      <orientation>0.6974068251049774</orientation>
      <time>3</time>
    </ksState>
    <ksState>
      <x>707.2137672016773</x>
      <y>-1016.1035583857426</y>
      <steeringAngle>-0.14213333333333378</steeringAngle>
      <velocity>4.0</velocity>
      <orientation>0.6780148987194315</orientation>
      <time>4</time>
    </ksState>
    <ksState>
      <x>707.5282843033817</x>
      <y>-1015.8564336426775</y>
      <steeringAngle>-0.1776666666666672</steeringAngle>
      <velocity>4.0</velocity>
      <orientation>0.6529974922680342</orientation>
      <time>5</time>
    </ksState>
    <ksState>
      <x>707.8493337002324</x>
      <y>-1015.6178609468449</y>
      <steeringAngle>-0.17766666666666667</steeringAngle>
      <velocity>4.0</velocity>
      <orientation>0.6251470041127782</orientation>
      <time>6</time>
    </ksState>
    <ksState>
      <x>708.1769021285279</x>
      <y>-1015.3883209726005</y>
      <steeringAngle>-0.17766666666666667</steeringAngle>
      <velocity>4.0</velocity>
      <orientation>0.5972965159575224</orientation>
      <time>7</time>
    </ksState>
    <ksState>
      <x>708.5107355008272</x>
      <y>-1015.1679917740126</y>
      <steeringAngle>-0.17766666666666667</steeringAngle>
      <velocity>4.0</velocity>
      <orientation>0.5694460278022665</orientation>
      <time>8</time>
    </ksState>
    <ksState>
      <x>708.8505748957366</x>
      <y>-1014.9570442382402</y>
      <steeringAngle>-0.17766666666666667</steeringAngle>
      <velocity>4.0</velocity>
      <orientation>0.5415955396470107</orientation>
      <time>9</time>
    </ksState>
    <ksState>
      <x>709.196156734415</x>
      <y>-1014.755641977068</y>
      <steeringAngle>-0.17766666666666667</steeringAngle>
      <velocity>4.0</velocity>
      <orientation>0.5137450514917548</orientation>
      <time>10</time>
    </ksState>
    <ksState>
      <x>709.5470337688672</x>
      <y>-1014.5636082478593</y>
      <steeringAngle>-0.1421333333333333</steeringAngle>
      <velocity>4.0</velocity>
      <orientation>0.48872764514723144</orientation>
      <time>11</time>
    </ksState>
    <ksState>
      <x>709.902090818907</x>
      <y>-1014.3794087132796</y>
      <steeringAngle>-0.10659999999999999</steeringAngle>
      <velocity>4.0</velocity>
      <orientation>0.46933571885648084</orientation>
      <time>12</time>
    </ksState>
    <ksState>
      <x>710.2601593816829</x>
      <y>-1014.2011270537176</y>
      <steeringAngle>-0.07106666666666664</steeringAngle>
      <velocity>4.0</velocity>
      <orientation>0.45551947912152796</orientation>
      <time>13</time>
    </ksState>
    <ksState>
      <x>710.6201767867999</x>
      <y>-1014.026809684833</y>
      <steeringAngle>-0.03553333333333332</steeringAngle>
      <velocity>4.0</velocity>
      <orientation>0.4472437186592626</orientation>
      <time>14</time>
    </ksState>
    <ksState>
      <x>710.981150960534</x>
      <y>-1013.854479961493</y>
      <steeringAngle>2.2985086056692694e-17</steeringAngle>
      <velocity>4.0</velocity>
      <orientation>0.44448745536442225</orientation>
      <time>15</time>
    </ksState>
    <ksState>
      <x>711.3421251209613</x>
      <y>-1013.6821502419785</y>
      <steeringAngle>0.035533333333333326</steeringAngle>
      <velocity>4.0</velocity>
      <orientation>0.44724372989702266</orientation>
      <time>16</time>
    </ksState>
    <ksState>
      <x>711.7021425244176</x>
      <y>-1013.507832869589</y>
      <steeringAngle>0.07106666666666711</steeringAngle>
      <velocity>4.0</velocity>
      <orientation>0.45551949044030804</orientation>
      <time>17</time>
    </ksState>
    <ksState>
      <x>712.0602110851735</x>
      <y>-1013.3295512062313</y>
      <steeringAngle>0.10660000000000043</steeringAngle>
      <velocity>4.0</velocity>
      <orientation>0.4693357302594449</orientation>
      <time>18</time>
    </ksState>
    <ksState>
      <x>712.4152681327424</x>
      <y>-1013.1453516677794</y>
      <steeringAngle>0.14213333333333378</steeringAngle>
      <velocity>4.0</velocity>
      <orientation>0.48872765664499074</orientation>
      <time>19</time>
    </ksState>
    <ksState>
      <x>712.7661451643227</x>
      <y>-1012.9533179347819</y>
      <steeringAngle>0.1776666666666672</steeringAngle>
      <velocity>4.0</velocity>
      <orientation>0.513745063096388</orientation>
      <time>20</time>
    </ksState>
    <ksState>
      <x>713.1119193639813</x>
      <y>-1012.7522412098479</y>
      <steeringAngle>0.1421333333333333</steeringAngle>
      <velocity>4.0</velocity>
      <orientation>0.5387624694409113</orientation>
      <time>21</time>
    </ksState>
    <ksState>
      <x>713.4531483987362</x>
      <y>-1012.5435363388875</y>
      <steeringAngle>0.10659999999999999</steeringAngle>
      <velocity>4.0</velocity>
      <orientation>0.5581543957316619</orientation>
      <time>22</time>
    </ksState>
    <ksState>
      <x>713.7908685664505</x>
      <y>-1012.3291942429206</y>
      <steeringAngle>0.07106666666666664</steeringAngle>
      <velocity>4.0</velocity>
      <orientation>0.5719706354666149</orientation>
      <time>23</time>
    </ksState>
    <ksState>
      <x>714.1262027758436</x>
      <y>-1012.1111345146514</y>
      <steeringAngle>0.03553333333333332</steeringAngle>
      <velocity>4.0</velocity>
      <orientation>0.5802463959288802</orientation>
      <time>24</time>
    </ksState>
    <ksState>
      <x>714.4603301720549</x>
      <y>-1011.8912282374547</y>
      <steeringAngle>-2.2985086056692694e-17</steeringAngle>
      <velocity>4.0</velocity>
      <orientation>0.5830026592237205</orientation>
      <time>25</time>
    </ksState>
    <ksState>
      <x>714.7942555130566</x>
      <y>-1011.671015007523</y>
      <steeringAngle>0.0</steeringAngle>
      <velocity>4.0</velocity>
      <orientation>0.5830026592237205</orientation>
      <time>26</time>
    </ksState>
    <ksState>
      <x>715.1281808540582</x>
      <y>-1011.4508017775914</y>
      <steeringAngle>0.0</steeringAngle>
      <velocity>4.0</velocity>
      <orientation>0.5830026592237205</orientation>
      <time>27</time>
    </ksState>
    <ksState>
      <x>715.4621061950598</x>
      <y>-1011.2305885476597</y>
      <steeringAngle>0.0</steeringAngle>
      <velocity>4.0</velocity>
      <orientation>0.5830026592237205</orientation>
      <time>28</time>
    </ksState>
    <ksState>
      <x>715.7960315360616</x>
      <y>-1011.0103753177282</y>
      <steeringAngle>0.0</steeringAngle>
      <velocity>4.0</velocity>
      <orientation>0.5830026592237205</orientation>
      <time>29</time>
    </ksState>
    <ksState>
      <x>716.1299568770633</x>
      <y>-1010.7901620877965</y>
      <steeringAngle>0.0</steeringAngle>
      <velocity>4.0</velocity>
      <orientation>0.5830026592237205</orientation>
      <time>30</time>
    </ksState>
    <ksState>
      <x>716.4304896831069</x>
      <y>-1010.5919701814238</y>
      <steeringAngle>0.0</steeringAngle>
      <velocity>3.2</velocity>
      <orientation>0.5830026592237205</orientation>
      <time>31</time>
    </ksState>
    <ksState>
      <x>716.664237420865</x>
      <y>-1010.4378209210935</y>
      <steeringAngle>0.0</steeringAngle>
      <velocity>2.4000000000000004</velocity>
      <orientation>0.5830026592237205</orientation>
      <time>32</time>
    </ksState>
    <ksState>
      <x>716.8312000904228</x>
      <y>-1010.3277143067495</y>
      <steeringAngle>0.0</steeringAngle>
      <velocity>1.6</velocity>
      <orientation>0.5830026592237205</orientation>
      <time>33</time>
    </ksState>
  </ksTrajectory>
</CommonRoadSolution>
