<?xml version="1.0" ?>
<CommonRoadSolution benchmark_id="KS2:SM1:ESP_SantBoideLlobregat-24_1_T-1:2020a" computation_time="0.6214397240000835" date="2020-12-29">
  <ksTrajectory planningProblem="1">
    <ksState>
      <x>-994.04692</x>
      <y>-136.98818</y>
      <steeringAngle>0.0</steeringAngle>
      <velocity>8.0</velocity>
      <orientation>0.17011514</orientation>
      <time>0</time>
    </ksState>
    <ksState>
      <x>-993.2976736155858</x>
      <y>-136.8607888673631</y>
      <steeringAngle>-0.03553333333333333</steeringAngle>
      <velocity>7.199999999999999</velocity>
      <orientation>0.16497012701750768</orientation>
      <time>1</time>
    </ksState>
    <ksState>
      <x>-992.6262311961594</x>
      <y>-136.7532829948915</y>
      <steeringAngle>-0.07106666666666664</steeringAngle>
      <velocity>6.400000000000001</velocity>
      <orientation>0.15099345489654456</orientation>
      <time>2</time>
    </ksState>
    <ksState>
      <x>-992.0322275201735</x>
      <y>-136.66874393930271</y>
      <steeringAngle>-0.10659999999999997</steeringAngle>
      <velocity>5.600000000000004</velocity>
      <orientation>0.1303616870306632</orientation>
      <time>3</time>
    </ksState>
    <ksState>
      <x>-991.5158822282876</x>
      <y>-136.6073165176758</y>
      <steeringAngle>-0.1421333333333333</steeringAngle>
      <velocity>4.800000000000003</velocity>
      <orientation>0.10524547952201493</orientation>
      <time>4</time>
    </ksState>
    <ksState>
      <x>-991.0777587591567</x>
      <y>-136.56687273842323</y>
      <steeringAngle>-0.17766666666666653</steeringAngle>
      <velocity>4.000000000000006</velocity>
      <orientation>0.07782058293686513</orientation>
      <time>5</time>
    </ksState>
    <ksState>
      <x>-990.6786097467832</x>
      <y>-136.54095532379472</y>
      <steeringAngle>-0.1421333333333333</steeringAngle>
      <velocity>4.0</velocity>
      <orientation>0.05280317659234182</orientation>
      <time>6</time>
    </ksState>
    <ksState>
      <x>-990.2789796112372</x>
      <y>-136.52390445619938</y>
      <steeringAngle>-0.10659999999999999</steeringAngle>
      <velocity>4.0</velocity>
      <orientation>0.03341125030159124</orientation>
      <time>7</time>
    </ksState>
    <ksState>
      <x>-989.8791184138084</x>
      <y>-136.51348963140757</y>
      <steeringAngle>-0.07106666666666664</steeringAngle>
      <velocity>4.0</velocity>
      <orientation>0.019595010566638323</orientation>
      <time>8</time>
    </ksState>
    <ksState>
      <x>-989.4791645457946</x>
      <y>-136.50749125306146</y>
      <steeringAngle>-0.03553333333333332</steeringAngle>
      <velocity>4.0</velocity>
      <orientation>0.011319250104372958</orientation>
      <time>9</time>
    </ksState>
    <ksState>
      <x>-989.0791826666303</x>
      <y>-136.5036986299994</y>
      <steeringAngle>2.2985086056692694e-17</steeringAngle>
      <velocity>4.0</velocity>
      <orientation>0.008562986809532602</orientation>
      <time>10</time>
    </ksState>
    <ksState>
      <x>-988.6791826666304</x>
      <y>-136.5002734352756</y>
      <steeringAngle>0.0</steeringAngle>
      <velocity>4.0</velocity>
      <orientation>0.008562986809532602</orientation>
      <time>11</time>
    </ksState>
    <ksState>
      <x>-988.2791826666304</x>
      <y>-136.49684824055177</y>
      <steeringAngle>0.0</steeringAngle>
      <velocity>4.0</velocity>
      <orientation>0.008562986809532602</orientation>
      <time>12</time>
    </ksState>
    <ksState>
      <x>-987.8791826666303</x>
      <y>-136.49342304582797</y>
      <steeringAngle>0.0</steeringAngle>
      <velocity>4.0</velocity>
      <orientation>0.008562986809532602</orientation>
      <time>13</time>
    </ksState>
    <ksState>
      <x>-987.4791826666303</x>
      <y>-136.48999785110416</y>
      <steeringAngle>0.0</steeringAngle>
      <velocity>4.0</velocity>
      <orientation>0.008562986809532602</orientation>
      <time>14</time>
    </ksState>
    <ksState>
      <x>-987.0791826666303</x>
      <y>-136.48657265638033</y>
      <steeringAngle>0.0</steeringAngle>
      <velocity>4.0</velocity>
      <orientation>0.008562986809532602</orientation>
      <time>15</time>
    </ksState>
    <ksState>
      <x>-986.6791826666304</x>
      <y>-136.48314746165653</y>
      <steeringAngle>0.0</steeringAngle>
      <velocity>4.0</velocity>
      <orientation>0.008562986809532602</orientation>
      <time>16</time>
    </ksState>
    <ksState>
      <x>-986.2791826666304</x>
      <y>-136.4797222669327</y>
      <steeringAngle>0.0</steeringAngle>
      <velocity>4.0</velocity>
      <orientation>0.008562986809532602</orientation>
      <time>17</time>
    </ksState>
    <ksState>
      <x>-985.8791826666303</x>
      <y>-136.4762970722089</y>
      <steeringAngle>0.0</steeringAngle>
      <velocity>4.0</velocity>
      <orientation>0.008562986809532602</orientation>
      <time>18</time>
    </ksState>
    <ksState>
      <x>-985.4791826666303</x>
      <y>-136.4728718774851</y>
      <steeringAngle>0.0</steeringAngle>
      <velocity>4.0</velocity>
      <orientation>0.008562986809532602</orientation>
      <time>19</time>
    </ksState>
    <ksState>
      <x>-985.0791826666303</x>
      <y>-136.46944668276126</y>
      <steeringAngle>0.0</steeringAngle>
      <velocity>4.0</velocity>
      <orientation>0.008562986809532602</orientation>
      <time>20</time>
    </ksState>
    <ksState>
      <x>-984.6791826666304</x>
      <y>-136.46602148803746</y>
      <steeringAngle>0.0</steeringAngle>
      <velocity>4.0</velocity>
      <orientation>0.008562986809532602</orientation>
      <time>21</time>
    </ksState>
    <ksState>
      <x>-984.2791826666304</x>
      <y>-136.46259629331362</y>
      <steeringAngle>0.0</steeringAngle>
      <velocity>4.0</velocity>
      <orientation>0.008562986809532602</orientation>
      <time>22</time>
    </ksState>
    <ksState>
      <x>-983.8791826666303</x>
      <y>-136.45917109858982</y>
      <steeringAngle>0.0</steeringAngle>
      <velocity>4.0</velocity>
      <orientation>0.008562986809532602</orientation>
      <time>23</time>
    </ksState>
    <ksState>
      <x>-983.4791826666303</x>
      <y>-136.45574590386602</y>
      <steeringAngle>0.0</steeringAngle>
      <velocity>4.0</velocity>
      <orientation>0.008562986809532602</orientation>
      <time>24</time>
    </ksState>
    <ksState>
      <x>-983.0791826666303</x>
      <y>-136.45232070914219</y>
      <steeringAngle>0.0</steeringAngle>
      <velocity>4.0</velocity>
      <orientation>0.008562986809532602</orientation>
      <time>25</time>
    </ksState>
    <ksState>
      <x>-982.6391826656027</x>
      <y>-136.4485529949372</y>
      <steeringAngle>0.0</steeringAngle>
      <velocity>4.8</velocity>
      <orientation>0.008562986809532602</orientation>
      <time>26</time>
    </ksState>
    <ksState>
      <x>-982.1191826645298</x>
      <y>-136.44410024178705</y>
      <steeringAngle>0.0</steeringAngle>
      <velocity>5.6</velocity>
      <orientation>0.008562986809532602</orientation>
      <time>27</time>
    </ksState>
    <ksState>
      <x>-981.5191826634276</x>
      <y>-136.4389624496919</y>
      <steeringAngle>0.0</steeringAngle>
      <velocity>6.4</velocity>
      <orientation>0.008562986809532602</orientation>
      <time>28</time>
    </ksState>
    <ksState>
      <x>-980.8391826623057</x>
      <y>-136.4331396186518</y>
      <steeringAngle>0.0</steeringAngle>
      <velocity>7.199999999999999</velocity>
      <orientation>0.008562986809532602</orientation>
      <time>29</time>
    </ksState>
    <ksState>
      <x>-980.0791826611697</x>
      <y>-136.42663174866684</y>
      <steeringAngle>0.0</steeringAngle>
      <velocity>7.999999999999998</velocity>
      <orientation>0.008562986809532602</orientation>
      <time>30</time>
    </ksState>
    <ksState>
      <x>-979.319173587221</x>
      <y>-136.42141590548596</y>
      <steeringAngle>-0.03553333333333333</steeringAngle>
      <velocity>7.199999999999999</velocity>
      <orientation>0.0034179738270402778</orientation>
      <time>31</time>
    </ksState>
    <ksState>
      <x>-978.6391568628301</x>
      <y>-136.42331184227763</y>
      <steeringAngle>-0.07106666666666664</steeringAngle>
      <velocity>6.400000000000001</velocity>
      <orientation>-0.010558698293922832</orientation>
      <time>32</time>
    </ksState>
    <ksState>
      <x>-978.0392676971276</x>
      <y>-136.43541984985805</y>
      <steeringAngle>-0.10659999999999997</steeringAngle>
      <velocity>5.600000000000004</velocity>
      <orientation>-0.031190466159804198</orientation>
      <time>33</time>
    </ksState>
  </ksTrajectory>
</CommonRoadSolution>
