<?xml version="1.0" ?>
<CommonRoadSolution benchmark_id="KS2:SM1:BEL_Nivelles-19_1_T-1:2020a" computation_time="0.7510095279999973" date="2020-12-29">
  <ksTrajectory planningProblem="1">
    <ksState>
      <x>-912.81802</x>
      <y>-636.72001</y>
      <steeringAngle>0.0</steeringAngle>
      <velocity>4.0</velocity>
      <orientation>-0.59868677</orientation>
      <time>0</time>
    </ksState>
    <ksState>
      <x>-912.454284557821</x>
      <y>-636.967591015901</y>
      <steeringAngle>0.035533333333333326</steeringAngle>
      <velocity>4.799999999999999</velocity>
      <orientation>-0.5955629913308093</orientation>
      <time>1</time>
    </ksState>
    <ksState>
      <x>-912.0224105330033</x>
      <y>-637.2572151602399</y>
      <steeringAngle>0.07106666666666667</steeringAngle>
      <velocity>5.599999999999998</velocity>
      <orientation>-0.5847123802696365</orientation>
      <time>2</time>
    </ksState>
    <ksState>
      <x>-911.518903552555</x>
      <y>-637.5835089787405</y>
      <steeringAngle>0.10659999999999999</steeringAngle>
      <velocity>6.3999999999999995</velocity>
      <orientation>-0.5638954312693084</orientation>
      <time>3</time>
    </ksState>
    <ksState>
      <x>-910.9385597346671</x>
      <y>-637.9378517723692</y>
      <steeringAngle>0.14213333333333333</steeringAngle>
      <velocity>7.199999999999999</velocity>
      <orientation>-0.5308358602881433</orientation>
      <time>4</time>
    </ksState>
    <ksState>
      <x>-910.2745654724938</x>
      <y>-638.3074491728779</y>
      <steeringAngle>0.17766666666666664</steeringAngle>
      <velocity>7.9999999999999964</velocity>
      <orientation>-0.48320853820659665</orientation>
      <time>5</time>
    </ksState>
    <ksState>
      <x>-909.5919803187643</x>
      <y>-638.641386664777</y>
      <steeringAngle>0.21320000000000014</steeringAngle>
      <velocity>7.200000000000003</velocity>
      <orientation>-0.4249592111351038</orientation>
      <time>6</time>
    </ksState>
    <ksState>
      <x>-908.9643968552105</x>
      <y>-638.9029040428842</y>
      <steeringAngle>0.24873333333333347</steeringAngle>
      <velocity>6.400000000000004</velocity>
      <orientation>-0.3630421236493244</orientation>
      <time>7</time>
    </ksState>
    <ksState>
      <x>-908.3972702710656</x>
      <y>-639.0984720242699</y>
      <steeringAngle>0.2842666666666668</steeringAngle>
      <velocity>5.600000000000001</velocity>
      <orientation>-0.2996199808854033</orientation>
      <time>8</time>
    </ksState>
    <ksState>
      <x>-907.8960406354041</x>
      <y>-639.2366032298177</y>
      <steeringAngle>0.3198</steeringAngle>
      <velocity>4.800000000000002</velocity>
      <orientation>-0.2368908811434507</orientation>
      <time>9</time>
    </ksState>
    <ksState>
      <x>-907.4655488312038</x>
      <y>-639.3272628531615</y>
      <steeringAngle>0.3553333333333332</steeringAngle>
      <velocity>4.000000000000001</velocity>
      <orientation>-0.17710104709523594</orientation>
      <time>10</time>
    </ksState>
    <ksState>
      <x>-907.0700511420141</x>
      <y>-639.3867780069295</y>
      <steeringAngle>0.31979999999999986</steeringAngle>
      <velocity>4.0</velocity>
      <orientation>-0.12265284790185631</orientation>
      <time>11</time>
    </ksState>
    <ksState>
      <x>-906.6720085048212</x>
      <y>-639.4259049343885</y>
      <steeringAngle>0.28426666666666656</steeringAngle>
      <velocity>4.0</velocity>
      <orientation>-0.07432216842059905</orientation>
      <time>12</time>
    </ksState>
    <ksState>
      <x>-906.2725927465399</x>
      <y>-639.4469556401009</y>
      <steeringAngle>0.2487333333333332</steeringAngle>
      <velocity>4.0</velocity>
      <orientation>-0.03197493469772397</orientation>
      <time>13</time>
    </ksState>
    <ksState>
      <x>-905.872650052294</x>
      <y>-639.45225552152</y>
      <steeringAngle>0.21319999999999986</steeringAngle>
      <velocity>4.0</velocity>
      <orientation>0.004503906375903782</orientation>
      <time>14</time>
    </ksState>
    <ksState>
      <x>-905.4727484784912</x>
      <y>-639.4441223711905</y>
      <steeringAngle>0.1776666666666665</steeringAngle>
      <velocity>4.0</velocity>
      <orientation>0.03521168902473157</orientation>
      <time>15</time>
    </ksState>
    <ksState>
      <x>-905.0729754231025</x>
      <y>-639.4248475592649</y>
      <steeringAngle>0.1421333333333333</steeringAngle>
      <velocity>4.0</velocity>
      <orientation>0.06022909536925487</orientation>
      <time>16</time>
    </ksState>
    <ksState>
      <x>-904.6737245825301</x>
      <y>-639.3967030130066</y>
      <steeringAngle>0.10659999999999999</steeringAngle>
      <velocity>4.0</velocity>
      <orientation>0.07962102166000545</orientation>
      <time>17</time>
    </ksState>
    <ksState>
      <x>-904.2749928706166</x>
      <y>-639.361934598902</y>
      <steeringAngle>0.07106666666666664</steeringAngle>
      <velocity>4.0</velocity>
      <orientation>0.09343726139495837</orientation>
      <time>18</time>
    </ksState>
    <ksState>
      <x>-903.8766674057927</x>
      <y>-639.3227647367946</y>
      <steeringAngle>0.03553333333333332</steeringAngle>
      <velocity>4.0</velocity>
      <orientation>0.10171302185722374</orientation>
      <time>19</time>
    </ksState>
    <ksState>
      <x>-903.4785630045367</x>
      <y>-639.2813986722273</y>
      <steeringAngle>-2.2985086056692694e-17</steeringAngle>
      <velocity>4.0</velocity>
      <orientation>0.10446928515206409</orientation>
      <time>20</time>
    </ksState>
    <ksState>
      <x>-903.0807057860405</x>
      <y>-639.2400524461042</y>
      <steeringAngle>-0.035533333333333326</steeringAngle>
      <velocity>4.0</velocity>
      <orientation>0.1017130106194637</orientation>
      <time>21</time>
    </ksState>
    <ksState>
      <x>-902.6826275952167</x>
      <y>-639.2009010591743</y>
      <steeringAngle>-0.07106666666666711</steeringAngle>
      <velocity>4.0</velocity>
      <orientation>0.09343725007617827</orientation>
      <time>22</time>
    </ksState>
    <ksState>
      <x>-902.2841433451043</x>
      <y>-639.166148388717</y>
      <steeringAngle>-0.10660000000000043</steeringAngle>
      <velocity>4.0</velocity>
      <orientation>0.07962101025704142</orientation>
      <time>23</time>
    </ksState>
    <ksState>
      <x>-901.8851401919403</x>
      <y>-639.1380154763314</y>
      <steeringAngle>-0.14213333333333378</steeringAngle>
      <velocity>4.0</velocity>
      <orientation>0.060229083871495594</orientation>
      <time>24</time>
    </ksState>
    <ksState>
      <x>-901.4856150188808</x>
      <y>-639.1187467973064</y>
      <steeringAngle>-0.1776666666666672</steeringAngle>
      <velocity>4.0</velocity>
      <orientation>0.03521167742009827</orientation>
      <time>25</time>
    </ksState>
    <ksState>
      <x>-901.0854763471742</x>
      <y>-639.1098553708894</y>
      <steeringAngle>-0.1421333333333333</steeringAngle>
      <velocity>4.0</velocity>
      <orientation>0.010194271075574964</orientation>
      <time>26</time>
    </ksState>
    <ksState>
      <x>-900.6852347338915</x>
      <y>-639.1098484421182</y>
      <steeringAngle>-0.10659999999999999</steeringAngle>
      <velocity>4.0</velocity>
      <orientation>-0.009197655215175612</orientation>
      <time>27</time>
    </ksState>
    <ksState>
      <x>-900.2850450661417</x>
      <y>-639.1164854896739</y>
      <steeringAngle>-0.07106666666666664</steeringAngle>
      <velocity>4.0</velocity>
      <orientation>-0.02301389495012853</orientation>
      <time>28</time>
    </ksState>
    <ksState>
      <x>-899.8849510583998</x>
      <y>-639.1275416582245</y>
      <steeringAngle>-0.03553333333333332</steeringAngle>
      <velocity>4.0</velocity>
      <orientation>-0.031289655412393896</orientation>
      <time>29</time>
    </ksState>
    <ksState>
      <x>-899.4849230942817</x>
      <y>-639.1408041387616</y>
      <steeringAngle>2.2985086056692694e-17</steeringAngle>
      <velocity>4.0</velocity>
      <orientation>-0.03404591870723425</orientation>
      <time>30</time>
    </ksState>
    <ksState>
      <x>-899.1249230953094</x>
      <y>-639.1530606694612</y>
      <steeringAngle>0.0</steeringAngle>
      <velocity>3.2</velocity>
      <orientation>-0.03404591870723425</orientation>
      <time>31</time>
    </ksState>
    <ksState>
      <x>-898.844923096439</x>
      <y>-639.1625935266608</y>
      <steeringAngle>0.0</steeringAngle>
      <velocity>2.4000000000000004</velocity>
      <orientation>-0.03404591870723425</orientation>
      <time>32</time>
    </ksState>
    <ksState>
      <x>-898.6449230975685</x>
      <y>-639.1694027103638</y>
      <steeringAngle>0.0</steeringAngle>
      <velocity>1.6</velocity>
      <orientation>-0.03404591870723425</orientation>
      <time>33</time>
    </ksState>
  </ksTrajectory>
</CommonRoadSolution>
