<?xml version="1.0" ?>
<CommonRoadSolution benchmark_id="KS2:SM1:FRA_Anglet-1_2_T-1:2020a" computation_time="0.8065209189999223" date="2020-12-29">
  <ksTrajectory planningProblem="1">
    <ksState>
      <x>429.99898</x>
      <y>796.38937</y>
      <steeringAngle>0.0</steeringAngle>
      <velocity>8.0</velocity>
      <orientation>-2.9917349</orientation>
      <time>0</time>
    </ksState>
    <ksState>
      <x>429.20816804203446</x>
      <y>796.268478958579</y>
      <steeringAngle>0.03553333333333333</steeringAngle>
      <velocity>8.0</velocity>
      <orientation>-2.986222364997161</orientation>
      <time>1</time>
    </ksState>
    <ksState>
      <x>428.4187455169867</x>
      <y>796.1388743398655</y>
      <steeringAngle>0.07106666666666667</steeringAngle>
      <velocity>8.0</velocity>
      <orientation>-2.9696708441168918</orientation>
      <time>2</time>
    </ksState>
    <ksState>
      <x>427.6323939711669</x>
      <y>795.9918695230672</y>
      <steeringAngle>0.10659999999999997</steeringAngle>
      <velocity>8.0</velocity>
      <orientation>-2.9420383648261965</orientation>
      <time>3</time>
    </ksState>
    <ksState>
      <x>426.8513797130279</x>
      <y>795.8188481329648</y>
      <steeringAngle>0.1421333333333333</steeringAngle>
      <velocity>8.0</velocity>
      <orientation>-2.903254512553462</orientation>
      <time>4</time>
    </ksState>
    <ksState>
      <x>426.0788469061316</x>
      <y>795.611340429777</y>
      <steeringAngle>0.17766666666666667</steeringAngle>
      <velocity>8.0</velocity>
      <orientation>-2.853219700304307</orientation>
      <time>5</time>
    </ksState>
    <ksState>
      <x>425.3562861635582</x>
      <y>795.3760295666048</y>
      <steeringAngle>0.17766666666666667</steeringAngle>
      <velocity>7.2</velocity>
      <orientation>-2.80030377285993</orientation>
      <time>6</time>
    </ksState>
    <ksState>
      <x>424.72113205909346</x>
      <y>795.1333509972437</y>
      <steeringAngle>0.17766666666666667</steeringAngle>
      <velocity>6.4</velocity>
      <orientation>-2.7529579430671185</orientation>
      <time>7</time>
    </ksState>
    <ksState>
      <x>424.1707854630139</x>
      <y>794.8944655283541</y>
      <steeringAngle>0.17766666666666667</steeringAngle>
      <velocity>5.599999999999999</velocity>
      <orientation>-2.7111822109119337</orientation>
      <time>8</time>
    </ksState>
    <ksState>
      <x>423.7022428139046</x>
      <y>794.6689921424552</y>
      <steeringAngle>0.17766666666666667</steeringAngle>
      <velocity>4.799999999999999</velocity>
      <orientation>-2.6749765763904194</orientation>
      <time>9</time>
    </ksState>
    <ksState>
      <x>423.3123739555492</x>
      <y>794.4650629105527</y>
      <steeringAngle>0.17766666666666667</steeringAngle>
      <velocity>4.0</velocity>
      <orientation>-2.6443410395010893</orientation>
      <time>10</time>
    </ksState>
    <ksState>
      <x>422.9633304876226</x>
      <y>794.2697162854025</y>
      <steeringAngle>0.1421333333333333</steeringAngle>
      <velocity>4.0</velocity>
      <orientation>-2.619323633156566</orientation>
      <time>11</time>
    </ksState>
    <ksState>
      <x>422.6187057576611</x>
      <y>794.066667589713</y>
      <steeringAngle>0.10659999999999999</steeringAngle>
      <velocity>4.0</velocity>
      <orientation>-2.5999317068658154</orientation>
      <time>12</time>
    </ksState>
    <ksState>
      <x>422.27749644441775</x>
      <y>793.8579245650617</y>
      <steeringAngle>0.07106666666666664</steeringAngle>
      <velocity>4.0</velocity>
      <orientation>-2.5861154671308624</orientation>
      <time>13</time>
    </ksState>
    <ksState>
      <x>421.9386114511736</x>
      <y>793.64542506286</y>
      <steeringAngle>0.03553333333333332</steeringAngle>
      <velocity>4.0</velocity>
      <orientation>-2.577839706668597</orientation>
      <time>14</time>
    </ksState>
    <ksState>
      <x>421.60090265238813</x>
      <y>793.4310593592776</y>
      <steeringAngle>-2.2985086056692694e-17</steeringAngle>
      <velocity>4.0</velocity>
      <orientation>-2.5750834433737566</orientation>
      <time>15</time>
    </ksState>
    <ksState>
      <x>421.26339081885027</x>
      <y>793.2163834122739</y>
      <steeringAngle>0.0</steeringAngle>
      <velocity>4.0</velocity>
      <orientation>-2.5750834433737566</orientation>
      <time>16</time>
    </ksState>
    <ksState>
      <x>420.9258789853124</x>
      <y>793.0017074652703</y>
      <steeringAngle>0.0</steeringAngle>
      <velocity>4.0</velocity>
      <orientation>-2.5750834433737566</orientation>
      <time>17</time>
    </ksState>
    <ksState>
      <x>420.5883671517745</x>
      <y>792.7870315182666</y>
      <steeringAngle>0.0</steeringAngle>
      <velocity>4.0</velocity>
      <orientation>-2.5750834433737566</orientation>
      <time>18</time>
    </ksState>
    <ksState>
      <x>420.25085531823663</x>
      <y>792.5723555712631</y>
      <steeringAngle>0.0</steeringAngle>
      <velocity>4.0</velocity>
      <orientation>-2.5750834433737566</orientation>
      <time>19</time>
    </ksState>
    <ksState>
      <x>419.91334348469877</x>
      <y>792.3576796242594</y>
      <steeringAngle>0.0</steeringAngle>
      <velocity>4.0</velocity>
      <orientation>-2.5750834433737566</orientation>
      <time>20</time>
    </ksState>
    <ksState>
      <x>419.5758316511609</x>
      <y>792.1430036772557</y>
      <steeringAngle>0.0</steeringAngle>
      <velocity>4.0</velocity>
      <orientation>-2.5750834433737566</orientation>
      <time>21</time>
    </ksState>
    <ksState>
      <x>419.23831981762305</x>
      <y>791.9283277302521</y>
      <steeringAngle>0.0</steeringAngle>
      <velocity>4.0</velocity>
      <orientation>-2.5750834433737566</orientation>
      <time>22</time>
    </ksState>
    <ksState>
      <x>418.90080798408513</x>
      <y>791.7136517832485</y>
      <steeringAngle>0.0</steeringAngle>
      <velocity>4.0</velocity>
      <orientation>-2.5750834433737566</orientation>
      <time>23</time>
    </ksState>
    <ksState>
      <x>418.5632961505473</x>
      <y>791.4989758362449</y>
      <steeringAngle>0.0</steeringAngle>
      <velocity>4.0</velocity>
      <orientation>-2.5750834433737566</orientation>
      <time>24</time>
    </ksState>
    <ksState>
      <x>418.2257843170094</x>
      <y>791.2842998892412</y>
      <steeringAngle>0.0</steeringAngle>
      <velocity>4.0</velocity>
      <orientation>-2.5750834433737566</orientation>
      <time>25</time>
    </ksState>
    <ksState>
      <x>417.88827248347155</x>
      <y>791.0696239422375</y>
      <steeringAngle>0.0</steeringAngle>
      <velocity>4.0</velocity>
      <orientation>-2.5750834433737566</orientation>
      <time>26</time>
    </ksState>
    <ksState>
      <x>417.5507606499337</x>
      <y>790.8549479952339</y>
      <steeringAngle>0.0</steeringAngle>
      <velocity>4.0</velocity>
      <orientation>-2.5750834433737566</orientation>
      <time>27</time>
    </ksState>
    <ksState>
      <x>417.2132488163958</x>
      <y>790.6402720482303</y>
      <steeringAngle>0.0</steeringAngle>
      <velocity>4.0</velocity>
      <orientation>-2.5750834433737566</orientation>
      <time>28</time>
    </ksState>
    <ksState>
      <x>416.8757369828579</x>
      <y>790.4255961012267</y>
      <steeringAngle>0.0</steeringAngle>
      <velocity>4.0</velocity>
      <orientation>-2.5750834433737566</orientation>
      <time>29</time>
    </ksState>
    <ksState>
      <x>416.53822514932006</x>
      <y>790.210920154223</y>
      <steeringAngle>0.0</steeringAngle>
      <velocity>4.0</velocity>
      <orientation>-2.5750834433737566</orientation>
      <time>30</time>
    </ksState>
    <ksState>
      <x>416.23446450000307</x>
      <y>790.0177118024712</y>
      <steeringAngle>0.0</steeringAngle>
      <velocity>3.2</velocity>
      <orientation>-2.5750834433737566</orientation>
      <time>31</time>
    </ksState>
    <ksState>
      <x>415.99820621747966</x>
      <y>789.867438640175</y>
      <steeringAngle>0.0</steeringAngle>
      <velocity>2.4000000000000004</velocity>
      <orientation>-2.5750834433737566</orientation>
      <time>32</time>
    </ksState>
    <ksState>
      <x>415.8294503016638</x>
      <y>789.7601006672794</y>
      <steeringAngle>0.0</steeringAngle>
      <velocity>1.6</velocity>
      <orientation>-2.5750834433737566</orientation>
      <time>33</time>
    </ksState>
  </ksTrajectory>
</CommonRoadSolution>
