<?xml version="1.0" ?>
<CommonRoadSolution benchmark_id="KS2:SM1:ESP_Ceuta-15_2_T-1:2020a" computation_time="1.9104852169998594" date="2020-12-29">
  <ksTrajectory planningProblem="1">
    <ksState>
      <x>-210.17183</x>
      <y>-1015.0671</y>
      <steeringAngle>0.0</steeringAngle>
      <velocity>0.0</velocity>
      <orientation>1.0042025</orientation>
      <time>0</time>
    </ksState>
    <ksState>
      <x>-210.15035954907665</x>
      <y>-1015.0333506326681</y>
      <steeringAngle>0.0</steeringAngle>
      <velocity>0.8</velocity>
      <orientation>1.0042025</orientation>
      <time>1</time>
    </ksState>
    <ksState>
      <x>-210.0859481969428</x>
      <y>-1014.9321025316726</y>
      <steeringAngle>0.0</steeringAngle>
      <velocity>1.6</velocity>
      <orientation>1.0042025</orientation>
      <time>2</time>
    </ksState>
    <ksState>
      <x>-209.97859594369243</x>
      <y>-1014.763355697161</y>
      <steeringAngle>0.0</steeringAngle>
      <velocity>2.4000000000000004</velocity>
      <orientation>1.0042025</orientation>
      <time>3</time>
    </ksState>
    <ksState>
      <x>-209.8283027893539</x>
      <y>-1014.5271101291783</y>
      <steeringAngle>0.0</steeringAngle>
      <velocity>3.2000000000000006</velocity>
      <orientation>1.0042025</orientation>
      <time>4</time>
    </ksState>
    <ksState>
      <x>-209.63506873393894</x>
      <y>-1014.2233658277424</y>
      <steeringAngle>0.0</steeringAngle>
      <velocity>4.000000000000001</velocity>
      <orientation>1.0042025</orientation>
      <time>5</time>
    </ksState>
    <ksState>
      <x>-209.4203642286072</x>
      <y>-1013.885872160557</y>
      <steeringAngle>0.0</steeringAngle>
      <velocity>4.0</velocity>
      <orientation>1.0042025</orientation>
      <time>6</time>
    </ksState>
    <ksState>
      <x>-209.20565972327546</x>
      <y>-1013.5483784933716</y>
      <steeringAngle>0.0</steeringAngle>
      <velocity>4.0</velocity>
      <orientation>1.0042025</orientation>
      <time>7</time>
    </ksState>
    <ksState>
      <x>-208.99095521794374</x>
      <y>-1013.2108848261862</y>
      <steeringAngle>0.0</steeringAngle>
      <velocity>4.0</velocity>
      <orientation>1.0042025</orientation>
      <time>8</time>
    </ksState>
    <ksState>
      <x>-208.77625071261198</x>
      <y>-1012.8733911590008</y>
      <steeringAngle>0.0</steeringAngle>
      <velocity>4.0</velocity>
      <orientation>1.0042025</orientation>
      <time>9</time>
    </ksState>
    <ksState>
      <x>-208.56154620728026</x>
      <y>-1012.5358974918154</y>
      <steeringAngle>0.0</steeringAngle>
      <velocity>4.0</velocity>
      <orientation>1.0042025</orientation>
      <time>10</time>
    </ksState>
    <ksState>
      <x>-208.32537125086372</x>
      <y>-1012.1646544570443</y>
      <steeringAngle>0.0</steeringAngle>
      <velocity>4.8</velocity>
      <orientation>1.0042025</orientation>
      <time>11</time>
    </ksState>
    <ksState>
      <x>-208.0462553933566</x>
      <y>-1011.7259126887981</y>
      <steeringAngle>0.0</steeringAngle>
      <velocity>5.6</velocity>
      <orientation>1.0042025</orientation>
      <time>12</time>
    </ksState>
    <ksState>
      <x>-207.7241986347674</x>
      <y>-1011.21967218709</y>
      <steeringAngle>0.0</steeringAngle>
      <velocity>6.4</velocity>
      <orientation>1.0042025</orientation>
      <time>13</time>
    </ksState>
    <ksState>
      <x>-207.3592009751012</x>
      <y>-1010.6459329519282</y>
      <steeringAngle>0.0</steeringAngle>
      <velocity>7.199999999999999</velocity>
      <orientation>1.0042025</orientation>
      <time>14</time>
    </ksState>
    <ksState>
      <x>-206.95126241436117</x>
      <y>-1010.0046949833174</y>
      <steeringAngle>0.0</steeringAngle>
      <velocity>7.999999999999998</velocity>
      <orientation>1.0042025</orientation>
      <time>15</time>
    </ksState>
    <ksState>
      <x>-206.5218534036977</x>
      <y>-1009.3297076489466</y>
      <steeringAngle>0.0</steeringAngle>
      <velocity>8.0</velocity>
      <orientation>1.0042025</orientation>
      <time>16</time>
    </ksState>
    <ksState>
      <x>-206.0924443930342</x>
      <y>-1008.6547203145758</y>
      <steeringAngle>0.0</steeringAngle>
      <velocity>8.0</velocity>
      <orientation>1.0042025</orientation>
      <time>17</time>
    </ksState>
    <ksState>
      <x>-205.66303538237074</x>
      <y>-1007.979732980205</y>
      <steeringAngle>0.0</steeringAngle>
      <velocity>8.0</velocity>
      <orientation>1.0042025</orientation>
      <time>18</time>
    </ksState>
    <ksState>
      <x>-205.23362637170726</x>
      <y>-1007.3047456458341</y>
      <steeringAngle>0.0</steeringAngle>
      <velocity>8.0</velocity>
      <orientation>1.0042025</orientation>
      <time>19</time>
    </ksState>
    <ksState>
      <x>-204.80421736104378</x>
      <y>-1006.6297583114634</y>
      <steeringAngle>0.0</steeringAngle>
      <velocity>8.0</velocity>
      <orientation>1.0042025</orientation>
      <time>20</time>
    </ksState>
    <ksState>
      <x>-204.39627880130365</x>
      <y>-1005.9885203444245</y>
      <steeringAngle>0.0</steeringAngle>
      <velocity>7.200000000000001</velocity>
      <orientation>1.0042025</orientation>
      <time>21</time>
    </ksState>
    <ksState>
      <x>-204.03128114278783</x>
      <y>-1005.4147811110709</y>
      <steeringAngle>0.0</steeringAngle>
      <velocity>6.400000000000001</velocity>
      <orientation>1.0042025</orientation>
      <time>22</time>
    </ksState>
    <ksState>
      <x>-203.7092243853889</x>
      <y>-1004.9085406112339</y>
      <steeringAngle>0.0</steeringAngle>
      <velocity>5.600000000000001</velocity>
      <orientation>1.0042025</orientation>
      <time>23</time>
    </ksState>
    <ksState>
      <x>-203.4301085290765</x>
      <y>-1004.4697988448656</y>
      <steeringAngle>0.0</steeringAngle>
      <velocity>4.800000000000001</velocity>
      <orientation>1.0042025</orientation>
      <time>24</time>
    </ksState>
    <ksState>
      <x>-203.19393357383953</x>
      <y>-1004.0985558119487</y>
      <steeringAngle>0.0</steeringAngle>
      <velocity>4.000000000000001</velocity>
      <orientation>1.0042025</orientation>
      <time>25</time>
    </ksState>
    <ksState>
      <x>-202.97891917915467</x>
      <y>-1003.7612596708465</y>
      <steeringAngle>-0.035533333333333326</steeringAngle>
      <velocity>4.0</velocity>
      <orientation>1.0014462254673997</orientation>
      <time>26</time>
    </ksState>
    <ksState>
      <x>-202.76204846713716</x>
      <y>-1003.4251552653753</y>
      <steeringAngle>-0.07106666666666711</steeringAngle>
      <velocity>4.0</velocity>
      <orientation>0.9931704649241143</orientation>
      <time>27</time>
    </ksState>
    <ksState>
      <x>-202.5414803563776</x>
      <y>-1003.0914680552406</y>
      <steeringAngle>-0.10660000000000043</steeringAngle>
      <velocity>4.0</velocity>
      <orientation>0.9793542251049775</orientation>
      <time>28</time>
    </ksState>
    <ksState>
      <x>-202.31540524522774</x>
      <y>-1002.7614907513048</y>
      <steeringAngle>-0.14213333333333378</steeringAngle>
      <velocity>4.0</velocity>
      <orientation>0.9599622987194316</orientation>
      <time>29</time>
    </ksState>
    <ksState>
      <x>-202.08206340996136</x>
      <y>-1002.4366165697913</y>
      <steeringAngle>-0.1776666666666672</steeringAngle>
      <velocity>4.0</velocity>
      <orientation>0.9349448922680343</orientation>
      <time>30</time>
    </ksState>
    <ksState>
      <x>-201.8648952593543</x>
      <y>-1002.1495060374367</y>
      <steeringAngle>-0.1421333333333333</steeringAngle>
      <velocity>3.1999999999999993</velocity>
      <orientation>0.912334977294592</orientation>
      <time>31</time>
    </ksState>
    <ksState>
      <x>-201.6919833742717</x>
      <y>-1001.9292783050115</y>
      <steeringAngle>-0.10659999999999997</steeringAngle>
      <velocity>2.3999999999999977</velocity>
      <orientation>0.8986673364238846</orientation>
      <time>32</time>
    </ksState>
    <ksState>
      <x>-201.5668700834869</x>
      <y>-1001.7732446567721</y>
      <steeringAngle>-0.07106666666666664</steeringAngle>
      <velocity>1.5999999999999976</velocity>
      <orientation>0.8916666305706655</orientation>
      <time>33</time>
    </ksState>
  </ksTrajectory>
</CommonRoadSolution>
