<?xml version="1.0" ?>
<CommonRoadSolution benchmark_id="KS2:SM1:HRV_Pula-5_2_T-1:2020a" computation_time="1.8280473929999062" date="2020-12-29">
  <ksTrajectory planningProblem="1">
    <ksState>
      <x>-690.16032</x>
      <y>-82.228649</y>
      <steeringAngle>0.0</steeringAngle>
      <velocity>8.0</velocity>
      <orientation>-0.033382347</orientation>
      <time>0</time>
    </ksState>
    <ksState>
      <x>-689.36032</x>
      <y>-82.2553548776</y>
      <steeringAngle>0.0</steeringAngle>
      <velocity>8.0</velocity>
      <orientation>-0.033382347</orientation>
      <time>1</time>
    </ksState>
    <ksState>
      <x>-688.5603199999999</x>
      <y>-82.2820607552</y>
      <steeringAngle>0.0</steeringAngle>
      <velocity>8.0</velocity>
      <orientation>-0.033382347</orientation>
      <time>2</time>
    </ksState>
    <ksState>
      <x>-687.76032</x>
      <y>-82.3087666328</y>
      <steeringAngle>0.0</steeringAngle>
      <velocity>8.0</velocity>
      <orientation>-0.033382347</orientation>
      <time>3</time>
    </ksState>
    <ksState>
      <x>-686.9603199999999</x>
      <y>-82.33547251040001</y>
      <steeringAngle>0.0</steeringAngle>
      <velocity>8.0</velocity>
      <orientation>-0.033382347</orientation>
      <time>4</time>
    </ksState>
    <ksState>
      <x>-686.16032</x>
      <y>-82.362178388</y>
      <steeringAngle>0.0</steeringAngle>
      <velocity>8.0</velocity>
      <orientation>-0.033382347</orientation>
      <time>5</time>
    </ksState>
    <ksState>
      <x>-685.36032</x>
      <y>-82.3888842656</y>
      <steeringAngle>0.0</steeringAngle>
      <velocity>8.0</velocity>
      <orientation>-0.033382347</orientation>
      <time>6</time>
    </ksState>
    <ksState>
      <x>-684.5603199999999</x>
      <y>-82.4155901432</y>
      <steeringAngle>0.0</steeringAngle>
      <velocity>8.0</velocity>
      <orientation>-0.033382347</orientation>
      <time>7</time>
    </ksState>
    <ksState>
      <x>-683.76032</x>
      <y>-82.4422960208</y>
      <steeringAngle>0.0</steeringAngle>
      <velocity>8.0</velocity>
      <orientation>-0.033382347</orientation>
      <time>8</time>
    </ksState>
    <ksState>
      <x>-682.9603199999999</x>
      <y>-82.46900189840001</y>
      <steeringAngle>0.0</steeringAngle>
      <velocity>8.0</velocity>
      <orientation>-0.033382347</orientation>
      <time>9</time>
    </ksState>
    <ksState>
      <x>-682.16032</x>
      <y>-82.495707776</y>
      <steeringAngle>0.0</steeringAngle>
      <velocity>8.0</velocity>
      <orientation>-0.033382347</orientation>
      <time>10</time>
    </ksState>
    <ksState>
      <x>-681.36032</x>
      <y>-82.5224136536</y>
      <steeringAngle>0.0</steeringAngle>
      <velocity>8.0</velocity>
      <orientation>-0.033382347</orientation>
      <time>11</time>
    </ksState>
    <ksState>
      <x>-680.5603199999999</x>
      <y>-82.5491195312</y>
      <steeringAngle>0.0</steeringAngle>
      <velocity>8.0</velocity>
      <orientation>-0.033382347</orientation>
      <time>12</time>
    </ksState>
    <ksState>
      <x>-679.76032</x>
      <y>-82.5758254088</y>
      <steeringAngle>0.0</steeringAngle>
      <velocity>8.0</velocity>
      <orientation>-0.033382347</orientation>
      <time>13</time>
    </ksState>
    <ksState>
      <x>-678.9603199999999</x>
      <y>-82.60253128640001</y>
      <steeringAngle>0.0</steeringAngle>
      <velocity>8.0</velocity>
      <orientation>-0.033382347</orientation>
      <time>14</time>
    </ksState>
    <ksState>
      <x>-678.16032</x>
      <y>-82.629237164</y>
      <steeringAngle>0.0</steeringAngle>
      <velocity>8.0</velocity>
      <orientation>-0.033382347</orientation>
      <time>15</time>
    </ksState>
    <ksState>
      <x>-677.36032</x>
      <y>-82.6559430416</y>
      <steeringAngle>0.0</steeringAngle>
      <velocity>8.0</velocity>
      <orientation>-0.033382347</orientation>
      <time>16</time>
    </ksState>
    <ksState>
      <x>-676.5603199999999</x>
      <y>-82.6826489192</y>
      <steeringAngle>0.0</steeringAngle>
      <velocity>8.0</velocity>
      <orientation>-0.033382347</orientation>
      <time>17</time>
    </ksState>
    <ksState>
      <x>-675.76032</x>
      <y>-82.7093547968</y>
      <steeringAngle>0.0</steeringAngle>
      <velocity>8.0</velocity>
      <orientation>-0.033382347</orientation>
      <time>18</time>
    </ksState>
    <ksState>
      <x>-674.9603199999999</x>
      <y>-82.73606067440001</y>
      <steeringAngle>0.0</steeringAngle>
      <velocity>8.0</velocity>
      <orientation>-0.033382347</orientation>
      <time>19</time>
    </ksState>
    <ksState>
      <x>-674.16032</x>
      <y>-82.762766552</y>
      <steeringAngle>0.0</steeringAngle>
      <velocity>8.0</velocity>
      <orientation>-0.033382347</orientation>
      <time>20</time>
    </ksState>
    <ksState>
      <x>-673.36032</x>
      <y>-82.7894724296</y>
      <steeringAngle>0.0</steeringAngle>
      <velocity>8.0</velocity>
      <orientation>-0.033382347</orientation>
      <time>21</time>
    </ksState>
    <ksState>
      <x>-672.5603199999999</x>
      <y>-82.8161783072</y>
      <steeringAngle>0.0</steeringAngle>
      <velocity>8.0</velocity>
      <orientation>-0.033382347</orientation>
      <time>22</time>
    </ksState>
    <ksState>
      <x>-671.76032</x>
      <y>-82.8428841848</y>
      <steeringAngle>0.0</steeringAngle>
      <velocity>8.0</velocity>
      <orientation>-0.033382347</orientation>
      <time>23</time>
    </ksState>
    <ksState>
      <x>-670.9603199999999</x>
      <y>-82.86959006240001</y>
      <steeringAngle>0.0</steeringAngle>
      <velocity>8.0</velocity>
      <orientation>-0.033382347</orientation>
      <time>24</time>
    </ksState>
    <ksState>
      <x>-670.16032</x>
      <y>-82.89629594</y>
      <steeringAngle>0.0</steeringAngle>
      <velocity>8.0</velocity>
      <orientation>-0.033382347</orientation>
      <time>25</time>
    </ksState>
    <ksState>
      <x>-669.36032</x>
      <y>-82.9230018176</y>
      <steeringAngle>0.0</steeringAngle>
      <velocity>8.0</velocity>
      <orientation>-0.033382347</orientation>
      <time>26</time>
    </ksState>
    <ksState>
      <x>-668.5603199999999</x>
      <y>-82.9497076952</y>
      <steeringAngle>0.0</steeringAngle>
      <velocity>8.0</velocity>
      <orientation>-0.033382347</orientation>
      <time>27</time>
    </ksState>
    <ksState>
      <x>-667.76032</x>
      <y>-82.9764135728</y>
      <steeringAngle>0.0</steeringAngle>
      <velocity>8.0</velocity>
      <orientation>-0.033382347</orientation>
      <time>28</time>
    </ksState>
    <ksState>
      <x>-666.9603199999999</x>
      <y>-83.0031194504</y>
      <steeringAngle>0.0</steeringAngle>
      <velocity>8.0</velocity>
      <orientation>-0.033382347</orientation>
      <time>29</time>
    </ksState>
    <ksState>
      <x>-666.16032</x>
      <y>-83.029825328</y>
      <steeringAngle>0.0</steeringAngle>
      <velocity>8.0</velocity>
      <orientation>-0.033382347</orientation>
      <time>30</time>
    </ksState>
    <ksState>
      <x>-665.4003651198318</x>
      <y>-83.05648785506355</y>
      <steeringAngle>-0.03553333333333333</steeringAngle>
      <velocity>7.199999999999999</velocity>
      <orientation>-0.03852735998249232</orientation>
      <time>31</time>
    </ksState>
    <ksState>
      <x>-664.720672144002</x>
      <y>-83.08690454810119</y>
      <steeringAngle>-0.07106666666666664</steeringAngle>
      <velocity>6.400000000000001</velocity>
      <orientation>-0.05250403210345543</orientation>
      <time>32</time>
    </ksState>
    <ksState>
      <x>-664.1215062662792</x>
      <y>-83.12416891348032</y>
      <steeringAngle>-0.10659999999999997</steeringAngle>
      <velocity>5.600000000000004</velocity>
      <orientation>-0.0731357999693368</orientation>
      <time>33</time>
    </ksState>
  </ksTrajectory>
</CommonRoadSolution>
