<?xml version="1.0" ?>
<CommonRoadSolution benchmark_id="KS2:SM1:GRC_Perama-2_1_T-1:2020a" computation_time="1.8410709439999664" date="2020-12-29">
  <ksTrajectory planningProblem="1">
    <ksState>
      <x>551.77206</x>
      <y>-943.45929</y>
      <steeringAngle>0.0</steeringAngle>
      <velocity>12.0</velocity>
      <orientation>0.021202309</orientation>
      <time>0</time>
    </ksState>
    <ksState>
      <x>552.9320599995115</x>
      <y>-943.4346953215704</y>
      <steeringAngle>0.0</steeringAngle>
      <velocity>11.200000000000001</velocity>
      <orientation>0.021202309</orientation>
      <time>1</time>
    </ksState>
    <ksState>
      <x>554.012059998572</x>
      <y>-943.4117968278703</y>
      <steeringAngle>0.0</steeringAngle>
      <velocity>10.4</velocity>
      <orientation>0.021202309</orientation>
      <time>2</time>
    </ksState>
    <ksState>
      <x>555.0120599974912</x>
      <y>-943.3905945188932</y>
      <steeringAngle>0.0</steeringAngle>
      <velocity>9.599999999999998</velocity>
      <orientation>0.021202309</orientation>
      <time>3</time>
    </ksState>
    <ksState>
      <x>555.9320599963572</x>
      <y>-943.3710883946372</y>
      <steeringAngle>0.0</steeringAngle>
      <velocity>8.799999999999999</velocity>
      <orientation>0.021202309</orientation>
      <time>4</time>
    </ksState>
    <ksState>
      <x>556.7720599951988</x>
      <y>-943.3532784551018</y>
      <steeringAngle>0.0</steeringAngle>
      <velocity>7.999999999999997</velocity>
      <orientation>0.021202309</orientation>
      <time>5</time>
    </ksState>
    <ksState>
      <x>557.5320599944719</x>
      <y>-943.3371647002772</y>
      <steeringAngle>0.0</steeringAngle>
      <velocity>7.200000000000001</velocity>
      <orientation>0.021202309</orientation>
      <time>6</time>
    </ksState>
    <ksState>
      <x>558.2120599934507</x>
      <y>-943.3227471301789</y>
      <steeringAngle>0.0</steeringAngle>
      <velocity>6.400000000000001</velocity>
      <orientation>0.021202309</orientation>
      <time>7</time>
    </ksState>
    <ksState>
      <x>558.8120599923353</x>
      <y>-943.3100257448025</y>
      <steeringAngle>0.0</steeringAngle>
      <velocity>5.600000000000001</velocity>
      <orientation>0.021202309</orientation>
      <time>8</time>
    </ksState>
    <ksState>
      <x>559.3320599911824</x>
      <y>-943.2990005441469</y>
      <steeringAngle>0.0</steeringAngle>
      <velocity>4.800000000000001</velocity>
      <orientation>0.021202309</orientation>
      <time>9</time>
    </ksState>
    <ksState>
      <x>559.7720599900125</x>
      <y>-943.2896715282117</y>
      <steeringAngle>0.0</steeringAngle>
      <velocity>4.000000000000001</velocity>
      <orientation>0.021202309</orientation>
      <time>10</time>
    </ksState>
    <ksState>
      <x>560.1720599900125</x>
      <y>-943.2811906046117</y>
      <steeringAngle>0.0</steeringAngle>
      <velocity>4.0</velocity>
      <orientation>0.021202309</orientation>
      <time>11</time>
    </ksState>
    <ksState>
      <x>560.5720599900125</x>
      <y>-943.2727096810116</y>
      <steeringAngle>0.0</steeringAngle>
      <velocity>4.0</velocity>
      <orientation>0.021202309</orientation>
      <time>12</time>
    </ksState>
    <ksState>
      <x>560.9720599900126</x>
      <y>-943.2642287574116</y>
      <steeringAngle>0.0</steeringAngle>
      <velocity>4.0</velocity>
      <orientation>0.021202309</orientation>
      <time>13</time>
    </ksState>
    <ksState>
      <x>561.3720599900125</x>
      <y>-943.2557478338117</y>
      <steeringAngle>0.0</steeringAngle>
      <velocity>4.0</velocity>
      <orientation>0.021202309</orientation>
      <time>14</time>
    </ksState>
    <ksState>
      <x>561.7720599900125</x>
      <y>-943.2472669102117</y>
      <steeringAngle>0.0</steeringAngle>
      <velocity>4.0</velocity>
      <orientation>0.021202309</orientation>
      <time>15</time>
    </ksState>
    <ksState>
      <x>562.1720599900125</x>
      <y>-943.2387859866117</y>
      <steeringAngle>0.0</steeringAngle>
      <velocity>4.0</velocity>
      <orientation>0.021202309</orientation>
      <time>16</time>
    </ksState>
    <ksState>
      <x>562.5720599900125</x>
      <y>-943.2303050630117</y>
      <steeringAngle>0.0</steeringAngle>
      <velocity>4.0</velocity>
      <orientation>0.021202309</orientation>
      <time>17</time>
    </ksState>
    <ksState>
      <x>562.9720599900126</x>
      <y>-943.2218241394116</y>
      <steeringAngle>0.0</steeringAngle>
      <velocity>4.0</velocity>
      <orientation>0.021202309</orientation>
      <time>18</time>
    </ksState>
    <ksState>
      <x>563.3720599900125</x>
      <y>-943.2133432158117</y>
      <steeringAngle>0.0</steeringAngle>
      <velocity>4.0</velocity>
      <orientation>0.021202309</orientation>
      <time>19</time>
    </ksState>
    <ksState>
      <x>563.7720599900125</x>
      <y>-943.2048622922117</y>
      <steeringAngle>0.0</steeringAngle>
      <velocity>4.0</velocity>
      <orientation>0.021202309</orientation>
      <time>20</time>
    </ksState>
    <ksState>
      <x>564.1720599900125</x>
      <y>-943.1963813686117</y>
      <steeringAngle>0.0</steeringAngle>
      <velocity>4.0</velocity>
      <orientation>0.021202309</orientation>
      <time>21</time>
    </ksState>
    <ksState>
      <x>564.5720599900125</x>
      <y>-943.1879004450117</y>
      <steeringAngle>0.0</steeringAngle>
      <velocity>4.0</velocity>
      <orientation>0.021202309</orientation>
      <time>22</time>
    </ksState>
    <ksState>
      <x>564.9720599900126</x>
      <y>-943.1794195214117</y>
      <steeringAngle>0.0</steeringAngle>
      <velocity>4.0</velocity>
      <orientation>0.021202309</orientation>
      <time>23</time>
    </ksState>
    <ksState>
      <x>565.3720599900125</x>
      <y>-943.1709385978118</y>
      <steeringAngle>0.0</steeringAngle>
      <velocity>4.0</velocity>
      <orientation>0.021202309</orientation>
      <time>24</time>
    </ksState>
    <ksState>
      <x>565.7720599900125</x>
      <y>-943.1624576742117</y>
      <steeringAngle>0.0</steeringAngle>
      <velocity>4.0</velocity>
      <orientation>0.021202309</orientation>
      <time>25</time>
    </ksState>
    <ksState>
      <x>566.1720599900125</x>
      <y>-943.1539767506117</y>
      <steeringAngle>0.0</steeringAngle>
      <velocity>4.0</velocity>
      <orientation>0.021202309</orientation>
      <time>26</time>
    </ksState>
    <ksState>
      <x>566.5720599900125</x>
      <y>-943.1454958270117</y>
      <steeringAngle>0.0</steeringAngle>
      <velocity>4.0</velocity>
      <orientation>0.021202309</orientation>
      <time>27</time>
    </ksState>
    <ksState>
      <x>566.9720599900126</x>
      <y>-943.1370149034117</y>
      <steeringAngle>0.0</steeringAngle>
      <velocity>4.0</velocity>
      <orientation>0.021202309</orientation>
      <time>28</time>
    </ksState>
    <ksState>
      <x>567.3720599900125</x>
      <y>-943.1285339798118</y>
      <steeringAngle>0.0</steeringAngle>
      <velocity>4.0</velocity>
      <orientation>0.021202309</orientation>
      <time>29</time>
    </ksState>
    <ksState>
      <x>567.7720599900125</x>
      <y>-943.1200530562118</y>
      <steeringAngle>0.0</steeringAngle>
      <velocity>4.0</velocity>
      <orientation>0.021202309</orientation>
      <time>30</time>
    </ksState>
    <ksState>
      <x>568.1320599889848</x>
      <y>-943.1124202249936</y>
      <steeringAngle>0.0</steeringAngle>
      <velocity>3.2</velocity>
      <orientation>0.021202309</orientation>
      <time>31</time>
    </ksState>
    <ksState>
      <x>568.4120599878553</x>
      <y>-943.1064835784975</y>
      <steeringAngle>0.0</steeringAngle>
      <velocity>2.4000000000000004</velocity>
      <orientation>0.021202309</orientation>
      <time>32</time>
    </ksState>
    <ksState>
      <x>568.6120599867257</x>
      <y>-943.1022431167214</y>
      <steeringAngle>0.0</steeringAngle>
      <velocity>1.6</velocity>
      <orientation>0.021202309</orientation>
      <time>33</time>
    </ksState>
  </ksTrajectory>
</CommonRoadSolution>
