<?xml version="1.0" ?>
<CommonRoadSolution benchmark_id="KS2:SM1:DEU_Hennigsdorf-3_2_T-1:2020a" computation_time="1.0809010509999553" date="2020-12-29">
  <ksTrajectory planningProblem="1">
    <ksState>
      <x>-16.179049</x>
      <y>409.50941</y>
      <steeringAngle>0.0</steeringAngle>
      <velocity>12.0</velocity>
      <orientation>-0.47237313</orientation>
      <time>0</time>
    </ksState>
    <ksState>
      <x>-15.144703758709618</x>
      <y>408.98431718290846</y>
      <steeringAngle>0.03553333333333333</steeringAngle>
      <velocity>11.200000000000001</velocity>
      <orientation>-0.4644718562276559</orientation>
      <time>1</time>
    </ksState>
    <ksState>
      <x>-14.17440697577679</x>
      <y>408.5101065266326</y>
      <steeringAngle>0.07106666666666667</steeringAngle>
      <velocity>10.400000000000007</velocity>
      <orientation>-0.442219425429166</orientation>
      <time>2</time>
    </ksState>
    <ksState>
      <x>-13.263889108839253</x>
      <y>408.09675657456256</y>
      <steeringAngle>0.10660000000000001</steeringAngle>
      <velocity>9.60000000000001</velocity>
      <orientation>-0.4077714145444943</orientation>
      <time>3</time>
    </ksState>
    <ksState>
      <x>-12.411855321754912</x>
      <y>407.74991563418484</y>
      <steeringAngle>0.14213333333333344</steeringAngle>
      <velocity>8.800000000000008</velocity>
      <orientation>-0.36326328242364936</orientation>
      <time>4</time>
    </ksState>
    <ksState>
      <x>-11.6194822634443</x>
      <y>407.4713779651848</y>
      <steeringAngle>0.17766666666666675</steeringAngle>
      <velocity>8.000000000000009</velocity>
      <orientation>-0.3108209846086679</orientation>
      <time>5</time>
    </ksState>
    <ksState>
      <x>-10.890446559253803</x>
      <y>407.25690746973646</y>
      <steeringAngle>0.1421333333333334</steeringAngle>
      <velocity>7.2</velocity>
      <orientation>-0.263193662863031</orientation>
      <time>6</time>
    </ksState>
    <ksState>
      <x>-10.230927263237103</x>
      <y>407.0914019749596</y>
      <steeringAngle>0.10660000000000011</steeringAngle>
      <velocity>6.4</velocity>
      <orientation>-0.23013409241506302</orientation>
      <time>7</time>
    </ksState>
    <ksState>
      <x>-9.645272917548125</x>
      <y>406.9610335639344</y>
      <steeringAngle>0.07106666666666674</steeringAngle>
      <velocity>5.600000000000001</velocity>
      <orientation>-0.20931714412117455</orientation>
      <time>8</time>
    </ksState>
    <ksState>
      <x>-9.135983855774533</x>
      <y>406.85604800301104</y>
      <steeringAngle>0.03553333333333339</steeringAngle>
      <velocity>4.800000000000001</velocity>
      <orientation>-0.19846653446351167</orientation>
      <time>9</time>
    </ksState>
    <ksState>
      <x>-8.704442858121906</x>
      <y>406.77018650335094</y>
      <steeringAngle>5.5294310796760726e-17</steeringAngle>
      <velocity>4.0</velocity>
      <orientation>-0.19534275862634612</orientation>
      <time>10</time>
    </ksState>
    <ksState>
      <x>-8.312050379413476</x>
      <y>406.69254538890084</y>
      <steeringAngle>0.0</steeringAngle>
      <velocity>4.0</velocity>
      <orientation>-0.19534275862634612</orientation>
      <time>11</time>
    </ksState>
    <ksState>
      <x>-7.919657900705044</x>
      <y>406.61490427445074</y>
      <steeringAngle>0.0</steeringAngle>
      <velocity>4.0</velocity>
      <orientation>-0.19534275862634612</orientation>
      <time>12</time>
    </ksState>
    <ksState>
      <x>-7.5272654219966135</x>
      <y>406.53726316000063</y>
      <steeringAngle>0.0</steeringAngle>
      <velocity>4.0</velocity>
      <orientation>-0.19534275862634612</orientation>
      <time>13</time>
    </ksState>
    <ksState>
      <x>-7.1348729432881814</x>
      <y>406.45962204555053</y>
      <steeringAngle>0.0</steeringAngle>
      <velocity>4.0</velocity>
      <orientation>-0.19534275862634612</orientation>
      <time>14</time>
    </ksState>
    <ksState>
      <x>-6.742480464579751</x>
      <y>406.38198093110043</y>
      <steeringAngle>0.0</steeringAngle>
      <velocity>4.0</velocity>
      <orientation>-0.19534275862634612</orientation>
      <time>15</time>
    </ksState>
    <ksState>
      <x>-6.35008798587132</x>
      <y>406.3043398166503</y>
      <steeringAngle>0.0</steeringAngle>
      <velocity>4.0</velocity>
      <orientation>-0.19534275862634612</orientation>
      <time>16</time>
    </ksState>
    <ksState>
      <x>-5.957695507162889</x>
      <y>406.2266987022002</y>
      <steeringAngle>0.0</steeringAngle>
      <velocity>4.0</velocity>
      <orientation>-0.19534275862634612</orientation>
      <time>17</time>
    </ksState>
    <ksState>
      <x>-5.5653030284544585</x>
      <y>406.1490575877501</y>
      <steeringAngle>0.0</steeringAngle>
      <velocity>4.0</velocity>
      <orientation>-0.19534275862634612</orientation>
      <time>18</time>
    </ksState>
    <ksState>
      <x>-5.172910549746026</x>
      <y>406.0714164733</y>
      <steeringAngle>0.0</steeringAngle>
      <velocity>4.0</velocity>
      <orientation>-0.19534275862634612</orientation>
      <time>19</time>
    </ksState>
    <ksState>
      <x>-4.780518071037596</x>
      <y>405.9937753588499</y>
      <steeringAngle>0.0</steeringAngle>
      <velocity>4.0</velocity>
      <orientation>-0.19534275862634612</orientation>
      <time>20</time>
    </ksState>
    <ksState>
      <x>-4.388125592329165</x>
      <y>405.9161342443998</y>
      <steeringAngle>0.0</steeringAngle>
      <velocity>4.0</velocity>
      <orientation>-0.19534275862634612</orientation>
      <time>21</time>
    </ksState>
    <ksState>
      <x>-3.995733113620734</x>
      <y>405.8384931299497</y>
      <steeringAngle>0.0</steeringAngle>
      <velocity>4.0</velocity>
      <orientation>-0.19534275862634612</orientation>
      <time>22</time>
    </ksState>
    <ksState>
      <x>-3.603340634912303</x>
      <y>405.7608520154996</y>
      <steeringAngle>0.0</steeringAngle>
      <velocity>4.0</velocity>
      <orientation>-0.19534275862634612</orientation>
      <time>23</time>
    </ksState>
    <ksState>
      <x>-3.2109481562038718</x>
      <y>405.6832109010495</y>
      <steeringAngle>0.0</steeringAngle>
      <velocity>4.0</velocity>
      <orientation>-0.19534275862634612</orientation>
      <time>24</time>
    </ksState>
    <ksState>
      <x>-2.818555677495441</x>
      <y>405.6055697865994</y>
      <steeringAngle>0.0</steeringAngle>
      <velocity>4.0</velocity>
      <orientation>-0.19534275862634612</orientation>
      <time>25</time>
    </ksState>
    <ksState>
      <x>-2.42616319878701</x>
      <y>405.5279286721493</y>
      <steeringAngle>0.0</steeringAngle>
      <velocity>4.0</velocity>
      <orientation>-0.19534275862634612</orientation>
      <time>26</time>
    </ksState>
    <ksState>
      <x>-2.033770720078579</x>
      <y>405.4502875576992</y>
      <steeringAngle>0.0</steeringAngle>
      <velocity>4.0</velocity>
      <orientation>-0.19534275862634612</orientation>
      <time>27</time>
    </ksState>
    <ksState>
      <x>-1.6413782413701479</x>
      <y>405.3726464432491</y>
      <steeringAngle>0.0</steeringAngle>
      <velocity>4.0</velocity>
      <orientation>-0.19534275862634612</orientation>
      <time>28</time>
    </ksState>
    <ksState>
      <x>-1.2489857626617167</x>
      <y>405.295005328799</y>
      <steeringAngle>0.0</steeringAngle>
      <velocity>4.0</velocity>
      <orientation>-0.19534275862634612</orientation>
      <time>29</time>
    </ksState>
    <ksState>
      <x>-0.8565932839532859</x>
      <y>405.2173642143489</y>
      <steeringAngle>0.0</steeringAngle>
      <velocity>4.0</velocity>
      <orientation>-0.19534275862634612</orientation>
      <time>30</time>
    </ksState>
    <ksState>
      <x>-0.5034400541238219</x>
      <y>405.14748721154325</y>
      <steeringAngle>0.0</steeringAngle>
      <velocity>3.2</velocity>
      <orientation>-0.19534275862634612</orientation>
      <time>31</time>
    </ksState>
    <ksState>
      <x>-0.22876532013599715</x>
      <y>405.09313843164745</y>
      <steeringAngle>0.0</steeringAngle>
      <velocity>2.4000000000000004</velocity>
      <orientation>-0.19534275862634612</orientation>
      <time>32</time>
    </ksState>
    <ksState>
      <x>-0.0325690818898583</x>
      <y>405.05431787464164</y>
      <steeringAngle>0.0</steeringAngle>
      <velocity>1.6</velocity>
      <orientation>-0.19534275862634612</orientation>
      <time>33</time>
    </ksState>
  </ksTrajectory>
</CommonRoadSolution>
