<?xml version="1.0" ?>
<CommonRoadSolution benchmark_id="KS2:SM1:DEU_Muehlhausen-7_2_T-1:2020a" computation_time="1.0264527189999626" date="2020-12-29">
  <ksTrajectory planningProblem="1">
    <ksState>
      <x>-493.51123</x>
      <y>111.03667</y>
      <steeringAngle>0.0</steeringAngle>
      <velocity>4.0</velocity>
      <orientation>-3.3398274</orientation>
      <time>0</time>
    </ksState>
    <ksState>
      <x>-493.8641796698587</x>
      <y>111.10756802399726</y>
      <steeringAngle>0.0</steeringAngle>
      <velocity>3.2</velocity>
      <orientation>-3.3398274</orientation>
      <time>1</time>
    </ksState>
    <ksState>
      <x>-494.138696079425</x>
      <y>111.16271093148563</y>
      <steeringAngle>0.0</steeringAngle>
      <velocity>2.4000000000000004</velocity>
      <orientation>-3.3398274</orientation>
      <time>2</time>
    </ksState>
    <ksState>
      <x>-494.3347792287988</x>
      <y>111.2020987224852</y>
      <steeringAngle>0.0</steeringAngle>
      <velocity>1.6</velocity>
      <orientation>-3.3398274</orientation>
      <time>3</time>
    </ksState>
    <ksState>
      <x>-494.4524291180199</x>
      <y>111.22573139700395</y>
      <steeringAngle>0.0</steeringAngle>
      <velocity>0.7999999999999998</velocity>
      <orientation>-3.3398274</orientation>
      <time>4</time>
    </ksState>
    <ksState>
      <x>-494.4916457471402</x>
      <y>111.23360895505232</y>
      <steeringAngle>0.0</steeringAngle>
      <velocity>-3.3306690738754696e-16</velocity>
      <orientation>-3.3398274</orientation>
      <time>5</time>
    </ksState>
    <ksState>
      <x>-494.5308612175687</x>
      <y>111.2414922866284</y>
      <steeringAngle>-0.03553333333333333</steeringAngle>
      <velocity>0.8</velocity>
      <orientation>-3.340194931778242</orientation>
      <time>6</time>
    </ksState>
    <ksState>
      <x>-494.64847502024344</x>
      <y>111.26530374384346</y>
      <steeringAngle>-0.0710666666666667</steeringAngle>
      <velocity>1.6</velocity>
      <orientation>-3.3427697783702275</orientation>
      <time>7</time>
    </ksState>
    <ksState>
      <x>-494.8443092636565</x>
      <y>111.30590897214256</y>
      <steeringAngle>-0.10660000000000003</steeringAngle>
      <velocity>2.4000000000000004</velocity>
      <orientation>-3.349770482607065</orientation>
      <time>8</time>
    </ksState>
    <ksState>
      <x>-495.117879235527</x>
      <y>111.36555999962067</y>
      <steeringAngle>-0.14213333333333342</steeringAngle>
      <velocity>3.2000000000000015</velocity>
      <orientation>-3.3634381235478847</orientation>
      <time>9</time>
    </ksState>
    <ksState>
      <x>-495.46816651912707</x>
      <y>111.44858579897847</y>
      <steeringAngle>-0.17766666666666683</steeringAngle>
      <velocity>4.0000000000000036</velocity>
      <orientation>-3.386048039421105</orientation>
      <time>10</time>
    </ksState>
    <ksState>
      <x>-495.8933871314161</x>
      <y>111.56160035359126</y>
      <steeringAngle>-0.17766666666666667</steeringAngle>
      <velocity>4.800000000000002</velocity>
      <orientation>-3.4166835764634396</orientation>
      <time>11</time>
    </ksState>
    <ksState>
      <x>-496.3911693262184</x>
      <y>111.71187792969565</y>
      <steeringAngle>-0.17766666666666667</steeringAngle>
      <velocity>5.600000000000001</velocity>
      <orientation>-3.4528892111399796</orientation>
      <time>12</time>
    </ksState>
    <ksState>
      <x>-496.9583274202761</x>
      <y>111.9075290030881</y>
      <steeringAngle>-0.17766666666666667</steeringAngle>
      <velocity>6.3999999999999995</velocity>
      <orientation>-3.4946649434496195</orientation>
      <time>13</time>
    </ksState>
    <ksState>
      <x>-497.59057790608495</x>
      <y>112.15767486265511</y>
      <steeringAngle>-0.17766666666666667</steeringAngle>
      <velocity>7.200000000000002</velocity>
      <orientation>-3.5420107733917163</orientation>
      <time>14</time>
    </ksState>
    <ksState>
      <x>-498.2822975093909</x>
      <y>112.47230039031743</y>
      <steeringAngle>-0.17766666666666667</steeringAngle>
      <velocity>8.0</velocity>
      <orientation>-3.5949267009658663</orientation>
      <time>15</time>
    </ksState>
    <ksState>
      <x>-498.9564079785101</x>
      <y>112.8230714045974</y>
      <steeringAngle>-0.17766666666666667</steeringAngle>
      <velocity>7.2</velocity>
      <orientation>-3.6478426284102436</orientation>
      <time>16</time>
    </ksState>
    <ksState>
      <x>-499.5430884967623</x>
      <y>113.1667567169819</y>
      <steeringAngle>-0.17766666666666667</steeringAngle>
      <velocity>6.4</velocity>
      <orientation>-3.695188458203055</orientation>
      <time>17</time>
    </ksState>
    <ksState>
      <x>-500.0467356702067</x>
      <y>113.49277384497437</y>
      <steeringAngle>-0.17766666666666667</steeringAngle>
      <velocity>5.599999999999999</velocity>
      <orientation>-3.73696419035824</orientation>
      <time>18</time>
    </ksState>
    <ksState>
      <x>-500.47189185729286</x>
      <y>113.79212761289017</y>
      <steeringAngle>-0.17766666666666667</steeringAngle>
      <velocity>4.799999999999999</velocity>
      <orientation>-3.773169824879754</orientation>
      <time>19</time>
    </ksState>
    <ksState>
      <x>-500.8229801210971</x>
      <y>114.05731035998848</y>
      <steeringAngle>-0.17766666666666667</steeringAngle>
      <velocity>4.0</velocity>
      <orientation>-3.803805361769084</orientation>
      <time>20</time>
    </ksState>
    <ksState>
      <x>-501.13520659334364</x>
      <y>114.30732291264982</y>
      <steeringAngle>-0.1421333333333333</steeringAngle>
      <velocity>4.0</velocity>
      <orientation>-3.8288227681136076</orientation>
      <time>21</time>
    </ksState>
    <ksState>
      <x>-501.44180952566745</x>
      <y>114.5642073598488</y>
      <steeringAngle>-0.10659999999999999</steeringAngle>
      <velocity>4.0</velocity>
      <orientation>-3.848214694404358</orientation>
      <time>22</time>
    </ksState>
    <ksState>
      <x>-501.74410831815544</x>
      <y>114.82614797496008</y>
      <steeringAngle>-0.07106666666666664</steeringAngle>
      <velocity>4.0</velocity>
      <orientation>-3.862030934139311</orientation>
      <time>23</time>
    </ksState>
    <ksState>
      <x>-502.0434974778517</x>
      <y>115.0914123867051</y>
      <steeringAngle>-0.03553333333333332</steeringAngle>
      <velocity>4.0</velocity>
      <orientation>-3.8703066946015765</orientation>
      <time>24</time>
    </ksState>
    <ksState>
      <x>-502.3414199539226</x>
      <y>115.35832451812908</y>
      <steeringAngle>2.2985086056692694e-17</steeringAngle>
      <velocity>4.0</velocity>
      <orientation>-3.873062957896417</orientation>
      <time>25</time>
    </ksState>
    <ksState>
      <x>-502.63909719230054</x>
      <y>115.62551033689884</y>
      <steeringAngle>0.0</steeringAngle>
      <velocity>4.0</velocity>
      <orientation>-3.873062957896417</orientation>
      <time>26</time>
    </ksState>
    <ksState>
      <x>-502.93677443067855</x>
      <y>115.89269615566859</y>
      <steeringAngle>0.0</steeringAngle>
      <velocity>4.0</velocity>
      <orientation>-3.873062957896417</orientation>
      <time>27</time>
    </ksState>
    <ksState>
      <x>-503.2344516690565</x>
      <y>116.15988197443835</y>
      <steeringAngle>0.0</steeringAngle>
      <velocity>4.0</velocity>
      <orientation>-3.873062957896417</orientation>
      <time>28</time>
    </ksState>
    <ksState>
      <x>-503.53212890743447</x>
      <y>116.4270677932081</y>
      <steeringAngle>0.0</steeringAngle>
      <velocity>4.0</velocity>
      <orientation>-3.873062957896417</orientation>
      <time>29</time>
    </ksState>
    <ksState>
      <x>-503.8298061458124</x>
      <y>116.69425361197786</y>
      <steeringAngle>0.0</steeringAngle>
      <velocity>4.0</velocity>
      <orientation>-3.873062957896417</orientation>
      <time>30</time>
    </ksState>
    <ksState>
      <x>-504.09771565958783</x>
      <y>116.93472084818418</y>
      <steeringAngle>0.0</steeringAngle>
      <velocity>3.2</velocity>
      <orientation>-3.873062957896417</orientation>
      <time>31</time>
    </ksState>
    <ksState>
      <x>-504.3060897256118</x>
      <y>117.12175092056852</y>
      <steeringAngle>0.0</steeringAngle>
      <velocity>2.4000000000000004</velocity>
      <orientation>-3.873062957896417</orientation>
      <time>32</time>
    </ksState>
    <ksState>
      <x>-504.45492834396015</x>
      <y>117.25534382919888</y>
      <steeringAngle>0.0</steeringAngle>
      <velocity>1.6</velocity>
      <orientation>-3.873062957896417</orientation>
      <time>33</time>
    </ksState>
  </ksTrajectory>
</CommonRoadSolution>
