<?xml version="1.0" ?>
<CommonRoadSolution benchmark_id="KS2:SM1:DEU_Meckenheim-3_1_T-1:2020a" computation_time="0.9817601320000904" date="2020-12-29">
  <ksTrajectory planningProblem="1">
    <ksState>
      <x>19.996977</x>
      <y>-965.5973</y>
      <steeringAngle>0.0</steeringAngle>
      <velocity>12.0</velocity>
      <orientation>2.6534761</orientation>
      <time>0</time>
    </ksState>
    <ksState>
      <x>18.973875299235697</x>
      <y>-965.0506232631304</y>
      <steeringAngle>-0.03553333333333333</steeringAngle>
      <velocity>11.200000000000001</velocity>
      <orientation>2.645574826227656</orientation>
      <time>1</time>
    </ksState>
    <ksState>
      <x>18.02917749435033</x>
      <y>-964.5272709430437</y>
      <steeringAngle>-0.07106666666666667</steeringAngle>
      <velocity>10.400000000000007</velocity>
      <orientation>2.623322395429166</orientation>
      <time>2</time>
    </ksState>
    <ksState>
      <x>17.168613770501526</x>
      <y>-964.0180253774428</y>
      <steeringAngle>-0.10660000000000001</steeringAngle>
      <velocity>9.60000000000001</velocity>
      <orientation>2.588874384544494</orientation>
      <time>3</time>
    </ksState>
    <ksState>
      <x>16.39607066439166</x>
      <y>-963.5185883329041</y>
      <steeringAngle>-0.14213333333333344</steeringAngle>
      <velocity>8.800000000000008</velocity>
      <orientation>2.544366252423649</orientation>
      <time>4</time>
    </ksState>
    <ksState>
      <x>15.713692881741022</x>
      <y>-963.0288957167322</y>
      <steeringAngle>-0.17766666666666675</steeringAngle>
      <velocity>8.000000000000009</velocity>
      <orientation>2.4919239546086676</orientation>
      <time>5</time>
    </ksState>
    <ksState>
      <x>15.120960205975724</x>
      <y>-962.5533610659284</y>
      <steeringAngle>-0.17766666666666667</steeringAngle>
      <velocity>7.2</velocity>
      <orientation>2.43900802716429</orientation>
      <time>6</time>
    </ksState>
    <ksState>
      <x>14.612595544648725</x>
      <y>-962.10183144834</y>
      <steeringAngle>-0.17766666666666667</steeringAngle>
      <velocity>6.4</velocity>
      <orientation>2.391662197371479</orientation>
      <time>7</time>
    </ksState>
    <ksState>
      <x>14.182222373102888</x>
      <y>-961.6838283666808</y>
      <steeringAngle>-0.17766666666666667</steeringAngle>
      <velocity>5.599999999999999</velocity>
      <orientation>2.349886465216294</orientation>
      <time>8</time>
    </ksState>
    <ksState>
      <x>13.823630859475804</x>
      <y>-961.3072880791449</y>
      <steeringAngle>-0.17766666666666667</steeringAngle>
      <velocity>4.799999999999999</velocity>
      <orientation>2.31368083069478</orientation>
      <time>9</time>
    </ksState>
    <ksState>
      <x>13.531018353444624</x>
      <y>-960.978711178475</y>
      <steeringAngle>-0.17766666666666667</steeringAngle>
      <velocity>4.0</velocity>
      <orientation>2.2830452938054497</orientation>
      <time>10</time>
    </ksState>
    <ksState>
      <x>13.248238624077452</x>
      <y>-960.6416303274825</y>
      <steeringAngle>-0.14213333333333333</steeringAngle>
      <velocity>4.8000000000000025</velocity>
      <orientation>2.255620394087097</orientation>
      <time>11</time>
    </ksState>
    <ksState>
      <x>12.924658136390986</x>
      <y>-960.2345904535637</y>
      <steeringAngle>-0.10660000000000003</steeringAngle>
      <velocity>5.600000000000005</velocity>
      <orientation>2.2305041818081794</orientation>
      <time>12</time>
    </ksState>
    <ksState>
      <x>12.562174837826458</x>
      <y>-959.756476366432</y>
      <steeringAngle>-0.07106666666666671</steeringAngle>
      <velocity>6.400000000000004</velocity>
      <orientation>2.20987241220872</orientation>
      <time>13</time>
    </ksState>
    <ksState>
      <x>12.160842828742753</x>
      <y>-959.207545535425</y>
      <steeringAngle>-0.035533333333333375</steeringAngle>
      <velocity>7.200000000000006</velocity>
      <orientation>2.1958957441159277</orientation>
      <time>14</time>
    </ksState>
    <ksState>
      <x>11.718233879840602</x>
      <y>-958.5897300559453</y>
      <steeringAngle>-2.6346112791397758e-17</steeringAngle>
      <velocity>8.000000000000007</velocity>
      <orientation>2.190750731336359</orientation>
      <time>15</time>
    </ksState>
    <ksState>
      <x>11.276675361676261</x>
      <y>-957.9711622957673</y>
      <steeringAngle>0.0</steeringAngle>
      <velocity>7.200000000000001</velocity>
      <orientation>2.190750731336359</orientation>
      <time>16</time>
    </ksState>
    <ksState>
      <x>10.881596687744665</x>
      <y>-957.4177069316993</y>
      <steeringAngle>0.0</steeringAngle>
      <velocity>6.400000000000001</velocity>
      <orientation>2.190750731336359</orientation>
      <time>17</time>
    </ksState>
    <ksState>
      <x>10.532997857929535</x>
      <y>-956.9293639635785</y>
      <steeringAngle>0.0</steeringAngle>
      <velocity>5.600000000000001</velocity>
      <orientation>2.190750731336359</orientation>
      <time>18</time>
    </ksState>
    <ksState>
      <x>10.230878872198009</x>
      <y>-956.5061333913587</y>
      <steeringAngle>0.0</steeringAngle>
      <velocity>4.800000000000001</velocity>
      <orientation>2.190750731336359</orientation>
      <time>19</time>
    </ksState>
    <ksState>
      <x>9.975239730538037</x>
      <y>-956.1480152150232</y>
      <steeringAngle>0.0</steeringAngle>
      <velocity>4.000000000000001</velocity>
      <orientation>2.190750731336359</orientation>
      <time>20</time>
    </ksState>
    <ksState>
      <x>9.742840510229268</x>
      <y>-955.8224532356708</y>
      <steeringAngle>0.0</steeringAngle>
      <velocity>4.0</velocity>
      <orientation>2.190750731336359</orientation>
      <time>21</time>
    </ksState>
    <ksState>
      <x>9.5104412899205</x>
      <y>-955.4968912563183</y>
      <steeringAngle>0.0</steeringAngle>
      <velocity>4.0</velocity>
      <orientation>2.190750731336359</orientation>
      <time>22</time>
    </ksState>
    <ksState>
      <x>9.27804206961173</x>
      <y>-955.1713292769658</y>
      <steeringAngle>0.0</steeringAngle>
      <velocity>4.0</velocity>
      <orientation>2.190750731336359</orientation>
      <time>23</time>
    </ksState>
    <ksState>
      <x>9.045642849302961</x>
      <y>-954.8457672976134</y>
      <steeringAngle>0.0</steeringAngle>
      <velocity>4.0</velocity>
      <orientation>2.190750731336359</orientation>
      <time>24</time>
    </ksState>
    <ksState>
      <x>8.813243628994194</x>
      <y>-954.520205318261</y>
      <steeringAngle>0.0</steeringAngle>
      <velocity>4.0</velocity>
      <orientation>2.190750731336359</orientation>
      <time>25</time>
    </ksState>
    <ksState>
      <x>8.581143697070658</x>
      <y>-954.1944300915706</y>
      <steeringAngle>-0.035533333333333326</steeringAngle>
      <velocity>4.0</velocity>
      <orientation>2.1879944568037586</orientation>
      <time>26</time>
    </ksState>
    <ksState>
      <x>8.350844463215134</x>
      <y>-953.8673806457773</y>
      <steeringAngle>-0.07106666666666711</steeringAngle>
      <velocity>4.0</velocity>
      <orientation>2.179718696260473</orientation>
      <time>27</time>
    </ksState>
    <ksState>
      <x>8.124172179057926</x>
      <y>-953.5378095285864</y>
      <steeringAngle>-0.10660000000000043</steeringAngle>
      <velocity>4.0</velocity>
      <orientation>2.1659024564413363</orientation>
      <time>28</time>
    </ksState>
    <ksState>
      <x>7.903003642897919</x>
      <y>-953.2045236818916</y>
      <steeringAngle>-0.14213333333333378</steeringAngle>
      <velocity>4.0</velocity>
      <orientation>2.1465105300557905</orientation>
      <time>29</time>
    </ksState>
    <ksState>
      <x>7.689290132254039</x>
      <y>-952.8664139640961</y>
      <steeringAngle>-0.1776666666666672</steeringAngle>
      <velocity>4.0</velocity>
      <orientation>2.121493123604393</orientation>
      <time>30</time>
    </ksState>
    <ksState>
      <x>7.504773216058014</x>
      <y>-952.5573076365895</y>
      <steeringAngle>-0.17766666666666667</steeringAngle>
      <velocity>3.2000000000000006</velocity>
      <orientation>2.0964276843362155</orientation>
      <time>31</time>
    </ksState>
    <ksState>
      <x>7.3666503714225495</x>
      <y>-952.3137514911684</y>
      <steeringAngle>-0.17766666666666667</steeringAngle>
      <velocity>2.4000000000000012</velocity>
      <orientation>2.0769323427061854</orientation>
      <time>32</time>
    </ksState>
    <ksState>
      <x>7.270911162048761</x>
      <y>-952.1381571950161</y>
      <steeringAngle>-0.17766666666666667</steeringAngle>
      <velocity>1.6000000000000005</velocity>
      <orientation>2.063007098707205</orientation>
      <time>33</time>
    </ksState>
  </ksTrajectory>
</CommonRoadSolution>
