<?xml version="1.0" ?>
<CommonRoadSolution benchmark_id="KS2:SM1:DEU_Guetersloh-14_2_T-1:2020a" computation_time="0.8824113059999945" date="2020-12-29">
  <ksTrajectory planningProblem="1">
    <ksState>
      <x>-475.3318</x>
      <y>42.074334</y>
      <steeringAngle>0.0</steeringAngle>
      <velocity>12.0</velocity>
      <orientation>-2.3622568</orientation>
      <time>0</time>
    </ksState>
    <ksState>
      <x>-476.154861451067</x>
      <y>41.25692199096866</y>
      <steeringAngle>0.03553333333333333</steeringAngle>
      <velocity>11.200000000000001</velocity>
      <orientation>-2.354355526227656</orientation>
      <time>1</time>
    </ksState>
    <ksState>
      <x>-476.9095171572097</x>
      <y>40.48436367039888</y>
      <steeringAngle>0.07106666666666667</steeringAngle>
      <velocity>10.400000000000007</velocity>
      <orientation>-2.332103095429166</orientation>
      <time>2</time>
    </ksState>
    <ksState>
      <x>-477.5876316266948</x>
      <y>39.74947474330598</y>
      <steeringAngle>0.10660000000000001</steeringAngle>
      <velocity>9.60000000000001</velocity>
      <orientation>-2.2976550845444943</orientation>
      <time>3</time>
    </ksState>
    <ksState>
      <x>-478.1842478568889</x>
      <y>39.04925385949542</y>
      <steeringAngle>0.14213333333333344</steeringAngle>
      <velocity>8.800000000000008</velocity>
      <orientation>-2.2531469524236494</orientation>
      <time>4</time>
    </ksState>
    <ksState>
      <x>-478.6972930436541</x>
      <y>38.384255413688585</y>
      <steeringAngle>0.17766666666666675</steeringAngle>
      <velocity>8.000000000000009</velocity>
      <orientation>-2.2007046546086677</orientation>
      <time>5</time>
    </ksState>
    <ksState>
      <x>-479.1503062141602</x>
      <y>37.72500311819603</y>
      <steeringAngle>0.17766666666666667</steeringAngle>
      <velocity>8.0</velocity>
      <orientation>-2.145003678298156</orientation>
      <time>6</time>
    </ksState>
    <ksState>
      <x>-479.5659148178018</x>
      <y>37.041552995687795</y>
      <steeringAngle>0.17766666666666667</steeringAngle>
      <velocity>8.0</velocity>
      <orientation>-2.089302701987644</orientation>
      <time>7</time>
    </ksState>
    <ksState>
      <x>-479.9428297010808</x>
      <y>36.3360249978458</y>
      <steeringAngle>0.17766666666666667</steeringAngle>
      <velocity>8.0</velocity>
      <orientation>-2.0336017256771326</orientation>
      <time>8</time>
    </ksState>
    <ksState>
      <x>-480.2798817507237</x>
      <y>35.61060752895763</y>
      <steeringAngle>0.17766666666666667</steeringAngle>
      <velocity>8.0</velocity>
      <orientation>-1.9779007493666207</orientation>
      <time>9</time>
    </ksState>
    <ksState>
      <x>-480.57602549960785</x>
      <y>34.867550685649974</y>
      <steeringAngle>0.17766666666666667</steeringAngle>
      <velocity>8.0</velocity>
      <orientation>-1.922199773056109</orientation>
      <time>10</time>
    </ksState>
    <ksState>
      <x>-480.8317820049285</x>
      <y>34.109622585773835</y>
      <steeringAngle>0.14213333333333336</steeringAngle>
      <velocity>8.0</velocity>
      <orientation>-1.8721649615073606</orientation>
      <time>11</time>
    </ksState>
    <ksState>
      <x>-481.05365494113715</x>
      <y>33.34105764277784</y>
      <steeringAngle>0.1066000000000001</steeringAngle>
      <velocity>8.0</velocity>
      <orientation>-1.8333811095003631</orientation>
      <time>12</time>
    </ksState>
    <ksState>
      <x>-481.24989915724404</x>
      <y>32.56552725900946</y>
      <steeringAngle>0.07106666666666674</steeringAngle>
      <velocity>8.0</velocity>
      <orientation>-1.8057486304706762</orientation>
      <time>13</time>
    </ksState>
    <ksState>
      <x>-481.4289711667034</x>
      <y>31.785835977394274</y>
      <steeringAngle>0.035533333333333354</steeringAngle>
      <velocity>8.0</velocity>
      <orientation>-1.7891971098416468</orientation>
      <time>14</time>
    </ksState>
    <ksState>
      <x>-481.599434431903</x>
      <y>31.004209121954297</y>
      <steeringAngle>2.0816681711721685e-17</steeringAngle>
      <velocity>8.0</velocity>
      <orientation>-1.783684583383242</orientation>
      <time>15</time>
    </ksState>
    <ksState>
      <x>-481.76001014305353</x>
      <y>30.2613663122808</y>
      <steeringAngle>0.0</steeringAngle>
      <velocity>7.200000000000001</velocity>
      <orientation>-1.783684583383242</orientation>
      <time>16</time>
    </ksState>
    <ksState>
      <x>-481.90368314768887</x>
      <y>29.596717482935382</y>
      <steeringAngle>0.0</steeringAngle>
      <velocity>6.400000000000001</velocity>
      <orientation>-1.783684583383242</orientation>
      <time>17</time>
    </ksState>
    <ksState>
      <x>-482.03045344585126</x>
      <y>29.010262633722423</y>
      <steeringAngle>0.0</steeringAngle>
      <velocity>5.600000000000001</velocity>
      <orientation>-1.783684583383242</orientation>
      <time>18</time>
    </ksState>
    <ksState>
      <x>-482.1403210375526</x>
      <y>28.502001764586645</y>
      <steeringAngle>0.0</steeringAngle>
      <velocity>4.800000000000001</velocity>
      <orientation>-1.783684583383242</orientation>
      <time>19</time>
    </ksState>
    <ksState>
      <x>-482.2332859227973</x>
      <y>28.071934875507775</y>
      <steeringAngle>0.0</steeringAngle>
      <velocity>4.000000000000001</velocity>
      <orientation>-1.783684583383242</orientation>
      <time>20</time>
    </ksState>
    <ksState>
      <x>-482.3257959888261</x>
      <y>27.64177011751951</y>
      <steeringAngle>0.035533333333333326</steeringAngle>
      <velocity>4.799999999999999</velocity>
      <orientation>-1.780560804714051</orientation>
      <time>21</time>
    </ksState>
    <ksState>
      <x>-482.431618453885</x>
      <y>27.132654291616312</y>
      <steeringAngle>0.07106666666666667</steeringAngle>
      <velocity>5.599999999999998</velocity>
      <orientation>-1.7697101936528783</orientation>
      <time>22</time>
    </ksState>
    <ksState>
      <x>-482.5444598926657</x>
      <y>26.54337189323176</y>
      <steeringAngle>0.10659999999999999</steeringAngle>
      <velocity>6.3999999999999995</velocity>
      <orientation>-1.7488932446525505</orientation>
      <time>23</time>
    </ksState>
    <ksState>
      <x>-482.65437502668857</x>
      <y>25.872345496083355</y>
      <steeringAngle>0.14213333333333333</steeringAngle>
      <velocity>7.199999999999999</velocity>
      <orientation>-1.7158336736713853</orientation>
      <time>24</time>
    </ksState>
    <ksState>
      <x>-482.74694594221137</x>
      <y>25.118076814338515</y>
      <steeringAngle>0.17766666666666664</steeringAngle>
      <velocity>7.9999999999999964</velocity>
      <orientation>-1.6682063515898387</orientation>
      <time>25</time>
    </ksState>
    <ksState>
      <x>-482.8008180050974</x>
      <y>24.360077454262612</y>
      <steeringAngle>0.17766666666666667</steeringAngle>
      <velocity>7.2</velocity>
      <orientation>-1.6152904241454613</orientation>
      <time>26</time>
    </ksState>
    <ksState>
      <x>-482.8149740787996</x>
      <y>23.68028834724271</y>
      <steeringAngle>0.17766666666666667</steeringAngle>
      <velocity>6.4</velocity>
      <orientation>-1.56794459435265</orientation>
      <time>27</time>
    </ksState>
    <ksState>
      <x>-482.8007327090891</x>
      <y>23.080501029561056</y>
      <steeringAngle>0.17766666666666667</steeringAngle>
      <velocity>5.599999999999999</velocity>
      <orientation>-1.5261688621974654</orientation>
      <time>28</time>
    </ksState>
    <ksState>
      <x>-482.76813611680996</x>
      <y>22.561552165071696</y>
      <steeringAngle>0.17766666666666667</steeringAngle>
      <velocity>4.799999999999999</velocity>
      <orientation>-1.489963227675951</orientation>
      <time>29</time>
    </ksState>
    <ksState>
      <x>-482.7258965288857</x>
      <y>22.12360162499705</y>
      <steeringAngle>0.17766666666666667</steeringAngle>
      <velocity>4.0</velocity>
      <orientation>-1.4593276907866208</orientation>
      <time>30</time>
    </ksState>
    <ksState>
      <x>-482.6816587491925</x>
      <y>21.766337741747083</y>
      <steeringAngle>0.1421333333333333</steeringAngle>
      <velocity>3.1999999999999993</velocity>
      <orientation>-1.4367177758131786</orientation>
      <time>31</time>
    </ksState>
    <ksState>
      <x>-482.64224385696156</x>
      <y>21.489128000932627</y>
      <steeringAngle>0.10659999999999997</steeringAngle>
      <velocity>2.3999999999999977</velocity>
      <orientation>-1.4230501349424711</orientation>
      <time>32</time>
    </ksState>
    <ksState>
      <x>-482.61206439237577</x>
      <y>21.29141853016501</y>
      <steeringAngle>0.07106666666666664</steeringAngle>
      <velocity>1.5999999999999976</velocity>
      <orientation>-1.416049429089252</orientation>
      <time>33</time>
    </ksState>
  </ksTrajectory>
</CommonRoadSolution>
