<?xml version="1.0" ?>
<CommonRoadSolution benchmark_id="KS2:SM1:BEL_Nivelles-16_2_T-1:2020a" computation_time="0.2944501169999967" date="2020-12-29">
  <ksTrajectory planningProblem="1">
    <ksState>
      <x>-500.27479</x>
      <y>-487.31406</y>
      <steeringAngle>0.0</steeringAngle>
      <velocity>16.0</velocity>
      <orientation>1.1094622</orientation>
      <time>0</time>
    </ksState>
    <ksState>
      <x>-499.58036667184825</x>
      <y>-485.91714330947264</y>
      <steeringAngle>0.0</steeringAngle>
      <velocity>15.2</velocity>
      <orientation>1.1094622</orientation>
      <time>1</time>
    </ksState>
    <ksState>
      <x>-498.92155479667315</x>
      <y>-484.5918633728104</y>
      <steeringAngle>0.0</steeringAngle>
      <velocity>14.400000000000002</velocity>
      <orientation>1.1094622</orientation>
      <time>2</time>
    </ksState>
    <ksState>
      <x>-498.29835437430995</x>
      <y>-483.33822018968186</y>
      <steeringAngle>0.0</steeringAngle>
      <velocity>13.600000000000001</velocity>
      <orientation>1.1094622</orientation>
      <time>3</time>
    </ksState>
    <ksState>
      <x>-497.7107654047087</x>
      <y>-482.1562137599866</y>
      <steeringAngle>0.0</steeringAngle>
      <velocity>12.800000000000004</velocity>
      <orientation>1.1094622</orientation>
      <time>4</time>
    </ksState>
    <ksState>
      <x>-497.1587878878537</x>
      <y>-481.04584408369294</y>
      <steeringAngle>0.0</steeringAngle>
      <velocity>12.000000000000002</velocity>
      <orientation>1.1094622</orientation>
      <time>5</time>
    </ksState>
    <ksState>
      <x>-496.64242182343725</x>
      <y>-480.007111160182</y>
      <steeringAngle>0.0</steeringAngle>
      <velocity>11.200000000000001</velocity>
      <orientation>1.1094622</orientation>
      <time>6</time>
    </ksState>
    <ksState>
      <x>-496.1616672119549</x>
      <y>-479.0400149904506</y>
      <steeringAngle>0.0</steeringAngle>
      <velocity>10.4</velocity>
      <orientation>1.1094622</orientation>
      <time>7</time>
    </ksState>
    <ksState>
      <x>-495.7165240532688</x>
      <y>-478.14455557422144</y>
      <steeringAngle>0.0</steeringAngle>
      <velocity>9.599999999999998</velocity>
      <orientation>1.1094622</orientation>
      <time>8</time>
    </ksState>
    <ksState>
      <x>-495.30699234733976</x>
      <y>-477.3207329114157</y>
      <steeringAngle>0.0</steeringAngle>
      <velocity>8.799999999999999</velocity>
      <orientation>1.1094622</orientation>
      <time>9</time>
    </ksState>
    <ksState>
      <x>-494.933072094155</x>
      <y>-476.56854700200756</y>
      <steeringAngle>0.0</steeringAngle>
      <velocity>7.999999999999997</velocity>
      <orientation>1.1094622</orientation>
      <time>10</time>
    </ksState>
    <ksState>
      <x>-494.59476329351156</x>
      <y>-475.8879978455888</y>
      <steeringAngle>0.0</steeringAngle>
      <velocity>7.200000000000001</velocity>
      <orientation>1.1094622</orientation>
      <time>11</time>
    </ksState>
    <ksState>
      <x>-494.2920659457324</x>
      <y>-475.27908544280933</y>
      <steeringAngle>0.0</steeringAngle>
      <velocity>6.400000000000001</velocity>
      <orientation>1.1094622</orientation>
      <time>12</time>
    </ksState>
    <ksState>
      <x>-494.02498005072863</x>
      <y>-474.74180979348995</y>
      <steeringAngle>0.0</steeringAngle>
      <velocity>5.600000000000001</velocity>
      <orientation>1.1094622</orientation>
      <time>13</time>
    </ksState>
    <ksState>
      <x>-493.7935056084749</x>
      <y>-474.27617089757996</y>
      <steeringAngle>0.0</steeringAngle>
      <velocity>4.800000000000001</velocity>
      <orientation>1.1094622</orientation>
      <time>14</time>
    </ksState>
    <ksState>
      <x>-493.5976426189621</x>
      <y>-473.88216875506083</y>
      <steeringAngle>0.0</steeringAngle>
      <velocity>4.000000000000001</velocity>
      <orientation>1.1094622</orientation>
      <time>15</time>
    </ksState>
    <ksState>
      <x>-493.4192564279195</x>
      <y>-473.52414886236005</y>
      <steeringAngle>-0.035533333333333326</steeringAngle>
      <velocity>4.0</velocity>
      <orientation>1.1067059254673997</orientation>
      <time>16</time>
    </ksState>
    <ksState>
      <x>-493.23889898346124</x>
      <y>-473.167119074616</y>
      <steeringAngle>-0.07106666666666711</steeringAngle>
      <velocity>4.0</velocity>
      <orientation>1.0984301649241142</orientation>
      <time>17</time>
    </ksState>
    <ksState>
      <x>-493.0546106405344</x>
      <y>-472.81210463497615</y>
      <steeringAngle>-0.10660000000000043</steeringAngle>
      <velocity>4.0</velocity>
      <orientation>1.0846139251049773</orientation>
      <time>18</time>
    </ksState>
    <ksState>
      <x>-492.8644559938442</x>
      <y>-472.46020097296577</y>
      <steeringAngle>-0.14213333333333378</steeringAngle>
      <velocity>4.0</velocity>
      <orientation>1.0652219987194316</orientation>
      <time>19</time>
    </ksState>
    <ksState>
      <x>-492.66653868031983</x>
      <y>-472.1126087076508</y>
      <steeringAngle>-0.1776666666666672</steeringAngle>
      <velocity>4.0</velocity>
      <orientation>1.0402045922680343</orientation>
      <time>20</time>
    </ksState>
    <ksState>
      <x>-492.4596656197422</x>
      <y>-471.77027088726425</y>
      <steeringAngle>-0.1421333333333333</steeringAngle>
      <velocity>4.0</velocity>
      <orientation>1.015187185923511</orientation>
      <time>21</time>
    </ksState>
    <ksState>
      <x>-492.245242062864</x>
      <y>-471.4326060896054</y>
      <steeringAngle>-0.10659999999999999</steeringAngle>
      <velocity>4.0</velocity>
      <orientation>0.9957952596327604</orientation>
      <time>22</time>
    </ksState>
    <ksState>
      <x>-492.02524119084563</x>
      <y>-471.09854462505774</y>
      <steeringAngle>-0.07106666666666664</steeringAngle>
      <velocity>4.0</velocity>
      <orientation>0.9819790198978074</orientation>
      <time>23</time>
    </ksState>
    <ksState>
      <x>-491.8015634076184</x>
      <y>-470.7669314070271</y>
      <steeringAngle>-0.03553333333333332</steeringAngle>
      <velocity>4.0</velocity>
      <orientation>0.9737032594355421</orientation>
      <time>24</time>
    </ksState>
    <ksState>
      <x>-491.57605966731575</x>
      <y>-470.43655593766084</y>
      <steeringAngle>2.2985086056692694e-17</steeringAngle>
      <velocity>4.0</velocity>
      <orientation>0.9709469961407018</orientation>
      <time>25</time>
    </ksState>
    <ksState>
      <x>-491.3505559365957</x>
      <y>-470.10618047828854</y>
      <steeringAngle>0.035533333333333326</steeringAngle>
      <velocity>4.0</velocity>
      <orientation>0.9737032706733022</orientation>
      <time>26</time>
    </ksState>
    <ksState>
      <x>-491.12687815656557</x>
      <y>-469.7745672580622</y>
      <steeringAngle>0.07106666666666711</steeringAngle>
      <velocity>4.0</velocity>
      <orientation>0.9819790312165876</orientation>
      <time>27</time>
    </ksState>
    <ksState>
      <x>-490.9068772882009</x>
      <y>-469.4405057912476</y>
      <steeringAngle>0.10660000000000043</steeringAngle>
      <velocity>4.0</velocity>
      <orientation>0.9957952710357244</orientation>
      <time>28</time>
    </ksState>
    <ksState>
      <x>-490.6924537354047</x>
      <y>-469.1028409914824</y>
      <steeringAngle>0.14213333333333378</steeringAngle>
      <velocity>4.0</velocity>
      <orientation>1.0151871974212703</orientation>
      <time>29</time>
    </ksState>
    <ksState>
      <x>-490.48558067921385</x>
      <y>-468.76050316926325</y>
      <steeringAngle>0.1776666666666672</steeringAngle>
      <velocity>4.0</velocity>
      <orientation>1.0402046038726676</orientation>
      <time>30</time>
    </ksState>
    <ksState>
      <x>-490.3070627822678</x>
      <y>-468.4478918708478</y>
      <steeringAngle>0.1421333333333333</steeringAngle>
      <velocity>3.1999999999999993</velocity>
      <orientation>1.0628145188461098</orientation>
      <time>31</time>
    </ksState>
    <ksState>
      <x>-490.1726225754586</x>
      <y>-468.2022811933008</y>
      <steeringAngle>0.10659999999999997</steeringAngle>
      <velocity>2.3999999999999977</velocity>
      <orientation>1.0764821597168173</orientation>
      <time>32</time>
    </ksState>
    <ksState>
      <x>-490.0783945311899</x>
      <y>-468.02586999584673</y>
      <steeringAngle>0.07106666666666664</steeringAngle>
      <velocity>1.5999999999999976</velocity>
      <orientation>1.0834828655700364</orientation>
      <time>33</time>
    </ksState>
  </ksTrajectory>
</CommonRoadSolution>
