<?xml version="1.0" ?>
<CommonRoadSolution benchmark_id="KS2:SM1:ESP_Toledo-22_1_T-1:2020a" computation_time="1.7195035449999523" date="2020-12-29">
  <ksTrajectory planningProblem="1">
    <ksState>
      <x>-995.66685</x>
      <y>-509.32315</y>
      <steeringAngle>0.0</steeringAngle>
      <velocity>4.0</velocity>
      <orientation>-1.4364995</orientation>
      <time>0</time>
    </ksState>
    <ksState>
      <x>-995.6129284626069</x>
      <y>-509.719498766277</y>
      <steeringAngle>0.035533333333333326</steeringAngle>
      <velocity>4.0</velocity>
      <orientation>-1.4337432254673996</orientation>
      <time>1</time>
    </ksState>
    <ksState>
      <x>-995.5568220916143</x>
      <y>-510.1155431479341</y>
      <steeringAngle>0.07106666666666711</steeringAngle>
      <velocity>4.0</velocity>
      <orientation>-1.4254674649241141</orientation>
      <time>2</time>
    </ksState>
    <ksState>
      <x>-995.4963457587727</x>
      <y>-510.5109417554905</y>
      <steeringAngle>0.10660000000000043</steeringAngle>
      <velocity>4.0</velocity>
      <orientation>-1.4116512251049773</orientation>
      <time>3</time>
    </ksState>
    <ksState>
      <x>-995.4293147442548</x>
      <y>-510.90527894633976</y>
      <steeringAngle>0.14213333333333378</steeringAngle>
      <velocity>4.0</velocity>
      <orientation>-1.3922592987194315</orientation>
      <time>4</time>
    </ksState>
    <ksState>
      <x>-995.3535475101917</x>
      <y>-511.2980269216903</y>
      <steeringAngle>0.1776666666666672</steeringAngle>
      <velocity>4.0</velocity>
      <orientation>-1.3672418922680343</orientation>
      <time>5</time>
    </ksState>
    <ksState>
      <x>-995.2668716324412</x>
      <y>-511.68850702520007</y>
      <steeringAngle>0.21319999999999995</steeringAngle>
      <velocity>4.0</velocity>
      <orientation>-1.336534109630534</orientation>
      <time>6</time>
    </ksState>
    <ksState>
      <x>-995.1671340847885</x>
      <y>-512.0758501167214</y>
      <steeringAngle>0.24873333333333336</steeringAngle>
      <velocity>4.0</velocity>
      <orientation>-1.30005526850784</orientation>
      <time>7</time>
    </ksState>
    <ksState>
      <x>-995.052217176976</x>
      <y>-512.4589560881981</y>
      <steeringAngle>0.2842666666666667</steeringAngle>
      <velocity>4.0</velocity>
      <orientation>-1.257708034662392</orientation>
      <time>8</time>
    </ksState>
    <ksState>
      <x>-994.9200615864048</x>
      <y>-512.8364527725926</y>
      <steeringAngle>0.31980000000000003</steeringAngle>
      <velocity>4.0</velocity>
      <orientation>-1.2093773532952568</orientation>
      <time>9</time>
    </ksState>
    <ksState>
      <x>-994.7686980657309</x>
      <y>-513.2066548095214</y>
      <steeringAngle>0.35533333333333333</steeringAngle>
      <velocity>4.0</velocity>
      <orientation>-1.1549291521169782</orientation>
      <time>10</time>
    </ksState>
    <ksState>
      <x>-994.597039136727</x>
      <y>-513.5678939100845</y>
      <steeringAngle>0.31979999999999986</steeringAngle>
      <velocity>4.0</velocity>
      <orientation>-1.1004809529235986</orientation>
      <time>11</time>
    </ksState>
    <ksState>
      <x>-994.4070503643358</x>
      <y>-513.9198500491717</y>
      <steeringAngle>0.28426666666666656</steeringAngle>
      <velocity>4.0</velocity>
      <orientation>-1.0521502734423414</orientation>
      <time>12</time>
    </ksState>
    <ksState>
      <x>-994.2013039068478</x>
      <y>-514.2628434534896</y>
      <steeringAngle>0.2487333333333332</steeringAngle>
      <velocity>4.0</velocity>
      <orientation>-1.0098030397194662</orientation>
      <time>13</time>
    </ksState>
    <ksState>
      <x>-993.9822010523163</x>
      <y>-514.5974718840807</y>
      <steeringAngle>0.21319999999999986</steeringAngle>
      <velocity>4.0</velocity>
      <orientation>-0.9733241986458385</orientation>
      <time>14</time>
    </ksState>
    <ksState>
      <x>-993.7519813568781</x>
      <y>-514.9245595003192</y>
      <steeringAngle>0.1776666666666665</steeringAngle>
      <velocity>4.0</velocity>
      <orientation>-0.9426164159970107</orientation>
      <time>15</time>
    </ksState>
    <ksState>
      <x>-993.5124360464315</x>
      <y>-515.2448838525906</y>
      <steeringAngle>0.17766666666666667</steeringAngle>
      <velocity>4.0</velocity>
      <orientation>-0.9147659278417548</orientation>
      <time>16</time>
    </ksState>
    <ksState>
      <x>-993.2640635758812</x>
      <y>-515.5584134219534</y>
      <steeringAngle>0.17766666666666667</steeringAngle>
      <velocity>4.0</velocity>
      <orientation>-0.886915439686499</orientation>
      <time>17</time>
    </ksState>
    <ksState>
      <x>-993.0070566006973</x>
      <y>-515.8649050057169</y>
      <steeringAngle>0.17766666666666667</steeringAngle>
      <velocity>4.0</velocity>
      <orientation>-0.8590649515312431</orientation>
      <time>18</time>
    </ksState>
    <ksState>
      <x>-992.7416144557579</x>
      <y>-516.1641208891036</y>
      <steeringAngle>0.17766666666666667</steeringAngle>
      <velocity>4.0</velocity>
      <orientation>-0.8312144633759873</orientation>
      <time>19</time>
    </ksState>
    <ksState>
      <x>-992.4679430171718</x>
      <y>-516.4558289996043</y>
      <steeringAngle>0.17766666666666667</steeringAngle>
      <velocity>4.0</velocity>
      <orientation>-0.8033639752207313</orientation>
      <time>20</time>
    </ksState>
    <ksState>
      <x>-992.186521381703</x>
      <y>-516.740070990784</y>
      <steeringAngle>0.1421333333333333</steeringAngle>
      <velocity>4.0</velocity>
      <orientation>-0.778346568876208</orientation>
      <time>21</time>
    </ksState>
    <ksState>
      <x>-991.8988564722364</x>
      <y>-517.0179988180771</y>
      <steeringAngle>0.10659999999999999</steeringAngle>
      <velocity>4.0</velocity>
      <orientation>-0.7589546425854574</orientation>
      <time>22</time>
    </ksState>
    <ksState>
      <x>-991.6066154027692</x>
      <y>-517.2911152824311</y>
      <steeringAngle>0.07106666666666664</steeringAngle>
      <velocity>4.0</velocity>
      <orientation>-0.7451384028505045</orientation>
      <time>23</time>
    </ksState>
    <ksState>
      <x>-991.3113745047935</x>
      <y>-517.5609891219276</y>
      <steeringAngle>0.03553333333333332</steeringAngle>
      <velocity>4.0</velocity>
      <orientation>-0.7368626423882392</orientation>
      <time>24</time>
    </ksState>
    <ksState>
      <x>-991.0146490391498</x>
      <y>-517.8292313365174</y>
      <steeringAngle>-2.2985086056692694e-17</steeringAngle>
      <velocity>4.0</velocity>
      <orientation>-0.7341063790933988</orientation>
      <time>25</time>
    </ksState>
    <ksState>
      <x>-990.717677156019</x>
      <y>-518.0972009255191</y>
      <steeringAngle>0.0</steeringAngle>
      <velocity>4.0</velocity>
      <orientation>-0.7341063790933988</orientation>
      <time>26</time>
    </ksState>
    <ksState>
      <x>-990.4207052728882</x>
      <y>-518.3651705145209</y>
      <steeringAngle>0.0</steeringAngle>
      <velocity>4.0</velocity>
      <orientation>-0.7341063790933988</orientation>
      <time>27</time>
    </ksState>
    <ksState>
      <x>-990.1237333897575</x>
      <y>-518.6331401035226</y>
      <steeringAngle>0.0</steeringAngle>
      <velocity>4.0</velocity>
      <orientation>-0.7341063790933988</orientation>
      <time>28</time>
    </ksState>
    <ksState>
      <x>-989.8267615066267</x>
      <y>-518.9011096925243</y>
      <steeringAngle>0.0</steeringAngle>
      <velocity>4.0</velocity>
      <orientation>-0.7341063790933988</orientation>
      <time>29</time>
    </ksState>
    <ksState>
      <x>-989.5297896234958</x>
      <y>-519.1690792815259</y>
      <steeringAngle>0.0</steeringAngle>
      <velocity>4.0</velocity>
      <orientation>-0.7341063790933988</orientation>
      <time>30</time>
    </ksState>
    <ksState>
      <x>-989.2625149294411</x>
      <y>-519.410251910939</y>
      <steeringAngle>0.0</steeringAngle>
      <velocity>3.2</velocity>
      <orientation>-0.7341063790933988</orientation>
      <time>31</time>
    </ksState>
    <ksState>
      <x>-989.0546346120882</x>
      <y>-519.5978306224835</y>
      <steeringAngle>0.0</steeringAngle>
      <velocity>2.4000000000000004</velocity>
      <orientation>-0.7341063790933988</orientation>
      <time>32</time>
    </ksState>
    <ksState>
      <x>-988.9061486713614</x>
      <y>-519.7318154162276</y>
      <steeringAngle>0.0</steeringAngle>
      <velocity>1.6</velocity>
      <orientation>-0.7341063790933988</orientation>
      <time>33</time>
    </ksState>
  </ksTrajectory>
</CommonRoadSolution>
