<?xml version="1.0" ?>
<CommonRoadSolution benchmark_id="KS2:SM1:DEU_Hennigsdorf-9_2_T-1:2020a" computation_time="0.5956620030001432" date="2020-12-29">
  <ksTrajectory planningProblem="1">
    <ksState>
      <x>279.24751</x>
      <y>553.91088</y>
      <steeringAngle>0.0</steeringAngle>
      <velocity>8.0</velocity>
      <orientation>2.6098672</orientation>
      <time>0</time>
    </ksState>
    <ksState>
      <x>278.59309732200654</x>
      <y>554.2973288221145</y>
      <steeringAngle>-0.03553333333333333</steeringAngle>
      <velocity>7.199999999999999</velocity>
      <orientation>2.604722187017508</orientation>
      <time>1</time>
    </ksState>
    <ksState>
      <x>278.01093845086797</x>
      <y>554.6487309905423</y>
      <steeringAngle>-0.07106666666666664</steeringAngle>
      <velocity>6.400000000000001</velocity>
      <orientation>2.5907455148965446</orientation>
      <time>2</time>
    </ksState>
    <ksState>
      <x>277.502744011349</x>
      <y>554.9676755478663</y>
      <steeringAngle>-0.10659999999999997</steeringAngle>
      <velocity>5.600000000000004</velocity>
      <orientation>2.570113747030663</orientation>
      <time>3</time>
    </ksState>
    <ksState>
      <x>277.06877523060416</x>
      <y>555.2541312790348</y>
      <steeringAngle>-0.1421333333333333</steeringAngle>
      <velocity>4.800000000000003</velocity>
      <orientation>2.544997539522015</orientation>
      <time>4</time>
    </ksState>
    <ksState>
      <x>276.70808849825926</x>
      <y>555.5061093625935</y>
      <steeringAngle>-0.17766666666666653</steeringAngle>
      <velocity>4.000000000000006</velocity>
      <orientation>2.517572642936865</orientation>
      <time>5</time>
    </ksState>
    <ksState>
      <x>276.3869994414347</x>
      <y>555.7446240091214</y>
      <steeringAngle>-0.21319999999999995</steeringAngle>
      <velocity>4.0</velocity>
      <orientation>2.486864860299365</orientation>
      <time>6</time>
    </ksState>
    <ksState>
      <x>276.074105744248</x>
      <y>555.9937821581392</y>
      <steeringAngle>-0.24873333333333336</steeringAngle>
      <velocity>4.0</velocity>
      <orientation>2.4503860191766704</orientation>
      <time>7</time>
    </ksState>
    <ksState>
      <x>275.7712761047432</x>
      <y>556.2550679987804</y>
      <steeringAngle>-0.2842666666666667</steeringAngle>
      <velocity>4.0</velocity>
      <orientation>2.4080387853312226</orientation>
      <time>8</time>
    </ksState>
    <ksState>
      <x>275.4806037585019</x>
      <y>556.5298013858645</y>
      <steeringAngle>-0.31980000000000003</steeringAngle>
      <velocity>4.0</velocity>
      <orientation>2.3597081039640875</orientation>
      <time>9</time>
    </ksState>
    <ksState>
      <x>275.2044310875828</x>
      <y>556.8190921036113</y>
      <steeringAngle>-0.35533333333333333</steeringAngle>
      <velocity>4.0</velocity>
      <orientation>2.305259902785809</orientation>
      <time>10</time>
    </ksState>
    <ksState>
      <x>274.9196731245968</x>
      <y>557.1544356138685</y>
      <steeringAngle>-0.31979999999999975</steeringAngle>
      <velocity>4.800000000000001</velocity>
      <orientation>2.2454700677540607</orientation>
      <time>11</time>
    </ksState>
    <ksState>
      <x>274.60807630626834</x>
      <y>557.5706312548073</y>
      <steeringAngle>-0.28426666666666645</steeringAngle>
      <velocity>5.600000000000004</velocity>
      <orientation>2.182740967622737</orientation>
      <time>12</time>
    </ksState>
    <ksState>
      <x>274.27957101402944</x>
      <y>558.072591079019</y>
      <steeringAngle>-0.2487333333333331</steeringAngle>
      <velocity>6.400000000000004</velocity>
      <orientation>2.119318830930061</orientation>
      <time>13</time>
    </ksState>
    <ksState>
      <x>273.94367140168197</x>
      <y>558.6637118742706</y>
      <steeringAngle>-0.21319999999999992</steeringAngle>
      <velocity>7.200000000000004</velocity>
      <orientation>2.0574017422522624</orientation>
      <time>14</time>
    </ksState>
    <ksState>
      <x>273.60865299649976</x>
      <y>559.3457671595256</y>
      <steeringAngle>-0.17766666666666656</steeringAngle>
      <velocity>8.000000000000004</velocity>
      <orientation>1.999152412651297</orientation>
      <time>15</time>
    </ksState>
    <ksState>
      <x>273.3101720640695</x>
      <y>560.0446232136441</y>
      <steeringAngle>-0.1421333333333334</steeringAngle>
      <velocity>7.2</velocity>
      <orientation>1.95152509090566</orientation>
      <time>16</time>
    </ksState>
    <ksState>
      <x>273.06847012687973</x>
      <y>560.6801843390901</y>
      <steeringAngle>-0.10660000000000011</steeringAngle>
      <velocity>6.4</velocity>
      <orientation>1.9184655204576921</orientation>
      <time>17</time>
    </ksState>
    <ksState>
      <x>272.87032460136044</x>
      <y>561.2465104694553</y>
      <steeringAngle>-0.07106666666666674</steeringAngle>
      <velocity>5.600000000000001</velocity>
      <orientation>1.8976485721638037</orientation>
      <time>18</time>
    </ksState>
    <ksState>
      <x>272.706341752067</x>
      <y>561.7399746946857</y>
      <steeringAngle>-0.03553333333333339</steeringAngle>
      <velocity>4.800000000000001</velocity>
      <orientation>1.8867979625061406</orientation>
      <time>19</time>
    </ksState>
    <ksState>
      <x>272.570468122704</x>
      <y>562.1584698399654</y>
      <steeringAngle>-5.5294310796760726e-17</steeringAngle>
      <velocity>4.0</velocity>
      <orientation>1.8836741866689752</orientation>
      <time>20</time>
    </ksState>
    <ksState>
      <x>272.44734890191637</x>
      <y>562.5390505245418</y>
      <steeringAngle>0.0</steeringAngle>
      <velocity>4.0</velocity>
      <orientation>1.8836741866689752</orientation>
      <time>21</time>
    </ksState>
    <ksState>
      <x>272.3242296811287</x>
      <y>562.9196312091182</y>
      <steeringAngle>0.0</steeringAngle>
      <velocity>4.0</velocity>
      <orientation>1.8836741866689752</orientation>
      <time>22</time>
    </ksState>
    <ksState>
      <x>272.2011104603411</x>
      <y>563.3002118936946</y>
      <steeringAngle>0.0</steeringAngle>
      <velocity>4.0</velocity>
      <orientation>1.8836741866689752</orientation>
      <time>23</time>
    </ksState>
    <ksState>
      <x>272.07799123955346</x>
      <y>563.680792578271</y>
      <steeringAngle>0.0</steeringAngle>
      <velocity>4.0</velocity>
      <orientation>1.8836741866689752</orientation>
      <time>24</time>
    </ksState>
    <ksState>
      <x>271.9548720187658</x>
      <y>564.0613732628474</y>
      <steeringAngle>0.0</steeringAngle>
      <velocity>4.0</velocity>
      <orientation>1.8836741866689752</orientation>
      <time>25</time>
    </ksState>
    <ksState>
      <x>271.831403249724</x>
      <y>564.4418405279248</y>
      <steeringAngle>0.035533333333333326</steeringAngle>
      <velocity>4.0</velocity>
      <orientation>1.8864304612015756</orientation>
      <time>26</time>
    </ksState>
    <ksState>
      <x>271.7058384619216</x>
      <y>564.8216201497744</y>
      <steeringAngle>0.07106666666666711</steeringAngle>
      <velocity>4.0</velocity>
      <orientation>1.8947062217448611</orientation>
      <time>27</time>
    </ksState>
    <ksState>
      <x>271.5760879199307</x>
      <y>565.1999880164657</y>
      <steeringAngle>0.10660000000000043</steeringAngle>
      <velocity>4.0</velocity>
      <orientation>1.908522461563998</orientation>
      <time>28</time>
    </ksState>
    <ksState>
      <x>271.4400754800829</x>
      <y>565.5761470163592</y>
      <steeringAngle>0.14213333333333378</steeringAngle>
      <velocity>4.0</velocity>
      <orientation>1.9279143879495437</orientation>
      <time>29</time>
    </ksState>
    <ksState>
      <x>271.2957480527431</x>
      <y>565.9491902305006</y>
      <steeringAngle>0.1776666666666672</steeringAngle>
      <velocity>4.0</velocity>
      <orientation>1.952931794400941</orientation>
      <time>30</time>
    </ksState>
    <ksState>
      <x>271.15759775452034</x>
      <y>566.2816191078985</y>
      <steeringAngle>0.1421333333333333</steeringAngle>
      <velocity>3.1999999999999993</velocity>
      <orientation>1.9755417093743832</orientation>
      <time>31</time>
    </ksState>
    <ksState>
      <x>271.04549915631446</x>
      <y>566.5381979036167</y>
      <steeringAngle>0.10659999999999997</steeringAngle>
      <velocity>2.3999999999999977</velocity>
      <orientation>1.9892093502450907</orientation>
      <time>32</time>
    </ksState>
    <ksState>
      <x>270.9635560590471</x>
      <y>566.7206401238514</y>
      <steeringAngle>0.07106666666666664</steeringAngle>
      <velocity>1.5999999999999976</velocity>
      <orientation>1.9962100560983098</orientation>
      <time>33</time>
    </ksState>
  </ksTrajectory>
</CommonRoadSolution>
