<?xml version="1.0" ?>
<CommonRoadSolution benchmark_id="KS2:SM1:DEU_Flensburg-10_1_T-1:2020a" computation_time="2.295713357000011" date="2020-12-29">
  <ksTrajectory planningProblem="123">
    <ksState>
      <x>468.16094</x>
      <y>-289.38148</y>
      <steeringAngle>0.0</steeringAngle>
      <velocity>12.0</velocity>
      <orientation>-1.7320547</orientation>
      <time>0</time>
    </ksState>
    <ksState>
      <x>467.96826754339196</x>
      <y>-290.56591122403313</y>
      <steeringAngle>0.0</steeringAngle>
      <velocity>12.0</velocity>
      <orientation>-1.7320547</orientation>
      <time>1</time>
    </ksState>
    <ksState>
      <x>467.7755950867839</x>
      <y>-291.75034244806625</y>
      <steeringAngle>0.0</steeringAngle>
      <velocity>12.0</velocity>
      <orientation>-1.7320547</orientation>
      <time>2</time>
    </ksState>
    <ksState>
      <x>467.58292263017586</x>
      <y>-292.9347736720994</y>
      <steeringAngle>0.0</steeringAngle>
      <velocity>12.0</velocity>
      <orientation>-1.7320547</orientation>
      <time>3</time>
    </ksState>
    <ksState>
      <x>467.3902501735678</x>
      <y>-294.11920489613254</y>
      <steeringAngle>0.0</steeringAngle>
      <velocity>12.0</velocity>
      <orientation>-1.7320547</orientation>
      <time>4</time>
    </ksState>
    <ksState>
      <x>467.19757771695976</x>
      <y>-295.30363612016566</y>
      <steeringAngle>0.0</steeringAngle>
      <velocity>12.0</velocity>
      <orientation>-1.7320547</orientation>
      <time>5</time>
    </ksState>
    <ksState>
      <x>467.00490526035173</x>
      <y>-296.4880673441988</y>
      <steeringAngle>0.0</steeringAngle>
      <velocity>12.0</velocity>
      <orientation>-1.7320547</orientation>
      <time>6</time>
    </ksState>
    <ksState>
      <x>466.81223280374365</x>
      <y>-297.6724985682319</y>
      <steeringAngle>0.0</steeringAngle>
      <velocity>12.0</velocity>
      <orientation>-1.7320547</orientation>
      <time>7</time>
    </ksState>
    <ksState>
      <x>466.61956034713563</x>
      <y>-298.8569297922651</y>
      <steeringAngle>0.0</steeringAngle>
      <velocity>12.0</velocity>
      <orientation>-1.7320547</orientation>
      <time>8</time>
    </ksState>
    <ksState>
      <x>466.42688789052755</x>
      <y>-300.0413610162982</y>
      <steeringAngle>0.0</steeringAngle>
      <velocity>12.0</velocity>
      <orientation>-1.7320547</orientation>
      <time>9</time>
    </ksState>
    <ksState>
      <x>466.23421543391953</x>
      <y>-301.2257922403313</y>
      <steeringAngle>0.0</steeringAngle>
      <velocity>12.0</velocity>
      <orientation>-1.7320547</orientation>
      <time>10</time>
    </ksState>
    <ksState>
      <x>466.0415429773115</x>
      <y>-302.41022346436444</y>
      <steeringAngle>0.0</steeringAngle>
      <velocity>12.0</velocity>
      <orientation>-1.7320547</orientation>
      <time>11</time>
    </ksState>
    <ksState>
      <x>465.84887052070343</x>
      <y>-303.59465468839755</y>
      <steeringAngle>0.0</steeringAngle>
      <velocity>12.0</velocity>
      <orientation>-1.7320547</orientation>
      <time>12</time>
    </ksState>
    <ksState>
      <x>465.6561980640954</x>
      <y>-304.77908591243073</y>
      <steeringAngle>0.0</steeringAngle>
      <velocity>12.0</velocity>
      <orientation>-1.7320547</orientation>
      <time>13</time>
    </ksState>
    <ksState>
      <x>465.4635256074873</x>
      <y>-305.96351713646385</y>
      <steeringAngle>0.0</steeringAngle>
      <velocity>12.0</velocity>
      <orientation>-1.7320547</orientation>
      <time>14</time>
    </ksState>
    <ksState>
      <x>465.2708531508793</x>
      <y>-307.14794836049697</y>
      <steeringAngle>0.0</steeringAngle>
      <velocity>12.0</velocity>
      <orientation>-1.7320547</orientation>
      <time>15</time>
    </ksState>
    <ksState>
      <x>465.0781806942713</x>
      <y>-308.3323795845301</y>
      <steeringAngle>0.0</steeringAngle>
      <velocity>12.0</velocity>
      <orientation>-1.7320547</orientation>
      <time>16</time>
    </ksState>
    <ksState>
      <x>464.8855082376632</x>
      <y>-309.5168108085632</y>
      <steeringAngle>0.0</steeringAngle>
      <velocity>12.0</velocity>
      <orientation>-1.7320547</orientation>
      <time>17</time>
    </ksState>
    <ksState>
      <x>464.6928357810552</x>
      <y>-310.7012420325964</y>
      <steeringAngle>0.0</steeringAngle>
      <velocity>12.0</velocity>
      <orientation>-1.7320547</orientation>
      <time>18</time>
    </ksState>
    <ksState>
      <x>464.5001633244471</x>
      <y>-311.8856732566295</y>
      <steeringAngle>0.0</steeringAngle>
      <velocity>12.0</velocity>
      <orientation>-1.7320547</orientation>
      <time>19</time>
    </ksState>
    <ksState>
      <x>464.3074908678391</x>
      <y>-313.0701044806626</y>
      <steeringAngle>0.0</steeringAngle>
      <velocity>12.0</velocity>
      <orientation>-1.7320547</orientation>
      <time>20</time>
    </ksState>
    <ksState>
      <x>464.11481841123106</x>
      <y>-314.25453570469574</y>
      <steeringAngle>0.0</steeringAngle>
      <velocity>12.0</velocity>
      <orientation>-1.7320547</orientation>
      <time>21</time>
    </ksState>
    <ksState>
      <x>463.922145954623</x>
      <y>-315.43896692872886</y>
      <steeringAngle>0.0</steeringAngle>
      <velocity>12.0</velocity>
      <orientation>-1.7320547</orientation>
      <time>22</time>
    </ksState>
    <ksState>
      <x>463.72947349801495</x>
      <y>-316.62339815276204</y>
      <steeringAngle>0.0</steeringAngle>
      <velocity>12.0</velocity>
      <orientation>-1.7320547</orientation>
      <time>23</time>
    </ksState>
    <ksState>
      <x>463.5368010414069</x>
      <y>-317.80782937679515</y>
      <steeringAngle>0.0</steeringAngle>
      <velocity>12.0</velocity>
      <orientation>-1.7320547</orientation>
      <time>24</time>
    </ksState>
    <ksState>
      <x>463.34412858479885</x>
      <y>-318.9922606008283</y>
      <steeringAngle>0.0</steeringAngle>
      <velocity>12.0</velocity>
      <orientation>-1.7320547</orientation>
      <time>25</time>
    </ksState>
    <ksState>
      <x>463.15145612819083</x>
      <y>-320.1766918248614</y>
      <steeringAngle>0.0</steeringAngle>
      <velocity>12.0</velocity>
      <orientation>-1.7320547</orientation>
      <time>26</time>
    </ksState>
    <ksState>
      <x>462.95878367158275</x>
      <y>-321.3611230488945</y>
      <steeringAngle>0.0</steeringAngle>
      <velocity>12.0</velocity>
      <orientation>-1.7320547</orientation>
      <time>27</time>
    </ksState>
    <ksState>
      <x>462.7661112149747</x>
      <y>-322.5455542729277</y>
      <steeringAngle>0.0</steeringAngle>
      <velocity>12.0</velocity>
      <orientation>-1.7320547</orientation>
      <time>28</time>
    </ksState>
    <ksState>
      <x>462.57343875836665</x>
      <y>-323.7299854969608</y>
      <steeringAngle>0.0</steeringAngle>
      <velocity>12.0</velocity>
      <orientation>-1.7320547</orientation>
      <time>29</time>
    </ksState>
    <ksState>
      <x>462.3807663017586</x>
      <y>-324.9144167209939</y>
      <steeringAngle>0.0</steeringAngle>
      <velocity>12.0</velocity>
      <orientation>-1.7320547</orientation>
      <time>30</time>
    </ksState>
    <ksState>
      <x>462.1975154962831</x>
      <y>-326.0598475076562</y>
      <steeringAngle>0.03553333333333333</steeringAngle>
      <velocity>11.200000000000001</velocity>
      <orientation>-1.7241534262276559</orientation>
      <time>31</time>
    </ksState>
    <ksState>
      <x>462.04309762889017</x>
      <y>-327.1287285654569</y>
      <steeringAngle>0.07106666666666667</steeringAngle>
      <velocity>10.400000000000007</velocity>
      <orientation>-1.701900995429166</orientation>
      <time>32</time>
    </ksState>
    <ksState>
      <x>461.92831919475367</x>
      <y>-328.12206983609155</y>
      <steeringAngle>0.10660000000000001</steeringAngle>
      <velocity>9.60000000000001</velocity>
      <orientation>-1.6674529845444943</orientation>
      <time>33</time>
    </ksState>
    <ksState>
      <x>461.8589537178926</x>
      <y>-329.0393749341234</y>
      <steeringAngle>0.14213333333333344</steeringAngle>
      <velocity>8.800000000000008</velocity>
      <orientation>-1.6229448524236494</orientation>
      <time>34</time>
    </ksState>
    <ksState>
      <x>461.83634912496314</x>
      <y>-329.87897443922503</y>
      <steeringAngle>0.17766666666666675</steeringAngle>
      <velocity>8.000000000000009</velocity>
      <orientation>-1.570502554608668</orientation>
      <time>35</time>
    </ksState>
    <ksState>
      <x>461.85534719206305</x>
      <y>-330.63866498467684</y>
      <steeringAngle>0.1421333333333334</steeringAngle>
      <velocity>7.2</velocity>
      <orientation>-1.522875232863031</orientation>
      <time>36</time>
    </ksState>
    <ksState>
      <x>461.89967922521294</x>
      <y>-331.3171872329904</y>
      <steeringAngle>0.10660000000000011</steeringAngle>
      <velocity>6.4</velocity>
      <orientation>-1.4898156624150631</orientation>
      <time>37</time>
    </ksState>
    <ksState>
      <x>461.9548499695013</x>
      <y>-331.91463440571135</y>
      <steeringAngle>0.07106666666666674</steeringAngle>
      <velocity>5.600000000000001</velocity>
      <orientation>-1.4689987141211747</orientation>
      <time>38</time>
    </ksState>
    <ksState>
      <x>462.0108080613458</x>
      <y>-332.43161216964495</y>
      <steeringAngle>0.03553333333333339</steeringAngle>
      <velocity>4.800000000000001</velocity>
      <orientation>-1.4581481044635116</orientation>
      <time>39</time>
    </ksState>
    <ksState>
      <x>462.0611718813649</x>
      <y>-332.86872006869504</y>
      <steeringAngle>5.5294310796760726e-17</steeringAngle>
      <velocity>4.0</velocity>
      <orientation>-1.4550243286263462</orientation>
      <time>40</time>
    </ksState>
    <ksState>
      <x>462.1077422938779</x>
      <y>-333.2659996596666</y>
      <steeringAngle>0.035533333333333326</steeringAngle>
      <velocity>4.0</velocity>
      <orientation>-1.4522680540937458</orientation>
      <time>41</time>
    </ksState>
    <ksState>
      <x>462.1565028034676</x>
      <y>-333.6630153895976</y>
      <steeringAngle>0.07106666666666711</steeringAngle>
      <velocity>4.0</velocity>
      <orientation>-1.4439922935504603</orientation>
      <time>42</time>
    </ksState>
    <ksState>
      <x>462.2096444872799</x>
      <y>-334.05946640439396</y>
      <steeringAngle>0.10660000000000043</steeringAngle>
      <velocity>4.0</velocity>
      <orientation>-1.4301760537313235</orientation>
      <time>43</time>
    </ksState>
    <ksState>
      <x>462.2693593895559</x>
      <y>-334.4549776020109</y>
      <steeringAngle>0.14213333333333378</steeringAngle>
      <velocity>4.0</velocity>
      <orientation>-1.4107841273457777</orientation>
      <time>44</time>
    </ksState>
    <ksState>
      <x>462.33783845068</x>
      <y>-334.84906168452005</y>
      <steeringAngle>0.1776666666666672</steeringAngle>
      <velocity>4.0</velocity>
      <orientation>-1.3857667208943805</orientation>
      <time>45</time>
    </ksState>
    <ksState>
      <x>462.4165236567714</x>
      <y>-335.2412354786498</y>
      <steeringAngle>0.1421333333333333</steeringAngle>
      <velocity>4.0</velocity>
      <orientation>-1.3607493145498573</orientation>
      <time>46</time>
    </ksState>
    <ksState>
      <x>462.50389588560256</x>
      <y>-335.6315700414948</y>
      <steeringAngle>0.10659999999999999</steeringAngle>
      <velocity>4.0</velocity>
      <orientation>-1.3413573882591066</orientation>
      <time>47</time>
    </ksState>
    <ksState>
      <x>462.5977362689463</x>
      <y>-336.02040346114705</y>
      <steeringAngle>0.07106666666666664</steeringAngle>
      <velocity>4.0</velocity>
      <orientation>-1.3275411485241537</orientation>
      <time>48</time>
    </ksState>
    <ksState>
      <x>462.6958654874476</x>
      <y>-336.4081788259633</y>
      <steeringAngle>0.03553333333333332</steeringAngle>
      <velocity>4.0</velocity>
      <orientation>-1.3192653880618883</orientation>
      <time>49</time>
    </ksState>
    <ksState>
      <x>462.79613197912107</x>
      <y>-336.79540810984685</y>
      <steeringAngle>-2.2985086056692694e-17</steeringAngle>
      <velocity>4.0</velocity>
      <orientation>-1.316509124767048</orientation>
      <time>50</time>
    </ksState>
    <ksState>
      <x>462.9063660621368</x>
      <y>-337.2213755713664</y>
      <steeringAngle>-0.035533333333333326</steeringAngle>
      <velocity>4.799999999999999</velocity>
      <orientation>-1.3196329034362388</orientation>
      <time>51</time>
    </ksState>
    <ksState>
      <x>463.0331686953367</x>
      <y>-337.72567549255405</y>
      <steeringAngle>-0.07106666666666667</steeringAngle>
      <velocity>5.599999999999998</velocity>
      <orientation>-1.3304835144974116</orientation>
      <time>52</time>
    </ksState>
    <ksState>
      <x>463.1703021519418</x>
      <y>-338.3097828032697</y>
      <steeringAngle>-0.10659999999999999</steeringAngle>
      <velocity>6.3999999999999995</velocity>
      <orientation>-1.3513004634977395</orientation>
      <time>53</time>
    </ksState>
    <ksState>
      <x>463.30789495985834</x>
      <y>-338.9756851846792</y>
      <steeringAngle>-0.14213333333333333</steeringAngle>
      <velocity>7.199999999999999</velocity>
      <orientation>-1.3843600344789047</orientation>
      <time>54</time>
    </ksState>
    <ksState>
      <x>463.431603568551</x>
      <y>-339.725476354804</y>
      <steeringAngle>-0.17766666666666664</steeringAngle>
      <velocity>7.9999999999999964</velocity>
      <orientation>-1.4319873565604513</orientation>
      <time>55</time>
    </ksState>
    <ksState>
      <x>463.52017686629046</x>
      <y>-340.52045389706024</y>
      <steeringAngle>-0.17766666666666667</steeringAngle>
      <velocity>8.0</velocity>
      <orientation>-1.4876883328709631</orientation>
      <time>56</time>
    </ksState>
    <ksState>
      <x>463.5643546693472</x>
      <y>-341.31912961541815</y>
      <steeringAngle>-0.17766666666666667</steeringAngle>
      <velocity>8.0</velocity>
      <orientation>-1.5433893091814748</orientation>
      <time>57</time>
    </ksState>
    <ksState>
      <x>463.563999942799</x>
      <y>-342.1190261456927</y>
      <steeringAngle>-0.17766666666666667</steeringAngle>
      <velocity>8.0</velocity>
      <orientation>-1.5990902854919864</orientation>
      <time>58</time>
    </ksState>
    <ksState>
      <x>463.51911378693484</x>
      <y>-342.91766237161056</y>
      <steeringAngle>-0.17766666666666667</steeringAngle>
      <velocity>8.0</velocity>
      <orientation>-1.6547912618024982</orientation>
      <time>59</time>
    </ksState>
    <ksState>
      <x>463.4298354289025</x>
      <y>-343.71256108665324</y>
      <steeringAngle>-0.17766666666666667</steeringAngle>
      <velocity>8.0</velocity>
      <orientation>-1.71049223811301</orientation>
      <time>60</time>
    </ksState>
    <ksState>
      <x>463.30415338578814</x>
      <y>-344.4620070507318</y>
      <steeringAngle>-0.17766666666666667</steeringAngle>
      <velocity>7.2</velocity>
      <orientation>-1.7634081655573874</orientation>
      <time>61</time>
    </ksState>
    <ksState>
      <x>463.1582373811473</x>
      <y>-345.1261020319169</y>
      <steeringAngle>-0.17766666666666667</steeringAngle>
      <velocity>6.4</velocity>
      <orientation>-1.8107539953501988</orientation>
      <time>62</time>
    </ksState>
    <ksState>
      <x>463.0035101034744</x>
      <y>-345.70576323693837</y>
      <steeringAngle>-0.17766666666666667</steeringAngle>
      <velocity>5.599999999999999</velocity>
      <orientation>-1.8525297275053834</orientation>
      <time>63</time>
    </ksState>
    <ksState>
      <x>462.84992933508704</x>
      <y>-346.20253623274687</y>
      <steeringAngle>-0.17766666666666667</steeringAngle>
      <velocity>4.799999999999999</velocity>
      <orientation>-1.8887353620268978</orientation>
      <time>64</time>
    </ksState>
    <ksState>
      <x>462.70600110300126</x>
      <y>-346.6183120405428</y>
      <steeringAngle>-0.17766666666666667</steeringAngle>
      <velocity>4.0</velocity>
      <orientation>-1.919370898916228</orientation>
      <time>65</time>
    </ksState>
    <ksState>
      <x>462.5638058625815</x>
      <y>-346.99216753752364</y>
      <steeringAngle>-0.21319999999999995</steeringAngle>
      <velocity>4.0</velocity>
      <orientation>-1.950078681553728</orientation>
      <time>66</time>
    </ksState>
    <ksState>
      <x>462.40913939765466</x>
      <y>-347.36103137905343</y>
      <steeringAngle>-0.24873333333333336</steeringAngle>
      <velocity>4.0</velocity>
      <orientation>-1.9865575226764223</orientation>
      <time>67</time>
    </ksState>
    <ksState>
      <x>462.2400652265732</x>
      <y>-347.72350897250624</y>
      <steeringAngle>-0.2842666666666667</steeringAngle>
      <velocity>4.0</velocity>
      <orientation>-2.0289047565218703</orientation>
      <time>68</time>
    </ksState>
    <ksState>
      <x>462.05474393854746</x>
      <y>-348.07794495692735</y>
      <steeringAngle>-0.31980000000000003</steeringAngle>
      <velocity>4.0</velocity>
      <orientation>-2.0772354378890054</orientation>
      <time>69</time>
    </ksState>
    <ksState>
      <x>461.8514705128303</x>
      <y>-348.42238708259475</y>
      <steeringAngle>-0.35533333333333333</steeringAngle>
      <velocity>4.0</velocity>
      <orientation>-2.1316836390672838</orientation>
      <time>70</time>
    </ksState>
    <ksState>
      <x>461.6290679501416</x>
      <y>-348.75479184037266</y>
      <steeringAngle>-0.35533333333333333</steeringAngle>
      <velocity>4.0</velocity>
      <orientation>-2.1892403458239977</orientation>
      <time>71</time>
    </ksState>
    <ksState>
      <x>461.38791209283477</x>
      <y>-349.0738524953325</y>
      <steeringAngle>-0.35533333333333333</steeringAngle>
      <velocity>4.0</velocity>
      <orientation>-2.2467970525807117</orientation>
      <time>72</time>
    </ksState>
    <ksState>
      <x>461.1288016298696</x>
      <y>-349.3785123353793</y>
      <steeringAngle>-0.35533333333333333</steeringAngle>
      <velocity>4.0</velocity>
      <orientation>-2.3043537593374257</orientation>
      <time>73</time>
    </ksState>
    <ksState>
      <x>460.8525946985178</x>
      <y>-349.6677623696084</y>
      <steeringAngle>-0.35533333333333333</steeringAngle>
      <velocity>4.0</velocity>
      <orientation>-2.3619104660941397</orientation>
      <time>74</time>
    </ksState>
    <ksState>
      <x>460.5602060573795</x>
      <y>-349.94064464262505</y>
      <steeringAngle>-0.35533333333333333</steeringAngle>
      <velocity>4.0</velocity>
      <orientation>-2.4194671728508537</orientation>
      <time>75</time>
    </ksState>
    <ksState>
      <x>460.25286517558624</x>
      <y>-350.1965783411897</y>
      <steeringAngle>-0.31979999999999986</steeringAngle>
      <velocity>4.0</velocity>
      <orientation>-2.4739153720442335</orientation>
      <time>76</time>
    </ksState>
    <ksState>
      <x>459.9327780202013</x>
      <y>-350.4363971695443</y>
      <steeringAngle>-0.28426666666666656</steeringAngle>
      <velocity>4.0</velocity>
      <orientation>-2.5222460515254905</orientation>
      <time>77</time>
    </ksState>
    <ksState>
      <x>459.6021452708525</x>
      <y>-350.6614706358448</y>
      <steeringAngle>-0.2487333333333332</steeringAngle>
      <velocity>4.0</velocity>
      <orientation>-2.5645932852483657</orientation>
      <time>78</time>
    </ksState>
    <ksState>
      <x>459.2628960895073</x>
      <y>-350.87334852610314</y>
      <steeringAngle>-0.21319999999999986</steeringAngle>
      <velocity>4.0</velocity>
      <orientation>-2.6010721263219936</orientation>
      <time>79</time>
    </ksState>
    <ksState>
      <x>458.9167178635195</x>
      <y>-351.0737183160322</y>
      <steeringAngle>-0.1776666666666665</steeringAngle>
      <velocity>4.0</velocity>
      <orientation>-2.631779908970821</orientation>
      <time>80</time>
    </ksState>
    <ksState>
      <x>458.56473208466105</x>
      <y>-351.26370102709353</y>
      <steeringAngle>-0.21319999999999995</steeringAngle>
      <velocity>4.0</velocity>
      <orientation>-2.6624876916083213</orientation>
      <time>81</time>
    </ksState>
    <ksState>
      <x>458.20657105466296</x>
      <y>-351.4417541808197</y>
      <steeringAngle>-0.24873333333333336</steeringAngle>
      <velocity>4.0</velocity>
      <orientation>-2.6989665327310157</orientation>
      <time>82</time>
    </ksState>
    <ksState>
      <x>457.8416808524491</x>
      <y>-351.6055565660604</y>
      <steeringAngle>-0.2842666666666667</steeringAngle>
      <velocity>4.0</velocity>
      <orientation>-2.7413137665764635</orientation>
      <time>83</time>
    </ksState>
    <ksState>
      <x>457.469751472647</x>
      <y>-351.7526530761757</y>
      <steeringAngle>-0.31980000000000003</steeringAngle>
      <velocity>4.0</velocity>
      <orientation>-2.7896444479435987</orientation>
      <time>84</time>
    </ksState>
    <ksState>
      <x>457.09076867879367</x>
      <y>-351.88045176748426</y>
      <steeringAngle>-0.35533333333333333</steeringAngle>
      <velocity>4.0</velocity>
      <orientation>-2.844092649121877</orientation>
      <time>85</time>
    </ksState>
    <ksState>
      <x>456.7050719899676</x>
      <y>-351.98622940417886</y>
      <steeringAngle>-0.39086666666666653</steeringAngle>
      <velocity>4.0</velocity>
      <orientation>-2.904813015427864</orientation>
      <time>86</time>
    </ksState>
    <ksState>
      <x>456.3134189746689</x>
      <y>-352.0671476802329</y>
      <steeringAngle>-0.42639999999999995</steeringAngle>
      <velocity>4.0</velocity>
      <orientation>-2.971982628884268</orientation>
      <time>87</time>
    </ksState>
    <ksState>
      <x>455.91705554694255</x>
      <y>-352.120283246506</y>
      <steeringAngle>-0.4619333333333333</steeringAngle>
      <velocity>4.0</velocity>
      <orientation>-3.0458032125166117</orientation>
      <time>88</time>
    </ksState>
    <ksState>
      <x>455.5177914545261</x>
      <y>-352.14267461878</y>
      <steeringAngle>-0.49746666666666667</steeringAngle>
      <velocity>4.0</velocity>
      <orientation>-3.126503754329832</orientation>
      <time>89</time>
    </ksState>
    <ksState>
      <x>455.11807929030914</x>
      <y>-352.1313900317094</y>
      <steeringAngle>-0.533</steeringAngle>
      <velocity>4.0</velocity>
      <orientation>-3.2143436209296405</orientation>
      <time>90</time>
    </ksState>
    <ksState>
      <x>454.7210942700709</x>
      <y>-352.08362068767866</y>
      <steeringAngle>-0.5685333333333333</steeringAngle>
      <velocity>4.0</velocity>
      <orientation>-3.3096162605788706</orientation>
      <time>91</time>
    </ksState>
    <ksState>
      <x>454.33081047032147</x>
      <y>-351.9968044547114</y>
      <steeringAngle>-0.6040666666666665</steeringAngle>
      <velocity>4.0</velocity>
      <orientation>-3.412653613797333</orientation>
      <time>92</time>
    </ksState>
    <ksState>
      <x>453.95206736501433</x>
      <y>-351.86878518139514</y>
      <steeringAngle>-0.6396</steeringAngle>
      <velocity>4.0</velocity>
      <orientation>-3.523831396572824</orientation>
      <time>93</time>
    </ksState>
    <ksState>
      <x>453.59061775414125</x>
      <y>-351.6980130993202</y>
      <steeringAngle>-0.6751333333333333</steeringAngle>
      <velocity>4.0</velocity>
      <orientation>-3.643575445452754</orientation>
      <time>94</time>
    </ksState>
    <ksState>
      <x>453.2531449690377</x>
      <y>-351.4837910440589</y>
      <steeringAngle>-0.7106666666666664</steeringAngle>
      <velocity>4.0</velocity>
      <orientation>-3.7723693831370646</orientation>
      <time>95</time>
    </ksState>
    <ksState>
      <x>452.9463790614337</x>
      <y>-351.22752233605775</y>
      <steeringAngle>-0.6751333333333331</steeringAngle>
      <velocity>4.0</velocity>
      <orientation>-3.901163320455612</orientation>
      <time>96</time>
    </ksState>
    <ksState>
      <x>452.6737049980997</x>
      <y>-350.93519070242417</y>
      <steeringAngle>-0.6396000000000001</steeringAngle>
      <velocity>4.0</velocity>
      <orientation>-4.020907368966538</orientation>
      <time>97</time>
    </ksState>
    <ksState>
      <x>452.43649267378333</x>
      <y>-350.6133746181523</y>
      <steeringAngle>-0.6040666666666666</steeringAngle>
      <velocity>4.0</velocity>
      <orientation>-4.132085151290535</orientation>
      <time>98</time>
    </ksState>
    <ksState>
      <x>452.2350166290387</x>
      <y>-350.2680256439522</y>
      <steeringAngle>-0.5685333333333331</steeringAngle>
      <velocity>4.0</velocity>
      <orientation>-4.235122503704019</orientation>
      <time>99</time>
    </ksState>
  </ksTrajectory>
</CommonRoadSolution>
