<?xml version="1.0" ?>
<CommonRoadSolution benchmark_id="KS2:SM1:ITA_Siderno-10_1_T-1:2020a" computation_time="0.7397070429997257" date="2020-12-29">
  <ksTrajectory planningProblem="1">
    <ksState>
      <x>538.86502</x>
      <y>-28.66019</y>
      <steeringAngle>0.0</steeringAngle>
      <velocity>20.0</velocity>
      <orientation>-0.25026995</orientation>
      <time>0</time>
    </ksState>
    <ksState>
      <x>540.7639573751984</x>
      <y>-29.145614395905255</y>
      <steeringAngle>0.0</steeringAngle>
      <velocity>19.2</velocity>
      <orientation>-0.25026995</orientation>
      <time>1</time>
    </ksState>
    <ksState>
      <x>542.5853871018381</x>
      <y>-29.611225551010147</y>
      <steeringAngle>0.0</steeringAngle>
      <velocity>18.400000000000002</velocity>
      <orientation>-0.25026995</orientation>
      <time>2</time>
    </ksState>
    <ksState>
      <x>544.329309180305</x>
      <y>-30.05702346541328</y>
      <steeringAngle>0.0</steeringAngle>
      <velocity>17.6</velocity>
      <orientation>-0.25026995</orientation>
      <time>3</time>
    </ksState>
    <ksState>
      <x>545.9957236107251</x>
      <y>-30.48300813914691</y>
      <steeringAngle>0.0</steeringAngle>
      <velocity>16.8</velocity>
      <orientation>-0.25026995</orientation>
      <time>4</time>
    </ksState>
    <ksState>
      <x>547.5846303931376</x>
      <y>-30.889179572221018</y>
      <steeringAngle>0.0</steeringAngle>
      <velocity>16.0</velocity>
      <orientation>-0.25026995</orientation>
      <time>5</time>
    </ksState>
    <ksState>
      <x>549.0960295283589</x>
      <y>-31.275537764844366</y>
      <steeringAngle>0.0</steeringAngle>
      <velocity>15.2</velocity>
      <orientation>-0.25026995</orientation>
      <time>6</time>
    </ksState>
    <ksState>
      <x>550.5299210150743</x>
      <y>-31.642082716680758</y>
      <steeringAngle>0.0</steeringAngle>
      <velocity>14.400000000000002</velocity>
      <orientation>-0.25026995</orientation>
      <time>7</time>
    </ksState>
    <ksState>
      <x>551.8863048536418</x>
      <y>-31.988814427821872</y>
      <steeringAngle>0.0</steeringAngle>
      <velocity>13.600000000000001</velocity>
      <orientation>-0.25026995</orientation>
      <time>8</time>
    </ksState>
    <ksState>
      <x>553.1651810441706</x>
      <y>-32.315732898295465</y>
      <steeringAngle>0.0</steeringAngle>
      <velocity>12.800000000000004</velocity>
      <orientation>-0.25026995</orientation>
      <time>9</time>
    </ksState>
    <ksState>
      <x>554.3665495866946</x>
      <y>-32.62283812811031</y>
      <steeringAngle>0.0</steeringAngle>
      <velocity>12.000000000000002</velocity>
      <orientation>-0.25026995</orientation>
      <time>10</time>
    </ksState>
    <ksState>
      <x>555.4904104818836</x>
      <y>-32.91013011743757</y>
      <steeringAngle>0.0</steeringAngle>
      <velocity>11.200000000000001</velocity>
      <orientation>-0.25026995</orientation>
      <time>11</time>
    </ksState>
    <ksState>
      <x>556.5367637286589</x>
      <y>-33.17760886600154</y>
      <steeringAngle>0.0</steeringAngle>
      <velocity>10.4</velocity>
      <orientation>-0.25026995</orientation>
      <time>12</time>
    </ksState>
    <ksState>
      <x>557.5056093273207</x>
      <y>-33.425274373878935</y>
      <steeringAngle>0.0</steeringAngle>
      <velocity>9.599999999999998</velocity>
      <orientation>-0.25026995</orientation>
      <time>13</time>
    </ksState>
    <ksState>
      <x>558.3969472779543</x>
      <y>-33.65312664109154</y>
      <steeringAngle>0.0</steeringAngle>
      <velocity>8.799999999999999</velocity>
      <orientation>-0.25026995</orientation>
      <time>14</time>
    </ksState>
    <ksState>
      <x>559.2107775805874</x>
      <y>-33.86116566764649</y>
      <steeringAngle>0.0</steeringAngle>
      <velocity>7.999999999999997</velocity>
      <orientation>-0.25026995</orientation>
      <time>15</time>
    </ksState>
    <ksState>
      <x>559.9474182950878</x>
      <y>-34.04813920313379</y>
      <steeringAngle>0.03553333333333333</steeringAngle>
      <velocity>7.199999999999999</velocity>
      <orientation>-0.2451249370175077</orientation>
      <time>16</time>
    </ksState>
    <ksState>
      <x>560.6080970410726</x>
      <y>-34.20906163732206</y>
      <steeringAngle>0.07106666666666664</steeringAngle>
      <velocity>6.400000000000001</velocity>
      <orientation>-0.23114826489654458</orientation>
      <time>17</time>
    </ksState>
    <ksState>
      <x>561.1934246046695</x>
      <y>-34.34089055030461</y>
      <steeringAngle>0.10659999999999997</steeringAngle>
      <velocity>5.600000000000004</velocity>
      <orientation>-0.21051649703066322</orientation>
      <time>18</time>
    </ksState>
    <ksState>
      <x>561.7031936457745</x>
      <y>-34.44346400355364</y>
      <steeringAngle>0.1421333333333333</steeringAngle>
      <velocity>4.800000000000003</velocity>
      <orientation>-0.18540028952201495</orientation>
      <time>19</time>
    </ksState>
    <ksState>
      <x>562.1366721485768</x>
      <y>-34.518858042388445</y>
      <steeringAngle>0.17766666666666653</steeringAngle>
      <velocity>4.000000000000006</velocity>
      <orientation>-0.15797539293686513</orientation>
      <time>20</time>
    </ksState>
    <ksState>
      <x>562.5324644406264</x>
      <y>-34.576651709982066</y>
      <steeringAngle>0.1421333333333333</steeringAngle>
      <velocity>4.0</velocity>
      <orientation>-0.13295798659234181</orientation>
      <time>21</time>
    </ksState>
    <ksState>
      <x>562.9294462467416</x>
      <y>-34.625645821218306</y>
      <steeringAngle>0.10659999999999999</steeringAngle>
      <velocity>4.0</velocity>
      <orientation>-0.11356606030159125</orientation>
      <time>22</time>
    </ksState>
    <ksState>
      <x>563.3271897142379</x>
      <y>-34.6680436967383</y>
      <steeringAngle>0.07106666666666664</steeringAngle>
      <velocity>4.0</velocity>
      <orientation>-0.09974982056663834</orientation>
      <time>23</time>
    </ksState>
    <ksState>
      <x>563.7253791752693</x>
      <y>-34.70604672563847</y>
      <steeringAngle>0.03553333333333332</steeringAngle>
      <velocity>4.0</velocity>
      <orientation>-0.09147406010437296</orientation>
      <time>24</time>
    </ksState>
    <ksState>
      <x>564.1237731701535</x>
      <y>-34.741853324047916</y>
      <steeringAngle>-2.2985086056692694e-17</steeringAngle>
      <velocity>4.0</velocity>
      <orientation>-0.08871779680953261</orientation>
      <time>25</time>
    </ksState>
    <ksState>
      <x>564.5221671512318</x>
      <y>-34.77765992350616</y>
      <steeringAngle>-0.035533333333333326</steeringAngle>
      <velocity>4.0</velocity>
      <orientation>-0.091474071342133</orientation>
      <time>26</time>
    </ksState>
    <ksState>
      <x>564.9203566119271</x>
      <y>-34.8156629562702</y>
      <steeringAngle>-0.07106666666666711</steeringAngle>
      <velocity>4.0</velocity>
      <orientation>-0.09974983188541843</orientation>
      <time>27</time>
    </ksState>
    <ksState>
      <x>565.3181000788521</x>
      <y>-34.85806083605193</y>
      <steeringAngle>-0.10660000000000043</steeringAngle>
      <velocity>4.0</velocity>
      <orientation>-0.11356607170455528</orientation>
      <time>28</time>
    </ksState>
    <ksState>
      <x>565.7150818839998</x>
      <y>-34.907054951778534</y>
      <steeringAngle>-0.14213333333333378</steeringAngle>
      <velocity>4.0</velocity>
      <orientation>-0.13295799809010111</orientation>
      <time>29</time>
    </ksState>
    <ksState>
      <x>566.110874174677</x>
      <y>-34.96484862392395</y>
      <steeringAngle>-0.1776666666666672</steeringAngle>
      <velocity>4.0</velocity>
      <orientation>-0.15797540454149844</orientation>
      <time>30</time>
    </ksState>
    <ksState>
      <x>566.4656444068042</x>
      <y>-35.02593296286162</y>
      <steeringAngle>-0.17766666666666667</steeringAngle>
      <velocity>3.2000000000000006</velocity>
      <orientation>-0.18304084380967603</orientation>
      <time>31</time>
    </ksState>
    <ksState>
      <x>566.7404527103903</x>
      <y>-35.07957914131537</y>
      <steeringAngle>-0.17766666666666667</steeringAngle>
      <velocity>2.4000000000000012</velocity>
      <orientation>-0.2025361854397058</orientation>
      <time>32</time>
    </ksState>
    <ksState>
      <x>566.9360781804877</x>
      <y>-35.12117275262688</y>
      <steeringAngle>-0.17766666666666667</steeringAngle>
      <velocity>1.6000000000000005</velocity>
      <orientation>-0.2164614294386868</orientation>
      <time>33</time>
    </ksState>
  </ksTrajectory>
</CommonRoadSolution>
