<?xml version="1.0" ?>
<CommonRoadSolution benchmark_id="KS2:SM1:USA_US101-13_4_T-1:2020a" computation_time="53.27371058300014" date="2020-12-29">
  <ksTrajectory planningProblem="141">
    <ksState>
      <x>0.0</x>
      <y>0.0</y>
      <steeringAngle>0.0</steeringAngle>
      <velocity>12.0</velocity>
      <orientation>-0.76903</orientation>
      <time>0</time>
    </ksState>
    <ksState>
      <x>0.8623026995345681</x>
      <y>-0.8345262454682878</y>
      <steeringAngle>0.0</steeringAngle>
      <velocity>12.0</velocity>
      <orientation>-0.76903</orientation>
      <time>1</time>
    </ksState>
    <ksState>
      <x>1.7246053990691361</x>
      <y>-1.6690524909365756</y>
      <steeringAngle>0.0</steeringAngle>
      <velocity>12.0</velocity>
      <orientation>-0.76903</orientation>
      <time>2</time>
    </ksState>
    <ksState>
      <x>2.5869080986037036</x>
      <y>-2.503578736404863</y>
      <steeringAngle>0.0</steeringAngle>
      <velocity>12.0</velocity>
      <orientation>-0.76903</orientation>
      <time>3</time>
    </ksState>
    <ksState>
      <x>3.4492107981382714</x>
      <y>-3.3381049818731503</y>
      <steeringAngle>0.0</steeringAngle>
      <velocity>12.0</velocity>
      <orientation>-0.76903</orientation>
      <time>4</time>
    </ksState>
    <ksState>
      <x>4.3115134976728395</x>
      <y>-4.172631227341438</y>
      <steeringAngle>0.0</steeringAngle>
      <velocity>12.0</velocity>
      <orientation>-0.76903</orientation>
      <time>5</time>
    </ksState>
    <ksState>
      <x>5.173816197207407</x>
      <y>-5.007157472809726</y>
      <steeringAngle>0.0</steeringAngle>
      <velocity>12.0</velocity>
      <orientation>-0.76903</orientation>
      <time>6</time>
    </ksState>
    <ksState>
      <x>6.036118896741976</x>
      <y>-5.841683718278014</y>
      <steeringAngle>0.0</steeringAngle>
      <velocity>12.0</velocity>
      <orientation>-0.76903</orientation>
      <time>7</time>
    </ksState>
    <ksState>
      <x>6.898421596276544</x>
      <y>-6.676209963746301</y>
      <steeringAngle>0.0</steeringAngle>
      <velocity>12.0</velocity>
      <orientation>-0.76903</orientation>
      <time>8</time>
    </ksState>
    <ksState>
      <x>7.7607242958111105</x>
      <y>-7.510736209214588</y>
      <steeringAngle>0.0</steeringAngle>
      <velocity>12.0</velocity>
      <orientation>-0.76903</orientation>
      <time>9</time>
    </ksState>
    <ksState>
      <x>8.623026995345679</x>
      <y>-8.345262454682876</y>
      <steeringAngle>0.0</steeringAngle>
      <velocity>12.0</velocity>
      <orientation>-0.76903</orientation>
      <time>10</time>
    </ksState>
    <ksState>
      <x>9.458693492101617</x>
      <y>-9.149783461829896</y>
      <steeringAngle>0.03553333333333333</steeringAngle>
      <velocity>11.200000000000001</velocity>
      <orientation>-0.7611287262276559</orientation>
      <time>11</time>
    </ksState>
    <ksState>
      <x>10.247983338886261</x>
      <y>-9.886921936784224</y>
      <steeringAngle>0.07106666666666667</steeringAngle>
      <velocity>10.400000000000007</velocity>
      <orientation>-0.738876295429166</orientation>
      <time>12</time>
    </ksState>
    <ksState>
      <x>10.997896555829069</x>
      <y>-10.548383300692452</y>
      <steeringAngle>0.10660000000000001</steeringAngle>
      <velocity>9.60000000000001</velocity>
      <orientation>-0.7044282845444942</orientation>
      <time>13</time>
    </ksState>
    <ksState>
      <x>11.711322559536004</x>
      <y>-11.129144481807481</y>
      <steeringAngle>0.14213333333333344</steeringAngle>
      <velocity>8.800000000000008</velocity>
      <orientation>-0.6599201524236493</orientation>
      <time>14</time>
    </ksState>
    <ksState>
      <x>12.387660604666024</x>
      <y>-11.627145631703943</y>
      <steeringAngle>0.17766666666666675</steeringAngle>
      <velocity>8.000000000000009</velocity>
      <orientation>-0.6074778546086679</orientation>
      <time>15</time>
    </ksState>
    <ksState>
      <x>13.022156347910443</x>
      <y>-12.045363043114676</y>
      <steeringAngle>0.1421333333333334</steeringAngle>
      <velocity>7.2</velocity>
      <orientation>-0.559850532863031</orientation>
      <time>16</time>
    </ksState>
    <ksState>
      <x>13.60448590292149</x>
      <y>-12.396432922170591</y>
      <steeringAngle>0.10660000000000011</steeringAngle>
      <velocity>6.4</velocity>
      <orientation>-0.526790962415063</orientation>
      <time>17</time>
    </ksState>
    <ksState>
      <x>14.126448433415598</x>
      <y>-12.69230798360331</y>
      <steeringAngle>0.07106666666666674</steeringAngle>
      <velocity>5.600000000000001</velocity>
      <orientation>-0.5059740141211745</orientation>
      <time>18</time>
    </ksState>
    <ksState>
      <x>14.582801418714043</x>
      <y>-12.941585478082482</y>
      <steeringAngle>0.03553333333333339</steeringAngle>
      <velocity>4.800000000000001</velocity>
      <orientation>-0.49512340446351166</orientation>
      <time>19</time>
    </ksState>
    <ksState>
      <x>14.970392880815428</x>
      <y>-13.14984658411291</y>
      <steeringAngle>5.5294310796760726e-17</steeringAngle>
      <velocity>4.0</velocity>
      <orientation>-0.49199962862634605</orientation>
      <time>20</time>
    </ksState>
    <ksState>
      <x>15.357984333606922</x>
      <y>-13.358107711197961</y>
      <steeringAngle>-0.035533333333333326</steeringAngle>
      <velocity>4.799999999999999</velocity>
      <orientation>-0.4951234072955369</orientation>
      <time>21</time>
    </ksState>
    <ksState>
      <x>15.81433731564462</x>
      <y>-13.607385215360571</y>
      <steeringAngle>-0.07106666666666667</steeringAngle>
      <velocity>5.599999999999998</velocity>
      <orientation>-0.5059740183567096</orientation>
      <time>22</time>
    </ksState>
    <ksState>
      <x>16.33629984245785</x>
      <y>-13.903260283513825</y>
      <steeringAngle>-0.10659999999999999</steeringAngle>
      <velocity>6.3999999999999995</velocity>
      <orientation>-0.5267909673570377</orientation>
      <time>23</time>
    </ksState>
    <ksState>
      <x>16.918629387072613</x>
      <y>-14.254330168046799</y>
      <steeringAngle>-0.14213333333333333</steeringAngle>
      <velocity>7.199999999999999</velocity>
      <orientation>-0.5598505383382028</orientation>
      <time>24</time>
    </ksState>
    <ksState>
      <x>17.553125105454438</x>
      <y>-14.672547578034672</y>
      <steeringAngle>-0.17766666666666664</steeringAngle>
      <velocity>7.9999999999999964</velocity>
      <orientation>-0.6074778604197494</orientation>
      <time>25</time>
    </ksState>
    <ksState>
      <x>18.166187492540452</x>
      <y>-15.12159675233831</y>
      <steeringAngle>-0.1421333333333334</steeringAngle>
      <velocity>7.2</velocity>
      <orientation>-0.6551051821653863</orientation>
      <time>26</time>
    </ksState>
    <ksState>
      <x>18.69813529843822</x>
      <y>-15.545140495557652</y>
      <steeringAngle>-0.10660000000000011</steeringAngle>
      <velocity>6.4</velocity>
      <orientation>-0.6881647526133543</orientation>
      <time>27</time>
    </ksState>
    <ksState>
      <x>19.157315453198965</x>
      <y>-15.931327653152938</y>
      <steeringAngle>-0.07106666666666674</steeringAngle>
      <velocity>5.600000000000001</velocity>
      <orientation>-0.7089817009072428</orientation>
      <time>28</time>
    </ksState>
    <ksState>
      <x>19.549960242690027</x>
      <y>-16.272249030790267</y>
      <steeringAngle>-0.03553333333333339</steeringAngle>
      <velocity>4.800000000000001</velocity>
      <orientation>-0.7198323105649056</orientation>
      <time>29</time>
    </ksState>
    <ksState>
      <x>19.880203125558783</x>
      <y>-16.563005747124457</y>
      <steeringAngle>-5.5294310796760726e-17</steeringAngle>
      <velocity>4.0</velocity>
      <orientation>-0.7229560864020712</orientation>
      <time>30</time>
    </ksState>
    <ksState>
      <x>20.180144425203732</x>
      <y>-16.827647423296785</y>
      <steeringAngle>0.0</steeringAngle>
      <velocity>4.0</velocity>
      <orientation>-0.7229560864020712</orientation>
      <time>31</time>
    </ksState>
    <ksState>
      <x>20.48008572484868</x>
      <y>-17.09228909946911</y>
      <steeringAngle>0.0</steeringAngle>
      <velocity>4.0</velocity>
      <orientation>-0.7229560864020712</orientation>
      <time>32</time>
    </ksState>
    <ksState>
      <x>20.78002702449363</x>
      <y>-17.356930775641437</y>
      <steeringAngle>0.0</steeringAngle>
      <velocity>4.0</velocity>
      <orientation>-0.7229560864020712</orientation>
      <time>33</time>
    </ksState>
    <ksState>
      <x>21.07996832413858</x>
      <y>-17.621572451813766</y>
      <steeringAngle>0.0</steeringAngle>
      <velocity>4.0</velocity>
      <orientation>-0.7229560864020712</orientation>
      <time>34</time>
    </ksState>
    <ksState>
      <x>21.37990962378353</x>
      <y>-17.88621412798609</y>
      <steeringAngle>0.0</steeringAngle>
      <velocity>4.0</velocity>
      <orientation>-0.7229560864020712</orientation>
      <time>35</time>
    </ksState>
    <ksState>
      <x>21.7095369273373</x>
      <y>-18.177668536227973</y>
      <steeringAngle>-0.035533333333333326</steeringAngle>
      <velocity>4.799999999999999</velocity>
      <orientation>-0.726079865071262</orientation>
      <time>36</time>
    </ksState>
    <ksState>
      <x>22.096710991912612</x>
      <y>-18.524790362128435</y>
      <steeringAngle>-0.07106666666666667</steeringAngle>
      <velocity>5.599999999999998</velocity>
      <orientation>-0.7369304761324348</orientation>
      <time>37</time>
    </ksState>
    <ksState>
      <x>22.53708594266502</x>
      <y>-18.93229108372505</y>
      <steeringAngle>-0.10659999999999999</steeringAngle>
      <velocity>6.3999999999999995</velocity>
      <orientation>-0.7577474251327628</orientation>
      <time>38</time>
    </ksState>
    <ksState>
      <x>23.023590466946054</x>
      <y>-19.407339618310008</y>
      <steeringAngle>-0.14213333333333333</steeringAngle>
      <velocity>7.199999999999999</velocity>
      <orientation>-0.7908069961139279</orientation>
      <time>39</time>
    </ksState>
    <ksState>
      <x>23.545505391386683</x>
      <y>-19.959694060953463</y>
      <steeringAngle>-0.17766666666666664</steeringAngle>
      <velocity>7.9999999999999964</velocity>
      <orientation>-0.8384343181954745</orientation>
      <time>40</time>
    </ksState>
    <ksState>
      <x>24.063567779199754</x>
      <y>-20.56915766454074</y>
      <steeringAngle>-0.17766666666666667</steeringAngle>
      <velocity>8.0</velocity>
      <orientation>-0.8941352945059863</orientation>
      <time>41</time>
    </ksState>
    <ksState>
      <x>24.546896563343253</x>
      <y>-21.20651774157399</y>
      <steeringAngle>-0.17766666666666667</steeringAngle>
      <velocity>8.0</velocity>
      <orientation>-0.949836270816498</orientation>
      <time>42</time>
    </ksState>
    <ksState>
      <x>24.99399253329282</x>
      <y>-21.86979730452692</y>
      <steeringAngle>-0.17766666666666667</steeringAngle>
      <velocity>8.0</velocity>
      <orientation>-1.0055372471270099</orientation>
      <time>43</time>
    </ksState>
    <ksState>
      <x>25.40346888832461</x>
      <y>-22.556938995160277</y>
      <steeringAngle>-0.17766666666666667</steeringAngle>
      <velocity>8.0</velocity>
      <orientation>-1.0612382234375215</orientation>
      <time>44</time>
    </ksState>
    <ksState>
      <x>25.77405551593599</x>
      <y>-23.265811440544574</y>
      <steeringAngle>-0.17766666666666667</steeringAngle>
      <velocity>8.0</velocity>
      <orientation>-1.1169391997480334</orientation>
      <time>45</time>
    </ksState>
    <ksState>
      <x>26.105987633038687</x>
      <y>-23.993607747371854</y>
      <steeringAngle>-0.14213333333333336</steeringAngle>
      <velocity>8.0</velocity>
      <orientation>-1.1669740112967817</orientation>
      <time>46</time>
    </ksState>
    <ksState>
      <x>26.40530173751535</x>
      <y>-24.73545054627576</y>
      <steeringAngle>-0.1066000000000001</steeringAngle>
      <velocity>8.0</velocity>
      <orientation>-1.205757863303779</orientation>
      <time>47</time>
    </ksState>
    <ksState>
      <x>26.679833900717036</x>
      <y>-25.48684342611371</y>
      <steeringAngle>-0.07106666666666674</steeringAngle>
      <velocity>8.0</velocity>
      <orientation>-1.233390342333466</orientation>
      <time>48</time>
    </ksState>
    <ksState>
      <x>26.937709458597993</x>
      <y>-26.244131664399575</y>
      <steeringAngle>-0.035533333333333354</steeringAngle>
      <velocity>8.0</velocity>
      <orientation>-1.2499418629624954</orientation>
      <time>49</time>
    </ksState>
    <ksState>
      <x>27.1872193745735</x>
      <y>-27.004225782096462</y>
      <steeringAngle>-2.0816681711721685e-17</steeringAngle>
      <velocity>8.0</velocity>
      <orientation>-1.2554543894209003</orientation>
      <time>50</time>
    </ksState>
    <ksState>
      <x>27.436729278757607</x>
      <y>-27.764319858162857</y>
      <steeringAngle>0.03553333333333333</steeringAngle>
      <velocity>8.0</velocity>
      <orientation>-1.2499418544180614</orientation>
      <time>51</time>
    </ksState>
    <ksState>
      <x>27.69460484036739</x>
      <y>-28.521608095869652</y>
      <steeringAngle>0.07106666666666667</steeringAngle>
      <velocity>8.0</velocity>
      <orientation>-1.2333903335377918</orientation>
      <time>52</time>
    </ksState>
    <ksState>
      <x>27.969137008773576</x>
      <y>-29.273000974652348</y>
      <steeringAngle>0.10659999999999997</steeringAngle>
      <velocity>8.0</velocity>
      <orientation>-1.205757854247097</orientation>
      <time>53</time>
    </ksState>
    <ksState>
      <x>28.268451119597774</x>
      <y>-30.014843771955725</y>
      <steeringAngle>0.1421333333333333</steeringAngle>
      <velocity>8.0</velocity>
      <orientation>-1.166974001974362</orientation>
      <time>54</time>
    </ksState>
    <ksState>
      <x>28.60038326725157</x>
      <y>-30.742640057991338</y>
      <steeringAngle>0.17766666666666667</steeringAngle>
      <velocity>8.0</velocity>
      <orientation>-1.1169391897252074</orientation>
      <time>55</time>
    </ksState>
    <ksState>
      <x>28.952683968232876</x>
      <y>-31.415931196114972</y>
      <steeringAngle>0.21320000000000014</steeringAngle>
      <velocity>7.200000000000003</velocity>
      <orientation>-1.0586898626537147</orientation>
      <time>56</time>
    </ksState>
    <ksState>
      <x>29.303546928602202</x>
      <y>-31.998294936245845</y>
      <steeringAngle>0.24873333333333347</steeringAngle>
      <velocity>6.400000000000004</velocity>
      <orientation>-0.9967727751679353</orientation>
      <time>57</time>
    </ksState>
    <ksState>
      <x>29.64474455772421</x>
      <y>-32.49171521923852</y>
      <steeringAngle>0.2842666666666668</steeringAngle>
      <velocity>5.600000000000001</velocity>
      <orientation>-0.9333506324040142</orientation>
      <time>58</time>
    </ksState>
    <ksState>
      <x>29.966852325352654</x>
      <y>-32.89983035451888</y>
      <steeringAngle>0.3198</steeringAngle>
      <velocity>4.800000000000002</velocity>
      <orientation>-0.8706215326620614</orientation>
      <time>59</time>
    </ksState>
    <ksState>
      <x>30.260068391384426</x>
      <y>-33.227803980606836</y>
      <steeringAngle>0.3553333333333332</steeringAngle>
      <velocity>4.000000000000001</velocity>
      <orientation>-0.8108316986138467</orientation>
      <time>60</time>
    </ksState>
    <ksState>
      <x>30.544108352097222</x>
      <y>-33.509357074914725</y>
      <steeringAngle>0.39086666666666653</steeringAngle>
      <velocity>4.0</velocity>
      <orientation>-0.7501113323078595</orientation>
      <time>61</time>
    </ksState>
    <ksState>
      <x>30.845544938233992</x>
      <y>-33.77217989799214</y>
      <steeringAngle>0.42639999999999995</steeringAngle>
      <velocity>4.0</velocity>
      <orientation>-0.6829417188514559</orientation>
      <time>62</time>
    </ksState>
    <ksState>
      <x>31.16472842248487</x>
      <y>-34.0131140355144</y>
      <steeringAngle>0.4619333333333333</steeringAngle>
      <velocity>4.0</velocity>
      <orientation>-0.6091211352191119</orientation>
      <time>63</time>
    </ksState>
    <ksState>
      <x>31.5015366420226</x>
      <y>-34.22869096446842</y>
      <steeringAngle>0.49746666666666667</steeringAngle>
      <velocity>4.0</velocity>
      <orientation>-0.5284205934058916</orientation>
      <time>64</time>
    </ksState>
    <ksState>
      <x>31.855272848705223</x>
      <y>-34.41515236050033</y>
      <steeringAngle>0.533</steeringAngle>
      <velocity>4.0</velocity>
      <orientation>-0.44058072680608296</orientation>
      <time>65</time>
    </ksState>
    <ksState>
      <x>32.224190400711386</x>
      <y>-34.56941511148759</y>
      <steeringAngle>0.4974666666666666</steeringAngle>
      <velocity>4.0</velocity>
      <orientation>-0.3527408599666338</orientation>
      <time>66</time>
    </ksState>
    <ksState>
      <x>32.604799435687625</x>
      <y>-34.69209336439829</y>
      <steeringAngle>0.4619333333333334</steeringAngle>
      <velocity>4.0</velocity>
      <orientation>-0.2720403181794636</orientation>
      <time>67</time>
    </ksState>
    <ksState>
      <x>32.993757178214814</x>
      <y>-34.78504084651108</y>
      <steeringAngle>0.42640000000000017</steeringAngle>
      <velocity>4.0</velocity>
      <orientation>-0.19821973492965853</orientation>
      <time>68</time>
    </ksState>
    <ksState>
      <x>33.388310008967856</x>
      <y>-34.85037018085262</y>
      <steeringAngle>0.3908666666666668</steeringAngle>
      <velocity>4.0</velocity>
      <orientation>-0.13105012206679595</orientation>
      <time>69</time>
    </ksState>
    <ksState>
      <x>33.78624411511399</x>
      <y>-34.89036117808971</y>
      <steeringAngle>0.3553333333333335</steeringAngle>
      <velocity>4.0</velocity>
      <orientation>-0.07032975418851017</orientation>
      <time>70</time>
    </ksState>
    <ksState>
      <x>34.18583202988145</x>
      <y>-34.90738980264495</y>
      <steeringAngle>0.31979999999999986</steeringAngle>
      <velocity>4.0</velocity>
      <orientation>-0.01588155499513054</orientation>
      <time>71</time>
    </ksState>
    <ksState>
      <x>34.585777656551976</x>
      <y>-34.90387509313401</y>
      <steeringAngle>0.28426666666666656</steeringAngle>
      <velocity>4.0</velocity>
      <orientation>0.03244912448612672</orientation>
      <time>72</time>
    </ksState>
    <ksState>
      <x>34.9851622282983</x>
      <y>-34.882240767966834</y>
      <steeringAngle>0.2487333333333332</steeringAngle>
      <velocity>4.0</velocity>
      <orientation>0.0747963582090018</orientation>
      <time>73</time>
    </ksState>
    <ksState>
      <x>35.38339219293149</x>
      <y>-34.84488915900611</y>
      <steeringAngle>0.21319999999999986</steeringAngle>
      <velocity>4.0</velocity>
      <orientation>0.11127519928262955</orientation>
      <time>74</time>
    </ksState>
    <ksState>
      <x>35.78014973269163</x>
      <y>-34.79418539674187</y>
      <steeringAngle>0.1776666666666665</steeringAngle>
      <velocity>4.0</velocity>
      <orientation>0.14198298193145734</orientation>
      <time>75</time>
    </ksState>
    <ksState>
      <x>36.17534631809417</x>
      <y>-34.732449626349414</y>
      <steeringAngle>0.1421333333333333</steeringAngle>
      <velocity>4.0</velocity>
      <orientation>0.16700038827598065</orientation>
      <time>76</time>
    </ksState>
    <ksState>
      <x>36.569079207531416</x>
      <y>-34.66195573230402</y>
      <steeringAngle>0.10659999999999999</steeringAngle>
      <velocity>4.0</velocity>
      <orientation>0.18639231456673122</orientation>
      <time>77</time>
    </ksState>
    <ksState>
      <x>36.96159069061262</x>
      <y>-34.58493507641242</y>
      <steeringAngle>0.07106666666666664</steeringAngle>
      <velocity>4.0</velocity>
      <orientation>0.20020855430168413</orientation>
      <time>78</time>
    </ksState>
    <ksState>
      <x>37.35322966186295</x>
      <y>-34.50358402675695</y>
      <steeringAngle>0.03553333333333332</steeringAngle>
      <velocity>4.0</velocity>
      <orientation>0.20848431476394952</orientation>
      <time>79</time>
    </ksState>
    <ksState>
      <x>37.74441503203326</x>
      <y>-34.420074184138315</y>
      <steeringAngle>-2.2985086056692694e-17</steeringAngle>
      <velocity>4.0</velocity>
      <orientation>0.21124057805878987</orientation>
      <time>80</time>
    </ksState>
    <ksState>
      <x>38.13560038932395</x>
      <y>-34.33656434660105</y>
      <steeringAngle>-0.035533333333333326</steeringAngle>
      <velocity>4.0</velocity>
      <orientation>0.20848430352618946</orientation>
      <time>81</time>
    </ksState>
    <ksState>
      <x>38.5272393613949</x>
      <y>-34.25521330073624</y>
      <steeringAngle>-0.07106666666666711</steeringAngle>
      <velocity>4.0</velocity>
      <orientation>0.20020854298290405</orientation>
      <time>82</time>
    </ksState>
    <ksState>
      <x>38.91975084518959</x>
      <y>-34.17819264908488</y>
      <steeringAngle>-0.10660000000000043</steeringAngle>
      <velocity>4.0</velocity>
      <orientation>0.1863923031637672</orientation>
      <time>83</time>
    </ksState>
    <ksState>
      <x>39.313483735029415</x>
      <y>-34.107698759615204</y>
      <steeringAngle>-0.14213333333333378</steeringAngle>
      <velocity>4.0</velocity>
      <orientation>0.16700037677822138</orientation>
      <time>84</time>
    </ksState>
    <ksState>
      <x>39.70868032046579</x>
      <y>-34.045962993976815</y>
      <steeringAngle>-0.1776666666666672</steeringAngle>
      <velocity>4.0</velocity>
      <orientation>0.14198297032682405</orientation>
      <time>85</time>
    </ksState>
    <ksState>
      <x>40.10539220758915</x>
      <y>-33.994881441239414</y>
      <steeringAngle>-0.17766666666666667</steeringAngle>
      <velocity>4.0</velocity>
      <orientation>0.11413248217156816</orientation>
      <time>86</time>
    </ksState>
    <ksState>
      <x>40.50337274739121</x>
      <y>-33.954866882251515</y>
      <steeringAngle>-0.17766666666666667</steeringAngle>
      <velocity>4.0</velocity>
      <orientation>0.08628199401631227</orientation>
      <time>87</time>
    </ksState>
    <ksState>
      <x>40.902313232855796</x>
      <y>-33.925950359841764</y>
      <steeringAngle>-0.17766666666666667</steeringAngle>
      <velocity>4.0</velocity>
      <orientation>0.05843150586105639</orientation>
      <time>88</time>
    </ksState>
    <ksState>
      <x>41.30190424562395</x>
      <y>-33.90815430140624</y>
      <steeringAngle>-0.17766666666666667</steeringAngle>
      <velocity>4.0</velocity>
      <orientation>0.03058101770580053</orientation>
      <time>89</time>
    </ksState>
    <ksState>
      <x>41.701835862995175</x>
      <y>-33.90149251062238</y>
      <steeringAngle>-0.17766666666666667</steeringAngle>
      <velocity>4.0</velocity>
      <orientation>0.0027305295505447025</orientation>
      <time>90</time>
    </ksState>
    <ksState>
      <x>42.10180590263706</x>
      <y>-33.9055921097516</y>
      <steeringAngle>-0.1421333333333333</steeringAngle>
      <velocity>4.0</velocity>
      <orientation>-0.022286876793978606</orientation>
      <time>91</time>
    </ksState>
    <ksState>
      <x>42.50159054493794</x>
      <y>-33.91856939729012</y>
      <steeringAngle>-0.10659999999999999</steeringAngle>
      <velocity>4.0</velocity>
      <orientation>-0.04167880308472918</orientation>
      <time>92</time>
    </ksState>
    <ksState>
      <x>42.901107764301656</x>
      <y>-33.93818138658423</y>
      <steeringAngle>-0.07106666666666664</steeringAngle>
      <velocity>4.0</velocity>
      <orientation>-0.0554950428196821</orientation>
      <time>93</time>
    </ksState>
    <ksState>
      <x>43.30038607255452</x>
      <y>-33.96220434561475</y>
      <steeringAngle>-0.03553333333333332</steeringAngle>
      <velocity>4.0</velocity>
      <orientation>-0.06377080328194747</orientation>
      <time>94</time>
    </ksState>
    <ksState>
      <x>43.699526837822084</x>
      <y>-33.9884289538466</y>
      <steeringAngle>2.2985086056692694e-17</steeringAngle>
      <velocity>4.0</velocity>
      <orientation>-0.06652706657678782</orientation>
      <time>95</time>
    </ksState>
    <ksState>
      <x>44.09861724202745</x>
      <y>-34.01538680975806</y>
      <steeringAngle>-0.035533333333333326</steeringAngle>
      <velocity>4.0</velocity>
      <orientation>-0.06928334110938822</orientation>
      <time>96</time>
    </ksState>
    <ksState>
      <x>44.4975519126625</x>
      <y>-34.044545096288516</y>
      <steeringAngle>-0.07106666666666711</steeringAngle>
      <velocity>4.0</velocity>
      <orientation>-0.07755910165267364</orientation>
      <time>97</time>
    </ksState>
    <ksState>
      <x>44.89613821619354</x>
      <y>-34.07810704392229</y>
      <steeringAngle>-0.10660000000000043</steeringAngle>
      <velocity>4.0</velocity>
      <orientation>-0.09137534147181049</orientation>
      <time>98</time>
    </ksState>
    <ksState>
      <x>45.29410940875107</x>
      <y>-34.11828050392416</y>
      <steeringAngle>-0.14213333333333378</steeringAngle>
      <velocity>4.0</velocity>
      <orientation>-0.11076726785735633</orientation>
      <time>99</time>
    </ksState>
    <ksState>
      <x>45.69108663225851</x>
      <y>-34.16727774788593</y>
      <steeringAngle>-0.1776666666666672</steeringAngle>
      <velocity>4.0</velocity>
      <orientation>-0.13578467430875363</orientation>
      <time>100</time>
    </ksState>
    <ksState>
      <x>46.08665828099911</x>
      <y>-34.22656279804546</y>
      <steeringAngle>-0.1421333333333333</steeringAngle>
      <velocity>4.0</velocity>
      <orientation>-0.16080208065327695</orientation>
      <time>101</time>
    </ksState>
    <ksState>
      <x>46.480820547088214</x>
      <y>-34.29461487599896</y>
      <steeringAngle>-0.10659999999999999</steeringAngle>
      <velocity>4.0</velocity>
      <orientation>-0.1801940069440275</orientation>
      <time>102</time>
    </ksState>
    <ksState>
      <x>46.87380188490247</x>
      <y>-34.36920116102705</y>
      <steeringAngle>-0.07106666666666664</steeringAngle>
      <velocity>4.0</velocity>
      <orientation>-0.19401024667898042</orientation>
      <time>103</time>
    </ksState>
    <ksState>
      <x>47.26593756858714</x>
      <y>-34.44812316469664</y>
      <steeringAngle>-0.03553333333333332</steeringAngle>
      <velocity>4.0</velocity>
      <orientation>-0.20228600714124578</orientation>
      <time>104</time>
    </ksState>
    <ksState>
      <x>47.65763304068241</x>
      <y>-34.52920673140119</y>
      <steeringAngle>2.2985086056692694e-17</steeringAngle>
      <velocity>4.0</velocity>
      <orientation>-0.20504227043608614</orientation>
      <time>105</time>
    </ksState>
    <ksState>
      <x>48.04925399219129</x>
      <y>-34.61065014942426</y>
      <steeringAngle>0.0</steeringAngle>
      <velocity>4.0</velocity>
      <orientation>-0.20504227043608614</orientation>
      <time>106</time>
    </ksState>
    <ksState>
      <x>48.44087494370017</x>
      <y>-34.69209356744732</y>
      <steeringAngle>0.0</steeringAngle>
      <velocity>4.0</velocity>
      <orientation>-0.20504227043608614</orientation>
      <time>107</time>
    </ksState>
    <ksState>
      <x>48.83249589520905</x>
      <y>-34.77353698547039</y>
      <steeringAngle>0.0</steeringAngle>
      <velocity>4.0</velocity>
      <orientation>-0.20504227043608614</orientation>
      <time>108</time>
    </ksState>
    <ksState>
      <x>49.224116846717926</x>
      <y>-34.854980403493464</y>
      <steeringAngle>0.0</steeringAngle>
      <velocity>4.0</velocity>
      <orientation>-0.20504227043608614</orientation>
      <time>109</time>
    </ksState>
    <ksState>
      <x>49.61573779822681</x>
      <y>-34.93642382151653</y>
      <steeringAngle>0.0</steeringAngle>
      <velocity>4.0</velocity>
      <orientation>-0.20504227043608614</orientation>
      <time>110</time>
    </ksState>
    <ksState>
      <x>50.00735874973569</x>
      <y>-35.0178672395396</y>
      <steeringAngle>0.0</steeringAngle>
      <velocity>4.0</velocity>
      <orientation>-0.20504227043608614</orientation>
      <time>111</time>
    </ksState>
    <ksState>
      <x>50.39897970124457</x>
      <y>-35.09931065756266</y>
      <steeringAngle>0.0</steeringAngle>
      <velocity>4.0</velocity>
      <orientation>-0.20504227043608614</orientation>
      <time>112</time>
    </ksState>
    <ksState>
      <x>50.79060065275345</x>
      <y>-35.18075407558573</y>
      <steeringAngle>0.0</steeringAngle>
      <velocity>4.0</velocity>
      <orientation>-0.20504227043608614</orientation>
      <time>113</time>
    </ksState>
    <ksState>
      <x>51.182221604262324</x>
      <y>-35.2621974936088</y>
      <steeringAngle>0.0</steeringAngle>
      <velocity>4.0</velocity>
      <orientation>-0.20504227043608614</orientation>
      <time>114</time>
    </ksState>
    <ksState>
      <x>51.57384255577121</x>
      <y>-35.343640911631866</y>
      <steeringAngle>0.0</steeringAngle>
      <velocity>4.0</velocity>
      <orientation>-0.20504227043608614</orientation>
      <time>115</time>
    </ksState>
    <ksState>
      <x>51.96553801495561</x>
      <y>-35.42472447333498</y>
      <steeringAngle>0.035533333333333326</steeringAngle>
      <velocity>4.0</velocity>
      <orientation>-0.20228599590348573</orientation>
      <time>116</time>
    </ksState>
    <ksState>
      <x>52.357673699437385</x>
      <y>-35.5036464732089</y>
      <steeringAngle>0.07106666666666711</steeringAngle>
      <velocity>4.0</velocity>
      <orientation>-0.19401023536020032</orientation>
      <time>117</time>
    </ksState>
    <ksState>
      <x>52.75065503793884</x>
      <y>-35.578232753992395</y>
      <steeringAngle>0.10660000000000043</steeringAngle>
      <velocity>4.0</velocity>
      <orientation>-0.18019399554106347</orientation>
      <time>118</time>
    </ksState>
    <ksState>
      <x>53.14481730440215</x>
      <y>-35.646284827367786</y>
      <steeringAngle>0.14213333333333378</steeringAngle>
      <velocity>4.0</velocity>
      <orientation>-0.16080206915551765</orientation>
      <time>119</time>
    </ksState>
    <ksState>
      <x>53.54038895314712</x>
      <y>-35.70556987277312</y>
      <steeringAngle>0.1776666666666672</steeringAngle>
      <velocity>4.0</velocity>
      <orientation>-0.13578466270412032</orientation>
      <time>120</time>
    </ksState>
    <ksState>
      <x>53.89761466831702</x>
      <y>-35.75011481466768</y>
      <steeringAngle>0.1421333333333333</steeringAngle>
      <velocity>3.1999999999999993</velocity>
      <orientation>-0.11317474773067801</orientation>
      <time>121</time>
    </ksState>
    <ksState>
      <x>54.17604046100175</x>
      <y>-35.779743383648835</y>
      <steeringAngle>0.10659999999999997</steeringAngle>
      <velocity>2.3999999999999977</velocity>
      <orientation>-0.09950710685997066</orientation>
      <time>122</time>
    </ksState>
    <ksState>
      <x>54.37512342673719</x>
      <y>-35.79886948277747</y>
      <steeringAngle>0.07106666666666664</steeringAngle>
      <velocity>1.5999999999999976</velocity>
      <orientation>-0.09250640100675153</orientation>
      <time>123</time>
    </ksState>
    <ksState>
      <x>54.49462595996596</x>
      <y>-35.80978443368735</y>
      <steeringAngle>0.0355333333333333</steeringAngle>
      <velocity>0.7999999999999972</velocity>
      <orientation>-0.08993155653278426</orientation>
      <time>124</time>
    </ksState>
    <ksState>
      <x>54.53446510473561</x>
      <y>-35.8133680693801</y>
      <steeringAngle>-2.5153490401663703e-17</steeringAngle>
      <velocity>-2.914335439641036e-15</velocity>
      <orientation>-0.08956404495425305</orientation>
      <time>125</time>
    </ksState>
  </ksTrajectory>
</CommonRoadSolution>
