<?xml version="1.0" ?>
<CommonRoadSolution benchmark_id="KS2:SM1:ESP_PriegodeCordoba-3_1_T-1:2020a" computation_time="1.867641822999758" date="2020-12-29">
  <ksTrajectory planningProblem="1">
    <ksState>
      <x>-328.42736</x>
      <y>-398.80706</y>
      <steeringAngle>0.0</steeringAngle>
      <velocity>12.0</velocity>
      <orientation>-1.7856413</orientation>
      <time>0</time>
    </ksState>
    <ksState>
      <x>-328.6716981339596</x>
      <y>-399.94103152567175</y>
      <steeringAngle>0.03553333333333333</steeringAngle>
      <velocity>11.200000000000001</velocity>
      <orientation>-1.777740026227656</orientation>
      <time>1</time>
    </ksState>
    <ksState>
      <x>-328.8831446403654</x>
      <y>-401.00010752314506</y>
      <steeringAngle>0.07106666666666667</steeringAngle>
      <velocity>10.400000000000007</velocity>
      <orientation>-1.755487595429166</orientation>
      <time>2</time>
    </ksState>
    <ksState>
      <x>-329.0509626293294</x>
      <y>-401.9858752906587</y>
      <steeringAngle>0.10660000000000001</steeringAngle>
      <velocity>9.60000000000001</velocity>
      <orientation>-1.7210395845444943</orientation>
      <time>3</time>
    </ksState>
    <ksState>
      <x>-329.1693602773753</x>
      <y>-402.89814839077326</y>
      <steeringAngle>0.14213333333333344</steeringAngle>
      <velocity>8.800000000000008</velocity>
      <orientation>-1.6765314524236494</orientation>
      <time>4</time>
    </ksState>
    <ksState>
      <x>-329.2369021769336</x>
      <y>-403.73533199572057</y>
      <steeringAngle>0.17766666666666675</steeringAngle>
      <velocity>8.000000000000009</velocity>
      <orientation>-1.624089154608668</orientation>
      <time>5</time>
    </ksState>
    <ksState>
      <x>-329.25729186165086</x>
      <y>-404.4949697316133</y>
      <steeringAngle>0.17766666666666667</steeringAngle>
      <velocity>7.2</velocity>
      <orientation>-1.5711732271642906</orientation>
      <time>6</time>
    </ksState>
    <ksState>
      <x>-329.24145349904376</x>
      <y>-405.1747217236777</y>
      <steeringAngle>0.17766666666666667</steeringAngle>
      <velocity>6.4</velocity>
      <orientation>-1.5238273973714795</orientation>
      <time>7</time>
    </ksState>
    <ksState>
      <x>-329.20077363379676</x>
      <y>-405.77329735935496</y>
      <steeringAngle>0.17766666666666667</steeringAngle>
      <velocity>5.599999999999999</velocity>
      <orientation>-1.4820516652162947</orientation>
      <time>8</time>
    </ksState>
    <ksState>
      <x>-329.14532161490723</x>
      <y>-406.29030367980386</y>
      <steeringAngle>0.17766666666666667</steeringAngle>
      <velocity>4.799999999999999</velocity>
      <orientation>-1.4458460306947802</orientation>
      <time>9</time>
    </ksState>
    <ksState>
      <x>-329.08380824303487</x>
      <y>-406.72596520371957</y>
      <steeringAngle>0.17766666666666667</steeringAngle>
      <velocity>4.0</velocity>
      <orientation>-1.4152104938054502</orientation>
      <time>10</time>
    </ksState>
    <ksState>
      <x>-329.0167025497685</x>
      <y>-407.12028546998926</y>
      <steeringAngle>0.1421333333333333</steeringAngle>
      <velocity>4.0</velocity>
      <orientation>-1.390193087460927</orientation>
      <time>11</time>
    </ksState>
    <ksState>
      <x>-328.94085945295177</x>
      <y>-407.51302304393346</y>
      <steeringAngle>0.10659999999999999</steeringAngle>
      <velocity>4.0</velocity>
      <orientation>-1.3708011611701763</orientation>
      <time>12</time>
    </ksState>
    <ksState>
      <x>-328.85850681222394</x>
      <y>-407.90445054469154</y>
      <steeringAngle>0.07106666666666664</steeringAngle>
      <velocity>4.0</velocity>
      <orientation>-1.3569849214352234</orientation>
      <time>13</time>
    </ksState>
    <ksState>
      <x>-328.7718360466513</x>
      <y>-408.29494671045643</y>
      <steeringAngle>0.03553333333333332</steeringAngle>
      <velocity>4.0</velocity>
      <orientation>-1.348709160972958</orientation>
      <time>14</time>
    </ksState>
    <ksState>
      <x>-328.6830128579189</x>
      <y>-408.6849599522738</y>
      <steeringAngle>-2.2985086056692694e-17</steeringAngle>
      <velocity>4.0</velocity>
      <orientation>-1.3459528976781177</orientation>
      <time>15</time>
    </ksState>
    <ksState>
      <x>-328.59383136390954</x>
      <y>-409.07489156310606</y>
      <steeringAngle>0.0</steeringAngle>
      <velocity>4.0</velocity>
      <orientation>-1.3459528976781177</orientation>
      <time>16</time>
    </ksState>
    <ksState>
      <x>-328.5046498699002</x>
      <y>-409.4648231739384</y>
      <steeringAngle>0.0</steeringAngle>
      <velocity>4.0</velocity>
      <orientation>-1.3459528976781177</orientation>
      <time>17</time>
    </ksState>
    <ksState>
      <x>-328.41546837589084</x>
      <y>-409.85475478477065</y>
      <steeringAngle>0.0</steeringAngle>
      <velocity>4.0</velocity>
      <orientation>-1.3459528976781177</orientation>
      <time>18</time>
    </ksState>
    <ksState>
      <x>-328.32628688188146</x>
      <y>-410.2446863956029</y>
      <steeringAngle>0.0</steeringAngle>
      <velocity>4.0</velocity>
      <orientation>-1.3459528976781177</orientation>
      <time>19</time>
    </ksState>
    <ksState>
      <x>-328.23710538787213</x>
      <y>-410.63461800643523</y>
      <steeringAngle>0.0</steeringAngle>
      <velocity>4.0</velocity>
      <orientation>-1.3459528976781177</orientation>
      <time>20</time>
    </ksState>
    <ksState>
      <x>-328.14792389386275</x>
      <y>-411.0245496172675</y>
      <steeringAngle>0.0</steeringAngle>
      <velocity>4.0</velocity>
      <orientation>-1.3459528976781177</orientation>
      <time>21</time>
    </ksState>
    <ksState>
      <x>-328.05874239985343</x>
      <y>-411.4144812280998</y>
      <steeringAngle>0.0</steeringAngle>
      <velocity>4.0</velocity>
      <orientation>-1.3459528976781177</orientation>
      <time>22</time>
    </ksState>
    <ksState>
      <x>-327.96956090584405</x>
      <y>-411.8044128389321</y>
      <steeringAngle>0.0</steeringAngle>
      <velocity>4.0</velocity>
      <orientation>-1.3459528976781177</orientation>
      <time>23</time>
    </ksState>
    <ksState>
      <x>-327.88037941183467</x>
      <y>-412.19434444976434</y>
      <steeringAngle>0.0</steeringAngle>
      <velocity>4.0</velocity>
      <orientation>-1.3459528976781177</orientation>
      <time>24</time>
    </ksState>
    <ksState>
      <x>-327.79119791782534</x>
      <y>-412.58427606059666</y>
      <steeringAngle>0.0</steeringAngle>
      <velocity>4.0</velocity>
      <orientation>-1.3459528976781177</orientation>
      <time>25</time>
    </ksState>
    <ksState>
      <x>-327.70237473434906</x>
      <y>-412.9742892896047</y>
      <steeringAngle>-0.035533333333333326</steeringAngle>
      <velocity>4.0</velocity>
      <orientation>-1.348709172210718</orientation>
      <time>26</time>
    </ksState>
    <ksState>
      <x>-327.61570397255554</x>
      <y>-413.36478545624175</y>
      <steeringAngle>-0.07106666666666711</steeringAngle>
      <velocity>4.0</velocity>
      <orientation>-1.3569849327540036</orientation>
      <time>27</time>
    </ksState>
    <ksState>
      <x>-327.5333513360578</x>
      <y>-413.7562129577709</y>
      <steeringAngle>-0.10660000000000043</steeringAngle>
      <velocity>4.0</velocity>
      <orientation>-1.3708011725731404</orientation>
      <time>28</time>
    </ksState>
    <ksState>
      <x>-327.45750824381093</x>
      <y>-414.14895053217987</y>
      <steeringAngle>-0.14213333333333378</steeringAngle>
      <velocity>4.0</velocity>
      <orientation>-1.3901930989586861</orientation>
      <time>29</time>
    </ksState>
    <ksState>
      <x>-327.3904025552977</x>
      <y>-414.54327079854806</y>
      <steeringAngle>-0.1776666666666672</steeringAngle>
      <velocity>4.0</velocity>
      <orientation>-1.4152105054100834</orientation>
      <time>30</time>
    </ksState>
    <ksState>
      <x>-327.33908026333324</x>
      <y>-414.89958419489267</y>
      <steeringAngle>-0.17766666666666667</steeringAngle>
      <velocity>3.2000000000000006</velocity>
      <orientation>-1.440275944678261</orientation>
      <time>31</time>
    </ksState>
    <ksState>
      <x>-327.3053465975482</x>
      <y>-415.17754022734243</y>
      <steeringAngle>-0.17766666666666667</steeringAngle>
      <velocity>2.4000000000000012</velocity>
      <orientation>-1.4597712863082908</orientation>
      <time>32</time>
    </ksState>
    <ksState>
      <x>-327.28457183400064</x>
      <y>-415.376456697883</y>
      <steeringAngle>-0.17766666666666667</steeringAngle>
      <velocity>1.6000000000000005</velocity>
      <orientation>-1.4736965303072718</orientation>
      <time>33</time>
    </ksState>
  </ksTrajectory>
</CommonRoadSolution>
