<?xml version="1.0" ?>
<CommonRoadSolution benchmark_id="KS2:SM1:HRV_Pula-13_2_T-1:2020a" computation_time="1.084038676000091" date="2020-12-29">
  <ksTrajectory planningProblem="1">
    <ksState>
      <x>462.18537</x>
      <y>212.98919</y>
      <steeringAngle>0.0</steeringAngle>
      <velocity>4.0</velocity>
      <orientation>-0.27498353</orientation>
      <time>0</time>
    </ksState>
    <ksState>
      <x>462.60896495788444</x>
      <y>212.8701641919305</y>
      <steeringAngle>0.035533333333333326</steeringAngle>
      <velocity>4.799999999999999</velocity>
      <orientation>-0.27185975133080914</orientation>
      <time>1</time>
    </ksState>
    <ksState>
      <x>463.11053271598246</x>
      <y>212.73295230347776</y>
      <steeringAngle>0.07106666666666667</steeringAngle>
      <velocity>5.599999999999998</velocity>
      <orientation>-0.2610091402696364</orientation>
      <time>2</time>
    </ksState>
    <ksState>
      <x>463.6916769771043</x>
      <y>212.58376020208786</y>
      <steeringAngle>0.10659999999999999</steeringAngle>
      <velocity>6.3999999999999995</velocity>
      <orientation>-0.24019219126930838</orientation>
      <time>3</time>
    </ksState>
    <ksState>
      <x>464.35458928537037</x>
      <y>212.4324161110022</y>
      <steeringAngle>0.14213333333333333</steeringAngle>
      <velocity>7.199999999999999</velocity>
      <orientation>-0.20713262028814322</orientation>
      <time>4</time>
    </ksState>
    <ksState>
      <x>465.1016597480427</x>
      <y>212.29321717974048</y>
      <steeringAngle>0.17766666666666664</steeringAngle>
      <velocity>7.9999999999999964</velocity>
      <orientation>-0.1595052982065966</orientation>
      <time>5</time>
    </ksState>
    <ksState>
      <x>465.8944538387843</x>
      <y>212.18670931955637</y>
      <steeringAngle>0.14213333333333336</steeringAngle>
      <velocity>8.0</velocity>
      <orientation>-0.10947048665784816</orientation>
      <time>6</time>
    </ksState>
    <ksState>
      <x>466.69122716211547</x>
      <y>212.1154917469218</y>
      <steeringAngle>0.1066000000000001</steeringAngle>
      <velocity>8.0</velocity>
      <orientation>-0.07068663465085082</orientation>
      <time>7</time>
    </ksState>
    <ksState>
      <x>467.48995009380457</x>
      <y>212.07076091977348</y>
      <steeringAngle>0.07106666666666674</steeringAngle>
      <velocity>8.0</velocity>
      <orientation>-0.04305415562116391</orientation>
      <time>8</time>
    </ksState>
    <ksState>
      <x>468.28948241891175</x>
      <y>212.04368066299372</y>
      <steeringAngle>0.035533333333333354</steeringAngle>
      <velocity>8.0</velocity>
      <orientation>-0.026502634992134566</orientation>
      <time>9</time>
    </ksState>
    <ksState>
      <x>469.0892729068221</x>
      <y>212.02542028578944</y>
      <steeringAngle>2.0816681711721685e-17</steeringAngle>
      <velocity>8.0</velocity>
      <orientation>-0.020990108533729734</orientation>
      <time>10</time>
    </ksState>
    <ksState>
      <x>469.8492729060952</x>
      <y>212.00946780331907</y>
      <steeringAngle>0.0</steeringAngle>
      <velocity>7.200000000000001</velocity>
      <orientation>-0.020990108533729734</orientation>
      <time>11</time>
    </ksState>
    <ksState>
      <x>470.529272905074</x>
      <y>211.99519452953757</y>
      <steeringAngle>0.0</steeringAngle>
      <velocity>6.400000000000001</velocity>
      <orientation>-0.020990108533729734</orientation>
      <time>12</time>
    </ksState>
    <ksState>
      <x>471.1292729039586</x>
      <y>211.98260046444074</y>
      <steeringAngle>0.0</steeringAngle>
      <velocity>5.600000000000001</velocity>
      <orientation>-0.020990108533729734</orientation>
      <time>13</time>
    </ksState>
    <ksState>
      <x>471.64927290280565</x>
      <y>211.9716856080274</y>
      <steeringAngle>0.0</steeringAngle>
      <velocity>4.800000000000001</velocity>
      <orientation>-0.020990108533729734</orientation>
      <time>14</time>
    </ksState>
    <ksState>
      <x>472.0892729016358</x>
      <y>211.9624499602971</y>
      <steeringAngle>0.0</steeringAngle>
      <velocity>4.000000000000001</velocity>
      <orientation>-0.020990108533729734</orientation>
      <time>15</time>
    </ksState>
    <ksState>
      <x>472.4892729016358</x>
      <y>211.95405391688362</y>
      <steeringAngle>0.0</steeringAngle>
      <velocity>4.0</velocity>
      <orientation>-0.020990108533729734</orientation>
      <time>16</time>
    </ksState>
    <ksState>
      <x>472.8892729016358</x>
      <y>211.9456578734701</y>
      <steeringAngle>0.0</steeringAngle>
      <velocity>4.0</velocity>
      <orientation>-0.020990108533729734</orientation>
      <time>17</time>
    </ksState>
    <ksState>
      <x>473.2892729016358</x>
      <y>211.93726183005663</y>
      <steeringAngle>0.0</steeringAngle>
      <velocity>4.0</velocity>
      <orientation>-0.020990108533729734</orientation>
      <time>18</time>
    </ksState>
    <ksState>
      <x>473.68927290163583</x>
      <y>211.92886578664314</y>
      <steeringAngle>0.0</steeringAngle>
      <velocity>4.0</velocity>
      <orientation>-0.020990108533729734</orientation>
      <time>19</time>
    </ksState>
    <ksState>
      <x>474.0892729016358</x>
      <y>211.92046974322966</y>
      <steeringAngle>0.0</steeringAngle>
      <velocity>4.0</velocity>
      <orientation>-0.020990108533729734</orientation>
      <time>20</time>
    </ksState>
    <ksState>
      <x>474.4892729016358</x>
      <y>211.91207369981618</y>
      <steeringAngle>0.0</steeringAngle>
      <velocity>4.0</velocity>
      <orientation>-0.020990108533729734</orientation>
      <time>21</time>
    </ksState>
    <ksState>
      <x>474.8892729016358</x>
      <y>211.90367765640266</y>
      <steeringAngle>0.0</steeringAngle>
      <velocity>4.0</velocity>
      <orientation>-0.020990108533729734</orientation>
      <time>22</time>
    </ksState>
    <ksState>
      <x>475.2892729016358</x>
      <y>211.89528161298918</y>
      <steeringAngle>0.0</steeringAngle>
      <velocity>4.0</velocity>
      <orientation>-0.020990108533729734</orientation>
      <time>23</time>
    </ksState>
    <ksState>
      <x>475.68927290163583</x>
      <y>211.8868855695757</y>
      <steeringAngle>0.0</steeringAngle>
      <velocity>4.0</velocity>
      <orientation>-0.020990108533729734</orientation>
      <time>24</time>
    </ksState>
    <ksState>
      <x>476.0892729016358</x>
      <y>211.8784895261622</y>
      <steeringAngle>0.0</steeringAngle>
      <velocity>4.0</velocity>
      <orientation>-0.020990108533729734</orientation>
      <time>25</time>
    </ksState>
    <ksState>
      <x>476.4892729016358</x>
      <y>211.87009348274873</y>
      <steeringAngle>0.0</steeringAngle>
      <velocity>4.0</velocity>
      <orientation>-0.020990108533729734</orientation>
      <time>26</time>
    </ksState>
    <ksState>
      <x>476.8892729016358</x>
      <y>211.86169743933522</y>
      <steeringAngle>0.0</steeringAngle>
      <velocity>4.0</velocity>
      <orientation>-0.020990108533729734</orientation>
      <time>27</time>
    </ksState>
    <ksState>
      <x>477.2892729016358</x>
      <y>211.85330139592173</y>
      <steeringAngle>0.0</steeringAngle>
      <velocity>4.0</velocity>
      <orientation>-0.020990108533729734</orientation>
      <time>28</time>
    </ksState>
    <ksState>
      <x>477.68927290163583</x>
      <y>211.84490535250825</y>
      <steeringAngle>0.0</steeringAngle>
      <velocity>4.0</velocity>
      <orientation>-0.020990108533729734</orientation>
      <time>29</time>
    </ksState>
    <ksState>
      <x>478.0892729016358</x>
      <y>211.83650930909477</y>
      <steeringAngle>0.0</steeringAngle>
      <velocity>4.0</velocity>
      <orientation>-0.020990108533729734</orientation>
      <time>30</time>
    </ksState>
    <ksState>
      <x>478.44927290060815</x>
      <y>211.8289528700442</y>
      <steeringAngle>0.0</steeringAngle>
      <velocity>3.2</velocity>
      <orientation>-0.020990108533729734</orientation>
      <time>31</time>
    </ksState>
    <ksState>
      <x>478.7292728994786</x>
      <y>211.82307563967845</y>
      <steeringAngle>0.0</steeringAngle>
      <velocity>2.4000000000000004</velocity>
      <orientation>-0.020990108533729734</orientation>
      <time>32</time>
    </ksState>
    <ksState>
      <x>478.92927289834904</x>
      <y>211.8188776179954</y>
      <steeringAngle>0.0</steeringAngle>
      <velocity>1.6</velocity>
      <orientation>-0.020990108533729734</orientation>
      <time>33</time>
    </ksState>
  </ksTrajectory>
</CommonRoadSolution>
