<?xml version="1.0" ?>
<CommonRoadSolution benchmark_id="KS2:SM1:ESP_Cambre-2_1_T-1:2020a" computation_time="2.970211588999973" date="2020-12-29">
  <ksTrajectory planningProblem="1">
    <ksState>
      <x>-417.80088</x>
      <y>-884.05324</y>
      <steeringAngle>0.0</steeringAngle>
      <velocity>8.0</velocity>
      <orientation>0.046537792</orientation>
      <time>0</time>
    </ksState>
    <ksState>
      <x>-417.04082186223235</x>
      <y>-884.0191633804258</y>
      <steeringAngle>-0.03553333333333333</steeringAngle>
      <velocity>7.199999999999999</velocity>
      <orientation>0.04139277901750768</orientation>
      <time>1</time>
    </ksState>
    <ksState>
      <x>-416.3605120351904</x>
      <y>-883.9952383244165</y>
      <steeringAngle>-0.07106666666666664</steeringAngle>
      <velocity>6.400000000000001</velocity>
      <orientation>0.027416106896544567</orientation>
      <time>2</time>
    </ksState>
    <ksState>
      <x>-415.75996804766066</x>
      <y>-883.9845712650242</y>
      <steeringAngle>-0.10659999999999997</steeringAngle>
      <velocity>5.600000000000004</velocity>
      <orientation>0.0067843390306632015</orientation>
      <time>3</time>
    </ksState>
    <ksState>
      <x>-415.2394259750665</x>
      <y>-883.9872789596958</y>
      <steeringAngle>-0.1421333333333333</steeringAngle>
      <velocity>4.800000000000003</velocity>
      <orientation>-0.018331868477985062</orientation>
      <time>4</time>
    </ksState>
    <ksState>
      <x>-414.7991829045546</x>
      <y>-884.001177822977</y>
      <steeringAngle>-0.17766666666666653</steeringAngle>
      <velocity>4.000000000000006</velocity>
      <orientation>-0.04575676506313487</orientation>
      <time>5</time>
    </ksState>
    <ksState>
      <x>-414.39951515267524</x>
      <y>-884.02542797423</y>
      <steeringAngle>-0.21319999999999995</steeringAngle>
      <velocity>4.0</velocity>
      <orientation>-0.07646454770063503</orientation>
      <time>6</time>
    </ksState>
    <ksState>
      <x>-414.0008935459917</x>
      <y>-884.0630845211903</y>
      <steeringAngle>-0.24873333333333336</steeringAngle>
      <velocity>4.0</velocity>
      <orientation>-0.11294338882332933</orientation>
      <time>7</time>
    </ksState>
    <ksState>
      <x>-413.60407245929594</x>
      <y>-884.1164141115231</y>
      <steeringAngle>-0.2842666666666667</steeringAngle>
      <velocity>4.0</velocity>
      <orientation>-0.15529062266877736</orientation>
      <time>8</time>
    </ksState>
    <ksState>
      <x>-413.210084409529</x>
      <y>-884.1876684960337</y>
      <steeringAngle>-0.31980000000000003</steeringAngle>
      <velocity>4.0</velocity>
      <orientation>-0.20362130403591236</orientation>
      <time>9</time>
    </ksState>
    <ksState>
      <x>-412.82028571024</x>
      <y>-884.2790596544726</y>
      <steeringAngle>-0.35533333333333333</steeringAngle>
      <velocity>4.0</velocity>
      <orientation>-0.2580695052141908</orientation>
      <time>10</time>
    </ksState>
    <ksState>
      <x>-412.4365596251378</x>
      <y>-884.3918194314083</y>
      <steeringAngle>-0.31979999999999986</steeringAngle>
      <velocity>4.0</velocity>
      <orientation>-0.31251770440757043</orientation>
      <time>11</time>
    </ksState>
    <ksState>
      <x>-412.0591207498069</x>
      <y>-884.5241400755449</y>
      <steeringAngle>-0.28426666666666656</steeringAngle>
      <velocity>4.0</velocity>
      <orientation>-0.3608483838888277</orientation>
      <time>12</time>
    </ksState>
    <ksState>
      <x>-411.6880570343819</x>
      <y>-884.6734310641192</y>
      <steeringAngle>-0.2487333333333332</steeringAngle>
      <velocity>4.0</velocity>
      <orientation>-0.40319561761170275</orientation>
      <time>13</time>
    </ksState>
    <ksState>
      <x>-411.32315549164724</x>
      <y>-884.8372270089211</y>
      <steeringAngle>-0.21319999999999986</steeringAngle>
      <velocity>4.0</velocity>
      <orientation>-0.4396744586853305</orientation>
      <time>14</time>
    </ksState>
    <ksState>
      <x>-410.9639541337435</x>
      <y>-885.013186667208</y>
      <steeringAngle>-0.1776666666666665</steeringAngle>
      <velocity>4.0</velocity>
      <orientation>-0.4703822413341583</orientation>
      <time>15</time>
    </ksState>
    <ksState>
      <x>-410.6097884467728</x>
      <y>-885.1990853294741</y>
      <steeringAngle>-0.1421333333333333</steeringAngle>
      <velocity>4.0</velocity>
      <orientation>-0.4953996476786816</orientation>
      <time>16</time>
    </ksState>
    <ksState>
      <x>-410.25983297787656</x>
      <y>-885.392801996573</y>
      <steeringAngle>-0.10659999999999999</steeringAngle>
      <velocity>4.0</velocity>
      <orientation>-0.5147915739694322</orientation>
      <time>17</time>
    </ksState>
    <ksState>
      <x>-409.9131387082324</x>
      <y>-885.5923026962721</y>
      <steeringAngle>-0.07106666666666664</steeringAngle>
      <velocity>4.0</velocity>
      <orientation>-0.5286078137043851</orientation>
      <time>18</time>
    </ksState>
    <ksState>
      <x>-409.5686669975503</x>
      <y>-885.79562096309</y>
      <steeringAngle>-0.03553333333333332</steeringAngle>
      <velocity>4.0</velocity>
      <orientation>-0.5368835741666504</orientation>
      <time>19</time>
    </ksState>
    <ksState>
      <x>-409.22532091914076</x>
      <y>-886.0008363574693</y>
      <steeringAngle>2.2985086056692694e-17</steeringAngle>
      <velocity>4.0</velocity>
      <orientation>-0.5396398374614908</orientation>
      <time>20</time>
    </ksState>
    <ksState>
      <x>-408.84760897575245</x>
      <y>-886.2265209142153</y>
      <steeringAngle>0.035533333333333326</steeringAngle>
      <velocity>4.799999999999999</velocity>
      <orientation>-0.5365160587923</orientation>
      <time>21</time>
    </ksState>
    <ksState>
      <x>-408.39939612371893</x>
      <y>-886.4901542914046</y>
      <steeringAngle>0.07106666666666667</steeringAngle>
      <velocity>5.599999999999998</velocity>
      <orientation>-0.5256654477311272</orientation>
      <time>22</time>
    </ksState>
    <ksState>
      <x>-407.8775111815672</x>
      <y>-886.7861661872925</y>
      <steeringAngle>0.10659999999999999</steeringAngle>
      <velocity>6.3999999999999995</velocity>
      <orientation>-0.5048484987307992</orientation>
      <time>23</time>
    </ksState>
    <ksState>
      <x>-407.27726806672035</x>
      <y>-887.1056438319505</y>
      <steeringAngle>0.14213333333333333</steeringAngle>
      <velocity>7.199999999999999</velocity>
      <orientation>-0.47178892774963405</orientation>
      <time>24</time>
    </ksState>
    <ksState>
      <x>-406.59262007611954</x>
      <y>-887.4354130658521</y>
      <steeringAngle>0.17766666666666664</steeringAngle>
      <velocity>7.9999999999999964</velocity>
      <orientation>-0.4241616056680874</orientation>
      <time>25</time>
    </ksState>
    <ksState>
      <x>-405.8915179783765</x>
      <y>-887.72848744059</y>
      <steeringAngle>0.21320000000000014</steeringAngle>
      <velocity>7.200000000000003</velocity>
      <orientation>-0.3659122785965946</orientation>
      <time>26</time>
    </ksState>
    <ksState>
      <x>-405.2495954170187</x>
      <y>-887.9525137069032</y>
      <steeringAngle>0.24873333333333347</steeringAngle>
      <velocity>6.400000000000004</velocity>
      <orientation>-0.3039951911108152</orientation>
      <time>27</time>
    </ksState>
    <ksState>
      <x>-404.6719162201616</x>
      <y>-888.1142732299786</y>
      <steeringAngle>0.2842666666666668</steeringAngle>
      <velocity>5.600000000000001</velocity>
      <orientation>-0.24057304834689408</orientation>
      <time>28</time>
    </ksState>
    <ksState>
      <x>-404.1634086240041</x>
      <y>-888.22258482798</y>
      <steeringAngle>0.3198</steeringAngle>
      <velocity>4.800000000000002</velocity>
      <orientation>-0.17784394860494146</orientation>
      <time>29</time>
    </ksState>
    <ksState>
      <x>-403.728317002755</x>
      <y>-888.287682000785</y>
      <steeringAngle>0.3553333333333332</steeringAngle>
      <velocity>4.000000000000001</velocity>
      <orientation>-0.11805411455672671</orientation>
      <time>30</time>
    </ksState>
    <ksState>
      <x>-403.36991001149454</x>
      <y>-888.3211238377249</y>
      <steeringAngle>0.31979999999999975</steeringAngle>
      <velocity>3.2</velocity>
      <orientation>-0.06894755449893836</orientation>
      <time>31</time>
    </ksState>
    <ksState>
      <x>-403.0902965598155</x>
      <y>-888.3355731238848</y>
      <steeringAngle>0.2842666666666663</steeringAngle>
      <velocity>2.4000000000000004</velocity>
      <orientation>-0.035015299132723984</orientation>
      <time>32</time>
    </ksState>
    <ksState>
      <x>-402.8903585817849</x>
      <y>-888.340399397571</y>
      <steeringAngle>0.24873333333333292</steeringAngle>
      <velocity>1.6000000000000008</velocity>
      <orientation>-0.013742978185785237</orientation>
      <time>33</time>
    </ksState>
  </ksTrajectory>
</CommonRoadSolution>
