<?xml version="1.0" ?>
<CommonRoadSolution benchmark_id="KS2:SM1:RUS_Bicycle-3_1_T-1:2020a" computation_time="0.20222378200014646" date="2020-12-29">
  <ksTrajectory planningProblem="9">
    <ksState>
      <x>2.5</x>
      <y>20.0</y>
      <steeringAngle>0.0</steeringAngle>
      <velocity>12.0</velocity>
      <orientation>0.0</orientation>
      <time>0</time>
    </ksState>
    <ksState>
      <x>3.6599999995114367</x>
      <y>20.0</y>
      <steeringAngle>0.0</steeringAngle>
      <velocity>11.200000000000001</velocity>
      <orientation>0.0</orientation>
      <time>1</time>
    </ksState>
    <ksState>
      <x>4.739999998571936</x>
      <y>20.0</y>
      <steeringAngle>0.0</steeringAngle>
      <velocity>10.4</velocity>
      <orientation>0.0</orientation>
      <time>2</time>
    </ksState>
    <ksState>
      <x>5.739999997491193</x>
      <y>20.0</y>
      <steeringAngle>0.0</steeringAngle>
      <velocity>9.599999999999998</velocity>
      <orientation>0.0</orientation>
      <time>3</time>
    </ksState>
    <ksState>
      <x>6.65999999635723</x>
      <y>20.0</y>
      <steeringAngle>0.0</steeringAngle>
      <velocity>8.799999999999999</velocity>
      <orientation>0.0</orientation>
      <time>4</time>
    </ksState>
    <ksState>
      <x>7.499999995198825</x>
      <y>20.0</y>
      <steeringAngle>0.0</steeringAngle>
      <velocity>7.999999999999997</velocity>
      <orientation>0.0</orientation>
      <time>5</time>
    </ksState>
    <ksState>
      <x>8.299999995198826</x>
      <y>20.0</y>
      <steeringAngle>0.0</steeringAngle>
      <velocity>8.0</velocity>
      <orientation>0.0</orientation>
      <time>6</time>
    </ksState>
    <ksState>
      <x>9.099999995198825</x>
      <y>20.0</y>
      <steeringAngle>0.0</steeringAngle>
      <velocity>8.0</velocity>
      <orientation>0.0</orientation>
      <time>7</time>
    </ksState>
    <ksState>
      <x>9.899999995198826</x>
      <y>20.0</y>
      <steeringAngle>0.0</steeringAngle>
      <velocity>8.0</velocity>
      <orientation>0.0</orientation>
      <time>8</time>
    </ksState>
    <ksState>
      <x>10.699999995198826</x>
      <y>20.0</y>
      <steeringAngle>0.0</steeringAngle>
      <velocity>8.0</velocity>
      <orientation>0.0</orientation>
      <time>9</time>
    </ksState>
    <ksState>
      <x>11.499999995198827</x>
      <y>20.0</y>
      <steeringAngle>0.0</steeringAngle>
      <velocity>8.0</velocity>
      <orientation>0.0</orientation>
      <time>10</time>
    </ksState>
    <ksState>
      <x>12.299999995198828</x>
      <y>20.0</y>
      <steeringAngle>0.0</steeringAngle>
      <velocity>8.0</velocity>
      <orientation>0.0</orientation>
      <time>11</time>
    </ksState>
    <ksState>
      <x>13.099999995198827</x>
      <y>20.0</y>
      <steeringAngle>0.0</steeringAngle>
      <velocity>8.0</velocity>
      <orientation>0.0</orientation>
      <time>12</time>
    </ksState>
    <ksState>
      <x>13.899999995198828</x>
      <y>20.0</y>
      <steeringAngle>0.0</steeringAngle>
      <velocity>8.0</velocity>
      <orientation>0.0</orientation>
      <time>13</time>
    </ksState>
    <ksState>
      <x>14.699999995198828</x>
      <y>20.0</y>
      <steeringAngle>0.0</steeringAngle>
      <velocity>8.0</velocity>
      <orientation>0.0</orientation>
      <time>14</time>
    </ksState>
    <ksState>
      <x>15.499999995198827</x>
      <y>20.0</y>
      <steeringAngle>0.0</steeringAngle>
      <velocity>8.0</velocity>
      <orientation>0.0</orientation>
      <time>15</time>
    </ksState>
    <ksState>
      <x>16.25999800568507</x>
      <y>20.00129200975818</y>
      <steeringAngle>0.03553333333333333</steeringAngle>
      <velocity>7.199999999999999</velocity>
      <orientation>0.0051450129824923245</orientation>
      <time>16</time>
    </ksState>
    <ksState>
      <x>16.93994863798875</x>
      <y>20.009010354845394</y>
      <steeringAngle>0.07106666666666664</steeringAngle>
      <velocity>6.400000000000001</velocity>
      <orientation>0.019121685103455435</orientation>
      <time>17</time>
    </ksState>
    <ksState>
      <x>17.539690147090067</x>
      <y>20.026253941057405</y>
      <steeringAngle>0.10659999999999997</steeringAngle>
      <velocity>5.600000000000004</velocity>
      <orientation>0.0397534529693368</orientation>
      <time>18</time>
    </ksState>
    <ksState>
      <x>18.05898154585351</x>
      <y>20.053128310832</y>
      <steeringAngle>0.1421333333333333</steeringAngle>
      <velocity>4.800000000000003</velocity>
      <orientation>0.06486966047798506</orientation>
      <time>19</time>
    </ksState>
    <ksState>
      <x>18.49762778880105</x>
      <y>20.087440801729112</y>
      <steeringAngle>0.17766666666666653</steeringAngle>
      <velocity>4.000000000000006</velocity>
      <orientation>0.09229455706313487</orientation>
      <time>20</time>
    </ksState>
    <ksState>
      <x>18.935120007724002</x>
      <y>20.134221501046774</y>
      <steeringAngle>0.14213333333333333</steeringAngle>
      <velocity>4.8000000000000025</velocity>
      <orientation>0.1197194567814873</orientation>
      <time>21</time>
    </ksState>
    <ksState>
      <x>19.450522150716978</x>
      <y>20.20311578215593</y>
      <steeringAngle>0.10660000000000003</steeringAngle>
      <velocity>5.600000000000005</velocity>
      <orientation>0.14483566906040518</orientation>
      <time>22</time>
    </ksState>
    <ksState>
      <x>20.043240037517343</x>
      <y>20.296243268532567</y>
      <steeringAngle>0.07106666666666671</steeringAngle>
      <velocity>6.400000000000004</velocity>
      <orientation>0.16546743865986469</orientation>
      <time>23</time>
    </ksState>
    <ksState>
      <x>20.713056148459493</x>
      <y>20.413455965232377</y>
      <steeringAngle>0.035533333333333375</steeringAngle>
      <velocity>7.200000000000006</velocity>
      <orientation>0.17944410675265696</orientation>
      <time>24</time>
    </ksState>
    <ksState>
      <x>21.460380264552562</x>
      <y>20.55167793829953</y>
      <steeringAngle>2.6346112791397758e-17</steeringAngle>
      <velocity>8.000000000000007</velocity>
      <orientation>0.1845891195322254</orientation>
      <time>25</time>
    </ksState>
    <ksState>
      <x>22.247057016723954</x>
      <y>20.697066673593085</y>
      <steeringAngle>-0.03553333333333333</steeringAngle>
      <velocity>8.0</velocity>
      <orientation>0.17907658452938663</orientation>
      <time>26</time>
    </ksState>
    <ksState>
      <x>23.03528152500176</x>
      <y>20.833768556516596</y>
      <steeringAngle>-0.07106666666666667</steeringAngle>
      <velocity>8.0</velocity>
      <orientation>0.16252506364911698</orientation>
      <time>27</time>
    </ksState>
    <ksState>
      <x>23.82631676913097</x>
      <y>20.953026312325584</y>
      <steeringAngle>-0.10659999999999997</steeringAngle>
      <velocity>8.0</velocity>
      <orientation>0.13489258435842208</orientation>
      <time>28</time>
    </ksState>
    <ksState>
      <x>24.620850309324556</x>
      <y>21.04595707341589</y>
      <steeringAngle>-0.1421333333333333</steeringAngle>
      <velocity>8.0</velocity>
      <orientation>0.09610873208568715</orientation>
      <time>29</time>
    </ksState>
    <ksState>
      <x>25.418692358263613</x>
      <y>21.103528329768526</y>
      <steeringAngle>-0.17766666666666667</steeringAngle>
      <velocity>8.0</velocity>
      <orientation>0.04607391983653247</orientation>
      <time>30</time>
    </ksState>
  </ksTrajectory>
</CommonRoadSolution>
