<?xml version="1.0" ?>
<CommonRoadSolution benchmark_id="KS2:SM1:ESP_Toledo-6_2_T-1:2020a" computation_time="1.374991786999999" date="2020-12-29">
  <ksTrajectory planningProblem="1">
    <ksState>
      <x>761.32655</x>
      <y>-535.93142</y>
      <steeringAngle>0.0</steeringAngle>
      <velocity>4.0</velocity>
      <orientation>-1.6184905</orientation>
      <time>0</time>
    </ksState>
    <ksState>
      <x>761.3060372404371</x>
      <y>-536.3709413965519</y>
      <steeringAngle>0.035533333333333326</steeringAngle>
      <velocity>4.799999999999999</velocity>
      <orientation>-1.6153667213308092</orientation>
      <time>1</time>
    </ksState>
    <ksState>
      <x>761.2853763224185</x>
      <y>-536.890528198504</y>
      <steeringAngle>0.07106666666666667</steeringAngle>
      <velocity>5.599999999999998</velocity>
      <orientation>-1.6045161102696364</orientation>
      <time>2</time>
    </ksState>
    <ksState>
      <x>761.270974877603</x>
      <y>-537.4903444484833</y>
      <steeringAngle>0.10659999999999999</steeringAngle>
      <velocity>6.3999999999999995</velocity>
      <orientation>-1.5836991612693085</orientation>
      <time>3</time>
    </ksState>
    <ksState>
      <x>761.2729021919384</x>
      <y>-538.1703106592737</y>
      <steeringAngle>0.14213333333333333</steeringAngle>
      <velocity>7.199999999999999</velocity>
      <orientation>-1.5506395902881434</orientation>
      <time>4</time>
    </ksState>
    <ksState>
      <x>761.3056262840732</x>
      <y>-538.9295337835631</y>
      <steeringAngle>0.17766666666666664</steeringAngle>
      <velocity>7.9999999999999964</velocity>
      <orientation>-1.5030122682065967</orientation>
      <time>5</time>
    </ksState>
    <ksState>
      <x>761.377135887223</x>
      <y>-539.6860730130103</y>
      <steeringAngle>0.17766666666666667</steeringAngle>
      <velocity>7.2</velocity>
      <orientation>-1.4500963407622194</orientation>
      <time>6</time>
    </ksState>
    <ksState>
      <x>761.4749596149942</x>
      <y>-540.3589356607553</y>
      <steeringAngle>0.17766666666666667</steeringAngle>
      <velocity>6.4</velocity>
      <orientation>-1.4027505109694083</orientation>
      <time>7</time>
    </ksState>
    <ksState>
      <x>761.5876384001227</x>
      <y>-540.9482158440679</y>
      <steeringAngle>0.17766666666666667</steeringAngle>
      <velocity>5.599999999999999</velocity>
      <orientation>-1.3609747788142235</orientation>
      <time>8</time>
    </ksState>
    <ksState>
      <x>761.7051291477959</x>
      <y>-541.4547396697604</y>
      <steeringAngle>0.17766666666666667</steeringAngle>
      <velocity>4.799999999999999</velocity>
      <orientation>-1.324769144292709</orientation>
      <time>9</time>
    </ksState>
    <ksState>
      <x>761.8188119455288</x>
      <y>-541.8797821145107</y>
      <steeringAngle>0.17766666666666667</steeringAngle>
      <velocity>4.0</velocity>
      <orientation>-1.294133607403379</orientation>
      <time>10</time>
    </ksState>
    <ksState>
      <x>761.933052874068</x>
      <y>-542.2631105072841</y>
      <steeringAngle>0.1421333333333333</steeringAngle>
      <velocity>4.0</velocity>
      <orientation>-1.2691162010588557</orientation>
      <time>11</time>
    </ksState>
    <ksState>
      <x>762.0557760812778</x>
      <y>-542.6438124796122</y>
      <steeringAngle>0.10659999999999999</steeringAngle>
      <velocity>4.0</velocity>
      <orientation>-1.249724274768105</orientation>
      <time>12</time>
    </ksState>
    <ksState>
      <x>762.1848029446476</x>
      <y>-543.0224277385671</y>
      <steeringAngle>0.07106666666666664</steeringAngle>
      <velocity>4.0</velocity>
      <orientation>-1.2359080350331522</orientation>
      <time>13</time>
    </ksState>
    <ksState>
      <x>762.3180038326584</x>
      <y>-543.3995969320534</y>
      <steeringAngle>0.03553333333333332</steeringAngle>
      <velocity>4.0</velocity>
      <orientation>-1.2276322745708868</orientation>
      <time>14</time>
    </ksState>
    <ksState>
      <x>762.4532830580762</x>
      <y>-543.7760267645853</y>
      <steeringAngle>-2.2985086056692694e-17</steeringAngle>
      <velocity>4.0</velocity>
      <orientation>-1.2248760112760464</orientation>
      <time>15</time>
    </ksState>
    <ksState>
      <x>762.5885622767291</x>
      <y>-544.1524565850362</y>
      <steeringAngle>-0.035533333333333326</steeringAngle>
      <velocity>4.0</velocity>
      <orientation>-1.2276322858086468</orientation>
      <time>16</time>
    </ksState>
    <ksState>
      <x>762.7217631610939</x>
      <y>-544.5296257798449</y>
      <steeringAngle>-0.07106666666666711</steeringAngle>
      <velocity>4.0</velocity>
      <orientation>-1.2359080463519323</orientation>
      <time>17</time>
    </ksState>
    <ksState>
      <x>762.8507900203575</x>
      <y>-544.9082410400762</y>
      <steeringAngle>-0.10660000000000043</steeringAngle>
      <velocity>4.0</velocity>
      <orientation>-1.2497242861710691</orientation>
      <time>18</time>
    </ksState>
    <ksState>
      <x>762.9735132230871</x>
      <y>-545.2889430134176</y>
      <steeringAngle>-0.14213333333333378</steeringAngle>
      <velocity>4.0</velocity>
      <orientation>-1.2691162125566149</orientation>
      <time>19</time>
    </ksState>
    <ksState>
      <x>763.0877541469199</x>
      <y>-545.6722714068628</y>
      <steeringAngle>-0.1776666666666672</steeringAngle>
      <velocity>4.0</velocity>
      <orientation>-1.2941336190080122</orientation>
      <time>20</time>
    </ksState>
    <ksState>
      <x>763.1920065455688</x>
      <y>-546.0584359881435</y>
      <steeringAngle>-0.1421333333333333</steeringAngle>
      <velocity>4.0</velocity>
      <orientation>-1.3191510253525354</orientation>
      <time>21</time>
    </ksState>
    <ksState>
      <x>763.2876621424042</x>
      <y>-546.4468236606003</y>
      <steeringAngle>-0.10659999999999999</steeringAngle>
      <velocity>4.0</velocity>
      <orientation>-1.338542951643286</orientation>
      <time>22</time>
    </ksState>
    <ksState>
      <x>763.3768580959925</x>
      <y>-546.8367486888404</y>
      <steeringAngle>-0.07106666666666664</steeringAngle>
      <velocity>4.0</velocity>
      <orientation>-1.352359191378239</orientation>
      <time>23</time>
    </ksState>
    <ksState>
      <x>763.4617429306229</x>
      <y>-547.227636961793</y>
      <steeringAngle>-0.03553333333333332</steeringAngle>
      <velocity>4.0</velocity>
      <orientation>-1.3606349518405043</orientation>
      <time>24</time>
    </ksState>
    <ksState>
      <x>763.5444710054363</x>
      <y>-547.6189884065163</y>
      <steeringAngle>2.2985086056692694e-17</steeringAngle>
      <velocity>4.0</velocity>
      <orientation>-1.3633912151353447</orientation>
      <time>25</time>
    </ksState>
    <ksState>
      <x>763.6268395333766</x>
      <y>-548.0104158271257</y>
      <steeringAngle>0.0</steeringAngle>
      <velocity>4.0</velocity>
      <orientation>-1.3633912151353447</orientation>
      <time>26</time>
    </ksState>
    <ksState>
      <x>763.7092080613169</x>
      <y>-548.4018432477352</y>
      <steeringAngle>0.0</steeringAngle>
      <velocity>4.0</velocity>
      <orientation>-1.3633912151353447</orientation>
      <time>27</time>
    </ksState>
    <ksState>
      <x>763.7915765892571</x>
      <y>-548.7932706683446</y>
      <steeringAngle>0.0</steeringAngle>
      <velocity>4.0</velocity>
      <orientation>-1.3633912151353447</orientation>
      <time>28</time>
    </ksState>
    <ksState>
      <x>763.8739451171974</x>
      <y>-549.1846980889541</y>
      <steeringAngle>0.0</steeringAngle>
      <velocity>4.0</velocity>
      <orientation>-1.3633912151353447</orientation>
      <time>29</time>
    </ksState>
    <ksState>
      <x>763.9563136451377</x>
      <y>-549.5761255095634</y>
      <steeringAngle>0.0</steeringAngle>
      <velocity>4.0</velocity>
      <orientation>-1.3633912151353447</orientation>
      <time>30</time>
    </ksState>
    <ksState>
      <x>764.0304453200723</x>
      <y>-549.9284101871062</y>
      <steeringAngle>0.0</steeringAngle>
      <velocity>3.2</velocity>
      <orientation>-1.3633912151353447</orientation>
      <time>31</time>
    </ksState>
    <ksState>
      <x>764.088103289398</x>
      <y>-550.2024093804275</y>
      <steeringAngle>0.0</steeringAngle>
      <velocity>2.4000000000000004</velocity>
      <orientation>-1.3633912151353447</orientation>
      <time>32</time>
    </ksState>
    <ksState>
      <x>764.1292875531354</x>
      <y>-550.3981230896269</y>
      <steeringAngle>0.0</steeringAngle>
      <velocity>1.6</velocity>
      <orientation>-1.3633912151353447</orientation>
      <time>33</time>
    </ksState>
  </ksTrajectory>
</CommonRoadSolution>
