<?xml version="1.0" ?>
<CommonRoadSolution benchmark_id="KS2:SM1:DEU_Hennigsdorf-14_3_T-1:2020a" computation_time="0.9915333689998533" date="2020-12-29">
  <ksTrajectory planningProblem="1">
    <ksState>
      <x>262.28737</x>
      <y>591.13333</y>
      <steeringAngle>0.0</steeringAngle>
      <velocity>8.0</velocity>
      <orientation>-1.598359</orientation>
      <time>0</time>
    </ksState>
    <ksState>
      <x>262.26679206320966</x>
      <y>590.3335958283689</y>
      <steeringAngle>0.03553333333333333</steeringAngle>
      <velocity>8.0</velocity>
      <orientation>-1.5928464649971612</orientation>
      <time>1</time>
    </ksState>
    <ksState>
      <x>262.2550361425779</x>
      <y>589.5336914099695</y>
      <steeringAngle>0.07106666666666667</steeringAngle>
      <velocity>8.0</velocity>
      <orientation>-1.5762949441168916</orientation>
      <time>2</time>
    </ksState>
    <ksState>
      <x>262.26094927632926</x>
      <y>588.733738783482</y>
      <steeringAngle>0.10659999999999997</steeringAngle>
      <velocity>8.0</velocity>
      <orientation>-1.5486624648261968</orientation>
      <time>3</time>
    </ksState>
    <ksState>
      <x>262.2934125651174</x>
      <y>587.9344479679895</y>
      <steeringAngle>0.1421333333333333</steeringAngle>
      <velocity>8.0</velocity>
      <orientation>-1.5098786125534618</orientation>
      <time>4</time>
    </ksState>
    <ksState>
      <x>262.36131770960606</x>
      <y>587.1374189371725</y>
      <steeringAngle>0.17766666666666667</steeringAngle>
      <velocity>8.0</velocity>
      <orientation>-1.459843800304307</orientation>
      <time>5</time>
    </ksState>
    <ksState>
      <x>262.47198959270685</x>
      <y>586.3452155188164</y>
      <steeringAngle>0.17766666666666667</steeringAngle>
      <velocity>8.0</velocity>
      <orientation>-1.4041428239937952</orientation>
      <time>6</time>
    </ksState>
    <ksState>
      <x>262.62659352925635</x>
      <y>585.5604020351269</y>
      <steeringAngle>0.17766666666666667</steeringAngle>
      <velocity>8.0</velocity>
      <orientation>-1.3484418476832836</orientation>
      <time>7</time>
    </ksState>
    <ksState>
      <x>262.82464996497583</x>
      <y>584.7854128524629</y>
      <steeringAngle>0.17766666666666667</steeringAngle>
      <velocity>8.0</velocity>
      <orientation>-1.292740871372772</orientation>
      <time>8</time>
    </ksState>
    <ksState>
      <x>263.0655445691029</x>
      <y>584.0226518295735</y>
      <steeringAngle>0.17766666666666667</steeringAngle>
      <velocity>8.0</velocity>
      <orientation>-1.23703989506226</orientation>
      <time>9</time>
    </ksState>
    <ksState>
      <x>263.34853013628464</x>
      <y>583.2744848955566</y>
      <steeringAngle>0.17766666666666667</steeringAngle>
      <velocity>8.0</velocity>
      <orientation>-1.1813389187517482</orientation>
      <time>10</time>
    </ksState>
    <ksState>
      <x>263.654345432152</x>
      <y>582.5788070561683</y>
      <steeringAngle>0.1421333333333334</steeringAngle>
      <velocity>7.2</velocity>
      <orientation>-1.1337115970061113</orientation>
      <time>11</time>
    </ksState>
    <ksState>
      <x>263.95280394328626</x>
      <y>581.9678403731559</y>
      <steeringAngle>0.10660000000000011</steeringAngle>
      <velocity>6.4</velocity>
      <orientation>-1.1006520265581434</orientation>
      <time>12</time>
    </ksState>
    <ksState>
      <x>264.23052964226866</x>
      <y>581.4359988823503</y>
      <steeringAngle>0.07106666666666674</steeringAngle>
      <velocity>5.600000000000001</velocity>
      <orientation>-1.079835078264255</orientation>
      <time>13</time>
    </ksState>
    <ksState>
      <x>264.47845253792</x>
      <y>580.9789085693305</y>
      <steeringAngle>0.03553333333333339</steeringAngle>
      <velocity>4.800000000000001</velocity>
      <orientation>-1.068984468606592</orientation>
      <time>14</time>
    </ksState>
    <ksState>
      <x>264.69089566130424</x>
      <y>580.5935934397214</y>
      <steeringAngle>5.5294310796760726e-17</steeringAngle>
      <velocity>4.0</velocity>
      <orientation>-1.0658606927694265</orientation>
      <time>15</time>
    </ksState>
    <ksState>
      <x>264.88439610444976</x>
      <y>580.2435111943812</y>
      <steeringAngle>0.0</steeringAngle>
      <velocity>4.0</velocity>
      <orientation>-1.0658606927694265</orientation>
      <time>16</time>
    </ksState>
    <ksState>
      <x>265.07789654759534</x>
      <y>579.8934289490409</y>
      <steeringAngle>0.0</steeringAngle>
      <velocity>4.0</velocity>
      <orientation>-1.0658606927694265</orientation>
      <time>17</time>
    </ksState>
    <ksState>
      <x>265.27139699074087</x>
      <y>579.5433467037006</y>
      <steeringAngle>0.0</steeringAngle>
      <velocity>4.0</velocity>
      <orientation>-1.0658606927694265</orientation>
      <time>18</time>
    </ksState>
    <ksState>
      <x>265.46489743388645</x>
      <y>579.1932644583604</y>
      <steeringAngle>0.0</steeringAngle>
      <velocity>4.0</velocity>
      <orientation>-1.0658606927694265</orientation>
      <time>19</time>
    </ksState>
    <ksState>
      <x>265.658397877032</x>
      <y>578.8431822130201</y>
      <steeringAngle>0.0</steeringAngle>
      <velocity>4.0</velocity>
      <orientation>-1.0658606927694265</orientation>
      <time>20</time>
    </ksState>
    <ksState>
      <x>265.8518983201775</x>
      <y>578.4930999676799</y>
      <steeringAngle>0.0</steeringAngle>
      <velocity>4.0</velocity>
      <orientation>-1.0658606927694265</orientation>
      <time>21</time>
    </ksState>
    <ksState>
      <x>266.0453987633231</x>
      <y>578.1430177223396</y>
      <steeringAngle>0.0</steeringAngle>
      <velocity>4.0</velocity>
      <orientation>-1.0658606927694265</orientation>
      <time>22</time>
    </ksState>
    <ksState>
      <x>266.2388992064686</x>
      <y>577.7929354769993</y>
      <steeringAngle>0.0</steeringAngle>
      <velocity>4.0</velocity>
      <orientation>-1.0658606927694265</orientation>
      <time>23</time>
    </ksState>
    <ksState>
      <x>266.4323996496142</x>
      <y>577.4428532316591</y>
      <steeringAngle>0.0</steeringAngle>
      <velocity>4.0</velocity>
      <orientation>-1.0658606927694265</orientation>
      <time>24</time>
    </ksState>
    <ksState>
      <x>266.6259000927597</x>
      <y>577.0927709863188</y>
      <steeringAngle>0.0</steeringAngle>
      <velocity>4.0</velocity>
      <orientation>-1.0658606927694265</orientation>
      <time>25</time>
    </ksState>
    <ksState>
      <x>266.8190787516269</x>
      <y>576.7425112505763</y>
      <steeringAngle>-0.035533333333333326</steeringAngle>
      <velocity>4.0</velocity>
      <orientation>-1.068616967302027</orientation>
      <time>26</time>
    </ksState>
    <ksState>
      <x>267.0103223741218</x>
      <y>576.3911923726845</y>
      <steeringAngle>-0.07106666666666711</steeringAngle>
      <velocity>4.0</velocity>
      <orientation>-1.0768927278453124</orientation>
      <time>27</time>
    </ksState>
    <ksState>
      <x>267.1976736110536</x>
      <y>576.0377847331072</y>
      <steeringAngle>-0.10660000000000043</steeringAngle>
      <velocity>4.0</velocity>
      <orientation>-1.0907089676644492</orientation>
      <time>28</time>
    </ksState>
    <ksState>
      <x>267.3791311431104</x>
      <y>575.6813185480993</y>
      <steeringAngle>-0.14213333333333378</steeringAngle>
      <velocity>4.0</velocity>
      <orientation>-1.110100894049995</orientation>
      <time>29</time>
    </ksState>
    <ksState>
      <x>267.5526292945785</x>
      <y>575.3209159435905</y>
      <steeringAngle>-0.1776666666666672</steeringAngle>
      <velocity>4.0</velocity>
      <orientation>-1.1351183005013923</orientation>
      <time>30</time>
    </ksState>
    <ksState>
      <x>267.70045234809254</x>
      <y>574.9926758501881</y>
      <steeringAngle>-0.17766666666666667</steeringAngle>
      <velocity>3.2000000000000006</velocity>
      <orientation>-1.1601837397695698</orientation>
      <time>31</time>
    </ksState>
    <ksState>
      <x>267.8097107614297</x>
      <y>574.7348772557435</y>
      <steeringAngle>-0.17766666666666667</steeringAngle>
      <velocity>2.4000000000000012</velocity>
      <orientation>-1.1796790813995996</orientation>
      <time>32</time>
    </ksState>
    <ksState>
      <x>267.88466524824537</x>
      <y>574.5494556335983</y>
      <steeringAngle>-0.17766666666666667</steeringAngle>
      <velocity>1.6000000000000005</velocity>
      <orientation>-1.1936043253985806</orientation>
      <time>33</time>
    </ksState>
  </ksTrajectory>
</CommonRoadSolution>
