<?xml version="1.0" ?>
<CommonRoadSolution benchmark_id="KS2:SM1:ESP_Toledo-23_1_T-1:2020a" computation_time="0.6781454679999115" date="2020-12-29">
  <ksTrajectory planningProblem="1">
    <ksState>
      <x>-320.38455</x>
      <y>-813.70404</y>
      <steeringAngle>0.0</steeringAngle>
      <velocity>12.0</velocity>
      <orientation>-1.0228545</orientation>
      <time>0</time>
    </ksState>
    <ksState>
      <x>-319.7776804322357</x>
      <y>-814.6926257941842</y>
      <steeringAngle>0.03553333333333333</steeringAngle>
      <velocity>11.200000000000001</velocity>
      <orientation>-1.014953226227656</orientation>
      <time>1</time>
    </ksState>
    <ksState>
      <x>-319.19878129095844</x>
      <y>-815.6043425142917</y>
      <steeringAngle>0.07106666666666667</steeringAngle>
      <velocity>10.400000000000007</velocity>
      <orientation>-0.992700795429166</orientation>
      <time>2</time>
    </ksState>
    <ksState>
      <x>-318.6389940096895</x>
      <y>-816.4329191061759</y>
      <steeringAngle>0.10660000000000001</steeringAngle>
      <velocity>9.60000000000001</velocity>
      <orientation>-0.9582527845444943</orientation>
      <time>3</time>
    </ksState>
    <ksState>
      <x>-318.09426041898496</x>
      <y>-817.1742189965129</y>
      <steeringAngle>0.14213333333333344</steeringAngle>
      <velocity>8.800000000000008</velocity>
      <orientation>-0.9137446524236494</orientation>
      <time>4</time>
    </ksState>
    <ksState>
      <x>-317.5646447718934</x>
      <y>-817.8260974843803</y>
      <steeringAngle>0.17766666666666675</steeringAngle>
      <velocity>8.000000000000009</velocity>
      <orientation>-0.861302354608668</orientation>
      <time>5</time>
    </ksState>
    <ksState>
      <x>-317.05549644864334</x>
      <y>-818.3902416471029</y>
      <steeringAngle>0.1421333333333334</steeringAngle>
      <velocity>7.2</velocity>
      <orientation>-0.8136750328630311</orientation>
      <time>6</time>
    </ksState>
    <ksState>
      <x>-316.579981598646</x>
      <y>-818.8762904080844</y>
      <steeringAngle>0.10660000000000011</steeringAngle>
      <velocity>6.4</velocity>
      <orientation>-0.7806154624150631</orientation>
      <time>7</time>
    </ksState>
    <ksState>
      <x>-316.1490397156101</x>
      <y>-819.2937542132977</y>
      <steeringAngle>0.07106666666666674</steeringAngle>
      <velocity>5.600000000000001</velocity>
      <orientation>-0.7597985141211746</orientation>
      <time>8</time>
    </ksState>
    <ksState>
      <x>-315.7699041815925</x>
      <y>-819.6496384125674</y>
      <steeringAngle>0.03553333333333339</steeringAngle>
      <velocity>4.800000000000001</velocity>
      <orientation>-0.7489479044635118</orientation>
      <time>9</time>
    </ksState>
    <ksState>
      <x>-315.4470274596702</x>
      <y>-819.948553872555</y>
      <steeringAngle>5.5294310796760726e-17</steeringAngle>
      <velocity>4.0</velocity>
      <orientation>-0.7458241286263462</orientation>
      <time>10</time>
    </ksState>
    <ksState>
      <x>-315.12415075204643</x>
      <y>-820.2474693505848</y>
      <steeringAngle>-0.035533333333333326</steeringAngle>
      <velocity>4.799999999999999</velocity>
      <orientation>-0.748947907295537</orientation>
      <time>11</time>
    </ksState>
    <ksState>
      <x>-314.7450152236167</x>
      <y>-820.6033535584088</y>
      <steeringAngle>-0.07106666666666667</steeringAngle>
      <velocity>5.599999999999998</velocity>
      <orientation>-0.7597985183567098</orientation>
      <time>12</time>
    </ksState>
    <ksState>
      <x>-314.3140733458314</x>
      <y>-821.020817369203</y>
      <steeringAngle>-0.10659999999999999</steeringAngle>
      <velocity>6.3999999999999995</velocity>
      <orientation>-0.7806154673570378</orientation>
      <time>13</time>
    </ksState>
    <ksState>
      <x>-313.8385585072725</x>
      <y>-821.5068661328755</y>
      <steeringAngle>-0.14213333333333333</steeringAngle>
      <velocity>7.199999999999999</velocity>
      <orientation>-0.8136750383382029</orientation>
      <time>14</time>
    </ksState>
    <ksState>
      <x>-313.3294102077311</x>
      <y>-822.0710102879776</y>
      <steeringAngle>-0.17766666666666664</steeringAngle>
      <velocity>7.9999999999999964</velocity>
      <orientation>-0.8613023604197495</orientation>
      <time>15</time>
    </ksState>
    <ksState>
      <x>-312.84875059200647</x>
      <y>-822.6596162556791</y>
      <steeringAngle>-0.1421333333333334</steeringAngle>
      <velocity>7.2</velocity>
      <orientation>-0.9089296821653864</orientation>
      <time>16</time>
    </ksState>
    <ksState>
      <x>-312.44020196533415</x>
      <y>-823.20316550852</y>
      <steeringAngle>-0.10660000000000011</steeringAngle>
      <velocity>6.4</velocity>
      <orientation>-0.9419892526133544</orientation>
      <time>17</time>
    </ksState>
    <ksState>
      <x>-312.0927089237585</x>
      <y>-823.6922825919204</y>
      <steeringAngle>-0.07106666666666674</steeringAngle>
      <velocity>5.600000000000001</velocity>
      <orientation>-0.9628062009072429</orientation>
      <time>18</time>
    </ksState>
    <ksState>
      <x>-311.79825280923626</x>
      <y>-824.1208767041818</y>
      <steeringAngle>-0.03553333333333339</steeringAngle>
      <velocity>4.800000000000001</velocity>
      <orientation>-0.9736568105649057</orientation>
      <time>19</time>
    </ksState>
    <ksState>
      <x>-311.55160245562905</x>
      <y>-824.4852438718085</y>
      <steeringAngle>-5.5294310796760726e-17</steeringAngle>
      <velocity>4.0</velocity>
      <orientation>-0.9767805864020713</orientation>
      <time>20</time>
    </ksState>
    <ksState>
      <x>-311.32772510762385</x>
      <y>-824.8167237853028</y>
      <steeringAngle>0.0</steeringAngle>
      <velocity>4.0</velocity>
      <orientation>-0.9767805864020713</orientation>
      <time>21</time>
    </ksState>
    <ksState>
      <x>-311.10384775961865</x>
      <y>-825.148203698797</y>
      <steeringAngle>0.0</steeringAngle>
      <velocity>4.0</velocity>
      <orientation>-0.9767805864020713</orientation>
      <time>22</time>
    </ksState>
    <ksState>
      <x>-310.8799704116134</x>
      <y>-825.4796836122912</y>
      <steeringAngle>0.0</steeringAngle>
      <velocity>4.0</velocity>
      <orientation>-0.9767805864020713</orientation>
      <time>23</time>
    </ksState>
    <ksState>
      <x>-310.6560930636082</x>
      <y>-825.8111635257854</y>
      <steeringAngle>0.0</steeringAngle>
      <velocity>4.0</velocity>
      <orientation>-0.9767805864020713</orientation>
      <time>24</time>
    </ksState>
    <ksState>
      <x>-310.432215715603</x>
      <y>-826.1426434392797</y>
      <steeringAngle>0.0</steeringAngle>
      <velocity>4.0</velocity>
      <orientation>-0.9767805864020713</orientation>
      <time>25</time>
    </ksState>
    <ksState>
      <x>-310.20803401061414</x>
      <y>-826.473917404258</y>
      <steeringAngle>0.035533333333333326</steeringAngle>
      <velocity>4.0</velocity>
      <orientation>-0.9740243118694709</orientation>
      <time>26</time>
    </ksState>
    <ksState>
      <x>-309.9820293617643</x>
      <y>-826.8039491842526</y>
      <steeringAngle>0.07106666666666711</steeringAngle>
      <velocity>4.0</velocity>
      <orientation>-0.9657485513261855</orientation>
      <time>27</time>
    </ksState>
    <ksState>
      <x>-309.75239498005067</x>
      <y>-827.13146330063</y>
      <steeringAngle>0.10660000000000043</steeringAngle>
      <velocity>4.0</velocity>
      <orientation>-0.9519323115070487</orientation>
      <time>28</time>
    </ksState>
    <ksState>
      <x>-309.51735738832053</x>
      <y>-827.4551179120105</y>
      <steeringAngle>0.14213333333333378</steeringAngle>
      <velocity>4.0</velocity>
      <orientation>-0.9325403851215028</orientation>
      <time>29</time>
    </ksState>
    <ksState>
      <x>-309.2751957242954</x>
      <y>-827.7734720770156</y>
      <steeringAngle>0.1776666666666672</steeringAngle>
      <velocity>4.0</velocity>
      <orientation>-0.9075229786701056</orientation>
      <time>30</time>
    </ksState>
    <ksState>
      <x>-309.05023708606456</x>
      <y>-828.0545202481757</y>
      <steeringAngle>0.1421333333333333</steeringAngle>
      <velocity>3.1999999999999993</velocity>
      <orientation>-0.8849130636966632</orientation>
      <time>31</time>
    </ksState>
    <ksState>
      <x>-308.8713518994135</x>
      <y>-828.2699242038701</y>
      <steeringAngle>0.10659999999999997</steeringAngle>
      <velocity>2.3999999999999977</velocity>
      <orientation>-0.8712454228259559</orientation>
      <time>32</time>
    </ksState>
    <ksState>
      <x>-308.74200744086113</x>
      <y>-828.4224687742608</y>
      <steeringAngle>0.07106666666666664</steeringAngle>
      <velocity>1.5999999999999976</velocity>
      <orientation>-0.8642447169727367</orientation>
      <time>33</time>
    </ksState>
  </ksTrajectory>
</CommonRoadSolution>
