<?xml version="1.0" ?>
<CommonRoadSolution benchmark_id="KS2:SM1:DEU_Ibbenbueren-10_2_T-1:2020a" computation_time="0.7245658470001217" date="2020-12-29">
  <ksTrajectory planningProblem="1">
    <ksState>
      <x>622.20064</x>
      <y>950.48436</y>
      <steeringAngle>0.0</steeringAngle>
      <velocity>8.0</velocity>
      <orientation>-0.233851</orientation>
      <time>0</time>
    </ksState>
    <ksState>
      <x>622.9792031919313</x>
      <y>950.300410134746</y>
      <steeringAngle>0.03553333333333333</steeringAngle>
      <velocity>8.0</velocity>
      <orientation>-0.22833846499716123</orientation>
      <time>1</time>
    </ksState>
    <ksState>
      <x>623.7597400199786</x>
      <y>950.1250603691162</y>
      <steeringAngle>0.07106666666666667</steeringAngle>
      <velocity>8.0</velocity>
      <orientation>-0.21178694411689158</orientation>
      <time>2</time>
    </ksState>
    <ksState>
      <x>624.5439431571004</x>
      <y>949.9669951626241</y>
      <steeringAngle>0.10659999999999997</steeringAngle>
      <velocity>8.0</velocity>
      <orientation>-0.18415446482619668</orientation>
      <time>3</time>
    </ksState>
    <ksState>
      <x>625.3329367392153</x>
      <y>949.8350527500683</y>
      <steeringAngle>0.1421333333333333</steeringAngle>
      <velocity>8.0</velocity>
      <orientation>-0.14537061255346176</orientation>
      <time>4</time>
    </ksState>
    <ksState>
      <x>626.126975987724</x>
      <y>949.7382640294388</y>
      <steeringAngle>0.17766666666666667</steeringAngle>
      <velocity>8.0</velocity>
      <orientation>-0.09533580030430708</orientation>
      <time>5</time>
    </ksState>
    <ksState>
      <x>626.8850094980725</x>
      <y>949.6846370903954</y>
      <steeringAngle>0.1421333333333334</steeringAngle>
      <velocity>7.2</velocity>
      <orientation>-0.04770847855867015</orientation>
      <time>6</time>
    </ksState>
    <ksState>
      <x>627.564664556642</x>
      <y>949.6639786301291</y>
      <steeringAngle>0.10660000000000011</steeringAngle>
      <velocity>6.4</velocity>
      <orientation>-0.014648908110702186</orientation>
      <time>7</time>
    </ksState>
    <ksState>
      <x>628.1646498958158</x>
      <y>949.6618507217407</y>
      <steeringAngle>0.07106666666666674</steeringAngle>
      <velocity>5.600000000000001</velocity>
      <orientation>0.006168040183186285</orientation>
      <time>8</time>
    </ksState>
    <ksState>
      <x>628.6846086718639</x>
      <y>949.6681900951504</y>
      <steeringAngle>0.03553333333333339</steeringAngle>
      <velocity>4.800000000000001</velocity>
      <orientation>0.017018649840849165</orientation>
      <time>9</time>
    </ksState>
    <ksState>
      <x>629.1245283475582</x>
      <y>949.6765870419687</y>
      <steeringAngle>5.5294310796760726e-17</steeringAngle>
      <velocity>4.0</velocity>
      <orientation>0.02014242567801472</orientation>
      <time>10</time>
    </ksState>
    <ksState>
      <x>629.5245283475582</x>
      <y>949.6846440122399</y>
      <steeringAngle>0.0</steeringAngle>
      <velocity>4.0</velocity>
      <orientation>0.02014242567801472</orientation>
      <time>11</time>
    </ksState>
    <ksState>
      <x>629.9245283475582</x>
      <y>949.692700982511</y>
      <steeringAngle>0.0</steeringAngle>
      <velocity>4.0</velocity>
      <orientation>0.02014242567801472</orientation>
      <time>12</time>
    </ksState>
    <ksState>
      <x>630.3245283475583</x>
      <y>949.7007579527823</y>
      <steeringAngle>0.0</steeringAngle>
      <velocity>4.0</velocity>
      <orientation>0.02014242567801472</orientation>
      <time>13</time>
    </ksState>
    <ksState>
      <x>630.7245283475582</x>
      <y>949.7088149230535</y>
      <steeringAngle>0.0</steeringAngle>
      <velocity>4.0</velocity>
      <orientation>0.02014242567801472</orientation>
      <time>14</time>
    </ksState>
    <ksState>
      <x>631.1245283475582</x>
      <y>949.7168718933247</y>
      <steeringAngle>0.0</steeringAngle>
      <velocity>4.0</velocity>
      <orientation>0.02014242567801472</orientation>
      <time>15</time>
    </ksState>
    <ksState>
      <x>631.5645283485859</x>
      <y>949.7257345606437</y>
      <steeringAngle>0.0</steeringAngle>
      <velocity>4.8</velocity>
      <orientation>0.02014242567801472</orientation>
      <time>16</time>
    </ksState>
    <ksState>
      <x>632.0845283496587</x>
      <y>949.7362086220179</y>
      <steeringAngle>0.0</steeringAngle>
      <velocity>5.6</velocity>
      <orientation>0.02014242567801472</orientation>
      <time>17</time>
    </ksState>
    <ksState>
      <x>632.684528350761</x>
      <y>949.7482940774469</y>
      <steeringAngle>0.0</steeringAngle>
      <velocity>6.4</velocity>
      <orientation>0.02014242567801472</orientation>
      <time>18</time>
    </ksState>
    <ksState>
      <x>633.3645283518829</x>
      <y>949.7619909269305</y>
      <steeringAngle>0.0</steeringAngle>
      <velocity>7.199999999999999</velocity>
      <orientation>0.02014242567801472</orientation>
      <time>19</time>
    </ksState>
    <ksState>
      <x>634.1245283530188</x>
      <y>949.7772991704687</y>
      <steeringAngle>0.0</steeringAngle>
      <velocity>7.999999999999998</velocity>
      <orientation>0.02014242567801472</orientation>
      <time>20</time>
    </ksState>
    <ksState>
      <x>634.8845283522919</x>
      <y>949.7926074139693</y>
      <steeringAngle>0.0</steeringAngle>
      <velocity>7.200000000000001</velocity>
      <orientation>0.02014242567801472</orientation>
      <time>21</time>
    </ksState>
    <ksState>
      <x>635.5645283512707</x>
      <y>949.8063042634099</y>
      <steeringAngle>0.0</steeringAngle>
      <velocity>6.400000000000001</velocity>
      <orientation>0.02014242567801472</orientation>
      <time>22</time>
    </ksState>
    <ksState>
      <x>636.1645283501554</x>
      <y>949.8183897187942</y>
      <steeringAngle>0.0</steeringAngle>
      <velocity>5.600000000000001</velocity>
      <orientation>0.02014242567801472</orientation>
      <time>23</time>
    </ksState>
    <ksState>
      <x>636.6845283490024</x>
      <y>949.8288637801236</y>
      <steeringAngle>0.0</steeringAngle>
      <velocity>4.800000000000001</velocity>
      <orientation>0.02014242567801472</orientation>
      <time>24</time>
    </ksState>
    <ksState>
      <x>637.1245283478326</x>
      <y>949.8377264473983</y>
      <steeringAngle>0.0</steeringAngle>
      <velocity>4.000000000000001</velocity>
      <orientation>0.02014242567801472</orientation>
      <time>25</time>
    </ksState>
    <ksState>
      <x>637.5245283478325</x>
      <y>949.8457834176695</y>
      <steeringAngle>0.0</steeringAngle>
      <velocity>4.0</velocity>
      <orientation>0.02014242567801472</orientation>
      <time>26</time>
    </ksState>
    <ksState>
      <x>637.9245283478325</x>
      <y>949.8538403879406</y>
      <steeringAngle>0.0</steeringAngle>
      <velocity>4.0</velocity>
      <orientation>0.02014242567801472</orientation>
      <time>27</time>
    </ksState>
    <ksState>
      <x>638.3245283478326</x>
      <y>949.8618973582119</y>
      <steeringAngle>0.0</steeringAngle>
      <velocity>4.0</velocity>
      <orientation>0.02014242567801472</orientation>
      <time>28</time>
    </ksState>
    <ksState>
      <x>638.7245283478326</x>
      <y>949.8699543284831</y>
      <steeringAngle>0.0</steeringAngle>
      <velocity>4.0</velocity>
      <orientation>0.02014242567801472</orientation>
      <time>29</time>
    </ksState>
    <ksState>
      <x>639.1245283478326</x>
      <y>949.8780112987542</y>
      <steeringAngle>0.0</steeringAngle>
      <velocity>4.0</velocity>
      <orientation>0.02014242567801472</orientation>
      <time>30</time>
    </ksState>
    <ksState>
      <x>639.4845283468048</x>
      <y>949.8852625719776</y>
      <steeringAngle>0.0</steeringAngle>
      <velocity>3.2</velocity>
      <orientation>0.02014242567801472</orientation>
      <time>31</time>
    </ksState>
    <ksState>
      <x>639.7645283456753</x>
      <y>949.8909024511447</y>
      <steeringAngle>0.0</steeringAngle>
      <velocity>2.4000000000000004</velocity>
      <orientation>0.02014242567801472</orientation>
      <time>32</time>
    </ksState>
    <ksState>
      <x>639.9645283445458</x>
      <y>949.8949309362575</y>
      <steeringAngle>0.0</steeringAngle>
      <velocity>1.6</velocity>
      <orientation>0.02014242567801472</orientation>
      <time>33</time>
    </ksState>
  </ksTrajectory>
</CommonRoadSolution>
