<?xml version="1.0" ?>
<CommonRoadSolution benchmark_id="KS2:SM1:DEU_Rheinbach-1_4_T-1:2020a" computation_time="0.5733561880001616" date="2020-12-29">
  <ksTrajectory planningProblem="1">
    <ksState>
      <x>176.68202</x>
      <y>84.487299</y>
      <steeringAngle>0.0</steeringAngle>
      <velocity>8.0</velocity>
      <orientation>3.0385019</orientation>
      <time>0</time>
    </ksState>
    <ksState>
      <x>175.88642104687656</x>
      <y>84.5710874392149</y>
      <steeringAngle>-0.03553333333333333</steeringAngle>
      <velocity>8.0</velocity>
      <orientation>3.032989364997161</orientation>
      <time>1</time>
    </ksState>
    <ksState>
      <x>175.09180264815862</x>
      <y>84.66364488442376</y>
      <steeringAngle>-0.07106666666666667</steeringAngle>
      <velocity>8.0</velocity>
      <orientation>3.0164378441168918</orientation>
      <time>2</time>
    </ksState>
    <ksState>
      <x>174.29943841246916</x>
      <y>84.7737270708819</y>
      <steeringAngle>-0.10659999999999997</steeringAngle>
      <velocity>8.0</velocity>
      <orientation>2.9888053648261965</orientation>
      <time>3</time>
    </ksState>
    <ksState>
      <x>173.51118935518585</x>
      <y>84.91004690267948</y>
      <steeringAngle>-0.1421333333333333</steeringAngle>
      <velocity>8.0</velocity>
      <orientation>2.950021512553462</orientation>
      <time>4</time>
    </ksState>
    <ksState>
      <x>172.72980024216886</x>
      <y>85.08121184848282</y>
      <steeringAngle>-0.17766666666666667</steeringAngle>
      <velocity>8.0</velocity>
      <orientation>2.899986700304307</orientation>
      <time>5</time>
    </ksState>
    <ksState>
      <x>171.95834695201825</x>
      <y>85.29269758254424</y>
      <steeringAngle>-0.14213333333333336</steeringAngle>
      <velocity>8.0</velocity>
      <orientation>2.849951888755559</orientation>
      <time>6</time>
    </ksState>
    <ksState>
      <x>171.19700906765246</x>
      <y>85.53822619035537</y>
      <steeringAngle>-0.1066000000000001</steeringAngle>
      <velocity>8.0</velocity>
      <orientation>2.8111680367485614</orientation>
      <time>7</time>
    </ksState>
    <ksState>
      <x>170.4442178479957</x>
      <y>85.8089004375808</y>
      <steeringAngle>-0.07106666666666674</steeringAngle>
      <velocity>8.0</velocity>
      <orientation>2.7835355577188743</orientation>
      <time>8</time>
    </ksState>
    <ksState>
      <x>169.69757299585274</x>
      <y>86.09614030940737</y>
      <steeringAngle>-0.035533333333333354</steeringAngle>
      <velocity>8.0</velocity>
      <orientation>2.7669840370898453</orientation>
      <time>9</time>
    </ksState>
    <ksState>
      <x>168.9541341200623</x>
      <y>86.39160080404407</y>
      <steeringAngle>-2.0816681711721685e-17</steeringAngle>
      <velocity>8.0</velocity>
      <orientation>2.7614715106314405</orientation>
      <time>10</time>
    </ksState>
    <ksState>
      <x>168.21178604650274</x>
      <y>86.68979123722332</y>
      <steeringAngle>-0.03553333333333333</steeringAngle>
      <velocity>8.0</velocity>
      <orientation>2.7559589756286016</orientation>
      <time>11</time>
    </ksState>
    <ksState>
      <x>167.47277946793503</x>
      <y>86.99614814848576</y>
      <steeringAngle>-0.07106666666666667</steeringAngle>
      <velocity>8.0</velocity>
      <orientation>2.7394074547483322</orientation>
      <time>12</time>
    </ksState>
    <ksState>
      <x>166.7407341304053</x>
      <y>87.3187451006972</y>
      <steeringAngle>-0.10659999999999997</steeringAngle>
      <velocity>8.0</velocity>
      <orientation>2.711774975457637</orientation>
      <time>13</time>
    </ksState>
    <ksState>
      <x>166.01982307564822</x>
      <y>87.66545380260479</y>
      <steeringAngle>-0.1421333333333333</steeringAngle>
      <velocity>8.0</velocity>
      <orientation>2.6729911231849024</orientation>
      <time>14</time>
    </ksState>
    <ksState>
      <x>165.3150405634879</x>
      <y>88.04380284141193</y>
      <steeringAngle>-0.17766666666666667</steeringAngle>
      <velocity>8.0</velocity>
      <orientation>2.6229563109357477</orientation>
      <time>15</time>
    </ksState>
    <ksState>
      <x>164.66455422829117</x>
      <y>88.43668727623303</y>
      <steeringAngle>-0.1421333333333334</steeringAngle>
      <velocity>7.2</velocity>
      <orientation>2.5753289891901106</orientation>
      <time>16</time>
    </ksState>
    <ksState>
      <x>164.09712553518165</x>
      <y>88.81136373513553</y>
      <steeringAngle>-0.10660000000000011</steeringAngle>
      <velocity>6.4</velocity>
      <orientation>2.542269418742143</orientation>
      <time>17</time>
    </ksState>
    <ksState>
      <x>163.60549196291532</x>
      <y>89.15528722348472</y>
      <steeringAngle>-0.07106666666666674</steeringAngle>
      <velocity>5.600000000000001</velocity>
      <orientation>2.521452470448254</orientation>
      <time>18</time>
    </ksState>
    <ksState>
      <x>163.18414754545225</x>
      <y>89.46002678166076</y>
      <steeringAngle>-0.03553333333333339</steeringAngle>
      <velocity>4.800000000000001</velocity>
      <orientation>2.5106018607905916</orientation>
      <time>19</time>
    </ksState>
    <ksState>
      <x>162.82940977748763</x>
      <y>89.72033610872836</y>
      <steeringAngle>-5.5294310796760726e-17</steeringAngle>
      <velocity>4.0</velocity>
      <orientation>2.507478084953426</orientation>
      <time>20</time>
    </ksState>
    <ksState>
      <x>162.47522325860638</x>
      <y>89.98139499322484</y>
      <steeringAngle>-0.035533333333333326</steeringAngle>
      <velocity>4.799999999999999</velocity>
      <orientation>2.504354306284235</orientation>
      <time>21</time>
    </ksState>
    <ksState>
      <x>162.05877785766032</x>
      <y>90.29279593466066</y>
      <steeringAngle>-0.07106666666666667</steeringAngle>
      <velocity>5.599999999999998</velocity>
      <orientation>2.4935036952230623</orientation>
      <time>22</time>
    </ksState>
    <ksState>
      <x>161.5839842857231</x>
      <y>90.65961741630947</y>
      <steeringAngle>-0.10659999999999999</steeringAngle>
      <velocity>6.3999999999999995</velocity>
      <orientation>2.472686746222734</orientation>
      <time>23</time>
    </ksState>
    <ksState>
      <x>161.05724990750647</x>
      <y>91.08962748265908</y>
      <steeringAngle>-0.14213333333333333</steeringAngle>
      <velocity>7.199999999999999</velocity>
      <orientation>2.439627175241569</orientation>
      <time>24</time>
    </ksState>
    <ksState>
      <x>160.48838583795347</x>
      <y>91.59349680007523</y>
      <steeringAngle>-0.17766666666666664</steeringAngle>
      <velocity>7.9999999999999964</velocity>
      <orientation>2.3919998531600224</orientation>
      <time>25</time>
    </ksState>
    <ksState>
      <x>159.94699942107715</x>
      <y>92.1267298525106</y>
      <steeringAngle>-0.21320000000000014</steeringAngle>
      <velocity>7.200000000000003</velocity>
      <orientation>2.3337505260885294</orientation>
      <time>26</time>
    </ksState>
    <ksState>
      <x>159.49217404131878</x>
      <y>92.632087366263</y>
      <steeringAngle>-0.24873333333333347</steeringAngle>
      <velocity>6.400000000000004</velocity>
      <orientation>2.27183343860275</orientation>
      <time>27</time>
    </ksState>
    <ksState>
      <x>159.11961400557846</x>
      <y>93.10227713386352</y>
      <steeringAngle>-0.2842666666666668</steeringAngle>
      <velocity>5.600000000000001</velocity>
      <orientation>2.208411295838829</orientation>
      <time>28</time>
    </ksState>
    <ksState>
      <x>158.823092231183</x>
      <y>93.52934412500292</y>
      <steeringAngle>-0.3198</steeringAngle>
      <velocity>4.800000000000002</velocity>
      <orientation>2.1456821960968764</orientation>
      <time>29</time>
    </ksState>
    <ksState>
      <x>158.5948125593927</x>
      <y>93.90541692677903</y>
      <steeringAngle>-0.3553333333333332</steeringAngle>
      <velocity>4.000000000000001</velocity>
      <orientation>2.0858923620486616</orientation>
      <time>30</time>
    </ksState>
    <ksState>
      <x>158.425379058235</x>
      <y>94.22301134821576</y>
      <steeringAngle>-0.31979999999999975</steeringAngle>
      <velocity>3.2</velocity>
      <orientation>2.0367858019908733</orientation>
      <time>31</time>
    </ksState>
    <ksState>
      <x>158.3039294933134</x>
      <y>94.47528593554223</y>
      <steeringAngle>-0.2842666666666663</steeringAngle>
      <velocity>2.4000000000000004</velocity>
      <orientation>2.002853546624659</orientation>
      <time>32</time>
    </ksState>
    <ksState>
      <x>158.22216422999026</x>
      <y>94.65780423514629</y>
      <steeringAngle>-0.24873333333333292</steeringAngle>
      <velocity>1.6000000000000008</velocity>
      <orientation>1.98158122567772</orientation>
      <time>33</time>
    </ksState>
  </ksTrajectory>
</CommonRoadSolution>
