<?xml version="1.0" ?>
<CommonRoadSolution benchmark_id="KS2:SM1:RUS_Bicycle-14_1_T-1:2020a" computation_time="0.12161387200012541" date="2020-12-29">
  <ksTrajectory planningProblem="7">
    <ksState>
      <x>2.5</x>
      <y>20.0</y>
      <steeringAngle>0.0</steeringAngle>
      <velocity>8.0</velocity>
      <orientation>0.0</orientation>
      <time>0</time>
    </ksState>
    <ksState>
      <x>3.3</x>
      <y>20.0</y>
      <steeringAngle>0.0</steeringAngle>
      <velocity>8.0</velocity>
      <orientation>0.0</orientation>
      <time>1</time>
    </ksState>
    <ksState>
      <x>4.1</x>
      <y>20.0</y>
      <steeringAngle>0.0</steeringAngle>
      <velocity>8.0</velocity>
      <orientation>0.0</orientation>
      <time>2</time>
    </ksState>
    <ksState>
      <x>4.9</x>
      <y>20.0</y>
      <steeringAngle>0.0</steeringAngle>
      <velocity>8.0</velocity>
      <orientation>0.0</orientation>
      <time>3</time>
    </ksState>
    <ksState>
      <x>5.700000000000001</x>
      <y>20.0</y>
      <steeringAngle>0.0</steeringAngle>
      <velocity>8.0</velocity>
      <orientation>0.0</orientation>
      <time>4</time>
    </ksState>
    <ksState>
      <x>6.500000000000001</x>
      <y>20.0</y>
      <steeringAngle>0.0</steeringAngle>
      <velocity>8.0</velocity>
      <orientation>0.0</orientation>
      <time>5</time>
    </ksState>
    <ksState>
      <x>7.300000000000001</x>
      <y>20.0</y>
      <steeringAngle>0.0</steeringAngle>
      <velocity>8.0</velocity>
      <orientation>0.0</orientation>
      <time>6</time>
    </ksState>
    <ksState>
      <x>8.100000000000001</x>
      <y>20.0</y>
      <steeringAngle>0.0</steeringAngle>
      <velocity>8.0</velocity>
      <orientation>0.0</orientation>
      <time>7</time>
    </ksState>
    <ksState>
      <x>8.900000000000002</x>
      <y>20.0</y>
      <steeringAngle>0.0</steeringAngle>
      <velocity>8.0</velocity>
      <orientation>0.0</orientation>
      <time>8</time>
    </ksState>
    <ksState>
      <x>9.700000000000001</x>
      <y>20.0</y>
      <steeringAngle>0.0</steeringAngle>
      <velocity>8.0</velocity>
      <orientation>0.0</orientation>
      <time>9</time>
    </ksState>
    <ksState>
      <x>10.500000000000002</x>
      <y>20.0</y>
      <steeringAngle>0.0</steeringAngle>
      <velocity>8.0</velocity>
      <orientation>0.0</orientation>
      <time>10</time>
    </ksState>
    <ksState>
      <x>11.300000000000002</x>
      <y>20.0</y>
      <steeringAngle>0.0</steeringAngle>
      <velocity>8.0</velocity>
      <orientation>0.0</orientation>
      <time>11</time>
    </ksState>
    <ksState>
      <x>12.100000000000001</x>
      <y>20.0</y>
      <steeringAngle>0.0</steeringAngle>
      <velocity>8.0</velocity>
      <orientation>0.0</orientation>
      <time>12</time>
    </ksState>
    <ksState>
      <x>12.900000000000002</x>
      <y>20.0</y>
      <steeringAngle>0.0</steeringAngle>
      <velocity>8.0</velocity>
      <orientation>0.0</orientation>
      <time>13</time>
    </ksState>
    <ksState>
      <x>13.700000000000003</x>
      <y>20.0</y>
      <steeringAngle>0.0</steeringAngle>
      <velocity>8.0</velocity>
      <orientation>0.0</orientation>
      <time>14</time>
    </ksState>
    <ksState>
      <x>14.500000000000004</x>
      <y>20.0</y>
      <steeringAngle>0.0</steeringAngle>
      <velocity>8.0</velocity>
      <orientation>0.0</orientation>
      <time>15</time>
    </ksState>
    <ksState>
      <x>15.299997522590667</x>
      <y>19.998530100007265</y>
      <steeringAngle>-0.03553333333333333</steeringAngle>
      <velocity>8.0</velocity>
      <orientation>-0.0055125350028387785</orientation>
      <time>16</time>
    </ksState>
    <ksState>
      <x>16.09992209972359</x>
      <y>19.988236842828968</y>
      <steeringAngle>-0.07106666666666667</steeringAngle>
      <velocity>8.0</velocity>
      <orientation>-0.02206405588310842</orientation>
      <time>17</time>
    </ksState>
    <ksState>
      <x>16.899407921923146</x>
      <y>19.960279913865836</y>
      <steeringAngle>-0.10659999999999997</steeringAngle>
      <velocity>8.0</velocity>
      <orientation>-0.04969653517380332</orientation>
      <time>18</time>
    </ksState>
    <ksState>
      <x>17.697500483907774</x>
      <y>19.905801153287126</y>
      <steeringAngle>-0.1421333333333333</steeringAngle>
      <velocity>8.0</velocity>
      <orientation>-0.08848038744653824</orientation>
      <time>19</time>
    </ksState>
    <ksState>
      <x>18.49235537170007</x>
      <y>19.815956331700203</y>
      <steeringAngle>-0.17766666666666667</steeringAngle>
      <velocity>8.0</velocity>
      <orientation>-0.13851519969569293</orientation>
      <time>20</time>
    </ksState>
  </ksTrajectory>
</CommonRoadSolution>
