<?xml version="1.0" ?>
<CommonRoadSolution benchmark_id="KS2:SM1:DEU_Lohmar-46_1_T-1:2020a" computation_time="1.9445127069998307" date="2020-12-29">
  <ksTrajectory planningProblem="123">
    <ksState>
      <x>171.04828</x>
      <y>-336.33907</y>
      <steeringAngle>0.0</steeringAngle>
      <velocity>0.0</velocity>
      <orientation>-1.5790998</orientation>
      <time>0</time>
    </ksState>
    <ksState>
      <x>171.0479419764421</x>
      <y>-336.3790685721963</y>
      <steeringAngle>-0.03553333333333333</steeringAngle>
      <velocity>0.8</velocity>
      <orientation>-1.579467331778242</orientation>
      <time>1</time>
    </ksState>
    <ksState>
      <x>171.04676319060178</x>
      <y>-336.49906274929776</y>
      <steeringAngle>-0.0710666666666667</steeringAngle>
      <velocity>1.6</velocity>
      <orientation>-1.5820421783702276</orientation>
      <time>2</time>
    </ksState>
    <ksState>
      <x>171.0438599793644</x>
      <y>-336.6990412652011</y>
      <steeringAngle>-0.10660000000000003</steeringAngle>
      <velocity>2.4000000000000004</velocity>
      <orientation>-1.5890428826070648</orientation>
      <time>3</time>
    </ksState>
    <ksState>
      <x>171.0369293028655</x>
      <y>-336.9789532876505</y>
      <steeringAngle>-0.14213333333333342</steeringAngle>
      <velocity>3.2000000000000015</velocity>
      <orientation>-1.6027105235478851</orientation>
      <time>4</time>
    </ksState>
    <ksState>
      <x>171.02152776707626</x>
      <y>-337.3386159867259</y>
      <steeringAngle>-0.17766666666666683</steeringAngle>
      <velocity>4.0000000000000036</velocity>
      <orientation>-1.6253204394211052</orientation>
      <time>5</time>
    </ksState>
    <ksState>
      <x>170.99379084814046</x>
      <y>-337.7376373926038</y>
      <steeringAngle>-0.21319999999999995</steeringAngle>
      <velocity>4.0</velocity>
      <orientation>-1.6560282220586053</orientation>
      <time>6</time>
    </ksState>
    <ksState>
      <x>170.9526712598636</x>
      <y>-338.13549594588756</y>
      <steeringAngle>-0.24873333333333336</steeringAngle>
      <velocity>4.0</velocity>
      <orientation>-1.6925070631812995</orientation>
      <time>7</time>
    </ksState>
    <ksState>
      <x>170.89591144223925</x>
      <y>-338.5314181657559</y>
      <steeringAngle>-0.2842666666666667</steeringAngle>
      <velocity>4.0</velocity>
      <orientation>-1.7348542970267475</orientation>
      <time>8</time>
    </ksState>
    <ksState>
      <x>170.82127116082518</x>
      <y>-338.9243528616514</y>
      <steeringAngle>-0.31980000000000003</steeringAngle>
      <velocity>4.0</velocity>
      <orientation>-1.7831849783938827</orientation>
      <time>9</time>
    </ksState>
    <ksState>
      <x>170.72655275527634</x>
      <y>-339.31292574694754</y>
      <steeringAngle>-0.35533333333333333</steeringAngle>
      <velocity>4.0</velocity>
      <orientation>-1.837633179572161</orientation>
      <time>10</time>
    </ksState>
    <ksState>
      <x>170.61003747303576</x>
      <y>-339.6955221555667</y>
      <steeringAngle>-0.35533333333333333</steeringAngle>
      <velocity>4.0</velocity>
      <orientation>-1.895189886328875</orientation>
      <time>11</time>
    </ksState>
    <ksState>
      <x>170.47170629192058</x>
      <y>-340.0707825097051</y>
      <steeringAngle>-0.35533333333333333</steeringAngle>
      <velocity>4.0</velocity>
      <orientation>-1.952746593085589</orientation>
      <time>12</time>
    </ksState>
    <ksState>
      <x>170.31201735125626</x>
      <y>-340.43746396871944</y>
      <steeringAngle>-0.35533333333333333</steeringAngle>
      <velocity>4.0</velocity>
      <orientation>-2.010303299842303</orientation>
      <time>13</time>
    </ksState>
    <ksState>
      <x>170.13149951811653</x>
      <y>-340.794352134882</y>
      <steeringAngle>-0.35533333333333333</steeringAngle>
      <velocity>4.0</velocity>
      <orientation>-2.067860006599017</orientation>
      <time>14</time>
    </ksState>
    <ksState>
      <x>169.93075064227324</x>
      <y>-341.14026504479006</y>
      <steeringAngle>-0.35533333333333333</steeringAngle>
      <velocity>4.0</velocity>
      <orientation>-2.125416713355731</orientation>
      <time>15</time>
    </ksState>
    <ksState>
      <x>169.7100879728469</x>
      <y>-341.4738198836363</y>
      <steeringAngle>-0.39086666666666653</steeringAngle>
      <velocity>4.0</velocity>
      <orientation>-2.186137079661718</orientation>
      <time>16</time>
    </ksState>
    <ksState>
      <x>169.4685749856836</x>
      <y>-341.79258520299146</y>
      <steeringAngle>-0.42639999999999995</steeringAngle>
      <velocity>4.0</velocity>
      <orientation>-2.253306693118122</orientation>
      <time>17</time>
    </ksState>
    <ksState>
      <x>169.20522475313723</x>
      <y>-342.0935403661967</y>
      <steeringAngle>-0.4619333333333333</steeringAngle>
      <velocity>4.0</velocity>
      <orientation>-2.3271272767504656</orientation>
      <time>18</time>
    </ksState>
    <ksState>
      <x>168.91944962515237</x>
      <y>-342.37326481144714</y>
      <steeringAngle>-0.49746666666666667</steeringAngle>
      <velocity>4.0</velocity>
      <orientation>-2.407827818563686</orientation>
      <time>19</time>
    </ksState>
    <ksState>
      <x>168.61116537373417</x>
      <y>-342.6279371037286</y>
      <steeringAngle>-0.533</steeringAngle>
      <velocity>4.0</velocity>
      <orientation>-2.495667685163495</orientation>
      <time>20</time>
    </ksState>
    <ksState>
      <x>168.28118532708706</x>
      <y>-342.8537723260194</y>
      <steeringAngle>-0.533</steeringAngle>
      <velocity>4.0</velocity>
      <orientation>-2.587171983718315</orientation>
      <time>21</time>
    </ksState>
    <ksState>
      <x>167.93194969023332</x>
      <y>-343.0485102887265</y>
      <steeringAngle>-0.533</steeringAngle>
      <velocity>4.0</velocity>
      <orientation>-2.6786762822731345</orientation>
      <time>22</time>
    </ksState>
    <ksState>
      <x>167.56638060962493</x>
      <y>-343.2105215619298</y>
      <steeringAngle>-0.533</steeringAngle>
      <velocity>4.0</velocity>
      <orientation>-2.7701805808279545</orientation>
      <time>23</time>
    </ksState>
    <ksState>
      <x>167.1875368729801</x>
      <y>-343.3384505654962</y>
      <steeringAngle>-0.533</steeringAngle>
      <velocity>4.0</velocity>
      <orientation>-2.8616848793827745</orientation>
      <time>24</time>
    </ksState>
    <ksState>
      <x>166.79858833940733</x>
      <y>-343.43122689238544</y>
      <steeringAngle>-0.533</steeringAngle>
      <velocity>4.0</velocity>
      <orientation>-2.953189177937594</orientation>
      <time>25</time>
    </ksState>
    <ksState>
      <x>166.40284855703743</x>
      <y>-343.4885608366959</y>
      <steeringAngle>-0.4974666666666666</steeringAngle>
      <velocity>4.0</velocity>
      <orientation>-3.0410290447770434</orientation>
      <time>26</time>
    </ksState>
    <ksState>
      <x>166.00366781704997</x>
      <y>-343.5123920780786</y>
      <steeringAngle>-0.4619333333333334</steeringAngle>
      <velocity>4.0</velocity>
      <orientation>-3.1217295865642134</orientation>
      <time>27</time>
    </ksState>
    <ksState>
      <x>165.6038206388375</x>
      <y>-343.50534977884644</y>
      <steeringAngle>-0.42640000000000017</steeringAngle>
      <velocity>4.0</velocity>
      <orientation>-3.1955501698140183</orientation>
      <time>28</time>
    </ksState>
    <ksState>
      <x>165.20544642200414</x>
      <y>-343.47016680649966</y>
      <steeringAngle>-0.3908666666666668</steeringAngle>
      <velocity>4.0</velocity>
      <orientation>-3.2627197826768812</orientation>
      <time>29</time>
    </ksState>
    <ksState>
      <x>164.81012011747114</x>
      <y>-343.40960323957523</y>
      <steeringAngle>-0.3553333333333335</steeringAngle>
      <velocity>4.0</velocity>
      <orientation>-3.3234401505551667</orientation>
      <time>30</time>
    </ksState>
    <ksState>
      <x>164.38006346692805</x>
      <y>-343.31690132654643</y>
      <steeringAngle>-0.31979999999999975</steeringAngle>
      <velocity>4.800000000000001</velocity>
      <orientation>-3.3832299855869152</orientation>
      <time>31</time>
    </ksState>
    <ksState>
      <x>163.87949509402927</x>
      <y>-343.17639263363986</y>
      <steeringAngle>-0.28426666666666645</steeringAngle>
      <velocity>5.600000000000004</velocity>
      <orientation>-3.445959085718239</orientation>
      <time>32</time>
    </ksState>
    <ksState>
      <x>163.31330316329195</x>
      <y>-342.9781349989328</y>
      <steeringAngle>-0.2487333333333331</steeringAngle>
      <velocity>6.400000000000004</velocity>
      <orientation>-3.509381222410915</orientation>
      <time>33</time>
    </ksState>
    <ksState>
      <x>162.68696803919684</x>
      <y>-342.7136417920658</y>
      <steeringAngle>-0.21319999999999992</steeringAngle>
      <velocity>7.200000000000004</velocity>
      <orientation>-3.5712983110887135</orientation>
      <time>34</time>
    </ksState>
    <ksState>
      <x>162.00597557418305</x>
      <y>-342.3764682365346</y>
      <steeringAngle>-0.17766666666666656</steeringAngle>
      <velocity>8.000000000000004</velocity>
      <orientation>-3.6295476406896787</orientation>
      <time>35</time>
    </ksState>
    <ksState>
      <x>161.30938699344455</x>
      <y>-341.98323707833316</y>
      <steeringAngle>-0.14213333333333336</steeringAngle>
      <velocity>8.0</velocity>
      <orientation>-3.679582452238427</orientation>
      <time>36</time>
    </ksState>
    <ksState>
      <x>160.63091028691662</x>
      <y>-341.5594576190348</y>
      <steeringAngle>-0.1066000000000001</steeringAngle>
      <velocity>8.0</velocity>
      <orientation>-3.7183663042454245</orientation>
      <time>37</time>
    </ksState>
    <ksState>
      <x>159.96685435229926</x>
      <y>-341.1133759177705</y>
      <steeringAngle>-0.07106666666666674</steeringAngle>
      <velocity>8.0</velocity>
      <orientation>-3.7459987832751116</orientation>
      <time>38</time>
    </ksState>
    <ksState>
      <x>159.31279899518807</x>
      <y>-340.65272760394237</y>
      <steeringAngle>-0.035533333333333354</steeringAngle>
      <velocity>8.0</velocity>
      <orientation>-3.7625503039041406</orientation>
      <time>39</time>
    </ksState>
    <ksState>
      <x>158.66385754448342</x>
      <y>-340.1848886792206</y>
      <steeringAngle>-2.0816681711721685e-17</steeringAngle>
      <velocity>8.0</velocity>
      <orientation>-3.7680628303625454</orientation>
      <time>40</time>
    </ksState>
    <ksState>
      <x>158.01577590690027</x>
      <y>-339.71585755975457</y>
      <steeringAngle>0.0</steeringAngle>
      <velocity>8.0</velocity>
      <orientation>-3.7680628303625454</orientation>
      <time>41</time>
    </ksState>
    <ksState>
      <x>157.36769426931716</x>
      <y>-339.24682644028854</y>
      <steeringAngle>0.0</steeringAngle>
      <velocity>8.0</velocity>
      <orientation>-3.7680628303625454</orientation>
      <time>42</time>
    </ksState>
    <ksState>
      <x>156.719612631734</x>
      <y>-338.7777953208225</y>
      <steeringAngle>0.0</steeringAngle>
      <velocity>8.0</velocity>
      <orientation>-3.7680628303625454</orientation>
      <time>43</time>
    </ksState>
    <ksState>
      <x>156.07153099415086</x>
      <y>-338.3087642013565</y>
      <steeringAngle>0.0</steeringAngle>
      <velocity>8.0</velocity>
      <orientation>-3.7680628303625454</orientation>
      <time>44</time>
    </ksState>
    <ksState>
      <x>155.42344935656772</x>
      <y>-337.8397330818904</y>
      <steeringAngle>0.0</steeringAngle>
      <velocity>8.0</velocity>
      <orientation>-3.7680628303625454</orientation>
      <time>45</time>
    </ksState>
    <ksState>
      <x>154.77536771898457</x>
      <y>-337.3707019624244</y>
      <steeringAngle>0.0</steeringAngle>
      <velocity>8.0</velocity>
      <orientation>-3.7680628303625454</orientation>
      <time>46</time>
    </ksState>
    <ksState>
      <x>154.12728608140145</x>
      <y>-336.90167084295837</y>
      <steeringAngle>0.0</steeringAngle>
      <velocity>8.0</velocity>
      <orientation>-3.7680628303625454</orientation>
      <time>47</time>
    </ksState>
    <ksState>
      <x>153.4792044438183</x>
      <y>-336.43263972349234</y>
      <steeringAngle>0.0</steeringAngle>
      <velocity>8.0</velocity>
      <orientation>-3.7680628303625454</orientation>
      <time>48</time>
    </ksState>
    <ksState>
      <x>152.83112280623516</x>
      <y>-335.9636086040263</y>
      <steeringAngle>0.0</steeringAngle>
      <velocity>8.0</velocity>
      <orientation>-3.7680628303625454</orientation>
      <time>49</time>
    </ksState>
    <ksState>
      <x>152.183041168652</x>
      <y>-335.49457748456024</y>
      <steeringAngle>0.0</steeringAngle>
      <velocity>8.0</velocity>
      <orientation>-3.7680628303625454</orientation>
      <time>50</time>
    </ksState>
    <ksState>
      <x>151.53495953106886</x>
      <y>-335.0255463650942</y>
      <steeringAngle>0.0</steeringAngle>
      <velocity>8.0</velocity>
      <orientation>-3.7680628303625454</orientation>
      <time>51</time>
    </ksState>
    <ksState>
      <x>150.88687789348575</x>
      <y>-334.5565152456282</y>
      <steeringAngle>0.0</steeringAngle>
      <velocity>8.0</velocity>
      <orientation>-3.7680628303625454</orientation>
      <time>52</time>
    </ksState>
    <ksState>
      <x>150.2387962559026</x>
      <y>-334.08748412616217</y>
      <steeringAngle>0.0</steeringAngle>
      <velocity>8.0</velocity>
      <orientation>-3.7680628303625454</orientation>
      <time>53</time>
    </ksState>
    <ksState>
      <x>149.59071461831945</x>
      <y>-333.61845300669614</y>
      <steeringAngle>0.0</steeringAngle>
      <velocity>8.0</velocity>
      <orientation>-3.7680628303625454</orientation>
      <time>54</time>
    </ksState>
    <ksState>
      <x>148.9426329807363</x>
      <y>-333.14942188723006</y>
      <steeringAngle>0.0</steeringAngle>
      <velocity>8.0</velocity>
      <orientation>-3.7680628303625454</orientation>
      <time>55</time>
    </ksState>
    <ksState>
      <x>148.29369156405866</x>
      <y>-332.6815829892346</y>
      <steeringAngle>0.03553333333333333</steeringAngle>
      <velocity>8.0</velocity>
      <orientation>-3.7625502953597065</orientation>
      <time>56</time>
    </ksState>
    <ksState>
      <x>147.63963620427293</x>
      <y>-332.2209346780685</y>
      <steeringAngle>0.07106666666666667</steeringAngle>
      <velocity>8.0</velocity>
      <orientation>-3.745998774479437</orientation>
      <time>57</time>
    </ksState>
    <ksState>
      <x>146.97558026606794</x>
      <y>-331.77485298071946</y>
      <steeringAngle>0.10659999999999997</steeringAngle>
      <velocity>8.0</velocity>
      <orientation>-3.718366295188742</orientation>
      <time>58</time>
    </ksState>
    <ksState>
      <x>146.29710355534883</x>
      <y>-331.3510735264497</y>
      <steeringAngle>0.1421333333333333</steeringAngle>
      <velocity>8.0</velocity>
      <orientation>-3.6795824429160073</orientation>
      <time>59</time>
    </ksState>
    <ksState>
      <x>145.60051496213816</x>
      <y>-330.9578424030349</y>
      <steeringAngle>0.17766666666666667</steeringAngle>
      <velocity>8.0</velocity>
      <orientation>-3.6295476306668526</orientation>
      <time>60</time>
    </ksState>
    <ksState>
      <x>144.88445768384832</x>
      <y>-330.6012917491246</y>
      <steeringAngle>0.14213333333333336</steeringAngle>
      <velocity>8.0</velocity>
      <orientation>-3.5795128191181043</orientation>
      <time>61</time>
    </ksState>
    <ksState>
      <x>144.15325008976617</x>
      <y>-330.276861285418</y>
      <steeringAngle>0.1066000000000001</steeringAngle>
      <velocity>8.0</velocity>
      <orientation>-3.540728967111107</orientation>
      <time>62</time>
    </ksState>
    <ksState>
      <x>143.41165311879408</x>
      <y>-329.9768727837244</y>
      <steeringAngle>0.07106666666666674</steeringAngle>
      <velocity>8.0</velocity>
      <orientation>-3.5130964880814197</orientation>
      <time>63</time>
    </ksState>
    <ksState>
      <x>142.66359637182072</x>
      <y>-329.6933302251796</y>
      <steeringAngle>0.035533333333333354</steeringAngle>
      <velocity>8.0</velocity>
      <orientation>-3.4965449674523907</orientation>
      <time>64</time>
    </ksState>
    <ksState>
      <x>141.91245018129362</x>
      <y>-329.41805278988176</y>
      <steeringAngle>2.0816681711721685e-17</steeringAngle>
      <velocity>8.0</velocity>
      <orientation>-3.491032440993986</orientation>
      <time>65</time>
    </ksState>
    <ksState>
      <x>141.16130403197084</x>
      <y>-329.1427753677877</y>
      <steeringAngle>-0.03553333333333333</steeringAngle>
      <velocity>8.0</velocity>
      <orientation>-3.496544975996825</orientation>
      <time>66</time>
    </ksState>
    <ksState>
      <x>140.41324728570333</x>
      <y>-328.85923280553595</y>
      <steeringAngle>-0.07106666666666667</steeringAngle>
      <velocity>8.0</velocity>
      <orientation>-3.513096496877094</orientation>
      <time>67</time>
    </ksState>
    <ksState>
      <x>139.6716503159633</x>
      <y>-328.55924429867684</y>
      <steeringAngle>-0.10659999999999997</steeringAngle>
      <velocity>8.0</velocity>
      <orientation>-3.5407289761677894</orientation>
      <time>68</time>
    </ksState>
    <ksState>
      <x>138.94044272369715</x>
      <y>-328.234813828681</y>
      <steeringAngle>-0.1421333333333333</steeringAngle>
      <velocity>8.0</velocity>
      <orientation>-3.579512828440524</orientation>
      <time>69</time>
    </ksState>
    <ksState>
      <x>138.22438546722842</x>
      <y>-327.8782631449462</y>
      <steeringAngle>-0.17766666666666667</steeringAngle>
      <velocity>8.0</velocity>
      <orientation>-3.6295476406896787</orientation>
      <time>70</time>
    </ksState>
    <ksState>
      <x>137.5277968864899</x>
      <y>-327.48503198674473</y>
      <steeringAngle>-0.14213333333333336</steeringAngle>
      <velocity>8.0</velocity>
      <orientation>-3.679582452238427</orientation>
      <time>71</time>
    </ksState>
    <ksState>
      <x>136.84932017996198</x>
      <y>-327.06125252744636</y>
      <steeringAngle>-0.1066000000000001</steeringAngle>
      <velocity>8.0</velocity>
      <orientation>-3.7183663042454245</orientation>
      <time>72</time>
    </ksState>
    <ksState>
      <x>136.18526424534463</x>
      <y>-326.61517082618207</y>
      <steeringAngle>-0.07106666666666674</steeringAngle>
      <velocity>8.0</velocity>
      <orientation>-3.7459987832751116</orientation>
      <time>73</time>
    </ksState>
    <ksState>
      <x>135.53120888823344</x>
      <y>-326.15452251235394</y>
      <steeringAngle>-0.035533333333333354</steeringAngle>
      <velocity>8.0</velocity>
      <orientation>-3.7625503039041406</orientation>
      <time>74</time>
    </ksState>
    <ksState>
      <x>134.88226743752878</x>
      <y>-325.68668358763216</y>
      <steeringAngle>-2.0816681711721685e-17</steeringAngle>
      <velocity>8.0</velocity>
      <orientation>-3.7680628303625454</orientation>
      <time>75</time>
    </ksState>
    <ksState>
      <x>134.23418579994564</x>
      <y>-325.21765246816614</y>
      <steeringAngle>0.0</steeringAngle>
      <velocity>8.0</velocity>
      <orientation>-3.7680628303625454</orientation>
      <time>76</time>
    </ksState>
    <ksState>
      <x>133.58610416236252</x>
      <y>-324.7486213487001</y>
      <steeringAngle>0.0</steeringAngle>
      <velocity>8.0</velocity>
      <orientation>-3.7680628303625454</orientation>
      <time>77</time>
    </ksState>
    <ksState>
      <x>132.93802252477937</x>
      <y>-324.2795902292341</y>
      <steeringAngle>0.0</steeringAngle>
      <velocity>8.0</velocity>
      <orientation>-3.7680628303625454</orientation>
      <time>78</time>
    </ksState>
    <ksState>
      <x>132.28994088719622</x>
      <y>-323.81055910976806</y>
      <steeringAngle>0.0</steeringAngle>
      <velocity>8.0</velocity>
      <orientation>-3.7680628303625454</orientation>
      <time>79</time>
    </ksState>
    <ksState>
      <x>131.64185924961308</x>
      <y>-323.341527990302</y>
      <steeringAngle>0.0</steeringAngle>
      <velocity>8.0</velocity>
      <orientation>-3.7680628303625454</orientation>
      <time>80</time>
    </ksState>
    <ksState>
      <x>130.99377761202993</x>
      <y>-322.87249687083596</y>
      <steeringAngle>0.0</steeringAngle>
      <velocity>8.0</velocity>
      <orientation>-3.7680628303625454</orientation>
      <time>81</time>
    </ksState>
    <ksState>
      <x>130.3456959744468</x>
      <y>-322.40346575136994</y>
      <steeringAngle>0.0</steeringAngle>
      <velocity>8.0</velocity>
      <orientation>-3.7680628303625454</orientation>
      <time>82</time>
    </ksState>
    <ksState>
      <x>129.69761433686367</x>
      <y>-321.9344346319039</y>
      <steeringAngle>0.0</steeringAngle>
      <velocity>8.0</velocity>
      <orientation>-3.7680628303625454</orientation>
      <time>83</time>
    </ksState>
    <ksState>
      <x>129.04953269928052</x>
      <y>-321.4654035124379</y>
      <steeringAngle>0.0</steeringAngle>
      <velocity>8.0</velocity>
      <orientation>-3.7680628303625454</orientation>
      <time>84</time>
    </ksState>
    <ksState>
      <x>128.40145106169737</x>
      <y>-320.9963723929718</y>
      <steeringAngle>0.0</steeringAngle>
      <velocity>8.0</velocity>
      <orientation>-3.7680628303625454</orientation>
      <time>85</time>
    </ksState>
    <ksState>
      <x>127.75336942411424</x>
      <y>-320.5273412735058</y>
      <steeringAngle>0.0</steeringAngle>
      <velocity>8.0</velocity>
      <orientation>-3.7680628303625454</orientation>
      <time>86</time>
    </ksState>
    <ksState>
      <x>127.1052877865311</x>
      <y>-320.05831015403976</y>
      <steeringAngle>0.0</steeringAngle>
      <velocity>8.0</velocity>
      <orientation>-3.7680628303625454</orientation>
      <time>87</time>
    </ksState>
    <ksState>
      <x>126.45720614894796</x>
      <y>-319.58927903457374</y>
      <steeringAngle>0.0</steeringAngle>
      <velocity>8.0</velocity>
      <orientation>-3.7680628303625454</orientation>
      <time>88</time>
    </ksState>
    <ksState>
      <x>125.80912451136481</x>
      <y>-319.1202479151077</y>
      <steeringAngle>0.0</steeringAngle>
      <velocity>8.0</velocity>
      <orientation>-3.7680628303625454</orientation>
      <time>89</time>
    </ksState>
    <ksState>
      <x>125.16104287378168</x>
      <y>-318.65121679564163</y>
      <steeringAngle>0.0</steeringAngle>
      <velocity>8.0</velocity>
      <orientation>-3.7680628303625454</orientation>
      <time>90</time>
    </ksState>
    <ksState>
      <x>124.51210145710405</x>
      <y>-318.18337789764615</y>
      <steeringAngle>0.03553333333333333</steeringAngle>
      <velocity>8.0</velocity>
      <orientation>-3.7625502953597065</orientation>
      <time>91</time>
    </ksState>
    <ksState>
      <x>123.85804609731831</x>
      <y>-317.72272958648006</y>
      <steeringAngle>0.07106666666666667</steeringAngle>
      <velocity>8.0</velocity>
      <orientation>-3.745998774479437</orientation>
      <time>92</time>
    </ksState>
    <ksState>
      <x>123.19399015911331</x>
      <y>-317.276647889131</y>
      <steeringAngle>0.10659999999999997</steeringAngle>
      <velocity>8.0</velocity>
      <orientation>-3.718366295188742</orientation>
      <time>93</time>
    </ksState>
    <ksState>
      <x>122.51551344839422</x>
      <y>-316.85286843486125</y>
      <steeringAngle>0.1421333333333333</steeringAngle>
      <velocity>8.0</velocity>
      <orientation>-3.6795824429160073</orientation>
      <time>94</time>
    </ksState>
    <ksState>
      <x>121.81892485518354</x>
      <y>-316.45963731144644</y>
      <steeringAngle>0.17766666666666667</steeringAngle>
      <velocity>8.0</velocity>
      <orientation>-3.6295476306668526</orientation>
      <time>95</time>
    </ksState>
    <ksState>
      <x>121.13851021390016</x>
      <y>-316.12125713330016</y>
      <steeringAngle>0.17766666666666667</steeringAngle>
      <velocity>7.2</velocity>
      <orientation>-3.5766317032224753</orientation>
      <time>96</time>
    </ksState>
    <ksState>
      <x>120.51529715470444</x>
      <y>-315.8493764475325</y>
      <steeringAngle>0.17766666666666667</steeringAngle>
      <velocity>6.4</velocity>
      <orientation>-3.529285873429664</orientation>
      <time>97</time>
    </ksState>
    <ksState>
      <x>119.95525119855067</x>
      <y>-315.6342109994262</y>
      <steeringAngle>0.17766666666666667</steeringAngle>
      <velocity>5.599999999999999</velocity>
      <orientation>-3.487510141274479</orientation>
      <time>98</time>
    </ksState>
    <ksState>
      <x>119.46296900701225</x>
      <y>-315.4667932414758</y>
      <steeringAngle>0.17766666666666667</steeringAngle>
      <velocity>4.799999999999999</velocity>
      <orientation>-3.451304506752965</orientation>
      <time>99</time>
    </ksState>
  </ksTrajectory>
</CommonRoadSolution>
