<?xml version="1.0" ?>
<CommonRoadSolution benchmark_id="KS2:SM1:BEL_Wervik-2_2_T-1:2020a" computation_time="1.1036867519999873" date="2020-12-29">
  <ksTrajectory planningProblem="1">
    <ksState>
      <x>474.8616</x>
      <y>-307.86904</y>
      <steeringAngle>0.0</steeringAngle>
      <velocity>8.0</velocity>
      <orientation>2.0787662</orientation>
      <time>0</time>
    </ksState>
    <ksState>
      <x>474.4930624505897</x>
      <y>-307.20437563364135</y>
      <steeringAngle>-0.03553333333333333</steeringAngle>
      <velocity>7.199999999999999</velocity>
      <orientation>2.073621187017508</orientation>
      <time>1</time>
    </ksState>
    <ksState>
      <x>474.16907520914236</x>
      <y>-306.606525566651</y>
      <steeringAngle>-0.07106666666666664</steeringAngle>
      <velocity>6.400000000000001</velocity>
      <orientation>2.0596445148965445</orientation>
      <time>2</time>
    </ksState>
    <ksState>
      <x>473.89242456780136</x>
      <y>-306.0741237995144</y>
      <steeringAngle>-0.10659999999999997</steeringAngle>
      <velocity>5.600000000000004</velocity>
      <orientation>2.039012747030663</orientation>
      <time>3</time>
    </ksState>
    <ksState>
      <x>473.6633199597764</x>
      <y>-305.6073295545175</y>
      <steeringAngle>-0.1421333333333333</steeringAngle>
      <velocity>4.800000000000003</velocity>
      <orientation>2.013896539522015</orientation>
      <time>4</time>
    </ksState>
    <ksState>
      <x>473.47994045283735</x>
      <y>-305.2073797702716</y>
      <steeringAngle>-0.17766666666666653</steeringAngle>
      <velocity>4.000000000000006</velocity>
      <orientation>1.9864716429368652</orientation>
      <time>5</time>
    </ksState>
    <ksState>
      <x>473.32318472894735</x>
      <y>-304.8393861704801</y>
      <steeringAngle>-0.1421333333333333</steeringAngle>
      <velocity>4.0</velocity>
      <orientation>1.961454236592342</orientation>
      <time>6</time>
    </ksState>
    <ksState>
      <x>473.1746348327479</x>
      <y>-304.4679997064545</y>
      <steeringAngle>-0.10659999999999999</steeringAngle>
      <velocity>4.0</velocity>
      <orientation>1.9420623103015913</orientation>
      <time>7</time>
    </ksState>
    <ksState>
      <x>473.0322692413473</x>
      <y>-304.09419563455356</y>
      <steeringAngle>-0.07106666666666664</steeringAngle>
      <velocity>4.0</velocity>
      <orientation>1.9282460705666384</orientation>
      <time>8</time>
    </ksState>
    <ksState>
      <x>472.8940397085135</x>
      <y>-303.7188402385159</y>
      <steeringAngle>-0.03553333333333332</steeringAngle>
      <velocity>4.0</velocity>
      <orientation>1.919970310104373</orientation>
      <time>9</time>
    </ksState>
    <ksState>
      <x>472.757881950333</x>
      <y>-303.34272728668265</y>
      <steeringAngle>2.2985086056692694e-17</steeringAngle>
      <velocity>4.0</velocity>
      <orientation>1.9172140468095327</orientation>
      <time>10</time>
    </ksState>
    <ksState>
      <x>472.6217241946569</x>
      <y>-302.96661434846675</y>
      <steeringAngle>0.035533333333333326</steeringAngle>
      <velocity>4.0</velocity>
      <orientation>1.919970321342133</orientation>
      <time>11</time>
    </ksState>
    <ksState>
      <x>472.48349465817245</x>
      <y>-302.5912589537388</y>
      <steeringAngle>0.07106666666666711</steeringAngle>
      <velocity>4.0</velocity>
      <orientation>1.9282460818854186</orientation>
      <time>12</time>
    </ksState>
    <ksState>
      <x>472.3411290627964</x>
      <y>-302.21745488347636</y>
      <steeringAngle>0.10660000000000043</steeringAngle>
      <velocity>4.0</velocity>
      <orientation>1.9420623217045554</orientation>
      <time>13</time>
    </ksState>
    <ksState>
      <x>472.1925791625015</x>
      <y>-301.8460684215307</y>
      <steeringAngle>0.14213333333333378</steeringAngle>
      <velocity>4.0</velocity>
      <orientation>1.9614542480901012</orientation>
      <time>14</time>
    </ksState>
    <ksState>
      <x>472.03582343455975</x>
      <y>-301.4780748242264</y>
      <steeringAngle>0.1776666666666672</steeringAngle>
      <velocity>4.0</velocity>
      <orientation>1.9864716545414984</orientation>
      <time>15</time>
    </ksState>
    <ksState>
      <x>471.86956853451477</x>
      <y>-301.114274116873</y>
      <steeringAngle>0.1421333333333333</steeringAngle>
      <velocity>4.0</velocity>
      <orientation>2.0114890608860216</orientation>
      <time>16</time>
    </ksState>
    <ksState>
      <x>471.69527711259923</x>
      <y>-300.75424984329004</y>
      <steeringAngle>0.10659999999999999</steeringAngle>
      <velocity>4.0</velocity>
      <orientation>2.030880987176772</orientation>
      <time>17</time>
    </ksState>
    <ksState>
      <x>471.51503199011876</x>
      <y>-300.39716562128274</y>
      <steeringAngle>0.07106666666666664</steeringAngle>
      <velocity>4.0</velocity>
      <orientation>2.044697226911725</orientation>
      <time>18</time>
    </ksState>
    <ksState>
      <x>471.33085348309055</x>
      <y>-300.0420918900227</y>
      <steeringAngle>0.03553333333333332</steeringAngle>
      <velocity>4.0</velocity>
      <orientation>2.0529729873739906</orientation>
      <time>19</time>
    </ksState>
    <ksState>
      <x>471.14471913754306</x>
      <y>-299.6880383728009</y>
      <steeringAngle>-2.2985086056692694e-17</steeringAngle>
      <velocity>4.0</velocity>
      <orientation>2.055729250668831</orientation>
      <time>20</time>
    </ksState>
    <ksState>
      <x>470.9396135692181</x>
      <y>-299.29876763572133</y>
      <steeringAngle>0.0</steeringAngle>
      <velocity>4.8</velocity>
      <orientation>2.055729250668831</orientation>
      <time>21</time>
    </ksState>
    <ksState>
      <x>470.69721607944564</x>
      <y>-298.8387204011163</y>
      <steeringAngle>0.0</steeringAngle>
      <velocity>5.6</velocity>
      <orientation>2.055729250668831</orientation>
      <time>22</time>
    </ksState>
    <ksState>
      <x>470.41752666823294</x>
      <y>-298.3078966689998</y>
      <steeringAngle>0.0</steeringAngle>
      <velocity>6.4</velocity>
      <orientation>2.055729250668831</orientation>
      <time>23</time>
    </ksState>
    <ksState>
      <x>470.1005453355845</x>
      <y>-297.70629643938025</y>
      <steeringAngle>0.0</steeringAngle>
      <velocity>7.199999999999999</velocity>
      <orientation>2.055729250668831</orientation>
      <time>24</time>
    </ksState>
    <ksState>
      <x>469.74627208150304</x>
      <y>-297.0339197122628</y>
      <steeringAngle>0.0</steeringAngle>
      <velocity>7.999999999999998</velocity>
      <orientation>2.055729250668831</orientation>
      <time>25</time>
    </ksState>
    <ksState>
      <x>469.374654451744</x>
      <y>-296.3254717367491</y>
      <steeringAngle>-0.03553333333333333</steeringAngle>
      <velocity>8.0</velocity>
      <orientation>2.050216715665992</orientation>
      <time>26</time>
    </ksState>
    <ksState>
      <x>469.01087690440914</x>
      <y>-295.6129752972494</y>
      <steeringAngle>-0.07106666666666667</steeringAngle>
      <velocity>8.0</velocity>
      <orientation>2.0336651947857227</orientation>
      <time>27</time>
    </ksState>
    <ksState>
      <x>468.6629310425264</x>
      <y>-294.89263312371395</y>
      <steeringAngle>-0.10659999999999997</steeringAngle>
      <velocity>8.0</velocity>
      <orientation>2.0060327154950275</orientation>
      <time>28</time>
    </ksState>
    <ksState>
      <x>468.33909867688254</x>
      <y>-294.16116045039604</y>
      <steeringAngle>-0.1421333333333333</steeringAngle>
      <velocity>8.0</velocity>
      <orientation>1.9672488632222926</orientation>
      <time>29</time>
    </ksState>
    <ksState>
      <x>468.04806412398375</x>
      <y>-293.4160663129662</y>
      <steeringAngle>-0.17766666666666667</steeringAngle>
      <velocity>8.0</velocity>
      <orientation>1.9172140509731381</orientation>
      <time>30</time>
    </ksState>
    <ksState>
      <x>467.8077836811138</x>
      <y>-292.6951252889035</y>
      <steeringAngle>-0.1421333333333334</steeringAngle>
      <velocity>7.2</velocity>
      <orientation>1.8695867292275012</orientation>
      <time>31</time>
    </ksState>
    <ksState>
      <x>467.6189112546464</x>
      <y>-292.0419140082752</y>
      <steeringAngle>-0.10660000000000011</steeringAngle>
      <velocity>6.4</velocity>
      <orientation>1.8365271587795333</orientation>
      <time>32</time>
    </ksState>
    <ksState>
      <x>467.46778244884007</x>
      <y>-291.461270383258</y>
      <steeringAngle>-0.07106666666666674</steeringAngle>
      <velocity>5.600000000000001</velocity>
      <orientation>1.8157102104856448</orientation>
      <time>33</time>
    </ksState>
  </ksTrajectory>
</CommonRoadSolution>
