<?xml version="1.0" ?>
<CommonRoadSolution benchmark_id="KS2:SM1:DEU_Flensburg-82_1_T-1:2020a" computation_time="0.9644627090000313" date="2020-12-29">
  <ksTrajectory planningProblem="123">
    <ksState>
      <x>453.12322</x>
      <y>-399.0755</y>
      <steeringAngle>0.0</steeringAngle>
      <velocity>4.0</velocity>
      <orientation>1.1302833</orientation>
      <time>0</time>
    </ksState>
    <ksState>
      <x>453.31041656895843</x>
      <y>-398.67730748889267</y>
      <steeringAngle>0.035533333333333326</steeringAngle>
      <velocity>4.799999999999999</velocity>
      <orientation>1.133407078669191</orientation>
      <time>1</time>
    </ksState>
    <ksState>
      <x>453.52839857524384</x>
      <y>-398.2052045729601</y>
      <steeringAngle>0.07106666666666667</steeringAngle>
      <velocity>5.599999999999998</velocity>
      <orientation>1.1442576897303638</orientation>
      <time>2</time>
    </ksState>
    <ksState>
      <x>453.77130922739616</x>
      <y>-397.6565869006027</y>
      <steeringAngle>0.10659999999999999</steeringAngle>
      <velocity>6.3999999999999995</velocity>
      <orientation>1.1650746387306916</orientation>
      <time>3</time>
    </ksState>
    <ksState>
      <x>454.0298157525748</x>
      <y>-397.0276734416933</y>
      <steeringAngle>0.14213333333333333</steeringAngle>
      <velocity>7.199999999999999</velocity>
      <orientation>1.1981342097118568</orientation>
      <time>4</time>
    </ksState>
    <ksState>
      <x>454.2902102544797</x>
      <y>-396.313750951475</y>
      <steeringAngle>0.17766666666666664</steeringAngle>
      <velocity>7.9999999999999964</velocity>
      <orientation>1.2457615317934034</orientation>
      <time>5</time>
    </ksState>
    <ksState>
      <x>454.52444324970634</x>
      <y>-395.54891801173505</y>
      <steeringAngle>0.17766666666666667</steeringAngle>
      <velocity>8.0</velocity>
      <orientation>1.3014625081039153</orientation>
      <time>6</time>
    </ksState>
    <ksState>
      <x>454.71573306932316</x>
      <y>-394.77223095359096</y>
      <steeringAngle>0.17766666666666667</steeringAngle>
      <velocity>8.0</velocity>
      <orientation>1.357163484414427</orientation>
      <time>7</time>
    </ksState>
    <ksState>
      <x>454.8634863605321</x>
      <y>-393.9860989354712</y>
      <steeringAngle>0.17766666666666667</steeringAngle>
      <velocity>8.0</velocity>
      <orientation>1.4128644607249385</orientation>
      <time>8</time>
    </ksState>
    <ksState>
      <x>454.9672448226882</x>
      <y>-393.1929603789329</y>
      <steeringAngle>0.17766666666666667</steeringAngle>
      <velocity>8.0</velocity>
      <orientation>1.4685654370354504</orientation>
      <time>9</time>
    </ksState>
    <ksState>
      <x>455.0266866176918</x>
      <y>-392.3952754377461</y>
      <steeringAngle>0.17766666666666667</steeringAngle>
      <velocity>8.0</velocity>
      <orientation>1.5242664133459622</orientation>
      <time>10</time>
    </ksState>
    <ksState>
      <x>455.04313968711824</x>
      <y>-391.59552817072847</y>
      <steeringAngle>0.14213333333333336</steeringAngle>
      <velocity>8.0</velocity>
      <orientation>1.5743012248947106</orientation>
      <time>11</time>
    </ksState>
    <ksState>
      <x>455.0240788426161</x>
      <y>-390.7958054965275</y>
      <steeringAngle>0.1066000000000001</steeringAngle>
      <velocity>8.0</velocity>
      <orientation>1.613085076901708</orientation>
      <time>12</time>
    </ksState>
    <ksState>
      <x>454.97848031436837</x>
      <y>-389.99713163147055</y>
      <steeringAngle>0.07106666666666674</steeringAngle>
      <velocity>8.0</velocity>
      <orientation>1.640717555931395</orientation>
      <time>13</time>
    </ksState>
    <ksState>
      <x>454.9152524898334</x>
      <y>-389.19964337362404</y>
      <steeringAngle>0.035533333333333354</steeringAngle>
      <velocity>8.0</velocity>
      <orientation>1.6572690765604243</orientation>
      <time>14</time>
    </ksState>
    <ksState>
      <x>454.8432319078342</x>
      <y>-388.40289290974215</y>
      <steeringAngle>2.0816681711721685e-17</steeringAngle>
      <velocity>8.0</velocity>
      <orientation>1.6627816030188292</orientation>
      <time>15</time>
    </ksState>
    <ksState>
      <x>454.77470837299245</x>
      <y>-387.6459892366073</y>
      <steeringAngle>-0.03553333333333333</steeringAngle>
      <velocity>7.199999999999999</velocity>
      <orientation>1.6576365900363368</orientation>
      <time>16</time>
    </ksState>
    <ksState>
      <x>454.71993680601446</x>
      <y>-386.96820423332684</y>
      <steeringAngle>-0.07106666666666664</steeringAngle>
      <velocity>6.400000000000001</velocity>
      <orientation>1.6436599179153737</orientation>
      <time>17</time>
    </ksState>
    <ksState>
      <x>454.6820178687535</x>
      <y>-386.3694143092286</y>
      <steeringAngle>-0.10659999999999997</steeringAngle>
      <velocity>5.600000000000004</velocity>
      <orientation>1.6230281500494923</orientation>
      <time>18</time>
    </ksState>
    <ksState>
      <x>454.66107879347027</x>
      <y>-385.8498497379704</y>
      <steeringAngle>-0.1421333333333333</steeringAngle>
      <velocity>4.800000000000003</velocity>
      <orientation>1.5979119425408441</orientation>
      <time>19</time>
    </ksState>
    <ksState>
      <x>454.654954103585</x>
      <y>-385.40990614879405</y>
      <steeringAngle>-0.17766666666666653</steeringAngle>
      <velocity>4.000000000000006</velocity>
      <orientation>1.5704870459556943</orientation>
      <time>20</time>
    </ksState>
    <ksState>
      <x>454.66064753736583</x>
      <y>-385.0099596133336</y>
      <steeringAngle>-0.17766666666666667</steeringAngle>
      <velocity>4.0</velocity>
      <orientation>1.5426365578004384</orientation>
      <time>21</time>
    </ksState>
    <ksState>
      <x>454.67747602752064</x>
      <y>-384.6103266856221</y>
      <steeringAngle>-0.17766666666666667</steeringAngle>
      <velocity>4.0</velocity>
      <orientation>1.5147860696451825</orientation>
      <time>22</time>
    </ksState>
    <ksState>
      <x>454.7054265246092</x>
      <y>-384.211317355</y>
      <steeringAngle>-0.17766666666666667</steeringAngle>
      <velocity>4.0</velocity>
      <orientation>1.4869355814899268</orientation>
      <time>23</time>
    </ksState>
    <ksState>
      <x>454.7444773499531</x>
      <y>-383.8132410931847</y>
      <steeringAngle>-0.17766666666666667</steeringAngle>
      <velocity>4.0</velocity>
      <orientation>1.4590850933346708</orientation>
      <time>24</time>
    </ksState>
    <ksState>
      <x>454.79459821678876</x>
      <y>-383.4164066481862</y>
      <steeringAngle>-0.17766666666666667</steeringAngle>
      <velocity>4.0</velocity>
      <orientation>1.431234605179415</orientation>
      <time>25</time>
    </ksState>
    <ksState>
      <x>454.85537693334396</x>
      <y>-383.0210617429785</y>
      <steeringAngle>-0.1421333333333333</steeringAngle>
      <velocity>4.0</velocity>
      <orientation>1.4062171988348917</orientation>
      <time>26</time>
    </ksState>
    <ksState>
      <x>454.92491729186537</x>
      <y>-382.6271593237691</y>
      <steeringAngle>-0.10659999999999999</steeringAngle>
      <velocity>4.0</velocity>
      <orientation>1.386825272544141</orientation>
      <time>27</time>
    </ksState>
    <ksState>
      <x>455.0009873504413</x>
      <y>-382.23446250436155</y>
      <steeringAngle>-0.07106666666666664</steeringAngle>
      <velocity>4.0</velocity>
      <orientation>1.3730090328091882</orientation>
      <time>28</time>
    </ksState>
    <ksState>
      <x>455.0813899026638</x>
      <y>-381.8426277092269</y>
      <steeringAngle>-0.03553333333333332</steeringAngle>
      <velocity>4.0</velocity>
      <orientation>1.3647332723469228</orientation>
      <time>29</time>
    </ksState>
    <ksState>
      <x>455.1639523398067</x>
      <y>-381.45124128684813</y>
      <steeringAngle>2.2985086056692694e-17</steeringAngle>
      <velocity>4.0</velocity>
      <orientation>1.3619770090520824</orientation>
      <time>30</time>
    </ksState>
    <ksState>
      <x>455.25516654489</x>
      <y>-381.02079968837586</y>
      <steeringAngle>0.0</steeringAngle>
      <velocity>4.8</velocity>
      <orientation>1.3619770090520824</orientation>
      <time>31</time>
    </ksState>
    <ksState>
      <x>455.36296515086815</x>
      <y>-380.512095981229</y>
      <steeringAngle>0.0</steeringAngle>
      <velocity>5.6</velocity>
      <orientation>1.3619770090520824</orientation>
      <time>32</time>
    </ksState>
    <ksState>
      <x>455.4873481577379</x>
      <y>-379.9251301654232</y>
      <steeringAngle>0.0</steeringAngle>
      <velocity>6.4</velocity>
      <orientation>1.3619770090520824</orientation>
      <time>33</time>
    </ksState>
    <ksState>
      <x>455.62831556549725</x>
      <y>-379.25990224096756</y>
      <steeringAngle>0.0</steeringAngle>
      <velocity>7.199999999999999</velocity>
      <orientation>1.3619770090520824</orientation>
      <time>34</time>
    </ksState>
    <ksState>
      <x>455.785867374145</x>
      <y>-378.5164122078679</y>
      <steeringAngle>0.0</steeringAngle>
      <velocity>7.999999999999998</velocity>
      <orientation>1.3619770090520824</orientation>
      <time>35</time>
    </ksState>
    <ksState>
      <x>455.94215482752054</x>
      <y>-377.77265628207664</y>
      <steeringAngle>0.03553333333333333</steeringAngle>
      <velocity>7.199999999999999</velocity>
      <orientation>1.3671220220345748</orientation>
      <time>36</time>
    </ksState>
    <ksState>
      <x>456.0755613263557</x>
      <y>-377.10587660235507</y>
      <steeringAngle>0.07106666666666664</steeringAngle>
      <velocity>6.400000000000001</velocity>
      <orientation>1.3810986941555379</orientation>
      <time>37</time>
    </ksState>
    <ksState>
      <x>456.18302175382206</x>
      <y>-376.51558898133175</y>
      <steeringAngle>0.10659999999999997</steeringAngle>
      <velocity>5.600000000000004</velocity>
      <orientation>1.4017304620214193</orientation>
      <time>38</time>
    </ksState>
    <ksState>
      <x>456.26438290240725</x>
      <y>-376.0020072915478</y>
      <steeringAngle>0.1421333333333333</steeringAngle>
      <velocity>4.800000000000003</velocity>
      <orientation>1.4268466695300674</orientation>
      <time>39</time>
    </ksState>
    <ksState>
      <x>456.32174936803216</x>
      <y>-375.5657768912944</y>
      <steeringAngle>0.17766666666666653</steeringAngle>
      <velocity>4.000000000000006</velocity>
      <orientation>1.4542715661152172</orientation>
      <time>40</time>
    </ksState>
    <ksState>
      <x>456.3630922503082</x>
      <y>-375.1679296686763</y>
      <steeringAngle>0.1421333333333333</steeringAngle>
      <velocity>4.0</velocity>
      <orientation>1.4792889724597404</orientation>
      <time>41</time>
    </ksState>
    <ksState>
      <x>456.39559384265306</x>
      <y>-374.769258596466</y>
      <steeringAngle>0.10659999999999999</steeringAngle>
      <velocity>4.0</velocity>
      <orientation>1.4986808987504912</orientation>
      <time>42</time>
    </ksState>
    <ksState>
      <x>456.4214733028419</x>
      <y>-374.3700998569589</y>
      <steeringAngle>0.07106666666666664</steeringAngle>
      <velocity>4.0</velocity>
      <orientation>1.512497138485444</orientation>
      <time>43</time>
    </ksState>
    <ksState>
      <x>456.4429432099634</x>
      <y>-373.9706776240145</y>
      <steeringAngle>0.03553333333333332</steeringAngle>
      <velocity>4.0</velocity>
      <orientation>1.5207728989477094</orientation>
      <time>44</time>
    </ksState>
    <ksState>
      <x>456.46221009759796</x>
      <y>-373.5711420502663</y>
      <steeringAngle>-2.2985086056692694e-17</steeringAngle>
      <velocity>4.0</velocity>
      <orientation>1.5235291622425498</orientation>
      <time>45</time>
    </ksState>
    <ksState>
      <x>456.4834645959948</x>
      <y>-373.1316558984598</y>
      <steeringAngle>-0.035533333333333326</steeringAngle>
      <velocity>4.799999999999999</velocity>
      <orientation>1.5204053835733589</orientation>
      <time>46</time>
    </ksState>
    <ksState>
      <x>456.5121632995609</x>
      <y>-372.6124510229917</y>
      <steeringAngle>-0.07106666666666667</steeringAngle>
      <velocity>5.599999999999998</velocity>
      <orientation>1.509554772512186</orientation>
      <time>47</time>
    </ksState>
    <ksState>
      <x>456.554700525057</x>
      <y>-372.0139716834995</y>
      <steeringAngle>-0.10659999999999999</steeringAngle>
      <velocity>6.3999999999999995</velocity>
      <orientation>1.4887378235118582</orientation>
      <time>48</time>
    </ksState>
    <ksState>
      <x>456.62109265498816</x>
      <y>-371.33725176548285</y>
      <steeringAngle>-0.14213333333333333</steeringAngle>
      <velocity>7.199999999999999</velocity>
      <orientation>1.455678252530693</orientation>
      <time>49</time>
    </ksState>
    <ksState>
      <x>456.72565784563636</x>
      <y>-370.5845521311223</y>
      <steeringAngle>-0.17766666666666664</steeringAngle>
      <velocity>7.9999999999999964</velocity>
      <orientation>1.4080509304491464</orientation>
      <time>50</time>
    </ksState>
    <ksState>
      <x>456.87571210882146</x>
      <y>-369.7988358256432</y>
      <steeringAngle>-0.14213333333333336</steeringAngle>
      <velocity>8.0</velocity>
      <orientation>1.358016118900398</orientation>
      <time>51</time>
    </ksState>
    <ksState>
      <x>457.0605003244723</x>
      <y>-369.0205216302306</y>
      <steeringAngle>-0.1066000000000001</steeringAngle>
      <velocity>8.0</velocity>
      <orientation>1.3192322668934007</orientation>
      <time>52</time>
    </ksState>
    <ksState>
      <x>457.27102932620517</x>
      <y>-368.24874659310336</y>
      <steeringAngle>-0.07106666666666674</steeringAngle>
      <velocity>8.0</velocity>
      <orientation>1.2915997878637138</orientation>
      <time>53</time>
    </ksState>
    <ksState>
      <x>457.4985566722481</x>
      <y>-367.48179380055274</y>
      <steeringAngle>-0.035533333333333354</steeringAngle>
      <velocity>8.0</velocity>
      <orientation>1.2750482672346843</orientation>
      <time>54</time>
    </ksState>
    <ksState>
      <x>457.73453165548045</x>
      <y>-366.7173894093984</y>
      <steeringAngle>-2.0816681711721685e-17</steeringAngle>
      <velocity>8.0</velocity>
      <orientation>1.2695357407762795</orientation>
      <time>55</time>
    </ksState>
    <ksState>
      <x>457.9705066242592</x>
      <y>-365.9529850590268</y>
      <steeringAngle>0.03553333333333333</steeringAngle>
      <velocity>8.0</velocity>
      <orientation>1.2750482757791184</orientation>
      <time>56</time>
    </ksState>
    <ksState>
      <x>458.19803396692515</x>
      <y>-365.18603226479235</y>
      <steeringAngle>0.07106666666666667</steeringAngle>
      <velocity>8.0</velocity>
      <orientation>1.291599796659388</orientation>
      <time>57</time>
    </ksState>
    <ksState>
      <x>458.4085629638017</x>
      <y>-364.41425722551645</y>
      <steeringAngle>0.10659999999999997</steeringAngle>
      <velocity>8.0</velocity>
      <orientation>1.3192322759500827</orientation>
      <time>58</time>
    </ksState>
    <ksState>
      <x>458.5933511733484</x>
      <y>-363.635943027739</y>
      <steeringAngle>0.1421333333333333</steeringAngle>
      <velocity>8.0</velocity>
      <orientation>1.3580161282228178</orientation>
      <time>59</time>
    </ksState>
    <ksState>
      <x>458.74340539958536</x>
      <y>-362.8502267215561</y>
      <steeringAngle>0.17766666666666667</steeringAngle>
      <velocity>8.0</velocity>
      <orientation>1.4080509404719725</orientation>
      <time>60</time>
    </ksState>
    <ksState>
      <x>458.850980420587</x>
      <y>-362.0575968352784</y>
      <steeringAngle>0.17766666666666667</steeringAngle>
      <velocity>8.0</velocity>
      <orientation>1.4637519167824844</orientation>
      <time>61</time>
    </ksState>
    <ksState>
      <x>458.914261177172</x>
      <y>-361.2602072647274</y>
      <steeringAngle>0.17766666666666667</steeringAngle>
      <velocity>8.0</velocity>
      <orientation>1.519452893092996</orientation>
      <time>62</time>
    </ksState>
    <ksState>
      <x>458.93305138011584</x>
      <y>-360.460531384605</y>
      <steeringAngle>0.17766666666666667</steeringAngle>
      <velocity>8.0</velocity>
      <orientation>1.5751538694035077</orientation>
      <time>63</time>
    </ksState>
    <ksState>
      <x>458.9072927460318</x>
      <y>-359.66104962677264</y>
      <steeringAngle>0.17766666666666667</steeringAngle>
      <velocity>8.0</velocity>
      <orientation>1.6308548457140195</orientation>
      <time>64</time>
    </ksState>
    <ksState>
      <x>458.83706517240057</x>
      <y>-358.86424182040315</y>
      <steeringAngle>0.17766666666666667</steeringAngle>
      <velocity>8.0</velocity>
      <orientation>1.6865558220245314</orientation>
      <time>65</time>
    </ksState>
    <ksState>
      <x>458.7225864855406</x>
      <y>-358.07257954896477</y>
      <steeringAngle>0.17766666666666667</steeringAngle>
      <velocity>8.0</velocity>
      <orientation>1.7422567983350432</orientation>
      <time>66</time>
    </ksState>
    <ksState>
      <x>458.56421177584696</x>
      <y>-357.288518306008</y>
      <steeringAngle>0.17766666666666667</steeringAngle>
      <velocity>8.0</velocity>
      <orientation>1.7979577746455548</orientation>
      <time>67</time>
    </ksState>
    <ksState>
      <x>458.36243229393574</x>
      <y>-356.51449012457283</y>
      <steeringAngle>0.17766666666666667</steeringAngle>
      <velocity>8.0</velocity>
      <orientation>1.8536587509560665</orientation>
      <time>68</time>
    </ksState>
    <ksState>
      <x>458.11787391870104</x>
      <y>-355.75289588257834</y>
      <steeringAngle>0.17766666666666667</steeringAngle>
      <velocity>8.0</velocity>
      <orientation>1.9093597272665783</orientation>
      <time>69</time>
    </ksState>
    <ksState>
      <x>457.8312952197664</x>
      <y>-355.00609789000845</y>
      <steeringAngle>0.17766666666666667</steeringAngle>
      <velocity>8.0</velocity>
      <orientation>1.9650607035770902</orientation>
      <time>70</time>
    </ksState>
    <ksState>
      <x>457.50358511396075</x>
      <y>-354.27641260968755</y>
      <steeringAngle>0.17766666666666667</steeringAngle>
      <velocity>8.0</velocity>
      <orientation>2.020761679887602</orientation>
      <time>71</time>
    </ksState>
    <ksState>
      <x>457.1357600696528</x>
      <y>-353.5661032980793</y>
      <steeringAngle>0.17766666666666667</steeringAngle>
      <velocity>8.0</velocity>
      <orientation>2.076462656198114</orientation>
      <time>72</time>
    </ksState>
    <ksState>
      <x>456.7289610191183</x>
      <y>-352.87737322217123</y>
      <steeringAngle>0.17766666666666667</steeringAngle>
      <velocity>8.0</velocity>
      <orientation>2.1321636325086253</orientation>
      <time>73</time>
    </ksState>
    <ksState>
      <x>456.28444977023554</x>
      <y>-352.2123586825156</y>
      <steeringAngle>0.17766666666666667</steeringAngle>
      <velocity>8.0</velocity>
      <orientation>2.187864608819137</orientation>
      <time>74</time>
    </ksState>
    <ksState>
      <x>455.80360510567664</x>
      <y>-351.57312241871745</y>
      <steeringAngle>0.17766666666666667</steeringAngle>
      <velocity>8.0</velocity>
      <orientation>2.243565585129649</orientation>
      <time>75</time>
    </ksState>
    <ksState>
      <x>455.31349513535923</x>
      <y>-350.99240823981086</y>
      <steeringAngle>0.21320000000000014</steeringAngle>
      <velocity>7.200000000000003</velocity>
      <orientation>2.301814912201142</orientation>
      <time>76</time>
    </ksState>
    <ksState>
      <x>454.84453509919945</x>
      <y>-350.50013917998336</y>
      <steeringAngle>0.24873333333333347</steeringAngle>
      <velocity>6.400000000000004</velocity>
      <orientation>2.3637319996869213</orientation>
      <time>77</time>
    </ksState>
    <ksState>
      <x>454.4043253823093</x>
      <y>-350.0925918785047</y>
      <steeringAngle>0.2842666666666668</steeringAngle>
      <velocity>5.600000000000001</velocity>
      <orientation>2.4271541424508425</orientation>
      <time>78</time>
    </ksState>
    <ksState>
      <x>454.0012754679422</x>
      <y>-349.76416815198644</y>
      <steeringAngle>0.3198</steeringAngle>
      <velocity>4.800000000000002</velocity>
      <orientation>2.489883242192795</orientation>
      <time>79</time>
    </ksState>
    <ksState>
      <x>453.6438318920181</x>
      <y>-349.5076989514593</y>
      <steeringAngle>0.3553333333333332</steeringAngle>
      <velocity>4.000000000000001</velocity>
      <orientation>2.54967307624101</orientation>
      <time>80</time>
    </ksState>
    <ksState>
      <x>453.3054264734812</x>
      <y>-349.2945496683244</y>
      <steeringAngle>0.39086666666666653</steeringAngle>
      <velocity>4.0</velocity>
      <orientation>2.610393442546997</orientation>
      <time>81</time>
    </ksState>
    <ksState>
      <x>452.95410722499815</x>
      <y>-349.10346163249403</y>
      <steeringAngle>0.42639999999999995</steeringAngle>
      <velocity>4.0</velocity>
      <orientation>2.6775630560034007</orientation>
      <time>82</time>
    </ksState>
    <ksState>
      <x>452.59021813939347</x>
      <y>-348.93759394842056</y>
      <steeringAngle>0.4619333333333333</steeringAngle>
      <velocity>4.0</velocity>
      <orientation>2.7513836396357445</orientation>
      <time>83</time>
    </ksState>
    <ksState>
      <x>452.21463171562755</x>
      <y>-348.80030583047824</y>
      <steeringAngle>0.49746666666666667</steeringAngle>
      <velocity>4.0</velocity>
      <orientation>2.832084181448965</orientation>
      <time>84</time>
    </ksState>
    <ksState>
      <x>451.8288442606129</x>
      <y>-348.69511459661487</y>
      <steeringAngle>0.533</steeringAngle>
      <velocity>4.0</velocity>
      <orientation>2.919924048048774</orientation>
      <time>85</time>
    </ksState>
    <ksState>
      <x>451.4352302840928</x>
      <y>-348.6246504638351</y>
      <steeringAngle>0.4974666666666666</steeringAngle>
      <velocity>4.0</velocity>
      <orientation>3.007763914888223</orientation>
      <time>86</time>
    </ksState>
    <ksState>
      <x>451.037062987372</x>
      <y>-348.5875560563754</y>
      <steeringAngle>0.4619333333333334</steeringAngle>
      <velocity>4.0</velocity>
      <orientation>3.088464456675393</orientation>
      <time>87</time>
    </ksState>
    <ksState>
      <x>450.63720279818284</x>
      <y>-348.5812959441906</y>
      <steeringAngle>0.42640000000000017</steeringAngle>
      <velocity>4.0</velocity>
      <orientation>3.162285039925198</orientation>
      <time>88</time>
    </ksState>
    <ksState>
      <x>450.23787882496924</x>
      <y>-348.6032099259752</y>
      <steeringAngle>0.3908666666666668</steeringAngle>
      <velocity>4.0</velocity>
      <orientation>3.229454652788061</orientation>
      <time>89</time>
    </ksState>
    <ksState>
      <x>449.84075694477576</x>
      <y>-348.65059183144496</y>
      <steeringAngle>0.3553333333333335</steeringAngle>
      <velocity>4.0</velocity>
      <orientation>3.2901750206663465</orientation>
      <time>90</time>
    </ksState>
    <ksState>
      <x>449.44700741408224</x>
      <y>-348.7207472500602</y>
      <steeringAngle>0.31979999999999986</steeringAngle>
      <velocity>4.0</velocity>
      <orientation>3.3446232198597263</orientation>
      <time>91</time>
    </ksState>
    <ksState>
      <x>449.0573700599429</x>
      <y>-348.81103340478586</y>
      <steeringAngle>0.28426666666666656</steeringAngle>
      <velocity>4.0</velocity>
      <orientation>3.3929538993409833</orientation>
      <time>92</time>
    </ksState>
    <ksState>
      <x>448.6722153684702</x>
      <y>-348.91888489439515</y>
      <steeringAngle>0.2487333333333332</steeringAngle>
      <velocity>4.0</velocity>
      <orientation>3.4353011330638585</orientation>
      <time>93</time>
    </ksState>
    <ksState>
      <x>448.2916010170899</x>
      <y>-349.0418278199626</y>
      <steeringAngle>0.21319999999999986</steeringAngle>
      <velocity>4.0</velocity>
      <orientation>3.4717799741374864</orientation>
      <time>94</time>
    </ksState>
    <ksState>
      <x>447.9153236083415</x>
      <y>-349.1774844767469</y>
      <steeringAngle>0.1776666666666665</steeringAngle>
      <velocity>4.0</velocity>
      <orientation>3.502487756786314</orientation>
      <time>95</time>
    </ksState>
    <ksState>
      <x>447.58003557423905</x>
      <y>-349.30854323309205</y>
      <steeringAngle>0.1421333333333333</steeringAngle>
      <velocity>3.1999999999999993</velocity>
      <orientation>3.5250976717597564</orientation>
      <time>96</time>
    </ksState>
    <ksState>
      <x>447.32113381845573</x>
      <y>-349.415167128089</y>
      <steeringAngle>0.10659999999999997</steeringAngle>
      <velocity>2.3999999999999977</velocity>
      <orientation>3.5387653126304635</orientation>
      <time>97</time>
    </ksState>
    <ksState>
      <x>447.13699238098104</x>
      <y>-349.493216893743</y>
      <steeringAngle>0.07106666666666664</steeringAngle>
      <velocity>1.5999999999999976</velocity>
      <orientation>3.5457660184836826</orientation>
      <time>98</time>
    </ksState>
    <ksState>
      <x>447.02672832172084</x>
      <y>-349.54056484868215</y>
      <steeringAngle>0.0355333333333333</steeringAngle>
      <velocity>0.7999999999999972</velocity>
      <orientation>3.54834086295765</orientation>
      <time>99</time>
    </ksState>
  </ksTrajectory>
</CommonRoadSolution>
