<?xml version="1.0" ?>
<CommonRoadSolution benchmark_id="KS2:SM1:FRA_Miramas-9_1_T-1:2020a" computation_time="0.8683336730000519" date="2020-12-29">
  <ksTrajectory planningProblem="1">
    <ksState>
      <x>639.78661</x>
      <y>-281.13297</y>
      <steeringAngle>0.0</steeringAngle>
      <velocity>16.0</velocity>
      <orientation>-3.1237348</orientation>
      <time>0</time>
    </ksState>
    <ksState>
      <x>638.2268587380136</x>
      <y>-281.160826770938</y>
      <steeringAngle>0.0</steeringAngle>
      <velocity>15.2</velocity>
      <orientation>-3.1237348</orientation>
      <time>1</time>
    </ksState>
    <ksState>
      <x>636.7470947207952</x>
      <y>-281.18725498951017</y>
      <steeringAngle>0.0</steeringAngle>
      <velocity>14.400000000000002</velocity>
      <orientation>-3.1237348</orientation>
      <time>2</time>
    </ksState>
    <ksState>
      <x>635.3473179479748</x>
      <y>-281.21225465572303</y>
      <steeringAngle>0.0</steeringAngle>
      <velocity>13.600000000000001</velocity>
      <orientation>-3.1237348</orientation>
      <time>3</time>
    </ksState>
    <ksState>
      <x>634.0275284194402</x>
      <y>-281.2358257695787</y>
      <steeringAngle>0.0</steeringAngle>
      <velocity>12.800000000000004</velocity>
      <orientation>-3.1237348</orientation>
      <time>4</time>
    </ksState>
    <ksState>
      <x>632.787726135156</x>
      <y>-281.25796833107773</y>
      <steeringAngle>0.0</steeringAngle>
      <velocity>12.000000000000002</velocity>
      <orientation>-3.1237348</orientation>
      <time>5</time>
    </ksState>
    <ksState>
      <x>631.627972523329</x>
      <y>-281.2817192172794</y>
      <steeringAngle>0.03553333333333333</steeringAngle>
      <velocity>11.200000000000001</velocity>
      <orientation>-3.115833526227656</orientation>
      <time>6</time>
    </ksState>
    <ksState>
      <x>630.5486808383359</x>
      <y>-281.3202036582938</y>
      <steeringAngle>0.07106666666666667</steeringAngle>
      <velocity>10.400000000000007</velocity>
      <orientation>-3.093581095429166</orientation>
      <time>7</time>
    </ksState>
    <ksState>
      <x>629.5507825812799</x>
      <y>-281.38423519312835</y>
      <steeringAngle>0.10660000000000001</steeringAngle>
      <velocity>9.60000000000001</velocity>
      <orientation>-3.059133084544494</orientation>
      <time>8</time>
    </ksState>
    <ksState>
      <x>628.6357948072808</x>
      <y>-281.47940654221793</y>
      <steeringAngle>0.14213333333333344</steeringAngle>
      <velocity>8.800000000000008</velocity>
      <orientation>-3.0146249524236493</orientation>
      <time>9</time>
    </ksState>
    <ksState>
      <x>627.8056003751203</x>
      <y>-281.6067466435143</y>
      <steeringAngle>0.17766666666666675</steeringAngle>
      <velocity>8.000000000000009</velocity>
      <orientation>-2.9621826546086676</orientation>
      <time>10</time>
    </ksState>
    <ksState>
      <x>627.0620283310927</x>
      <y>-281.7633906856239</y>
      <steeringAngle>0.21320000000000014</steeringAngle>
      <velocity>7.200000000000003</velocity>
      <orientation>-2.9039333275371746</orientation>
      <time>11</time>
    </ksState>
    <ksState>
      <x>626.4063703924129</x>
      <y>-281.94329346554787</y>
      <steeringAngle>0.24873333333333347</steeringAngle>
      <velocity>6.400000000000004</velocity>
      <orientation>-2.8420162400513953</orientation>
      <time>12</time>
    </ksState>
    <ksState>
      <x>625.8389466657486</x>
      <y>-282.13799763141367</y>
      <steeringAngle>0.2842666666666668</steeringAngle>
      <velocity>5.600000000000001</velocity>
      <orientation>-2.778594097287474</orientation>
      <time>13</time>
    </ksState>
    <ksState>
      <x>625.358809192003</x>
      <y>-282.3374453286094</y>
      <steeringAngle>0.3198</steeringAngle>
      <velocity>4.800000000000002</velocity>
      <orientation>-2.7158649975455216</orientation>
      <time>14</time>
    </ksState>
    <ksState>
      <x>624.9636440247124</x>
      <y>-282.5308021266502</y>
      <steeringAngle>0.3553333333333332</steeringAngle>
      <velocity>4.000000000000001</velocity>
      <orientation>-2.6560751634973068</orientation>
      <time>15</time>
    </ksState>
    <ksState>
      <x>624.5809845242887</x>
      <y>-282.74785989336453</y>
      <steeringAngle>0.31979999999999975</steeringAngle>
      <velocity>4.800000000000001</velocity>
      <orientation>-2.5962853284655583</orientation>
      <time>16</time>
    </ksState>
    <ksState>
      <x>624.1453349183195</x>
      <y>-283.03162178218633</y>
      <steeringAngle>0.28426666666666645</steeringAngle>
      <velocity>5.600000000000004</velocity>
      <orientation>-2.5335562283342346</orientation>
      <time>17</time>
    </ksState>
    <ksState>
      <x>623.6643326636824</x>
      <y>-283.3901133764892</y>
      <steeringAngle>0.2487333333333331</steeringAngle>
      <velocity>6.400000000000004</velocity>
      <orientation>-2.4701340916415586</orientation>
      <time>18</time>
    </ksState>
    <ksState>
      <x>623.1457450821181</x>
      <y>-283.8297942430291</y>
      <steeringAngle>0.21319999999999992</steeringAngle>
      <velocity>7.200000000000004</velocity>
      <orientation>-2.40821700296376</orientation>
      <time>19</time>
    </ksState>
    <ksState>
      <x>622.5967341683336</x>
      <y>-284.35517387767493</y>
      <steeringAngle>0.17766666666666656</steeringAngle>
      <velocity>8.000000000000004</velocity>
      <orientation>-2.3499676733627943</orientation>
      <time>20</time>
    </ksState>
    <ksState>
      <x>622.0782322644736</x>
      <y>-284.9106849183225</y>
      <steeringAngle>0.21320000000000014</steeringAngle>
      <velocity>7.200000000000003</velocity>
      <orientation>-2.2917183462913013</orientation>
      <time>21</time>
    </ksState>
    <ksState>
      <x>621.6450436204317</x>
      <y>-285.43470776272096</y>
      <steeringAngle>0.24873333333333347</steeringAngle>
      <velocity>6.400000000000004</velocity>
      <orientation>-2.229801258805522</orientation>
      <time>22</time>
    </ksState>
    <ksState>
      <x>621.2925699200265</x>
      <y>-285.9201371482239</y>
      <steeringAngle>0.2842666666666668</steeringAngle>
      <velocity>5.600000000000001</velocity>
      <orientation>-2.166379116041601</orientation>
      <time>23</time>
    </ksState>
    <ksState>
      <x>621.0142553116633</x>
      <y>-286.35928673137647</y>
      <steeringAngle>0.3198</steeringAngle>
      <velocity>4.800000000000002</velocity>
      <orientation>-2.1036500162996483</orientation>
      <time>24</time>
    </ksState>
    <ksState>
      <x>620.8019797671102</x>
      <y>-286.7446196445478</y>
      <steeringAngle>0.3553333333333332</steeringAngle>
      <velocity>4.000000000000001</velocity>
      <orientation>-2.0438601822514335</orientation>
      <time>25</time>
    </ksState>
    <ksState>
      <x>620.6304610465554</x>
      <y>-287.1059120091161</y>
      <steeringAngle>0.39086666666666653</steeringAngle>
      <velocity>4.0</velocity>
      <orientation>-1.9831398159454463</orientation>
      <time>26</time>
    </ksState>
    <ksState>
      <x>620.482379201874</x>
      <y>-287.4774111599467</y>
      <steeringAngle>0.42639999999999995</steeringAngle>
      <velocity>4.0</velocity>
      <orientation>-1.9159702024890426</orientation>
      <time>27</time>
    </ksState>
    <ksState>
      <x>620.3608302606206</x>
      <y>-287.85840093687295</y>
      <steeringAngle>0.4619333333333333</steeringAngle>
      <velocity>4.0</velocity>
      <orientation>-1.8421496188566988</orientation>
      <time>28</time>
    </ksState>
    <ksState>
      <x>620.2690462803043</x>
      <y>-288.2476166739684</y>
      <steeringAngle>0.49746666666666667</steeringAngle>
      <velocity>4.0</velocity>
      <orientation>-1.7614490770434783</orientation>
      <time>29</time>
    </ksState>
    <ksState>
      <x>620.2103423378812</x>
      <y>-288.64315555103656</y>
      <steeringAngle>0.533</steeringAngle>
      <velocity>4.0</velocity>
      <orientation>-1.6736092104436697</orientation>
      <time>30</time>
    </ksState>
    <ksState>
      <x>620.1885566784304</x>
      <y>-289.0023856685048</y>
      <steeringAngle>0.5685333333333333</steeringAngle>
      <velocity>3.199999999999999</velocity>
      <orientation>-1.5879903572468168</orientation>
      <time>31</time>
    </ksState>
    <ksState>
      <x>620.1936909162105</x>
      <y>-289.2822781576095</y>
      <steeringAngle>0.6040666666666664</steeringAngle>
      <velocity>2.3999999999999995</velocity>
      <orientation>-1.5159966124335984</orientation>
      <time>32</time>
    </ksState>
    <ksState>
      <x>620.2101063729336</x>
      <y>-289.4815776517769</y>
      <steeringAngle>0.6395999999999996</steeringAngle>
      <velocity>1.5999999999999983</velocity>
      <orientation>-1.4605467776575858</orientation>
      <time>33</time>
    </ksState>
  </ksTrajectory>
</CommonRoadSolution>
