<?xml version="1.0" ?>
<CommonRoadSolution benchmark_id="KS2:SM1:ESP_Ceuta-4_1_T-1:2020a" computation_time="0.8991059990003123" date="2020-12-29">
  <ksTrajectory planningProblem="1">
    <ksState>
      <x>224.64014</x>
      <y>456.82626</y>
      <steeringAngle>0.0</steeringAngle>
      <velocity>0.0</velocity>
      <orientation>-4.0949926</orientation>
      <time>0</time>
    </ksState>
    <ksState>
      <x>224.61698823496914</x>
      <y>456.8588789486897</y>
      <steeringAngle>-0.03553333333333333</steeringAngle>
      <velocity>0.8</velocity>
      <orientation>-4.095360131778242</orientation>
      <time>1</time>
    </ksState>
    <ksState>
      <x>224.54766735194463</x>
      <y>456.95683101477834</y>
      <steeringAngle>-0.0710666666666667</steeringAngle>
      <velocity>1.6</velocity>
      <orientation>-4.097934978370228</orientation>
      <time>2</time>
    </ksState>
    <ksState>
      <x>224.43290020526138</x>
      <y>457.1206245967667</y>
      <steeringAngle>-0.10660000000000003</steeringAngle>
      <velocity>2.4000000000000004</velocity>
      <orientation>-4.104935682607065</orientation>
      <time>3</time>
    </ksState>
    <ksState>
      <x>224.27458330245767</x>
      <y>457.3515673015119</y>
      <steeringAngle>-0.14213333333333342</steeringAngle>
      <velocity>3.2000000000000015</velocity>
      <orientation>-4.118603323547886</orientation>
      <time>4</time>
    </ksState>
    <ksState>
      <x>224.07642532886968</x>
      <y>457.6521132745583</y>
      <steeringAngle>-0.17766666666666683</steeringAngle>
      <velocity>4.0000000000000036</velocity>
      <orientation>-4.141213239421106</orientation>
      <time>5</time>
    </ksState>
    <ksState>
      <x>223.8652148378828</x>
      <y>457.99178598102424</y>
      <steeringAngle>-0.21319999999999995</steeringAngle>
      <velocity>4.0</velocity>
      <orientation>-4.171921022058606</orientation>
      <time>6</time>
    </ksState>
    <ksState>
      <x>223.66553275724507</x>
      <y>458.3383538901464</y>
      <steeringAngle>-0.24873333333333336</steeringAngle>
      <velocity>4.0</velocity>
      <orientation>-4.2083998631813</orientation>
      <time>7</time>
    </ksState>
    <ksState>
      <x>223.4796619603839</x>
      <y>458.69251222755554</y>
      <steeringAngle>-0.2842666666666667</steeringAngle>
      <velocity>4.0</velocity>
      <orientation>-4.250747097026748</orientation>
      <time>8</time>
    </ksState>
    <ksState>
      <x>223.31003392221626</x>
      <y>459.05472097332995</y>
      <steeringAngle>-0.31980000000000003</steeringAngle>
      <velocity>4.0</velocity>
      <orientation>-4.299077778393883</orientation>
      <time>9</time>
    </ksState>
    <ksState>
      <x>223.15923483503585</x>
      <y>459.4251532867728</y>
      <steeringAngle>-0.35533333333333333</steeringAngle>
      <velocity>4.0</velocity>
      <orientation>-4.3535259795721615</orientation>
      <time>10</time>
    </ksState>
    <ksState>
      <x>223.02960349253743</x>
      <y>459.80350700741786</y>
      <steeringAngle>-0.35533333333333333</steeringAngle>
      <velocity>4.0</velocity>
      <orientation>-4.411082686328876</orientation>
      <time>11</time>
    </ksState>
    <ksState>
      <x>222.921951569923</x>
      <y>460.18869126542205</y>
      <steeringAngle>-0.35533333333333333</steeringAngle>
      <velocity>4.0</velocity>
      <orientation>-4.468639393085589</orientation>
      <time>12</time>
    </ksState>
    <ksState>
      <x>222.83663560866097</x>
      <y>460.57943035600454</y>
      <steeringAngle>-0.35533333333333333</steeringAngle>
      <velocity>4.0</velocity>
      <orientation>-4.526196099842304</orientation>
      <time>13</time>
    </ksState>
    <ksState>
      <x>222.7739381635889</x>
      <y>460.9744302061435</y>
      <steeringAngle>-0.35533333333333333</steeringAngle>
      <velocity>4.0</velocity>
      <orientation>-4.583752806599017</orientation>
      <time>14</time>
    </ksState>
    <ksState>
      <x>222.7340668797425</x>
      <y>461.37238263184014</y>
      <steeringAngle>-0.35533333333333333</steeringAngle>
      <velocity>4.0</velocity>
      <orientation>-4.641309513355732</orientation>
      <time>15</time>
    </ksState>
    <ksState>
      <x>222.71757447555493</x>
      <y>461.77198098619135</y>
      <steeringAngle>-0.39086666666666653</steeringAngle>
      <velocity>4.0</velocity>
      <orientation>-4.702029879661719</orientation>
      <time>16</time>
    </ksState>
    <ksState>
      <x>222.7266440673779</x>
      <y>462.17180293943596</y>
      <steeringAngle>-0.42639999999999995</steeringAngle>
      <velocity>4.0</velocity>
      <orientation>-4.769199493118123</orientation>
      <time>17</time>
    </ksState>
    <ksState>
      <x>222.76384469302602</x>
      <y>462.5699781128126</y>
      <steeringAngle>-0.4619333333333333</steeringAngle>
      <velocity>4.0</velocity>
      <orientation>-4.8430200767504665</orientation>
      <time>18</time>
    </ksState>
    <ksState>
      <x>222.83165597652453</x>
      <y>462.9640781240733</y>
      <steeringAngle>-0.49746666666666667</steeringAngle>
      <velocity>4.0</velocity>
      <orientation>-4.923720618563687</orientation>
      <time>19</time>
    </ksState>
    <ksState>
      <x>222.93238426869829</x>
      <y>463.35105482528945</y>
      <steeringAngle>-0.533</steeringAngle>
      <velocity>4.0</velocity>
      <orientation>-5.011560485163495</orientation>
      <time>20</time>
    </ksState>
    <ksState>
      <x>223.06712944608165</x>
      <y>463.7275397435695</y>
      <steeringAngle>-0.4974666666666666</steeringAngle>
      <velocity>4.0</velocity>
      <orientation>-5.099400352002944</orientation>
      <time>21</time>
    </ksState>
    <ksState>
      <x>223.23308534446966</x>
      <y>464.09136914182227</y>
      <steeringAngle>-0.4619333333333334</steeringAngle>
      <velocity>4.0</velocity>
      <orientation>-5.180100893790115</orientation>
      <time>22</time>
    </ksState>
    <ksState>
      <x>223.42662935353312</x>
      <y>464.44132353379155</y>
      <steeringAngle>-0.42640000000000017</steeringAngle>
      <velocity>4.0</velocity>
      <orientation>-5.25392147703992</orientation>
      <time>23</time>
    </ksState>
    <ksState>
      <x>223.6443447863485</x>
      <y>464.77679312778594</y>
      <steeringAngle>-0.3908666666666668</steeringAngle>
      <velocity>4.0</velocity>
      <orientation>-5.321091089902782</orientation>
      <time>24</time>
    </ksState>
    <ksState>
      <x>223.88305535146213</x>
      <y>465.0976795544192</y>
      <steeringAngle>-0.3553333333333335</steeringAngle>
      <velocity>4.0</velocity>
      <orientation>-5.381811457781068</orientation>
      <time>25</time>
    </ksState>
    <ksState>
      <x>224.14047423807213</x>
      <y>465.4037618325938</y>
      <steeringAngle>-0.39086666666666653</steeringAngle>
      <velocity>4.0</velocity>
      <orientation>-5.442531824087055</orientation>
      <time>26</time>
    </ksState>
    <ksState>
      <x>224.4169120539632</x>
      <y>465.69276353801706</y>
      <steeringAngle>-0.42639999999999995</steeringAngle>
      <velocity>4.0</velocity>
      <orientation>-5.509701437543459</orientation>
      <time>27</time>
    </ksState>
    <ksState>
      <x>224.71300321612102</x>
      <y>465.9615708648036</y>
      <steeringAngle>-0.4619333333333333</steeringAngle>
      <velocity>4.0</velocity>
      <orientation>-5.583522021175803</orientation>
      <time>28</time>
    </ksState>
    <ksState>
      <x>225.02893968073667</x>
      <y>466.2067184517213</y>
      <steeringAngle>-0.49746666666666667</steeringAngle>
      <velocity>4.0</velocity>
      <orientation>-5.664222562989023</orientation>
      <time>29</time>
    </ksState>
    <ksState>
      <x>225.36436737566936</x>
      <y>466.4244003701264</y>
      <steeringAngle>-0.533</steeringAngle>
      <velocity>4.0</velocity>
      <orientation>-5.752062429588832</orientation>
      <time>30</time>
    </ksState>
    <ksState>
      <x>225.68175646157866</x>
      <y>466.5940954999076</y>
      <steeringAngle>-0.4974666666666667</steeringAngle>
      <velocity>3.1999999999999993</velocity>
      <orientation>-5.831239632698071</orientation>
      <time>31</time>
    </ksState>
    <ksState>
      <x>225.9370165601117</x>
      <y>466.70907952842674</y>
      <steeringAngle>-0.4619333333333334</steeringAngle>
      <velocity>2.3999999999999986</velocity>
      <orientation>-5.88784674010028</orientation>
      <time>32</time>
    </ksState>
    <ksState>
      <x>226.122993860823</x>
      <y>466.7826177237952</y>
      <steeringAngle>-0.4264000000000001</steeringAngle>
      <velocity>1.5999999999999979</velocity>
      <orientation>-5.924869700314338</orientation>
      <time>33</time>
    </ksState>
  </ksTrajectory>
</CommonRoadSolution>
