<?xml version="1.0" ?>
<CommonRoadSolution benchmark_id="KS2:SM1:ITA_CarpiCentro-1_3_T-1:2020a" computation_time="1.1366922689999228" date="2020-12-29">
  <ksTrajectory planningProblem="1">
    <ksState>
      <x>-692.38874</x>
      <y>453.61903</y>
      <steeringAngle>0.0</steeringAngle>
      <velocity>4.0</velocity>
      <orientation>2.7527052</orientation>
      <time>0</time>
    </ksState>
    <ksState>
      <x>-692.7587329503845</x>
      <y>453.7710335966348</y>
      <steeringAngle>-0.035533333333333326</steeringAngle>
      <velocity>4.0</velocity>
      <orientation>2.7499489254673994</orientation>
      <time>1</time>
    </ksState>
    <ksState>
      <x>-693.1278810788298</x>
      <y>453.9250749429463</y>
      <steeringAngle>-0.07106666666666711</steeringAngle>
      <velocity>4.0</velocity>
      <orientation>2.741673164924114</orientation>
      <time>2</time>
    </ksState>
    <ksState>
      <x>-693.4953036771252</x>
      <y>454.08318275411744</y>
      <steeringAngle>-0.10660000000000043</steeringAngle>
      <velocity>4.0</velocity>
      <orientation>2.727856925104977</orientation>
      <time>3</time>
    </ksState>
    <ksState>
      <x>-693.8600482802354</x>
      <y>454.2473666494791</y>
      <steeringAngle>-0.14213333333333378</steeringAngle>
      <velocity>4.0</velocity>
      <orientation>2.7084649987194314</orientation>
      <time>4</time>
    </ksState>
    <ksState>
      <x>-694.2210546835026</x>
      <y>454.4196049225186</y>
      <steeringAngle>-0.1776666666666672</steeringAngle>
      <velocity>4.0</velocity>
      <orientation>2.683447592268034</orientation>
      <time>5</time>
    </ksState>
    <ksState>
      <x>-694.6128580981003</x>
      <y>454.6197997270375</y>
      <steeringAngle>-0.14213333333333333</steeringAngle>
      <velocity>4.8000000000000025</velocity>
      <orientation>2.6560226925496813</orientation>
      <time>6</time>
    </ksState>
    <ksState>
      <x>-695.0695043519742</x>
      <y>454.86851641283545</y>
      <steeringAngle>-0.10660000000000003</steeringAngle>
      <velocity>5.600000000000005</velocity>
      <orientation>2.6309064802707636</orientation>
      <time>7</time>
    </ksState>
    <ksState>
      <x>-695.5896803059874</x>
      <y>455.1675217621493</y>
      <steeringAngle>-0.07106666666666671</steeringAngle>
      <velocity>6.400000000000004</velocity>
      <orientation>2.610274710671304</orientation>
      <time>8</time>
    </ksState>
    <ksState>
      <x>-696.1732357802119</x>
      <y>455.51659975808707</y>
      <steeringAngle>-0.035533333333333375</steeringAngle>
      <velocity>7.200000000000006</velocity>
      <orientation>2.596298042578512</orientation>
      <time>9</time>
    </ksState>
    <ksState>
      <x>-696.821653832097</x>
      <y>455.91302462905566</y>
      <steeringAngle>-2.6346112791397758e-17</steeringAngle>
      <velocity>8.000000000000007</velocity>
      <orientation>2.591153029798943</orientation>
      <time>10</time>
    </ksState>
    <ksState>
      <x>-697.4700718746088</x>
      <y>456.309449511445</y>
      <steeringAngle>0.03553333333333333</steeringAngle>
      <velocity>7.199999999999999</velocity>
      <orientation>2.5962980427814353</orientation>
      <time>11</time>
    </ksState>
    <ksState>
      <x>-698.0536273362408</x>
      <y>456.6585275233858</y>
      <steeringAngle>0.07106666666666664</steeringAngle>
      <velocity>6.400000000000001</velocity>
      <orientation>2.6102747149023986</orientation>
      <time>12</time>
    </ksState>
    <ksState>
      <x>-698.5738032823429</x>
      <y>456.9575328813669</y>
      <steeringAngle>0.10659999999999997</steeringAngle>
      <velocity>5.600000000000004</velocity>
      <orientation>2.63090648276828</orientation>
      <time>13</time>
    </ksState>
    <ksState>
      <x>-699.030449526103</x>
      <y>457.2062495809273</y>
      <steeringAngle>0.1421333333333333</steeringAngle>
      <velocity>4.800000000000003</velocity>
      <orientation>2.656022690276928</orientation>
      <time>14</time>
    </ksState>
    <ksState>
      <x>-699.422252932971</x>
      <y>457.4064443956708</y>
      <steeringAngle>0.17766666666666653</steeringAngle>
      <velocity>4.000000000000006</velocity>
      <orientation>2.683447586862078</orientation>
      <time>15</time>
    </ksState>
    <ksState>
      <x>-699.7832593359652</x>
      <y>457.5786826709088</y>
      <steeringAngle>0.1421333333333333</steeringAngle>
      <velocity>4.0</velocity>
      <orientation>2.7084649932066016</orientation>
      <time>16</time>
    </ksState>
    <ksState>
      <x>-700.1480039385344</x>
      <y>457.74286656847147</y>
      <steeringAngle>0.10659999999999999</steeringAngle>
      <velocity>4.0</velocity>
      <orientation>2.727856919497352</orientation>
      <time>17</time>
    </ksState>
    <ksState>
      <x>-700.5154265359463</x>
      <y>457.90097438199035</y>
      <steeringAngle>0.07106666666666664</steeringAngle>
      <velocity>4.0</velocity>
      <orientation>2.741673159232305</orientation>
      <time>18</time>
    </ksState>
    <ksState>
      <x>-700.8845746632347</x>
      <y>458.05501573098957</y>
      <steeringAngle>0.03553333333333332</steeringAngle>
      <velocity>4.0</velocity>
      <orientation>2.7499489196945706</orientation>
      <time>19</time>
    </ksState>
    <ksState>
      <x>-701.2545676245323</x>
      <y>458.2070193369984</y>
      <steeringAngle>-2.2985086056692694e-17</steeringAngle>
      <velocity>4.0</velocity>
      <orientation>2.752705182989411</orientation>
      <time>20</time>
    </ksState>
    <ksState>
      <x>-701.6247002078001</x>
      <y>458.3586830136107</y>
      <steeringAngle>0.0</steeringAngle>
      <velocity>4.0</velocity>
      <orientation>2.752705182989411</orientation>
      <time>21</time>
    </ksState>
    <ksState>
      <x>-701.9948327910678</x>
      <y>458.51034669022295</y>
      <steeringAngle>0.0</steeringAngle>
      <velocity>4.0</velocity>
      <orientation>2.752705182989411</orientation>
      <time>22</time>
    </ksState>
    <ksState>
      <x>-702.3649653743356</x>
      <y>458.6620103668352</y>
      <steeringAngle>0.0</steeringAngle>
      <velocity>4.0</velocity>
      <orientation>2.752705182989411</orientation>
      <time>23</time>
    </ksState>
    <ksState>
      <x>-702.7350979576033</x>
      <y>458.8136740434475</y>
      <steeringAngle>0.0</steeringAngle>
      <velocity>4.0</velocity>
      <orientation>2.752705182989411</orientation>
      <time>24</time>
    </ksState>
    <ksState>
      <x>-703.105230540871</x>
      <y>458.9653377200598</y>
      <steeringAngle>0.0</steeringAngle>
      <velocity>4.0</velocity>
      <orientation>2.752705182989411</orientation>
      <time>25</time>
    </ksState>
    <ksState>
      <x>-703.4753631241388</x>
      <y>459.11700139667204</y>
      <steeringAngle>0.0</steeringAngle>
      <velocity>4.0</velocity>
      <orientation>2.752705182989411</orientation>
      <time>26</time>
    </ksState>
    <ksState>
      <x>-703.8454957074065</x>
      <y>459.2686650732843</y>
      <steeringAngle>0.0</steeringAngle>
      <velocity>4.0</velocity>
      <orientation>2.752705182989411</orientation>
      <time>27</time>
    </ksState>
    <ksState>
      <x>-704.2156282906743</x>
      <y>459.42032874989656</y>
      <steeringAngle>0.0</steeringAngle>
      <velocity>4.0</velocity>
      <orientation>2.752705182989411</orientation>
      <time>28</time>
    </ksState>
    <ksState>
      <x>-704.585760873942</x>
      <y>459.57199242650887</y>
      <steeringAngle>0.0</steeringAngle>
      <velocity>4.0</velocity>
      <orientation>2.752705182989411</orientation>
      <time>29</time>
    </ksState>
    <ksState>
      <x>-704.9558934572098</x>
      <y>459.72365610312113</y>
      <steeringAngle>0.0</steeringAngle>
      <velocity>4.0</velocity>
      <orientation>2.752705182989411</orientation>
      <time>30</time>
    </ksState>
    <ksState>
      <x>-705.2890127811997</x>
      <y>459.8601534116825</y>
      <steeringAngle>0.0</steeringAngle>
      <velocity>3.2</velocity>
      <orientation>2.752705182989411</orientation>
      <time>31</time>
    </ksState>
    <ksState>
      <x>-705.548105588442</x>
      <y>459.96631798488283</y>
      <steeringAngle>0.0</steeringAngle>
      <velocity>2.4000000000000004</velocity>
      <orientation>2.752705182989411</orientation>
      <time>32</time>
    </ksState>
    <ksState>
      <x>-705.7331718790307</x>
      <y>460.0421498227607</y>
      <steeringAngle>0.0</steeringAngle>
      <velocity>1.6</velocity>
      <orientation>2.752705182989411</orientation>
      <time>33</time>
    </ksState>
  </ksTrajectory>
</CommonRoadSolution>
