<?xml version="1.0" ?>
<CommonRoadSolution benchmark_id="KS2:SM1:ITA_Empoli-18_1_T-1:2020a" computation_time="0.9242600909997236" date="2020-12-29">
  <ksTrajectory planningProblem="1">
    <ksState>
      <x>-712.78519</x>
      <y>-178.97362</y>
      <steeringAngle>0.0</steeringAngle>
      <velocity>0.0</velocity>
      <orientation>-2.9485868</orientation>
      <time>0</time>
    </ksState>
    <ksState>
      <x>-712.78519</x>
      <y>-178.97362</y>
      <steeringAngle>0.0</steeringAngle>
      <velocity>0.0</velocity>
      <orientation>-2.9485868</orientation>
      <time>1</time>
    </ksState>
    <ksState>
      <x>-712.78519</x>
      <y>-178.97362</y>
      <steeringAngle>0.0</steeringAngle>
      <velocity>0.0</velocity>
      <orientation>-2.9485868</orientation>
      <time>2</time>
    </ksState>
    <ksState>
      <x>-712.78519</x>
      <y>-178.97362</y>
      <steeringAngle>0.0</steeringAngle>
      <velocity>0.0</velocity>
      <orientation>-2.9485868</orientation>
      <time>3</time>
    </ksState>
    <ksState>
      <x>-712.78519</x>
      <y>-178.97362</y>
      <steeringAngle>0.0</steeringAngle>
      <velocity>0.0</velocity>
      <orientation>-2.9485868</orientation>
      <time>4</time>
    </ksState>
    <ksState>
      <x>-712.78519</x>
      <y>-178.97362</y>
      <steeringAngle>0.0</steeringAngle>
      <velocity>0.0</velocity>
      <orientation>-2.9485868</orientation>
      <time>5</time>
    </ksState>
    <ksState>
      <x>-712.8244461552364</x>
      <y>-178.98129817124862</y>
      <steeringAngle>0.03553333333333333</steeringAngle>
      <velocity>0.8</velocity>
      <orientation>-2.948219268221758</orientation>
      <time>6</time>
    </ksState>
    <ksState>
      <x>-712.9421828570468</x>
      <y>-179.00449431578014</y>
      <steeringAngle>0.0710666666666667</steeringAngle>
      <velocity>1.6</velocity>
      <orientation>-2.9456444216297726</orientation>
      <time>7</time>
    </ksState>
    <ksState>
      <x>-713.1382267427017</x>
      <y>-179.04407499737707</y>
      <steeringAngle>0.10660000000000003</steeringAngle>
      <velocity>2.4000000000000004</velocity>
      <orientation>-2.938643717392935</orientation>
      <time>8</time>
    </ksState>
    <ksState>
      <x>-713.4121048821066</x>
      <y>-179.1022947478448</y>
      <steeringAngle>0.14213333333333342</steeringAngle>
      <velocity>3.2000000000000015</velocity>
      <orientation>-2.9249760764521153</orientation>
      <time>9</time>
    </ksState>
    <ksState>
      <x>-713.7628215080871</x>
      <y>-179.18348780587186</y>
      <steeringAngle>0.17766666666666683</steeringAngle>
      <velocity>4.0000000000000036</velocity>
      <orientation>-2.902366160578895</orientation>
      <time>10</time>
    </ksState>
    <ksState>
      <x>-714.1499619445212</x>
      <y>-179.2840348172564</y>
      <steeringAngle>0.21319999999999995</steeringAngle>
      <velocity>4.0</velocity>
      <orientation>-2.8716583779413947</orientation>
      <time>11</time>
    </ksState>
    <ksState>
      <x>-714.5335015268308</x>
      <y>-179.39752330902078</y>
      <steeringAngle>0.24873333333333336</steeringAngle>
      <velocity>4.0</velocity>
      <orientation>-2.8351795368187003</orientation>
      <time>12</time>
    </ksState>
    <ksState>
      <x>-714.912265320476</x>
      <y>-179.52603038939293</y>
      <steeringAngle>0.2842666666666667</steeringAngle>
      <velocity>4.0</velocity>
      <orientation>-2.7928323029732525</orientation>
      <time>13</time>
    </ksState>
    <ksState>
      <x>-715.2848085866676</x>
      <y>-179.67156513322854</y>
      <steeringAngle>0.31980000000000003</steeringAngle>
      <velocity>4.0</velocity>
      <orientation>-2.7445016216061173</orientation>
      <time>14</time>
    </ksState>
    <ksState>
      <x>-715.6493768050065</x>
      <y>-179.8360354275505</y>
      <steeringAngle>0.35533333333333333</steeringAngle>
      <velocity>4.0</velocity>
      <orientation>-2.690053420427839</orientation>
      <time>15</time>
    </ksState>
    <ksState>
      <x>-716.0391892577876</x>
      <y>-180.03996830624416</y>
      <steeringAngle>0.31979999999999975</steeringAngle>
      <velocity>4.800000000000001</velocity>
      <orientation>-2.6302635853960905</orientation>
      <time>16</time>
    </ksState>
    <ksState>
      <x>-716.4842272836431</x>
      <y>-180.30876664007735</y>
      <steeringAngle>0.28426666666666645</steeringAngle>
      <velocity>5.600000000000004</velocity>
      <orientation>-2.567534485264767</orientation>
      <time>17</time>
    </ksState>
    <ksState>
      <x>-716.9771304769416</x>
      <y>-180.6507108375538</y>
      <steeringAngle>0.2487333333333331</steeringAngle>
      <velocity>6.400000000000004</velocity>
      <orientation>-2.504112348572091</orientation>
      <time>18</time>
    </ksState>
    <ksState>
      <x>-717.510355441871</x>
      <y>-181.07252060620564</y>
      <steeringAngle>0.21319999999999992</steeringAngle>
      <velocity>7.200000000000004</velocity>
      <orientation>-2.442195259894292</orientation>
      <time>19</time>
    </ksState>
    <ksState>
      <x>-718.0768975129937</x>
      <y>-181.57894614426928</y>
      <steeringAngle>0.17766666666666656</steeringAngle>
      <velocity>8.000000000000004</velocity>
      <orientation>-2.3839459302933266</orientation>
      <time>20</time>
    </ksState>
    <ksState>
      <x>-718.6158803460058</x>
      <y>-182.1146589004368</y>
      <steeringAngle>0.1421333333333334</steeringAngle>
      <velocity>7.2</velocity>
      <orientation>-2.3363186085476895</orientation>
      <time>21</time>
    </ksState>
    <ksState>
      <x>-719.078477217667</x>
      <y>-182.61301811320305</y>
      <steeringAngle>0.10660000000000011</steeringAngle>
      <velocity>6.4</velocity>
      <orientation>-2.3032590380997218</orientation>
      <time>22</time>
    </ksState>
    <ksState>
      <x>-719.474714113378</x>
      <y>-183.0635547462252</y>
      <steeringAngle>0.07106666666666674</steeringAngle>
      <velocity>5.600000000000001</velocity>
      <orientation>-2.282442089805833</orientation>
      <time>23</time>
    </ksState>
    <ksState>
      <x>-719.8119364355832</x>
      <y>-183.45938099832472</y>
      <steeringAngle>0.03553333333333339</steeringAngle>
      <velocity>4.800000000000001</velocity>
      <orientation>-2.2715914801481705</orientation>
      <time>24</time>
    </ksState>
    <ksState>
      <x>-720.0949640218998</x>
      <y>-183.79627150748556</y>
      <steeringAngle>5.5294310796760726e-17</steeringAngle>
      <velocity>4.0</velocity>
      <orientation>-2.268467704311005</orientation>
      <time>25</time>
    </ksState>
    <ksState>
      <x>-720.3519379873017</x>
      <y>-184.10280760830514</y>
      <steeringAngle>0.0</steeringAngle>
      <velocity>4.0</velocity>
      <orientation>-2.268467704311005</orientation>
      <time>26</time>
    </ksState>
    <ksState>
      <x>-720.6089119527035</x>
      <y>-184.40934370912473</y>
      <steeringAngle>0.0</steeringAngle>
      <velocity>4.0</velocity>
      <orientation>-2.268467704311005</orientation>
      <time>27</time>
    </ksState>
    <ksState>
      <x>-720.8658859181053</x>
      <y>-184.71587980994428</y>
      <steeringAngle>0.0</steeringAngle>
      <velocity>4.0</velocity>
      <orientation>-2.268467704311005</orientation>
      <time>28</time>
    </ksState>
    <ksState>
      <x>-721.1228598835071</x>
      <y>-185.02241591076387</y>
      <steeringAngle>0.0</steeringAngle>
      <velocity>4.0</velocity>
      <orientation>-2.268467704311005</orientation>
      <time>29</time>
    </ksState>
    <ksState>
      <x>-721.3798338489089</x>
      <y>-185.32895201158345</y>
      <steeringAngle>0.0</steeringAngle>
      <velocity>4.0</velocity>
      <orientation>-2.268467704311005</orientation>
      <time>30</time>
    </ksState>
    <ksState>
      <x>-721.6111104171104</x>
      <y>-185.60483450153353</y>
      <steeringAngle>0.0</steeringAngle>
      <velocity>3.2</velocity>
      <orientation>-2.268467704311005</orientation>
      <time>31</time>
    </ksState>
    <ksState>
      <x>-721.790992192166</x>
      <y>-185.8194097712416</y>
      <steeringAngle>0.0</steeringAngle>
      <velocity>2.4000000000000004</velocity>
      <orientation>-2.268467704311005</orientation>
      <time>32</time>
    </ksState>
    <ksState>
      <x>-721.9194791741412</x>
      <y>-185.97267782078578</y>
      <steeringAngle>0.0</steeringAngle>
      <velocity>1.6</velocity>
      <orientation>-2.268467704311005</orientation>
      <time>33</time>
    </ksState>
  </ksTrajectory>
</CommonRoadSolution>
