<?xml version="1.0" ?>
<CommonRoadSolution benchmark_id="KS2:SM1:DEU_Guetersloh-39_5_T-1:2020a" computation_time="0.77413237199994" date="2020-12-29">
  <ksTrajectory planningProblem="1">
    <ksState>
      <x>-942.33655</x>
      <y>-852.25621</y>
      <steeringAngle>0.0</steeringAngle>
      <velocity>8.0</velocity>
      <orientation>2.7051894</orientation>
      <time>0</time>
    </ksState>
    <ksState>
      <x>-943.0609486968683</x>
      <y>-851.9167328656703</y>
      <steeringAngle>-0.03553333333333333</steeringAngle>
      <velocity>8.0</velocity>
      <orientation>2.699676864997161</orientation>
      <time>1</time>
    </ksState>
    <ksState>
      <x>-943.7815518057312</x>
      <y>-851.5692901513393</y>
      <steeringAngle>-0.07106666666666667</steeringAngle>
      <velocity>8.0</velocity>
      <orientation>2.683125344116892</orientation>
      <time>2</time>
    </ksState>
    <ksState>
      <x>-944.4942911548214</x>
      <y>-851.2060246973892</y>
      <steeringAngle>-0.10659999999999997</steeringAngle>
      <velocity>8.0</velocity>
      <orientation>2.6554928648261966</orientation>
      <time>3</time>
    </ksState>
    <ksState>
      <x>-945.1945575075615</x>
      <y>-850.8193120029124</y>
      <steeringAngle>-0.1421333333333333</steeringAngle>
      <velocity>8.0</velocity>
      <orientation>2.616709012553462</orientation>
      <time>4</time>
    </ksState>
    <ksState>
      <x>-945.8769410110284</x>
      <y>-850.4019163407289</y>
      <steeringAngle>-0.17766666666666667</steeringAngle>
      <velocity>8.0</velocity>
      <orientation>2.5666742003043073</orientation>
      <time>5</time>
    </ksState>
    <ksState>
      <x>-946.5358710004898</x>
      <y>-849.948434488002</y>
      <steeringAngle>-0.17766666666666667</steeringAngle>
      <velocity>8.0</velocity>
      <orientation>2.5109732239937954</orientation>
      <time>6</time>
    </ksState>
    <ksState>
      <x>-947.1685327652107</x>
      <y>-849.4589718511872</y>
      <steeringAngle>-0.17766666666666667</steeringAngle>
      <velocity>8.0</velocity>
      <orientation>2.4552722476832836</orientation>
      <time>7</time>
    </ksState>
    <ksState>
      <x>-947.7729638881012</x>
      <y>-848.9350466631523</y>
      <steeringAngle>-0.17766666666666667</steeringAngle>
      <velocity>8.0</velocity>
      <orientation>2.399571271372772</orientation>
      <time>8</time>
    </ksState>
    <ksState>
      <x>-948.347289546808</x>
      <y>-848.3782840332213</y>
      <steeringAngle>-0.17766666666666667</steeringAngle>
      <velocity>8.0</velocity>
      <orientation>2.3438702950622603</orientation>
      <time>9</time>
    </ksState>
    <ksState>
      <x>-948.8897283000397</x>
      <y>-847.7904109249897</y>
      <steeringAngle>-0.17766666666666667</steeringAngle>
      <velocity>8.0</velocity>
      <orientation>2.2881693187517484</orientation>
      <time>10</time>
    </ksState>
    <ksState>
      <x>-949.3985975742131</x>
      <y>-847.1732508294177</y>
      <steeringAngle>-0.17766666666666667</steeringAngle>
      <velocity>8.0</velocity>
      <orientation>2.2324683424412366</orientation>
      <time>11</time>
    </ksState>
    <ksState>
      <x>-949.8723190214065</x>
      <y>-846.5287179971691</y>
      <steeringAngle>-0.17766666666666667</steeringAngle>
      <velocity>8.0</velocity>
      <orientation>2.1767673661307247</orientation>
      <time>12</time>
    </ksState>
    <ksState>
      <x>-950.3094232314959</x>
      <y>-845.8588116645387</y>
      <steeringAngle>-0.17766666666666667</steeringAngle>
      <velocity>8.0</velocity>
      <orientation>2.1210663898202133</orientation>
      <time>13</time>
    </ksState>
    <ksState>
      <x>-950.7085543961633</x>
      <y>-845.1656097446569</y>
      <steeringAngle>-0.17766666666666667</steeringAngle>
      <velocity>8.0</velocity>
      <orientation>2.0653654135097015</orientation>
      <time>14</time>
    </ksState>
    <ksState>
      <x>-951.0684744915701</x>
      <y>-844.4512624080539</y>
      <steeringAngle>-0.17766666666666667</steeringAngle>
      <velocity>8.0</velocity>
      <orientation>2.0096644371991896</orientation>
      <time>15</time>
    </ksState>
    <ksState>
      <x>-951.3718275632827</x>
      <y>-843.7545460708907</y>
      <steeringAngle>-0.21320000000000014</steeringAngle>
      <velocity>7.200000000000003</velocity>
      <orientation>1.9514151101276969</orientation>
      <time>16</time>
    </ksState>
    <ksState>
      <x>-951.6052697005829</x>
      <y>-843.1159874507852</y>
      <steeringAngle>-0.24873333333333347</steeringAngle>
      <velocity>6.400000000000004</velocity>
      <orientation>1.8894980226419174</orientation>
      <time>17</time>
    </ksState>
    <ksState>
      <x>-951.7755070668017</x>
      <y>-842.5407495548412</y>
      <steeringAngle>-0.2842666666666668</steeringAngle>
      <velocity>5.600000000000001</velocity>
      <orientation>1.8260758798779964</orientation>
      <time>18</time>
    </ksState>
    <ksState>
      <x>-951.8912850519308</x>
      <y>-842.033889775641</y>
      <steeringAngle>-0.3198</steeringAngle>
      <velocity>4.800000000000002</velocity>
      <orientation>1.7633467801360436</orientation>
      <time>19</time>
    </ksState>
    <ksState>
      <x>-951.9627736315515</x>
      <y>-841.5998025220015</y>
      <steeringAngle>-0.3553333333333332</steeringAngle>
      <velocity>4.000000000000001</velocity>
      <orientation>1.7035569460878288</orientation>
      <time>20</time>
    </ksState>
    <ksState>
      <x>-952.0077001238235</x>
      <y>-841.1621679968007</y>
      <steeringAngle>-0.31979999999999975</steeringAngle>
      <velocity>4.800000000000001</velocity>
      <orientation>1.6437671110560803</orientation>
      <time>21</time>
    </ksState>
    <ksState>
      <x>-952.028985720612</x>
      <y>-840.6426891116686</y>
      <steeringAngle>-0.28426666666666645</steeringAngle>
      <velocity>5.600000000000004</velocity>
      <orientation>1.5810380109247566</orientation>
      <time>22</time>
    </ksState>
    <ksState>
      <x>-952.015663631563</x>
      <y>-840.0429375680314</y>
      <steeringAngle>-0.2487333333333331</steeringAngle>
      <velocity>6.400000000000004</velocity>
      <orientation>1.5176158742320809</orientation>
      <time>23</time>
    </ksState>
    <ksState>
      <x>-951.9579679044409</x>
      <y>-839.3654986060386</y>
      <steeringAngle>-0.21319999999999992</steeringAngle>
      <velocity>7.200000000000004</velocity>
      <orientation>1.4556987855542818</orientation>
      <time>24</time>
    </ksState>
    <ksState>
      <x>-951.8480725238034</x>
      <y>-838.6135945235457</y>
      <steeringAngle>-0.17766666666666656</steeringAngle>
      <velocity>8.000000000000004</velocity>
      <orientation>1.3974494559533166</orientation>
      <time>25</time>
    </ksState>
    <ksState>
      <x>-951.6959397058832</x>
      <y>-837.8690863998161</y>
      <steeringAngle>-0.21320000000000014</steeringAngle>
      <velocity>7.200000000000003</velocity>
      <orientation>1.3392001288818238</orientation>
      <time>26</time>
    </ksState>
    <ksState>
      <x>-951.5200155464406</x>
      <y>-837.2123497456671</y>
      <steeringAngle>-0.24873333333333347</steeringAngle>
      <velocity>6.400000000000004</velocity>
      <orientation>1.2772830413960443</orientation>
      <time>27</time>
    </ksState>
    <ksState>
      <x>-951.3287553010601</x>
      <y>-836.643755939577</y>
      <steeringAngle>-0.2842666666666668</steeringAngle>
      <velocity>5.600000000000001</velocity>
      <orientation>1.2138608986321233</orientation>
      <time>28</time>
    </ksState>
    <ksState>
      <x>-951.1322223870453</x>
      <y>-836.1624180215606</y>
      <steeringAngle>-0.3198</steeringAngle>
      <velocity>4.800000000000002</velocity>
      <orientation>1.1511317988901706</orientation>
      <time>29</time>
    </ksState>
    <ksState>
      <x>-950.9412650654047</x>
      <y>-835.766087777824</y>
      <steeringAngle>-0.3553333333333332</steeringAngle>
      <velocity>4.000000000000001</velocity>
      <orientation>1.091341964841956</orientation>
      <time>30</time>
    </ksState>
    <ksState>
      <x>-950.7672785904606</x>
      <y>-835.4509645727458</y>
      <steeringAngle>-0.31979999999999975</steeringAngle>
      <velocity>3.2</velocity>
      <orientation>1.0422354047841678</orientation>
      <time>31</time>
    </ksState>
    <ksState>
      <x>-950.6219182311255</x>
      <y>-835.2116680408772</y>
      <steeringAngle>-0.2842666666666663</steeringAngle>
      <velocity>2.4000000000000004</velocity>
      <orientation>1.0083031494179533</orientation>
      <time>32</time>
    </ksState>
    <ksState>
      <x>-950.5134263206271</x>
      <y>-835.0436561563777</y>
      <steeringAngle>-0.24873333333333292</steeringAngle>
      <velocity>1.6000000000000008</velocity>
      <orientation>0.9870308284710145</orientation>
      <time>33</time>
    </ksState>
  </ksTrajectory>
</CommonRoadSolution>
