<?xml version="1.0" ?>
<CommonRoadSolution benchmark_id="KS2:SM1:FRA_Anglet-3_2_T-1:2020a" computation_time="1.7084771780000665" date="2020-12-29">
  <ksTrajectory planningProblem="1">
    <ksState>
      <x>208.08832</x>
      <y>850.50696</y>
      <steeringAngle>0.0</steeringAngle>
      <velocity>4.0</velocity>
      <orientation>-1.2152159</orientation>
      <time>0</time>
    </ksState>
    <ksState>
      <x>208.24193517308004</x>
      <y>850.0946467575116</y>
      <steeringAngle>0.035533333333333326</steeringAngle>
      <velocity>4.799999999999999</velocity>
      <orientation>-1.2120921213308091</orientation>
      <time>1</time>
    </ksState>
    <ksState>
      <x>208.4268343284728</x>
      <y>849.6086327447184</y>
      <steeringAngle>0.07106666666666667</steeringAngle>
      <velocity>5.599999999999998</velocity>
      <orientation>-1.2012415102696363</orientation>
      <time>2</time>
    </ksState>
    <ksState>
      <x>208.6489754588265</x>
      <y>849.0512816403353</y>
      <steeringAngle>0.10659999999999999</steeringAngle>
      <velocity>6.3999999999999995</velocity>
      <orientation>-1.1804245612693085</orientation>
      <time>3</time>
    </ksState>
    <ksState>
      <x>208.91758890736207</x>
      <y>848.4266180687841</y>
      <steeringAngle>0.14213333333333333</steeringAngle>
      <velocity>7.199999999999999</velocity>
      <orientation>-1.1473649902881433</orientation>
      <time>4</time>
    </ksState>
    <ksState>
      <x>209.24563162018032</x>
      <y>847.7411411565334</y>
      <steeringAngle>0.17766666666666664</steeringAngle>
      <velocity>7.9999999999999964</velocity>
      <orientation>-1.0997376682065967</orientation>
      <time>5</time>
    </ksState>
    <ksState>
      <x>209.60946126176344</x>
      <y>847.0740094360365</y>
      <steeringAngle>0.21320000000000014</steeringAngle>
      <velocity>7.200000000000003</velocity>
      <orientation>-1.041488341135104</orientation>
      <time>6</time>
    </ksState>
    <ksState>
      <x>209.97028936297687</x>
      <y>846.4977669313971</y>
      <steeringAngle>0.24873333333333347</steeringAngle>
      <velocity>6.400000000000004</velocity>
      <orientation>-0.9795712536493245</orientation>
      <time>7</time>
    </ksState>
    <ksState>
      <x>210.3199236755142</x>
      <y>846.010288475172</y>
      <steeringAngle>0.2842666666666668</steeringAngle>
      <velocity>5.600000000000001</velocity>
      <orientation>-0.9161491108854034</orientation>
      <time>8</time>
    </ksState>
    <ksState>
      <x>210.64900364478947</x>
      <y>845.6077741879309</y>
      <steeringAngle>0.3198</steeringAngle>
      <velocity>4.800000000000002</velocity>
      <orientation>-0.8534200111434507</orientation>
      <time>9</time>
    </ksState>
    <ksState>
      <x>210.94781769886742</x>
      <y>845.2848925968267</y>
      <steeringAngle>0.3553333333333332</steeringAngle>
      <velocity>4.000000000000001</velocity>
      <orientation>-0.793630177095236</orientation>
      <time>10</time>
    </ksState>
    <ksState>
      <x>211.2360883398722</x>
      <y>845.0076553099817</y>
      <steeringAngle>0.31979999999999986</steeringAngle>
      <velocity>4.0</velocity>
      <orientation>-0.7391819779018564</orientation>
      <time>11</time>
    </ksState>
    <ksState>
      <x>211.53822399022638</x>
      <y>844.74558107191</y>
      <steeringAngle>0.28426666666666656</steeringAngle>
      <velocity>4.0</velocity>
      <orientation>-0.6908512984205991</orientation>
      <time>12</time>
    </ksState>
    <ksState>
      <x>211.85193175101872</x>
      <y>844.497461098927</y>
      <steeringAngle>0.2487333333333332</steeringAngle>
      <velocity>4.0</velocity>
      <orientation>-0.648504064697724</orientation>
      <time>13</time>
    </ksState>
    <ksState>
      <x>212.1751766674385</x>
      <y>844.2618873919212</y>
      <steeringAngle>0.21319999999999986</steeringAngle>
      <velocity>4.0</velocity>
      <orientation>-0.6120252236240963</orientation>
      <time>14</time>
    </ksState>
    <ksState>
      <x>212.50615510439206</x>
      <y>844.0372973406365</y>
      <steeringAngle>0.1776666666666665</steeringAngle>
      <velocity>4.0</velocity>
      <orientation>-0.5813174409752685</orientation>
      <time>15</time>
    </ksState>
    <ksState>
      <x>212.87726986702665</x>
      <y>843.8009465242609</y>
      <steeringAngle>0.14213333333333333</steeringAngle>
      <velocity>4.8000000000000025</velocity>
      <orientation>-0.5538925412569161</orientation>
      <time>16</time>
    </ksState>
    <ksState>
      <x>213.32307170802304</x>
      <y>843.5332778680167</y>
      <steeringAngle>0.10660000000000003</steeringAngle>
      <velocity>5.600000000000005</velocity>
      <orientation>-0.5287763289779982</orientation>
      <time>17</time>
    </ksState>
    <ksState>
      <x>213.8444184806747</x>
      <y>843.236318670992</y>
      <steeringAngle>0.07106666666666671</steeringAngle>
      <velocity>6.400000000000004</velocity>
      <orientation>-0.5081445593785388</orientation>
      <time>18</time>
    </ksState>
    <ksState>
      <x>214.4410478561789</x>
      <y>842.9100889558665</y>
      <steeringAngle>0.035533333333333375</steeringAngle>
      <velocity>7.200000000000006</velocity>
      <orientation>-0.4941678912857464</orientation>
      <time>19</time>
    </ksState>
    <ksState>
      <x>215.1113613006639</x>
      <y>842.5519290272376</y>
      <steeringAngle>2.6346112791397758e-17</steeringAngle>
      <velocity>8.000000000000007</velocity>
      <orientation>-0.489022878506178</orientation>
      <time>20</time>
    </ksState>
    <ksState>
      <x>215.7822834449799</x>
      <y>842.1949087544778</y>
      <steeringAngle>0.0</steeringAngle>
      <velocity>7.200000000000001</velocity>
      <orientation>-0.489022878506178</orientation>
      <time>21</time>
    </ksState>
    <ksState>
      <x>216.38258220535636</x>
      <y>841.8754695632352</y>
      <steeringAngle>0.0</steeringAngle>
      <velocity>6.400000000000001</velocity>
      <orientation>-0.489022878506178</orientation>
      <time>22</time>
    </ksState>
    <ksState>
      <x>216.9122575819699</x>
      <y>841.593611453416</y>
      <steeringAngle>0.0</steeringAngle>
      <velocity>5.600000000000001</velocity>
      <orientation>-0.489022878506178</orientation>
      <time>23</time>
    </ksState>
    <ksState>
      <x>217.37130957487048</x>
      <y>841.3493344249936</y>
      <steeringAngle>0.0</steeringAngle>
      <velocity>4.800000000000001</velocity>
      <orientation>-0.489022878506178</orientation>
      <time>24</time>
    </ksState>
    <ksState>
      <x>217.75973818407644</x>
      <y>841.1426384779581</y>
      <steeringAngle>0.0</steeringAngle>
      <velocity>4.000000000000001</velocity>
      <orientation>-0.489022878506178</orientation>
      <time>25</time>
    </ksState>
    <ksState>
      <x>218.1483849559153</x>
      <y>840.9363534371263</y>
      <steeringAngle>0.035533333333333326</steeringAngle>
      <velocity>4.799999999999999</velocity>
      <orientation>-0.48589909983698715</orientation>
      <time>26</time>
    </ksState>
    <ksState>
      <x>218.60936237508136</x>
      <y>840.6957351973455</y>
      <steeringAngle>0.07106666666666667</steeringAngle>
      <velocity>5.599999999999998</velocity>
      <orientation>-0.4750484887758144</orientation>
      <time>27</time>
    </ksState>
    <ksState>
      <x>219.1455557301569</x>
      <y>840.426507373143</y>
      <steeringAngle>0.10659999999999999</steeringAngle>
      <velocity>6.3999999999999995</velocity>
      <orientation>-0.4542315397754864</orientation>
      <time>28</time>
    </ksState>
    <ksState>
      <x>219.76119415725617</x>
      <y>840.1378084132626</y>
      <steeringAngle>0.14213333333333333</steeringAngle>
      <velocity>7.199999999999999</velocity>
      <orientation>-0.4211719687943212</orientation>
      <time>29</time>
    </ksState>
    <ksState>
      <x>220.4616500638528</x>
      <y>839.8431015392748</y>
      <steeringAngle>0.17766666666666664</steeringAngle>
      <velocity>7.9999999999999964</velocity>
      <orientation>-0.3735446467127746</orientation>
      <time>30</time>
    </ksState>
    <ksState>
      <x>221.21373009734293</x>
      <y>839.5706276546158</y>
      <steeringAngle>0.14213333333333336</steeringAngle>
      <velocity>8.0</velocity>
      <orientation>-0.32350983516402615</orientation>
      <time>31</time>
    </ksState>
    <ksState>
      <x>221.9771945283949</x>
      <y>839.3317935407568</y>
      <steeringAngle>0.1066000000000001</steeringAngle>
      <velocity>8.0</velocity>
      <orientation>-0.2847259831570288</orientation>
      <time>32</time>
    </ksState>
    <ksState>
      <x>222.7481900972118</x>
      <y>839.1184276546174</y>
      <steeringAngle>0.07106666666666674</steeringAngle>
      <velocity>8.0</velocity>
      <orientation>-0.2570935041273419</orientation>
      <time>33</time>
    </ksState>
  </ksTrajectory>
</CommonRoadSolution>
