<?xml version="1.0" ?>
<CommonRoadSolution benchmark_id="KS2:SM1:DEU_Moabit-5_2_T-1:2020a" computation_time="0.9732910089999223" date="2020-12-29">
  <ksTrajectory planningProblem="1">
    <ksState>
      <x>830.7568</x>
      <y>-530.69656</y>
      <steeringAngle>0.0</steeringAngle>
      <velocity>4.0</velocity>
      <orientation>1.3551824</orientation>
      <time>0</time>
    </ksState>
    <ksState>
      <x>830.8427377824048</x>
      <y>-530.3059008464153</y>
      <steeringAngle>-0.035533333333333326</steeringAngle>
      <velocity>4.0</velocity>
      <orientation>1.3524261254673995</orientation>
      <time>1</time>
    </ksState>
    <ksState>
      <x>830.9308284544092</x>
      <y>-529.9157225402348</y>
      <steeringAngle>-0.07106666666666711</steeringAngle>
      <velocity>4.0</velocity>
      <orientation>1.344150364924114</orientation>
      <time>2</time>
    </ksState>
    <ksState>
      <x>831.0232221934765</x>
      <y>-529.5265428353777</y>
      <steeringAngle>-0.10660000000000043</steeringAngle>
      <velocity>4.0</velocity>
      <orientation>1.3303341251049772</orientation>
      <time>3</time>
    </ksState>
    <ksState>
      <x>831.1220627386007</x>
      <y>-529.1389534603508</y>
      <steeringAngle>-0.14213333333333378</steeringAngle>
      <velocity>4.0</velocity>
      <orientation>1.3109421987194314</orientation>
      <time>4</time>
    </ksState>
    <ksState>
      <x>831.229481547164</x>
      <y>-528.753657670773</y>
      <steeringAngle>-0.1776666666666672</steeringAngle>
      <velocity>4.0</velocity>
      <orientation>1.2859247922680341</orientation>
      <time>5</time>
    </ksState>
    <ksState>
      <x>831.3591286125172</x>
      <y>-528.3332061112658</y>
      <steeringAngle>-0.14213333333333333</steeringAngle>
      <velocity>4.8000000000000025</velocity>
      <orientation>1.2584998925496818</orientation>
      <time>6</time>
    </ksState>
    <ksState>
      <x>831.5253915665631</x>
      <y>-527.8405171413433</y>
      <steeringAngle>-0.10660000000000003</steeringAngle>
      <velocity>5.600000000000005</velocity>
      <orientation>1.2333836802707638</orientation>
      <time>7</time>
    </ksState>
    <ksState>
      <x>831.7302371305448</x>
      <y>-527.2765796297616</y>
      <steeringAngle>-0.07106666666666671</steeringAngle>
      <velocity>6.400000000000004</velocity>
      <orientation>1.2127519106713043</orientation>
      <time>8</time>
    </ksState>
    <ksState>
      <x>831.9734784144669</x>
      <y>-526.6415787505958</y>
      <steeringAngle>-0.035533333333333375</steeringAngle>
      <velocity>7.200000000000006</velocity>
      <orientation>1.198775242578512</orientation>
      <time>9</time>
    </ksState>
    <ksState>
      <x>832.2521747727204</x>
      <y>-525.9345235984125</y>
      <steeringAngle>-2.6346112791397758e-17</steeringAngle>
      <velocity>8.000000000000007</velocity>
      <orientation>1.1936302297989436</orientation>
      <time>10</time>
    </ksState>
    <ksState>
      <x>832.5308711438398</x>
      <y>-525.227468453493</y>
      <steeringAngle>0.03553333333333333</steeringAngle>
      <velocity>7.199999999999999</velocity>
      <orientation>1.198775242781436</orientation>
      <time>11</time>
    </ksState>
    <ksState>
      <x>832.7741124456965</x>
      <y>-524.5924675839722</y>
      <steeringAngle>0.07106666666666664</steeringAngle>
      <velocity>6.400000000000001</velocity>
      <orientation>1.212751914902399</orientation>
      <time>12</time>
    </ksState>
    <ksState>
      <x>832.9789580195794</x>
      <y>-524.028530078689</y>
      <steeringAngle>0.10659999999999997</steeringAngle>
      <velocity>5.600000000000004</velocity>
      <orientation>1.2333836827682805</orientation>
      <time>13</time>
    </ksState>
    <ksState>
      <x>833.1452209889253</x>
      <y>-523.535841116356</y>
      <steeringAngle>0.1421333333333333</steeringAngle>
      <velocity>4.800000000000003</velocity>
      <orientation>1.2584998902769287</orientation>
      <time>14</time>
    </ksState>
    <ksState>
      <x>833.2748680656827</x>
      <y>-523.1153895626999</y>
      <steeringAngle>0.17766666666666653</steeringAngle>
      <velocity>4.000000000000006</velocity>
      <orientation>1.2859247868620785</orientation>
      <time>15</time>
    </ksState>
    <ksState>
      <x>833.3822868764586</x>
      <y>-522.730093773012</y>
      <steeringAngle>0.1421333333333333</steeringAngle>
      <velocity>4.0</velocity>
      <orientation>1.3109421932066017</orientation>
      <time>16</time>
    </ksState>
    <ksState>
      <x>833.4811274238441</x>
      <y>-522.3425043981384</y>
      <steeringAngle>0.10659999999999999</steeringAngle>
      <velocity>4.0</velocity>
      <orientation>1.3303341194973524</orientation>
      <time>17</time>
    </ksState>
    <ksState>
      <x>833.5735211653764</x>
      <y>-521.9533246937469</y>
      <steeringAngle>0.07106666666666664</steeringAngle>
      <velocity>4.0</velocity>
      <orientation>1.3441503592323052</orientation>
      <time>18</time>
    </ksState>
    <ksState>
      <x>833.6616118402277</x>
      <y>-521.5631463882426</y>
      <steeringAngle>0.03553333333333332</steeringAngle>
      <velocity>4.0</velocity>
      <orientation>1.3524261196945706</orientation>
      <time>19</time>
    </ksState>
    <ksState>
      <x>833.7475496299846</x>
      <y>-521.172487222292</y>
      <steeringAngle>-2.2985086056692694e-17</steeringAngle>
      <velocity>4.0</velocity>
      <orientation>1.355182382989411</orientation>
      <time>20</time>
    </ksState>
    <ksState>
      <x>833.8331285086488</x>
      <y>-520.7817491315885</y>
      <steeringAngle>0.0</steeringAngle>
      <velocity>4.0</velocity>
      <orientation>1.355182382989411</orientation>
      <time>21</time>
    </ksState>
    <ksState>
      <x>833.9187073873128</x>
      <y>-520.3910110408851</y>
      <steeringAngle>0.0</steeringAngle>
      <velocity>4.0</velocity>
      <orientation>1.355182382989411</orientation>
      <time>22</time>
    </ksState>
    <ksState>
      <x>834.0042862659769</x>
      <y>-520.0002729501816</y>
      <steeringAngle>0.0</steeringAngle>
      <velocity>4.0</velocity>
      <orientation>1.355182382989411</orientation>
      <time>23</time>
    </ksState>
    <ksState>
      <x>834.089865144641</x>
      <y>-519.6095348594781</y>
      <steeringAngle>0.0</steeringAngle>
      <velocity>4.0</velocity>
      <orientation>1.355182382989411</orientation>
      <time>24</time>
    </ksState>
    <ksState>
      <x>834.1754440233051</x>
      <y>-519.2187967687746</y>
      <steeringAngle>0.0</steeringAngle>
      <velocity>4.0</velocity>
      <orientation>1.355182382989411</orientation>
      <time>25</time>
    </ksState>
    <ksState>
      <x>834.2610229019692</x>
      <y>-518.8280586780711</y>
      <steeringAngle>0.0</steeringAngle>
      <velocity>4.0</velocity>
      <orientation>1.355182382989411</orientation>
      <time>26</time>
    </ksState>
    <ksState>
      <x>834.3466017806333</x>
      <y>-518.4373205873677</y>
      <steeringAngle>0.0</steeringAngle>
      <velocity>4.0</velocity>
      <orientation>1.355182382989411</orientation>
      <time>27</time>
    </ksState>
    <ksState>
      <x>834.4321806592974</x>
      <y>-518.0465824966642</y>
      <steeringAngle>0.0</steeringAngle>
      <velocity>4.0</velocity>
      <orientation>1.355182382989411</orientation>
      <time>28</time>
    </ksState>
    <ksState>
      <x>834.5177595379614</x>
      <y>-517.6558444059607</y>
      <steeringAngle>0.0</steeringAngle>
      <velocity>4.0</velocity>
      <orientation>1.355182382989411</orientation>
      <time>29</time>
    </ksState>
    <ksState>
      <x>834.6033384166255</x>
      <y>-517.2651063152572</y>
      <steeringAngle>0.0</steeringAngle>
      <velocity>4.0</velocity>
      <orientation>1.355182382989411</orientation>
      <time>30</time>
    </ksState>
    <ksState>
      <x>834.6803594072034</x>
      <y>-516.9134420346279</y>
      <steeringAngle>0.0</steeringAngle>
      <velocity>3.2</velocity>
      <orientation>1.355182382989411</orientation>
      <time>31</time>
    </ksState>
    <ksState>
      <x>834.7402646220265</x>
      <y>-516.6399253722388</y>
      <steeringAngle>0.0</steeringAngle>
      <velocity>2.4000000000000004</velocity>
      <orientation>1.355182382989411</orientation>
      <time>32</time>
    </ksState>
    <ksState>
      <x>834.7830540611169</x>
      <y>-516.4445563279905</y>
      <steeringAngle>0.0</steeringAngle>
      <velocity>1.6</velocity>
      <orientation>1.355182382989411</orientation>
      <time>33</time>
    </ksState>
  </ksTrajectory>
</CommonRoadSolution>
