<?xml version="1.0" ?>
<CommonRoadSolution benchmark_id="KS2:SM1:DEU_Lohmar-11_1_T-1:2020a" computation_time="9.960989332999816" date="2020-12-29">
  <ksTrajectory planningProblem="123">
    <ksState>
      <x>138.70643</x>
      <y>-577.00177</y>
      <steeringAngle>0.0</steeringAngle>
      <velocity>0.0</velocity>
      <orientation>1.9174576</orientation>
      <time>0</time>
    </ksState>
    <ksState>
      <x>138.70643</x>
      <y>-577.00177</y>
      <steeringAngle>0.0</steeringAngle>
      <velocity>0.0</velocity>
      <orientation>1.9174576</orientation>
      <time>1</time>
    </ksState>
    <ksState>
      <x>138.70643</x>
      <y>-577.00177</y>
      <steeringAngle>0.0</steeringAngle>
      <velocity>0.0</velocity>
      <orientation>1.9174576</orientation>
      <time>2</time>
    </ksState>
    <ksState>
      <x>138.70643</x>
      <y>-577.00177</y>
      <steeringAngle>0.0</steeringAngle>
      <velocity>0.0</velocity>
      <orientation>1.9174576</orientation>
      <time>3</time>
    </ksState>
    <ksState>
      <x>138.70643</x>
      <y>-577.00177</y>
      <steeringAngle>0.0</steeringAngle>
      <velocity>0.0</velocity>
      <orientation>1.9174576</orientation>
      <time>4</time>
    </ksState>
    <ksState>
      <x>138.70643</x>
      <y>-577.00177</y>
      <steeringAngle>0.0</steeringAngle>
      <velocity>0.0</velocity>
      <orientation>1.9174576</orientation>
      <time>5</time>
    </ksState>
    <ksState>
      <x>138.70643</x>
      <y>-577.00177</y>
      <steeringAngle>0.03553333333333333</steeringAngle>
      <velocity>0.0</velocity>
      <orientation>1.9174576</orientation>
      <time>6</time>
    </ksState>
    <ksState>
      <x>138.70643</x>
      <y>-577.00177</y>
      <steeringAngle>0.07106666666666667</steeringAngle>
      <velocity>0.0</velocity>
      <orientation>1.9174576</orientation>
      <time>7</time>
    </ksState>
    <ksState>
      <x>138.70643</x>
      <y>-577.00177</y>
      <steeringAngle>0.10660000000000001</steeringAngle>
      <velocity>0.0</velocity>
      <orientation>1.9174576</orientation>
      <time>8</time>
    </ksState>
    <ksState>
      <x>138.70643</x>
      <y>-577.00177</y>
      <steeringAngle>0.14213333333333336</steeringAngle>
      <velocity>0.0</velocity>
      <orientation>1.9174576</orientation>
      <time>9</time>
    </ksState>
    <ksState>
      <x>138.70643</x>
      <y>-577.00177</y>
      <steeringAngle>0.1776666666666667</steeringAngle>
      <velocity>0.0</velocity>
      <orientation>1.9174576</orientation>
      <time>10</time>
    </ksState>
    <ksState>
      <x>138.69278718335758</x>
      <y>-576.9641685029869</y>
      <steeringAngle>0.17766666666666667</steeringAngle>
      <velocity>0.7999999999999999</velocity>
      <orientation>1.9202426488661362</orientation>
      <time>11</time>
    </ksState>
    <ksState>
      <x>138.65123132255496</x>
      <y>-576.8515939639133</y>
      <steeringAngle>0.17766666666666667</steeringAngle>
      <velocity>1.6000000000000005</velocity>
      <orientation>1.928597795382023</orientation>
      <time>12</time>
    </ksState>
    <ksState>
      <x>138.57988611574828</x>
      <y>-576.6647538846914</y>
      <steeringAngle>0.17766666666666667</steeringAngle>
      <velocity>2.4000000000000017</velocity>
      <orientation>1.9425230395354738</orientation>
      <time>13</time>
    </ksState>
    <ksState>
      <x>138.47564677321697</x>
      <y>-576.4048853093483</y>
      <steeringAngle>0.17766666666666667</steeringAngle>
      <velocity>3.2000000000000024</velocity>
      <orientation>1.9620183813227998</orientation>
      <time>14</time>
    </ksState>
    <ksState>
      <x>138.33421585413</x>
      <y>-576.0738407354931</y>
      <steeringAngle>0.17766666666666667</steeringAngle>
      <velocity>4.000000000000002</velocity>
      <orientation>1.9870838207424923</orientation>
      <time>15</time>
    </ksState>
    <ksState>
      <x>138.1677382787538</x>
      <y>-575.7101418719307</y>
      <steeringAngle>0.1421333333333333</steeringAngle>
      <velocity>4.0</velocity>
      <orientation>2.0121012270870158</orientation>
      <time>16</time>
    </ksState>
    <ksState>
      <x>137.9932264948178</x>
      <y>-575.3502243611177</y>
      <steeringAngle>0.10659999999999999</steeringAngle>
      <velocity>4.0</velocity>
      <orientation>2.0314931533777663</orientation>
      <time>17</time>
    </ksState>
    <ksState>
      <x>137.8127628112326</x>
      <y>-574.9932505459836</y>
      <steeringAngle>0.07106666666666664</steeringAngle>
      <velocity>4.0</velocity>
      <orientation>2.0453093931127193</orientation>
      <time>18</time>
    </ksState>
    <ksState>
      <x>137.62836697459105</x>
      <y>-574.638289629105</y>
      <steeringAngle>0.03553333333333332</steeringAngle>
      <velocity>4.0</velocity>
      <orientation>2.0535851535749847</orientation>
      <time>19</time>
    </ksState>
    <ksState>
      <x>137.4420159243372</x>
      <y>-574.2843501233716</y>
      <steeringAngle>-2.2985086056692694e-17</steeringAngle>
      <velocity>4.0</velocity>
      <orientation>2.056341416869825</orientation>
      <time>20</time>
    </ksState>
    <ksState>
      <x>137.25566488246355</x>
      <y>-573.93041062866</y>
      <steeringAngle>-0.035533333333333326</steeringAngle>
      <velocity>4.0</velocity>
      <orientation>2.0535851423372247</orientation>
      <time>21</time>
    </ksState>
    <ksState>
      <x>137.07126904924866</x>
      <y>-573.5754497099646</y>
      <steeringAngle>-0.07106666666666711</steeringAngle>
      <velocity>4.0</velocity>
      <orientation>2.045309381793939</orientation>
      <time>22</time>
    </ksState>
    <ksState>
      <x>136.89080536955188</x>
      <y>-573.218475892995</y>
      <steeringAngle>-0.10660000000000043</steeringAngle>
      <velocity>4.0</velocity>
      <orientation>2.0314931419748024</orientation>
      <time>23</time>
    </ksState>
    <ksState>
      <x>136.7162935899115</x>
      <y>-572.8585583805551</y>
      <steeringAngle>-0.14213333333333378</steeringAngle>
      <velocity>4.0</velocity>
      <orientation>2.0121012155892566</orientation>
      <time>24</time>
    </ksState>
    <ksState>
      <x>136.54981601910245</x>
      <y>-572.4948595156723</y>
      <steeringAngle>-0.1776666666666672</steeringAngle>
      <velocity>4.0</velocity>
      <orientation>1.9870838091378593</orientation>
      <time>25</time>
    </ksState>
    <ksState>
      <x>136.39318387974234</x>
      <y>-572.1268160137129</y>
      <steeringAngle>-0.17766666666666667</steeringAngle>
      <velocity>4.0</velocity>
      <orientation>1.9592333209826034</orientation>
      <time>26</time>
    </ksState>
    <ksState>
      <x>136.2468613320523</x>
      <y>-571.7545534893707</y>
      <steeringAngle>-0.17766666666666667</steeringAngle>
      <velocity>4.0</velocity>
      <orientation>1.9313828328273475</orientation>
      <time>27</time>
    </ksState>
    <ksState>
      <x>136.11096188007804</x>
      <y>-571.3783606994822</y>
      <steeringAngle>-0.17766666666666667</steeringAngle>
      <velocity>4.0</velocity>
      <orientation>1.9035323446720915</orientation>
      <time>28</time>
    </ksState>
    <ksState>
      <x>135.98559092721757</x>
      <y>-570.9985294193593</y>
      <steeringAngle>-0.17766666666666667</steeringAngle>
      <velocity>4.0</velocity>
      <orientation>1.8756818565168358</orientation>
      <time>29</time>
    </ksState>
    <ksState>
      <x>135.87084571217295</x>
      <y>-570.6153542457716</y>
      <steeringAngle>-0.17766666666666667</steeringAngle>
      <velocity>4.0</velocity>
      <orientation>1.84783136836158</orientation>
      <time>30</time>
    </ksState>
    <ksState>
      <x>135.76644953863556</x>
      <y>-570.2292285079471</y>
      <steeringAngle>-0.1421333333333333</steeringAngle>
      <velocity>4.0</velocity>
      <orientation>1.8228139620170567</orientation>
      <time>31</time>
    </ksState>
    <ksState>
      <x>135.6706493385839</x>
      <y>-569.840876478221</y>
      <steeringAngle>-0.10659999999999999</steeringAngle>
      <velocity>4.0</velocity>
      <orientation>1.803422035726306</orientation>
      <time>32</time>
    </ksState>
    <ksState>
      <x>135.58130820892208</x>
      <y>-569.4509846876749</y>
      <steeringAngle>-0.07106666666666664</steeringAngle>
      <velocity>4.0</velocity>
      <orientation>1.7896057959913532</orientation>
      <time>33</time>
    </ksState>
    <ksState>
      <x>135.49627783927076</x>
      <y>-569.0601280473078</y>
      <steeringAngle>-0.03553333333333332</steeringAngle>
      <velocity>4.0</velocity>
      <orientation>1.7813300355290878</orientation>
      <time>34</time>
    </ksState>
    <ksState>
      <x>135.41340405683246</x>
      <y>-568.6688074321675</y>
      <steeringAngle>2.2985086056692694e-17</steeringAngle>
      <velocity>4.0</velocity>
      <orientation>1.7785737722342474</orientation>
      <time>35</time>
    </ksState>
    <ksState>
      <x>135.33124944413657</x>
      <y>-568.2773352156094</y>
      <steeringAngle>-0.035533333333333326</steeringAngle>
      <velocity>4.0</velocity>
      <orientation>1.775817497701647</orientation>
      <time>36</time>
    </ksState>
    <ksState>
      <x>135.25125518109266</x>
      <y>-567.885416863158</y>
      <steeringAngle>-0.07106666666666711</steeringAngle>
      <velocity>4.0</velocity>
      <orientation>1.7675417371583615</orientation>
      <time>37</time>
    </ksState>
    <ksState>
      <x>135.17559430791218</x>
      <y>-567.4926410009145</y>
      <steeringAngle>-0.10660000000000043</steeringAngle>
      <velocity>4.0</velocity>
      <orientation>1.7537254973392247</orientation>
      <time>38</time>
    </ksState>
    <ksState>
      <x>135.1064643876574</x>
      <y>-567.0986663429481</y>
      <steeringAngle>-0.14213333333333378</steeringAngle>
      <velocity>4.0</velocity>
      <orientation>1.734333570953679</orientation>
      <time>39</time>
    </ksState>
    <ksState>
      <x>135.04609760767647</x>
      <y>-566.7032583286461</y>
      <steeringAngle>-0.1776666666666672</steeringAngle>
      <velocity>4.0</velocity>
      <orientation>1.7093161645022816</orientation>
      <time>40</time>
    </ksState>
    <ksState>
      <x>134.99601475074613</x>
      <y>-566.3064166046535</y>
      <steeringAngle>-0.1421333333333333</steeringAngle>
      <velocity>4.0</velocity>
      <orientation>1.6842987581577584</orientation>
      <time>41</time>
    </ksState>
    <ksState>
      <x>134.9547529260243</x>
      <y>-565.9085567811692</y>
      <steeringAngle>-0.10659999999999999</steeringAngle>
      <velocity>4.0</velocity>
      <orientation>1.6649068318670077</orientation>
      <time>42</time>
    </ksState>
    <ksState>
      <x>134.92010090626928</x>
      <y>-565.5100637657832</y>
      <steeringAngle>-0.07106666666666664</steeringAngle>
      <velocity>4.0</velocity>
      <orientation>1.651090592132055</orientation>
      <time>43</time>
    </ksState>
    <ksState>
      <x>134.88985157789915</x>
      <y>-565.1112103400549</y>
      <steeringAngle>-0.03553333333333332</steeringAngle>
      <velocity>4.0</velocity>
      <orientation>1.6428148316697895</orientation>
      <time>44</time>
    </ksState>
    <ksState>
      <x>134.86180224340654</x>
      <y>-564.7121951492613</y>
      <steeringAngle>2.2985086056692694e-17</steeringAngle>
      <velocity>4.0</velocity>
      <orientation>1.6400585683749491</orientation>
      <time>45</time>
    </ksState>
    <ksState>
      <x>134.83375290759676</x>
      <y>-564.3131799722507</y>
      <steeringAngle>0.035533333333333326</steeringAngle>
      <velocity>4.0</velocity>
      <orientation>1.6428148429075495</orientation>
      <time>46</time>
    </ksState>
    <ksState>
      <x>134.80350357535693</x>
      <y>-563.9143265467833</y>
      <steeringAngle>0.07106666666666711</steeringAngle>
      <velocity>4.0</velocity>
      <orientation>1.651090603450835</orientation>
      <time>47</time>
    </ksState>
    <ksState>
      <x>134.76885155132987</x>
      <y>-563.5158335318855</y>
      <steeringAngle>0.10660000000000043</steeringAngle>
      <velocity>4.0</velocity>
      <orientation>1.6649068432699718</orientation>
      <time>48</time>
    </ksState>
    <ksState>
      <x>134.72758972209974</x>
      <y>-563.1179737092812</y>
      <steeringAngle>0.14213333333333378</steeringAngle>
      <velocity>4.0</velocity>
      <orientation>1.6842987696555176</orientation>
      <time>49</time>
    </ksState>
    <ksState>
      <x>134.67750686059176</x>
      <y>-562.7211319865721</y>
      <steeringAngle>0.1776666666666672</steeringAngle>
      <velocity>4.0</velocity>
      <orientation>1.7093161761069149</orientation>
      <time>50</time>
    </ksState>
    <ksState>
      <x>134.61714007585667</x>
      <y>-562.3257239722875</y>
      <steeringAngle>0.1421333333333333</steeringAngle>
      <velocity>4.0</velocity>
      <orientation>1.734333582451438</orientation>
      <time>51</time>
    </ksState>
    <ksState>
      <x>134.54801015102478</x>
      <y>-561.9317493147078</y>
      <steeringAngle>0.10659999999999999</steeringAngle>
      <velocity>4.0</velocity>
      <orientation>1.7537255087421888</orientation>
      <time>52</time>
    </ksState>
    <ksState>
      <x>134.47234927360162</x>
      <y>-561.5389734531632</y>
      <steeringAngle>0.07106666666666664</steeringAngle>
      <velocity>4.0</velocity>
      <orientation>1.7675417484771416</orientation>
      <time>53</time>
    </ksState>
    <ksState>
      <x>134.39235500676423</x>
      <y>-561.1470551015193</y>
      <steeringAngle>0.03553333333333332</steeringAngle>
      <velocity>4.0</velocity>
      <orientation>1.775817508939407</orientation>
      <time>54</time>
    </ksState>
    <ksState>
      <x>134.31020038903162</x>
      <y>-560.7555828720641</y>
      <steeringAngle>-2.2985086056692694e-17</steeringAngle>
      <velocity>4.0</velocity>
      <orientation>1.7785737722342474</orientation>
      <time>55</time>
    </ksState>
    <ksState>
      <x>134.21989001246985</x>
      <y>-560.3249509326808</y>
      <steeringAngle>-0.035533333333333326</steeringAngle>
      <velocity>4.799999999999999</velocity>
      <orientation>1.7754499935650565</orientation>
      <time>56</time>
    </ksState>
    <ksState>
      <x>134.11667091298165</x>
      <y>-559.8153009196355</y>
      <steeringAngle>-0.07106666666666667</steeringAngle>
      <velocity>5.599999999999998</velocity>
      <orientation>1.7645993825038837</orientation>
      <time>57</time>
    </ksState>
    <ksState>
      <x>134.00684264586937</x>
      <y>-559.2254495086047</y>
      <steeringAngle>-0.10659999999999999</steeringAngle>
      <velocity>6.3999999999999995</velocity>
      <orientation>1.7437824335035559</orientation>
      <time>58</time>
    </ksState>
    <ksState>
      <x>133.90035842161842</x>
      <y>-558.5538701221261</y>
      <steeringAngle>-0.14213333333333333</steeringAngle>
      <velocity>7.199999999999999</velocity>
      <orientation>1.7107228625223907</orientation>
      <time>59</time>
    </ksState>
    <ksState>
      <x>133.81164362309323</x>
      <y>-557.7991381808487</y>
      <steeringAngle>-0.17766666666666664</steeringAngle>
      <velocity>7.9999999999999964</velocity>
      <orientation>1.663095540440844</orientation>
      <time>60</time>
    </ksState>
    <ksState>
      <x>133.75861668956446</x>
      <y>-557.000981217015</y>
      <steeringAngle>-0.14213333333333336</steeringAngle>
      <velocity>8.0</velocity>
      <orientation>1.6130607288920957</orientation>
      <time>61</time>
    </ksState>
    <ksState>
      <x>133.74106760387488</x>
      <y>-556.2012239407019</y>
      <steeringAngle>-0.1066000000000001</steeringAngle>
      <velocity>8.0</velocity>
      <orientation>1.5742768768850983</orientation>
      <time>62</time>
    </ksState>
    <ksState>
      <x>133.7500763973328</x>
      <y>-555.4013001879955</y>
      <steeringAngle>-0.07106666666666674</steeringAngle>
      <velocity>8.0</velocity>
      <orientation>1.5466443978554114</orientation>
      <time>63</time>
    </ksState>
    <ksState>
      <x>133.77675027059055</x>
      <y>-554.6017542020236</y>
      <steeringAngle>-0.035533333333333354</steeringAngle>
      <velocity>8.0</velocity>
      <orientation>1.530092877226382</orientation>
      <time>64</time>
    </ksState>
    <ksState>
      <x>133.81224144978407</x>
      <y>-553.802542939511</y>
      <steeringAngle>-2.0816681711721685e-17</steeringAngle>
      <velocity>8.0</velocity>
      <orientation>1.5245803507679772</orientation>
      <time>65</time>
    </ksState>
    <ksState>
      <x>133.84606236708856</x>
      <y>-553.0432967404524</y>
      <steeringAngle>0.03553333333333333</steeringAngle>
      <velocity>7.199999999999999</velocity>
      <orientation>1.5297253637504695</orientation>
      <time>66</time>
    </ksState>
    <ksState>
      <x>133.86976566000746</x>
      <y>-552.3637155538927</y>
      <steeringAngle>0.07106666666666664</steeringAngle>
      <velocity>6.400000000000001</velocity>
      <orientation>1.5437020358714326</orientation>
      <time>67</time>
    </ksState>
    <ksState>
      <x>133.88024825911464</x>
      <y>-551.7638177841682</y>
      <steeringAngle>0.10659999999999997</steeringAngle>
      <velocity>5.600000000000004</velocity>
      <orientation>1.564333803737314</orientation>
      <time>68</time>
    </ksState>
    <ksState>
      <x>133.87739360117587</x>
      <y>-551.2438392850852</y>
      <steeringAngle>0.1421333333333333</steeringAngle>
      <velocity>4.800000000000003</velocity>
      <orientation>1.5894500112459622</orientation>
      <time>69</time>
    </ksState>
    <ksState>
      <x>133.8633829963676</x>
      <y>-550.804076193823</y>
      <steeringAngle>0.17766666666666653</steeringAngle>
      <velocity>4.000000000000006</velocity>
      <orientation>1.616874907831112</orientation>
      <time>70</time>
    </ksState>
    <ksState>
      <x>133.83901697444875</x>
      <y>-550.4048347681208</y>
      <steeringAngle>0.21319999999999995</steeringAngle>
      <velocity>4.0</velocity>
      <orientation>1.6475826904686122</orientation>
      <time>71</time>
    </ksState>
    <ksState>
      <x>133.8012589396673</x>
      <y>-550.0066431311286</y>
      <steeringAngle>0.24873333333333336</steeringAngle>
      <velocity>4.0</velocity>
      <orientation>1.6840615315913063</orientation>
      <time>72</time>
    </ksState>
    <ksState>
      <x>133.74784488014978</x>
      <y>-549.610255670015</y>
      <steeringAngle>0.2842666666666667</steeringAngle>
      <velocity>4.0</velocity>
      <orientation>1.7264087654367544</orientation>
      <time>73</time>
    </ksState>
    <ksState>
      <x>133.67652576359058</x>
      <y>-549.2167046181028</y>
      <steeringAngle>0.31980000000000003</steeringAngle>
      <velocity>4.0</velocity>
      <orientation>1.7747394468038895</orientation>
      <time>74</time>
    </ksState>
    <ksState>
      <x>133.58509240157724</x>
      <y>-548.8273456528175</y>
      <steeringAngle>0.35533333333333333</steeringAngle>
      <velocity>4.0</velocity>
      <orientation>1.829187647982168</orientation>
      <time>75</time>
    </ksState>
    <ksState>
      <x>133.47141075919296</x>
      <y>-548.4439042252424</y>
      <steeringAngle>0.39086666666666653</steeringAngle>
      <velocity>4.0</velocity>
      <orientation>1.8899080142881552</orientation>
      <time>76</time>
    </ksState>
    <ksState>
      <x>133.3334696623181</x>
      <y>-548.068521612985</y>
      <steeringAngle>0.42639999999999995</steeringAngle>
      <velocity>4.0</velocity>
      <orientation>1.957077627744559</orientation>
      <time>77</time>
    </ksState>
    <ksState>
      <x>133.16944339887615</x>
      <y>-547.7037987865217</y>
      <steeringAngle>0.4619333333333333</steeringAngle>
      <velocity>4.0</velocity>
      <orientation>2.0308982113769027</orientation>
      <time>78</time>
    </ksState>
    <ksState>
      <x>132.9777713990891</x>
      <y>-547.3528357777258</y>
      <steeringAngle>0.49746666666666667</steeringAngle>
      <velocity>4.0</velocity>
      <orientation>2.111598753190123</orientation>
      <time>79</time>
    </ksState>
    <ksState>
      <x>132.7572575670848</x>
      <y>-547.0192629880335</y>
      <steeringAngle>0.533</steeringAngle>
      <velocity>4.0</velocity>
      <orientation>2.199438619789932</orientation>
      <time>80</time>
    </ksState>
    <ksState>
      <x>132.50757492947739</x>
      <y>-546.7069379021217</y>
      <steeringAngle>0.533</steeringAngle>
      <velocity>4.0</velocity>
      <orientation>2.290942918344752</orientation>
      <time>81</time>
    </ksState>
    <ksState>
      <x>132.2303976213109</x>
      <y>-546.4187345988694</y>
      <steeringAngle>0.533</steeringAngle>
      <velocity>4.0</velocity>
      <orientation>2.3824472168995716</orientation>
      <time>82</time>
    </ksState>
    <ksState>
      <x>131.92804485624742</x>
      <y>-546.1570645570223</y>
      <steeringAngle>0.533</steeringAngle>
      <velocity>4.0</velocity>
      <orientation>2.4739515154543916</orientation>
      <time>83</time>
    </ksState>
    <ksState>
      <x>131.60304647870504</x>
      <y>-545.9241172210355</y>
      <steeringAngle>0.533</steeringAngle>
      <velocity>4.0</velocity>
      <orientation>2.5654558140092116</orientation>
      <time>84</time>
    </ksState>
    <ksState>
      <x>131.2581218131509</x>
      <y>-545.7218417067195</y>
      <steeringAngle>0.533</steeringAngle>
      <velocity>4.0</velocity>
      <orientation>2.656960112564031</orientation>
      <time>85</time>
    </ksState>
    <ksState>
      <x>130.8959551976653</x>
      <y>-545.5523885888657</y>
      <steeringAngle>0.5685333333333333</steeringAngle>
      <velocity>4.0</velocity>
      <orientation>2.7522327522132612</orientation>
      <time>86</time>
    </ksState>
    <ksState>
      <x>130.51882098266546</x>
      <y>-545.4196170311811</y>
      <steeringAngle>0.6040666666666665</steeringAngle>
      <velocity>4.0</velocity>
      <orientation>2.8552701054317238</orientation>
      <time>87</time>
    </ksState>
    <ksState>
      <x>130.12968561514327</x>
      <y>-545.3279167590906</y>
      <steeringAngle>0.6396</steeringAngle>
      <velocity>4.0</velocity>
      <orientation>2.9664478882072145</orientation>
      <time>88</time>
    </ksState>
    <ksState>
      <x>129.7326113859041</x>
      <y>-545.2816460157356</y>
      <steeringAngle>0.6751333333333333</steeringAngle>
      <velocity>4.0</velocity>
      <orientation>3.0861919370871447</orientation>
      <time>89</time>
    </ksState>
    <ksState>
      <x>129.33290127362005</x>
      <y>-545.2849317095453</y>
      <steeringAngle>0.7106666666666664</steeringAngle>
      <velocity>4.0</velocity>
      <orientation>3.2149858747714557</orientation>
      <time>90</time>
    </ksState>
    <ksState>
      <x>128.93722993438766</x>
      <y>-545.3414029688593</y>
      <steeringAngle>0.7461999999999996</steeringAngle>
      <velocity>4.0</velocity>
      <orientation>3.3533804281226725</orientation>
      <time>91</time>
    </ksState>
    <ksState>
      <x>128.55374301162348</x>
      <y>-545.4538463113322</y>
      <steeringAngle>0.7817333333333332</steeringAngle>
      <velocity>4.0</velocity>
      <orientation>3.502004830287846</orientation>
      <time>92</time>
    </ksState>
    <ksState>
      <x>128.19209935273105</x>
      <y>-545.6237717758262</y>
      <steeringAngle>0.8172666666666665</steeringAngle>
      <velocity>4.0</velocity>
      <orientation>3.6615808834886914</orientation>
      <time>93</time>
    </ksState>
    <ksState>
      <x>127.86342078999661</x>
      <y>-545.8508825678863</y>
      <steeringAngle>0.8527999999999999</steeringAngle>
      <velocity>4.0</velocity>
      <orientation>3.8329404469082022</orientation>
      <time>94</time>
    </ksState>
    <ksState>
      <x>127.58010198140471</x>
      <y>-546.1324479870399</y>
      <steeringAngle>0.888333333333333</steeringAngle>
      <velocity>4.0</velocity>
      <orientation>4.017047395505838</orientation>
      <time>95</time>
    </ksState>
    <ksState>
      <x>127.37369734330831</x>
      <y>-546.4268965746693</y>
      <steeringAngle>0.8527999999999998</steeringAngle>
      <velocity>3.1999999999999997</velocity>
      <orientation>4.182964931217281</orientation>
      <time>96</time>
    </ksState>
    <ksState>
      <x>127.24730636926968</x>
      <y>-546.6765583282778</y>
      <steeringAngle>0.8172666666666667</steeringAngle>
      <velocity>2.3999999999999986</velocity>
      <orientation>4.303120605997694</orientation>
      <time>97</time>
    </ksState>
    <ksState>
      <x>127.17522444389793</x>
      <y>-546.8630599680707</y>
      <steeringAngle>0.7817333333333332</steeringAngle>
      <velocity>1.5999999999999996</velocity>
      <orientation>4.3830977234350454</orientation>
      <time>98</time>
    </ksState>
    <ksState>
      <x>127.13900344193858</x>
      <y>-546.9774524051676</y>
      <steeringAngle>0.7461999999999998</steeringAngle>
      <velocity>0.7999999999999996</velocity>
      <orientation>4.427861244584642</orientation>
      <time>99</time>
    </ksState>
  </ksTrajectory>
</CommonRoadSolution>
