<?xml version="1.0" ?>
<CommonRoadSolution benchmark_id="KS2:SM1:DEU_Guetersloh-12_1_T-1:2020a" computation_time="0.7049955990000853" date="2020-12-29">
  <ksTrajectory planningProblem="1">
    <ksState>
      <x>647.30887</x>
      <y>438.87649</y>
      <steeringAngle>0.0</steeringAngle>
      <velocity>4.0</velocity>
      <orientation>3.1234955</orientation>
      <time>0</time>
    </ksState>
    <ksState>
      <x>646.8689340682432</x>
      <y>438.88398715152897</y>
      <steeringAngle>0.035533333333333326</steeringAngle>
      <velocity>4.799999999999999</velocity>
      <orientation>3.126619278669191</orientation>
      <time>1</time>
    </ksState>
    <ksState>
      <x>646.3489634121075</x>
      <y>438.88926304520646</y>
      <steeringAngle>0.07106666666666667</steeringAngle>
      <velocity>5.599999999999998</velocity>
      <orientation>3.137469889730364</orientation>
      <time>2</time>
    </ksState>
    <ksState>
      <x>645.7489836799235</x>
      <y>438.8859080011944</y>
      <steeringAngle>0.10659999999999999</steeringAngle>
      <velocity>6.3999999999999995</velocity>
      <orientation>3.158286838730692</orientation>
      <time>3</time>
    </ksState>
    <ksState>
      <x>645.0693723014402</x>
      <y>438.863859495729</y>
      <steeringAngle>0.14213333333333333</steeringAngle>
      <velocity>7.199999999999999</velocity>
      <orientation>3.191346409711857</orientation>
      <time>4</time>
    </ksState>
    <ksState>
      <x>644.3114500805679</x>
      <y>438.8086822742526</y>
      <steeringAngle>0.17766666666666664</steeringAngle>
      <velocity>7.9999999999999964</velocity>
      <orientation>3.2389737317934038</orientation>
      <time>5</time>
    </ksState>
    <ksState>
      <x>643.5575433504337</x>
      <y>438.71349097818944</y>
      <steeringAngle>0.21320000000000014</steeringAngle>
      <velocity>7.200000000000003</velocity>
      <orientation>3.2972230588648967</orientation>
      <time>6</time>
    </ksState>
    <ksState>
      <x>642.8893493654474</x>
      <y>438.5879157369737</y>
      <steeringAngle>0.24873333333333347</steeringAngle>
      <velocity>6.400000000000004</velocity>
      <orientation>3.359140146350676</orientation>
      <time>7</time>
    </ksState>
    <ksState>
      <x>642.3078801256229</x>
      <y>438.4403592361849</y>
      <steeringAngle>0.2842666666666668</steeringAngle>
      <velocity>5.600000000000001</velocity>
      <orientation>3.4225622891145973</orientation>
      <time>8</time>
    </ksState>
    <ksState>
      <x>641.8130149693914</x>
      <y>438.28092318392754</y>
      <steeringAngle>0.3198</steeringAngle>
      <velocity>4.800000000000002</velocity>
      <orientation>3.4852913888565498</orientation>
      <time>9</time>
    </ksState>
    <ksState>
      <x>641.4033354711962</x>
      <y>438.12059517780574</y>
      <steeringAngle>0.3553333333333332</steeringAngle>
      <velocity>4.000000000000001</velocity>
      <orientation>3.5450812229047646</orientation>
      <time>10</time>
    </ksState>
    <ksState>
      <x>641.0403603797762</x>
      <y>437.9526668383132</y>
      <steeringAngle>0.39086666666666653</steeringAngle>
      <velocity>4.0</velocity>
      <orientation>3.605801589210752</orientation>
      <time>11</time>
    </ksState>
    <ksState>
      <x>640.6888670623657</x>
      <y>437.7618991796078</y>
      <steeringAngle>0.42639999999999995</steeringAngle>
      <velocity>4.0</velocity>
      <orientation>3.6729712026671555</orientation>
      <time>12</time>
    </ksState>
    <ksState>
      <x>640.3516931353083</x>
      <y>437.54686174529735</y>
      <steeringAngle>0.4619333333333333</steeringAngle>
      <velocity>4.0</velocity>
      <orientation>3.7467917862994993</orientation>
      <time>13</time>
    </ksState>
    <ksState>
      <x>640.0321316955641</x>
      <y>437.3064585937498</y>
      <steeringAngle>0.49746666666666667</steeringAngle>
      <velocity>4.0</velocity>
      <orientation>3.8274923281127196</orientation>
      <time>14</time>
    </ksState>
    <ksState>
      <x>639.7339479376599</x>
      <y>437.0400311127151</y>
      <steeringAngle>0.533</steeringAngle>
      <velocity>4.0</velocity>
      <orientation>3.915332194712528</orientation>
      <time>15</time>
    </ksState>
    <ksState>
      <x>639.461379977193</x>
      <y>436.74748073508823</y>
      <steeringAngle>0.5685333333333333</steeringAngle>
      <velocity>4.0</velocity>
      <orientation>4.010604834361758</orientation>
      <time>16</time>
    </ksState>
    <ksState>
      <x>639.2191173302967</x>
      <y>436.42941264085005</y>
      <steeringAngle>0.6040666666666665</steeringAngle>
      <velocity>4.0</velocity>
      <orientation>4.11364218758022</orientation>
      <time>17</time>
    </ksState>
    <ksState>
      <x>639.012249007425</x>
      <y>436.08730042073745</y>
      <steeringAngle>0.6396</steeringAngle>
      <velocity>4.0</velocity>
      <orientation>4.224819970355711</orientation>
      <time>18</time>
    </ksState>
    <ksState>
      <x>638.8461708863647</x>
      <y>435.7236701374529</y>
      <steeringAngle>0.6751333333333333</steeringAngle>
      <velocity>4.0</velocity>
      <orientation>4.344564019235642</orientation>
      <time>19</time>
    </ksState>
    <ksState>
      <x>638.7264400546151</x>
      <y>435.3422995859227</y>
      <steeringAngle>0.7106666666666664</steeringAngle>
      <velocity>4.0</velocity>
      <orientation>4.473357956919952</orientation>
      <time>20</time>
    </ksState>
    <ksState>
      <x>638.6585615240946</x>
      <y>434.94842483817564</y>
      <steeringAngle>0.7461999999999996</steeringAngle>
      <velocity>4.0</velocity>
      <orientation>4.6117525102711685</orientation>
      <time>21</time>
    </ksState>
    <ksState>
      <x>638.6476906178958</x>
      <y>434.54894073511764</y>
      <steeringAngle>0.7817333333333332</steeringAngle>
      <velocity>4.0</velocity>
      <orientation>4.760376912436342</orientation>
      <time>22</time>
    </ksState>
    <ksState>
      <x>638.6982330811838</x>
      <y>434.15257441603217</y>
      <steeringAngle>0.8172666666666665</steeringAngle>
      <velocity>4.0</velocity>
      <orientation>4.919952965637188</orientation>
      <time>23</time>
    </ksState>
    <ksState>
      <x>638.8133249648117</x>
      <y>433.77000054369597</y>
      <steeringAngle>0.8527999999999999</steeringAngle>
      <velocity>4.0</velocity>
      <orientation>5.091312529056699</orientation>
      <time>24</time>
    </ksState>
    <ksState>
      <x>638.9941774598859</x>
      <y>433.4138530916617</y>
      <steeringAngle>0.888333333333333</steeringAngle>
      <velocity>4.0</velocity>
      <orientation>5.275419477654335</orientation>
      <time>25</time>
    </ksState>
    <ksState>
      <x>639.2385630742851</x>
      <y>433.0979564662219</y>
      <steeringAngle>0.8883333333333333</steeringAngle>
      <velocity>4.0</velocity>
      <orientation>5.466259747152254</orientation>
      <time>26</time>
    </ksState>
    <ksState>
      <x>639.5384324423142</x>
      <y>432.83415091765346</y>
      <steeringAngle>0.8883333333333333</steeringAngle>
      <velocity>4.0</velocity>
      <orientation>5.6571000166501735</orientation>
      <time>27</time>
    </ksState>
    <ksState>
      <x>639.8828974253718</x>
      <y>432.6320151206431</y>
      <steeringAngle>0.8883333333333333</steeringAngle>
      <velocity>4.0</velocity>
      <orientation>5.847940286148092</orientation>
      <time>28</time>
    </ksState>
    <ksState>
      <x>640.2594506356618</x>
      <y>432.4988885465828</y>
      <steeringAngle>0.8883333333333333</steeringAngle>
      <velocity>4.0</velocity>
      <orientation>6.038780555646011</orientation>
      <time>29</time>
    </ksState>
    <ksState>
      <x>640.6544195795132</x>
      <y>432.4396049680032</y>
      <steeringAngle>0.8883333333333333</steeringAngle>
      <velocity>4.0</velocity>
      <orientation>6.229620825143929</orientation>
      <time>30</time>
    </ksState>
    <ksState>
      <x>641.0138406027695</x>
      <y>432.4505307826648</y>
      <steeringAngle>0.8527999999999998</steeringAngle>
      <velocity>3.1999999999999997</velocity>
      <orientation>0.11235305367578619</orientation>
      <time>31</time>
    </ksState>
    <ksState>
      <x>641.289488112499</x>
      <y>432.49873990953097</y>
      <steeringAngle>0.8172666666666667</steeringAngle>
      <velocity>2.3999999999999986</velocity>
      <orientation>0.23250872845619863</orientation>
      <time>32</time>
    </ksState>
    <ksState>
      <x>641.4820317957374</x>
      <y>432.55264348692424</y>
      <steeringAngle>0.7817333333333332</steeringAngle>
      <velocity>1.5999999999999996</velocity>
      <orientation>0.31248584589355044</orientation>
      <time>33</time>
    </ksState>
  </ksTrajectory>
</CommonRoadSolution>
