<?xml version="1.0" ?>
<CommonRoadSolution benchmark_id="KS2:SM1:DEU_Ibbenbueren-11_2_T-1:2020a" computation_time="0.4236496010000792" date="2020-12-29">
  <ksTrajectory planningProblem="1">
    <ksState>
      <x>-644.16593</x>
      <y>70.907891</y>
      <steeringAngle>0.0</steeringAngle>
      <velocity>4.0</velocity>
      <orientation>2.5380523</orientation>
      <time>0</time>
    </ksState>
    <ksState>
      <x>-644.5279314150857</x>
      <y>71.15800058959555</y>
      <steeringAngle>-0.035533333333333326</steeringAngle>
      <velocity>4.799999999999999</velocity>
      <orientation>2.534928521330809</orientation>
      <time>1</time>
    </ksState>
    <ksState>
      <x>-644.9537015443303</x>
      <y>71.45652548862287</y>
      <steeringAngle>-0.07106666666666667</steeringAngle>
      <velocity>5.599999999999998</velocity>
      <orientation>2.5240779102696362</orientation>
      <time>2</time>
    </ksState>
    <ksState>
      <x>-645.4394867508003</x>
      <y>71.80866135519561</y>
      <steeringAngle>-0.10659999999999999</steeringAngle>
      <velocity>6.3999999999999995</velocity>
      <orientation>2.503260961269308</orientation>
      <time>3</time>
    </ksState>
    <ksState>
      <x>-645.9791201291594</x>
      <y>72.2223684729952</y>
      <steeringAngle>-0.14213333333333333</steeringAngle>
      <velocity>7.199999999999999</velocity>
      <orientation>2.470201390288143</orientation>
      <time>4</time>
    </ksState>
    <ksState>
      <x>-646.5631213461594</x>
      <y>72.70861244180543</y>
      <steeringAngle>-0.17766666666666664</steeringAngle>
      <velocity>7.9999999999999964</velocity>
      <orientation>2.4225740682065964</orientation>
      <time>5</time>
    </ksState>
    <ksState>
      <x>-647.1511419073503</x>
      <y>73.25092066985707</y>
      <steeringAngle>-0.14213333333333336</steeringAngle>
      <velocity>8.0</velocity>
      <orientation>2.372539256657848</orientation>
      <time>6</time>
    </ksState>
    <ksState>
      <x>-647.71453598935</x>
      <y>73.81881747367962</y>
      <steeringAngle>-0.1066000000000001</steeringAngle>
      <velocity>8.0</velocity>
      <orientation>2.3337554046508506</orientation>
      <time>7</time>
    </ksState>
    <ksState>
      <x>-648.2587850520008</x>
      <y>74.40512125697549</y>
      <steeringAngle>-0.07106666666666674</steeringAngle>
      <velocity>8.0</velocity>
      <orientation>2.3061229256211635</orientation>
      <time>8</time>
    </ksState>
    <ksState>
      <x>-648.7899633754012</x>
      <y>75.0033142592316</y>
      <steeringAngle>-0.035533333333333354</steeringAngle>
      <velocity>8.0</velocity>
      <orientation>2.2895714049921345</orientation>
      <time>9</time>
    </ksState>
    <ksState>
      <x>-649.3145169595448</x>
      <y>75.60733561919297</y>
      <steeringAngle>-2.0816681711721685e-17</steeringAngle>
      <velocity>8.0</velocity>
      <orientation>2.2840588785337297</orientation>
      <time>10</time>
    </ksState>
    <ksState>
      <x>-649.836847348209</x>
      <y>76.2132804696828</y>
      <steeringAngle>-0.03553333333333333</steeringAngle>
      <velocity>8.0</velocity>
      <orientation>2.278546343530891</orientation>
      <time>11</time>
    </ksState>
    <ksState>
      <x>-650.3524575103199</x>
      <y>76.82494331878557</y>
      <steeringAngle>-0.07106666666666667</steeringAngle>
      <velocity>8.0</velocity>
      <orientation>2.2619948226506215</orientation>
      <time>12</time>
    </ksState>
    <ksState>
      <x>-650.8544227733566</x>
      <y>77.44783178751787</y>
      <steeringAngle>-0.10659999999999997</steeringAngle>
      <velocity>8.0</velocity>
      <orientation>2.2343623433599262</orientation>
      <time>13</time>
    </ksState>
    <ksState>
      <x>-651.3354197833667</x>
      <y>78.08701998297427</y>
      <steeringAngle>-0.1421333333333333</steeringAngle>
      <velocity>8.0</velocity>
      <orientation>2.1955784910871916</orientation>
      <time>14</time>
    </ksState>
    <ksState>
      <x>-651.787553449772</x>
      <y>78.74689992077818</y>
      <steeringAngle>-0.17766666666666667</steeringAngle>
      <velocity>8.0</velocity>
      <orientation>2.145543678838037</orientation>
      <time>15</time>
    </ksState>
    <ksState>
      <x>-652.1824886386692</x>
      <y>79.39610168999825</y>
      <steeringAngle>-0.21320000000000014</steeringAngle>
      <velocity>7.200000000000003</velocity>
      <orientation>2.087294351766544</orientation>
      <time>16</time>
    </ksState>
    <ksState>
      <x>-652.5002791578228</x>
      <y>79.99715204455639</y>
      <steeringAngle>-0.24873333333333347</steeringAngle>
      <velocity>6.400000000000004</velocity>
      <orientation>2.0253772642807646</orientation>
      <time>17</time>
    </ksState>
    <ksState>
      <x>-652.7468699685564</x>
      <y>80.54402713984666</y>
      <steeringAngle>-0.2842666666666668</steeringAngle>
      <velocity>5.600000000000001</velocity>
      <orientation>1.9619551215168436</orientation>
      <time>18</time>
    </ksState>
    <ksState>
      <x>-652.9302407692107</x>
      <y>81.03053153559134</y>
      <steeringAngle>-0.3198</steeringAngle>
      <velocity>4.800000000000002</velocity>
      <orientation>1.8992260217748909</orientation>
      <time>19</time>
    </ksState>
    <ksState>
      <x>-653.059872521531</x>
      <y>81.45093368779656</y>
      <steeringAngle>-0.3553333333333332</steeringAngle>
      <velocity>4.000000000000001</velocity>
      <orientation>1.839436187726676</orientation>
      <time>20</time>
    </ksState>
    <ksState>
      <x>-653.1544763931233</x>
      <y>81.83952209688235</y>
      <steeringAngle>-0.39086666666666653</steeringAngle>
      <velocity>4.0</velocity>
      <orientation>1.7787158214206888</orientation>
      <time>21</time>
    </ksState>
    <ksState>
      <x>-653.2240593795601</x>
      <y>82.23334700695116</y>
      <steeringAngle>-0.42639999999999995</steeringAngle>
      <velocity>4.0</velocity>
      <orientation>1.7115462079642851</orientation>
      <time>22</time>
    </ksState>
    <ksState>
      <x>-653.2657353013237</x>
      <y>82.63107866622319</y>
      <steeringAngle>-0.4619333333333333</steeringAngle>
      <velocity>4.0</velocity>
      <orientation>1.6377256243319414</orientation>
      <time>23</time>
    </ksState>
    <ksState>
      <x>-653.2765961297616</x>
      <y>83.03082262358973</y>
      <steeringAngle>-0.49746666666666667</steeringAngle>
      <velocity>4.0</velocity>
      <orientation>1.5570250825187208</orientation>
      <time>24</time>
    </ksState>
    <ksState>
      <x>-653.253782092746</x>
      <y>83.43004270805872</y>
      <steeringAngle>-0.533</steeringAngle>
      <velocity>4.0</velocity>
      <orientation>1.4691852159189123</orientation>
      <time>25</time>
    </ksState>
    <ksState>
      <x>-653.1945771867779</x>
      <y>83.82548397504027</y>
      <steeringAngle>-0.5685333333333333</steeringAngle>
      <velocity>4.0</velocity>
      <orientation>1.3739125762696824</orientation>
      <time>26</time>
    </ksState>
    <ksState>
      <x>-653.0965350233147</x>
      <y>84.21310006969705</y>
      <steeringAngle>-0.6040666666666665</steeringAngle>
      <velocity>4.0</velocity>
      <orientation>1.2708752230512197</orientation>
      <time>27</time>
    </ksState>
    <ksState>
      <x>-652.9576399973446</x>
      <y>84.58799131515214</y>
      <steeringAngle>-0.6396</steeringAngle>
      <velocity>4.0</velocity>
      <orientation>1.1596974402757292</orientation>
      <time>28</time>
    </ksState>
    <ksState>
      <x>-652.7765089894071</x>
      <y>84.94436258669361</y>
      <steeringAngle>-0.6751333333333333</steeringAngle>
      <velocity>4.0</velocity>
      <orientation>1.0399533913957986</orientation>
      <time>29</time>
    </ksState>
    <ksState>
      <x>-652.5526379805189</x>
      <y>85.27551321862005</y>
      <steeringAngle>-0.7106666666666664</steeringAngle>
      <velocity>4.0</velocity>
      <orientation>0.911159453711488</orientation>
      <time>30</time>
    </ksState>
    <ksState>
      <x>-652.3158342674285</x>
      <y>85.54639788339249</y>
      <steeringAngle>-0.6751333333333334</steeringAngle>
      <velocity>3.1999999999999984</velocity>
      <orientation>0.7950897111682738</orientation>
      <time>31</time>
    </ksState>
    <ksState>
      <x>-652.1115173201565</x>
      <y>85.73773136791728</y>
      <steeringAngle>-0.6395999999999997</steeringAngle>
      <velocity>2.3999999999999986</velocity>
      <orientation>0.7111222668476547</orientation>
      <time>32</time>
    </ksState>
    <ksState>
      <x>-651.9563898755993</x>
      <y>85.8639261054157</y>
      <steeringAngle>-0.6040666666666666</steeringAngle>
      <velocity>1.5999999999999988</velocity>
      <orientation>0.6553943185701864</orientation>
      <time>33</time>
    </ksState>
  </ksTrajectory>
</CommonRoadSolution>
