<?xml version="1.0" ?>
<CommonRoadSolution benchmark_id="KS2:SM1:DEU_BadEssen-3_1_T-1:2020a" computation_time="1.7497230559999934" date="2020-12-29">
  <ksTrajectory planningProblem="1">
    <ksState>
      <x>-354.91696</x>
      <y>575.70917</y>
      <steeringAngle>0.0</steeringAngle>
      <velocity>12.0</velocity>
      <orientation>2.4344424</orientation>
      <time>0</time>
    </ksState>
    <ksState>
      <x>-355.8007788715884</x>
      <y>576.4604733654692</y>
      <steeringAngle>0.03553333333333333</steeringAngle>
      <velocity>11.200000000000001</velocity>
      <orientation>2.442343673772344</orientation>
      <time>1</time>
    </ksState>
    <ksState>
      <x>-356.6341429018282</x>
      <y>577.1473911091604</y>
      <steeringAngle>0.07106666666666667</steeringAngle>
      <velocity>10.400000000000007</velocity>
      <orientation>2.464596104570834</orientation>
      <time>2</time>
    </ksState>
    <ksState>
      <x>-357.42352577428534</x>
      <y>577.7612116444639</y>
      <steeringAngle>0.10660000000000001</steeringAngle>
      <velocity>9.60000000000001</velocity>
      <orientation>2.4990441154555056</orientation>
      <time>3</time>
    </ksState>
    <ksState>
      <x>-358.1715007473142</x>
      <y>578.29674283121</y>
      <steeringAngle>0.14213333333333344</steeringAngle>
      <velocity>8.800000000000008</velocity>
      <orientation>2.5435522475763506</orientation>
      <time>4</time>
    </ksState>
    <ksState>
      <x>-358.87734084379576</x>
      <y>578.7519659136514</y>
      <steeringAngle>0.17766666666666675</steeringAngle>
      <velocity>8.000000000000009</velocity>
      <orientation>2.5959945453913322</orientation>
      <time>5</time>
    </ksState>
    <ksState>
      <x>-359.53648487467865</x>
      <y>579.130145497915</y>
      <steeringAngle>0.1421333333333334</steeringAngle>
      <velocity>7.2</velocity>
      <orientation>2.6436218671369693</orientation>
      <time>6</time>
    </ksState>
    <ksState>
      <x>-360.13941013923545</x>
      <y>579.4445320370335</y>
      <steeringAngle>0.10660000000000011</steeringAngle>
      <velocity>6.4</velocity>
      <orientation>2.676681437584937</orientation>
      <time>7</time>
    </ksState>
    <ksState>
      <x>-360.678670656123</x>
      <y>579.7075625108265</y>
      <steeringAngle>0.07106666666666674</steeringAngle>
      <velocity>5.600000000000001</velocity>
      <orientation>2.6974983858788257</orientation>
      <time>8</time>
    </ksState>
    <ksState>
      <x>-361.14956559478134</x>
      <y>579.9281419141953</y>
      <steeringAngle>0.03553333333333339</steeringAngle>
      <velocity>4.800000000000001</velocity>
      <orientation>2.7083489955364883</orientation>
      <time>9</time>
    </ksState>
    <ksState>
      <x>-361.5492941514563</x>
      <y>580.1120356627499</y>
      <steeringAngle>5.5294310796760726e-17</steeringAngle>
      <velocity>4.0</velocity>
      <orientation>2.711472771373654</orientation>
      <time>10</time>
    </ksState>
    <ksState>
      <x>-361.9128604585554</x>
      <y>580.2788275700547</y>
      <steeringAngle>0.0</steeringAngle>
      <velocity>4.0</velocity>
      <orientation>2.711472771373654</orientation>
      <time>11</time>
    </ksState>
    <ksState>
      <x>-362.27642676565443</x>
      <y>580.4456194773594</y>
      <steeringAngle>0.0</steeringAngle>
      <velocity>4.0</velocity>
      <orientation>2.711472771373654</orientation>
      <time>12</time>
    </ksState>
    <ksState>
      <x>-362.6399930727535</x>
      <y>580.6124113846641</y>
      <steeringAngle>0.0</steeringAngle>
      <velocity>4.0</velocity>
      <orientation>2.711472771373654</orientation>
      <time>13</time>
    </ksState>
    <ksState>
      <x>-363.00355937985256</x>
      <y>580.7792032919689</y>
      <steeringAngle>0.0</steeringAngle>
      <velocity>4.0</velocity>
      <orientation>2.711472771373654</orientation>
      <time>14</time>
    </ksState>
    <ksState>
      <x>-363.3671256869516</x>
      <y>580.9459951992736</y>
      <steeringAngle>0.0</steeringAngle>
      <velocity>4.0</velocity>
      <orientation>2.711472771373654</orientation>
      <time>15</time>
    </ksState>
    <ksState>
      <x>-363.7306919940507</x>
      <y>581.1127871065784</y>
      <steeringAngle>0.0</steeringAngle>
      <velocity>4.0</velocity>
      <orientation>2.711472771373654</orientation>
      <time>16</time>
    </ksState>
    <ksState>
      <x>-364.09425830114975</x>
      <y>581.2795790138831</y>
      <steeringAngle>0.0</steeringAngle>
      <velocity>4.0</velocity>
      <orientation>2.711472771373654</orientation>
      <time>17</time>
    </ksState>
    <ksState>
      <x>-364.4578246082488</x>
      <y>581.4463709211878</y>
      <steeringAngle>0.0</steeringAngle>
      <velocity>4.0</velocity>
      <orientation>2.711472771373654</orientation>
      <time>18</time>
    </ksState>
    <ksState>
      <x>-364.8213909153479</x>
      <y>581.6131628284926</y>
      <steeringAngle>0.0</steeringAngle>
      <velocity>4.0</velocity>
      <orientation>2.711472771373654</orientation>
      <time>19</time>
    </ksState>
    <ksState>
      <x>-365.18495722244694</x>
      <y>581.7799547357973</y>
      <steeringAngle>0.0</steeringAngle>
      <velocity>4.0</velocity>
      <orientation>2.711472771373654</orientation>
      <time>20</time>
    </ksState>
    <ksState>
      <x>-365.548523529546</x>
      <y>581.9467466431021</y>
      <steeringAngle>0.0</steeringAngle>
      <velocity>4.0</velocity>
      <orientation>2.711472771373654</orientation>
      <time>21</time>
    </ksState>
    <ksState>
      <x>-365.91208983664507</x>
      <y>582.1135385504068</y>
      <steeringAngle>0.0</steeringAngle>
      <velocity>4.0</velocity>
      <orientation>2.711472771373654</orientation>
      <time>22</time>
    </ksState>
    <ksState>
      <x>-366.27565614374413</x>
      <y>582.2803304577116</y>
      <steeringAngle>0.0</steeringAngle>
      <velocity>4.0</velocity>
      <orientation>2.711472771373654</orientation>
      <time>23</time>
    </ksState>
    <ksState>
      <x>-366.6392224508432</x>
      <y>582.4471223650163</y>
      <steeringAngle>0.0</steeringAngle>
      <velocity>4.0</velocity>
      <orientation>2.711472771373654</orientation>
      <time>24</time>
    </ksState>
    <ksState>
      <x>-367.00278875794226</x>
      <y>582.613914272321</y>
      <steeringAngle>0.0</steeringAngle>
      <velocity>4.0</velocity>
      <orientation>2.711472771373654</orientation>
      <time>25</time>
    </ksState>
    <ksState>
      <x>-367.36620153624284</x>
      <y>582.7810400611509</y>
      <steeringAngle>-0.035533333333333326</steeringAngle>
      <velocity>4.0</velocity>
      <orientation>2.7087164968410535</orientation>
      <time>26</time>
    </ksState>
    <ksState>
      <x>-367.72868621308646</x>
      <y>582.9501670435093</y>
      <steeringAngle>-0.07106666666666711</steeringAngle>
      <velocity>4.0</velocity>
      <orientation>2.700440736297768</orientation>
      <time>27</time>
    </ksState>
    <ksState>
      <x>-368.0892792036543</x>
      <y>583.1232859068513</y>
      <steeringAngle>-0.10660000000000043</steeringAngle>
      <velocity>4.0</velocity>
      <orientation>2.686624496478631</orientation>
      <time>28</time>
    </ksState>
    <ksState>
      <x>-368.4469460144369</x>
      <y>583.3023653011401</y>
      <steeringAngle>-0.14213333333333378</steeringAngle>
      <velocity>4.0</velocity>
      <orientation>2.6672325700930855</orientation>
      <time>29</time>
    </ksState>
    <ksState>
      <x>-368.80054579514854</x>
      <y>583.4893381360123</y>
      <steeringAngle>-0.1776666666666672</steeringAngle>
      <velocity>4.0</velocity>
      <orientation>2.642215163641688</orientation>
      <time>30</time>
    </ksState>
    <ksState>
      <x>-369.1143893142693</x>
      <y>583.6656771832281</y>
      <steeringAngle>-0.17766666666666667</steeringAngle>
      <velocity>3.2000000000000006</velocity>
      <orientation>2.6171497243735105</orientation>
      <time>31</time>
    </ksState>
    <ksState>
      <x>-369.355376174665</x>
      <y>583.8082354144852</y>
      <steeringAngle>-0.17766666666666667</steeringAngle>
      <velocity>2.4000000000000012</velocity>
      <orientation>2.5976543827434804</orientation>
      <time>32</time>
    </ksState>
    <ksState>
      <x>-369.525785449793</x>
      <y>583.9129255859585</y>
      <steeringAngle>-0.17766666666666667</steeringAngle>
      <velocity>1.6000000000000005</velocity>
      <orientation>2.5837291387445</orientation>
      <time>33</time>
    </ksState>
  </ksTrajectory>
</CommonRoadSolution>
