<?xml version="1.0" ?>
<CommonRoadSolution benchmark_id="KS2:SM1:ESP_Ceuta-3_2_T-1:2020a" computation_time="1.0567950499998915" date="2020-12-29">
  <ksTrajectory planningProblem="1">
    <ksState>
      <x>-408.35083</x>
      <y>-856.2988</y>
      <steeringAngle>0.0</steeringAngle>
      <velocity>4.0</velocity>
      <orientation>-2.0633</orientation>
      <time>0</time>
    </ksState>
    <ksState>
      <x>-408.5584665880568</x>
      <y>-856.6867263830057</y>
      <steeringAngle>0.035533333333333326</steeringAngle>
      <velocity>4.799999999999999</velocity>
      <orientation>-2.060176221330809</orientation>
      <time>1</time>
    </ksState>
    <ksState>
      <x>-408.80068793469883</x>
      <y>-857.146863468587</y>
      <steeringAngle>0.07106666666666667</steeringAngle>
      <velocity>5.599999999999998</velocity>
      <orientation>-2.049325610269636</orientation>
      <time>2</time>
    </ksState>
    <ksState>
      <x>-409.0717805031491</x>
      <y>-857.6821164505337</y>
      <steeringAngle>0.10659999999999999</steeringAngle>
      <velocity>6.3999999999999995</velocity>
      <orientation>-2.028508661269308</orientation>
      <time>3</time>
    </ksState>
    <ksState>
      <x>-409.362620620749</x>
      <y>-858.2967462483402</y>
      <steeringAngle>0.14213333333333333</steeringAngle>
      <velocity>7.199999999999999</velocity>
      <orientation>-1.9954490902881432</orientation>
      <time>4</time>
    </ksState>
    <ksState>
      <x>-409.6597638476976</x>
      <y>-858.99617209955</y>
      <steeringAngle>0.17766666666666664</steeringAngle>
      <velocity>7.9999999999999964</velocity>
      <orientation>-1.9478217682065966</orientation>
      <time>5</time>
    </ksState>
    <ksState>
      <x>-409.91947767625635</x>
      <y>-859.7103047677869</y>
      <steeringAngle>0.21320000000000014</steeringAngle>
      <velocity>7.200000000000003</velocity>
      <orientation>-1.8895724411351038</orientation>
      <time>6</time>
    </ksState>
    <ksState>
      <x>-410.1130085518572</x>
      <y>-860.3620701726431</y>
      <steeringAngle>0.24873333333333347</steeringAngle>
      <velocity>6.400000000000004</velocity>
      <orientation>-1.8276553536493243</orientation>
      <time>7</time>
    </ksState>
    <ksState>
      <x>-410.24736890865836</x>
      <y>-860.9467296396043</y>
      <steeringAngle>0.2842666666666668</steeringAngle>
      <velocity>5.600000000000001</velocity>
      <orientation>-1.7642332108854033</orientation>
      <time>8</time>
    </ksState>
    <ksState>
      <x>-410.33159998187296</x>
      <y>-861.4597759376288</y>
      <steeringAngle>0.3198</steeringAngle>
      <velocity>4.800000000000002</velocity>
      <orientation>-1.7015041111434506</orientation>
      <time>9</time>
    </ksState>
    <ksState>
      <x>-410.3761238944403</x>
      <y>-861.8974515960771</y>
      <steeringAngle>0.3553333333333332</steeringAngle>
      <velocity>4.000000000000001</velocity>
      <orientation>-1.641714277095236</orientation>
      <time>10</time>
    </ksState>
    <ksState>
      <x>-410.3939172640974</x>
      <y>-862.3370261214443</y>
      <steeringAngle>0.31979999999999975</steeringAngle>
      <velocity>4.800000000000001</velocity>
      <orientation>-1.5819244420634875</orientation>
      <time>11</time>
    </ksState>
    <ksState>
      <x>-410.3830566833568</x>
      <y>-862.8568274647619</y>
      <steeringAngle>0.28426666666666645</steeringAngle>
      <velocity>5.600000000000004</velocity>
      <orientation>-1.5191953419321638</orientation>
      <time>12</time>
    </ksState>
    <ksState>
      <x>-410.3326934627794</x>
      <y>-863.4546091457833</y>
      <steeringAngle>0.2487333333333331</steeringAngle>
      <velocity>6.400000000000004</velocity>
      <orientation>-1.455773205239488</orientation>
      <time>13</time>
    </ksState>
    <ksState>
      <x>-410.2332400954582</x>
      <y>-864.1271872987755</y>
      <steeringAngle>0.21319999999999992</steeringAngle>
      <velocity>7.200000000000004</velocity>
      <orientation>-1.393856116561689</orientation>
      <time>14</time>
    </ksState>
    <ksState>
      <x>-410.07708467504307</x>
      <y>-864.8708621125417</y>
      <steeringAngle>0.17766666666666656</steeringAngle>
      <velocity>8.000000000000004</velocity>
      <orientation>-1.3356067869607238</orientation>
      <time>15</time>
    </ksState>
    <ksState>
      <x>-409.8690977983962</x>
      <y>-865.643245424704</y>
      <steeringAngle>0.17766666666666667</steeringAngle>
      <velocity>8.0</velocity>
      <orientation>-1.279905810650212</orientation>
      <time>16</time>
    </ksState>
    <ksState>
      <x>-409.6184332178834</x>
      <y>-866.4028518026747</y>
      <steeringAngle>0.17766666666666667</steeringAngle>
      <velocity>8.0</velocity>
      <orientation>-1.2242048343397003</orientation>
      <time>17</time>
    </ksState>
    <ksState>
      <x>-409.3258684526122</x>
      <y>-867.1473250682108</y>
      <steeringAngle>0.17766666666666667</steeringAngle>
      <velocity>8.0</velocity>
      <orientation>-1.1685038580291884</orientation>
      <time>18</time>
    </ksState>
    <ksState>
      <x>-408.9923109789525</x>
      <y>-867.8743560167284</y>
      <steeringAngle>0.17766666666666667</steeringAngle>
      <velocity>8.0</velocity>
      <orientation>-1.1128028817186768</orientation>
      <time>19</time>
    </ksState>
    <ksState>
      <x>-408.6187954235807</x>
      <y>-868.5816895464616</y>
      <steeringAngle>0.17766666666666667</steeringAngle>
      <velocity>8.0</velocity>
      <orientation>-1.057101905408165</orientation>
      <time>20</time>
    </ksState>
    <ksState>
      <x>-408.2077667033809</x>
      <y>-869.2679269585623</y>
      <steeringAngle>0.14213333333333336</steeringAngle>
      <velocity>8.0</velocity>
      <orientation>-1.0070670938594166</orientation>
      <time>21</time>
    </ksState>
    <ksState>
      <x>-407.76666593885363</x>
      <y>-869.9352722866778</y>
      <steeringAngle>0.1066000000000001</steeringAngle>
      <velocity>8.0</velocity>
      <orientation>-0.9682832418524192</orientation>
      <time>22</time>
    </ksState>
    <ksState>
      <x>-407.3036414613027</x>
      <y>-870.5876276359255</y>
      <steeringAngle>0.07106666666666674</steeringAngle>
      <velocity>8.0</velocity>
      <orientation>-0.9406507628227323</orientation>
      <time>23</time>
    </ksState>
    <ksState>
      <x>-406.826312577032</x>
      <y>-871.2296108253</y>
      <steeringAngle>0.035533333333333354</steeringAngle>
      <velocity>8.0</velocity>
      <orientation>-0.9240992421937029</orientation>
      <time>24</time>
    </ksState>
    <ksState>
      <x>-406.3419270782164</x>
      <y>-871.8662967403826</y>
      <steeringAngle>2.0816681711721685e-17</steeringAngle>
      <velocity>8.0</velocity>
      <orientation>-0.918586715735298</orientation>
      <time>25</time>
    </ksState>
    <ksState>
      <x>-405.8806496671609</x>
      <y>-872.4703026583545</y>
      <steeringAngle>0.0</steeringAngle>
      <velocity>7.200000000000001</velocity>
      <orientation>-0.918586715735298</orientation>
      <time>26</time>
    </ksState>
    <ksState>
      <x>-405.4679277732837</x>
      <y>-873.0107290057189</y>
      <steeringAngle>0.0</steeringAngle>
      <velocity>6.400000000000001</velocity>
      <orientation>-0.918586715735298</orientation>
      <time>27</time>
    </ksState>
    <ksState>
      <x>-405.1037613964633</x>
      <y>-873.4875757826348</y>
      <steeringAngle>0.0</steeringAngle>
      <velocity>5.600000000000001</velocity>
      <orientation>-0.918586715735298</orientation>
      <time>28</time>
    </ksState>
    <ksState>
      <x>-404.7881505366654</x>
      <y>-873.9008429891471</y>
      <steeringAngle>0.0</steeringAngle>
      <velocity>4.800000000000001</velocity>
      <orientation>-0.918586715735298</orientation>
      <time>29</time>
    </ksState>
    <ksState>
      <x>-404.5210951938774</x>
      <y>-874.2505306252725</y>
      <steeringAngle>0.0</steeringAngle>
      <velocity>4.000000000000001</velocity>
      <orientation>-0.918586715735298</orientation>
      <time>30</time>
    </ksState>
    <ksState>
      <x>-404.3025953680027</x>
      <y>-874.5366386911372</y>
      <steeringAngle>0.0</steeringAngle>
      <velocity>3.2</velocity>
      <orientation>-0.918586715735298</orientation>
      <time>31</time>
    </ksState>
    <ksState>
      <x>-404.1326510591895</x>
      <y>-874.7591671865472</y>
      <steeringAngle>0.0</steeringAngle>
      <velocity>2.4000000000000004</velocity>
      <orientation>-0.918586715735298</orientation>
      <time>32</time>
    </ksState>
    <ksState>
      <x>-404.01126226737597</x>
      <y>-874.9181161115836</y>
      <steeringAngle>0.0</steeringAngle>
      <velocity>1.6</velocity>
      <orientation>-0.918586715735298</orientation>
      <time>33</time>
    </ksState>
  </ksTrajectory>
</CommonRoadSolution>
