<?xml version="1.0" ?>
<CommonRoadSolution benchmark_id="KS2:SM1:DEU_Guetersloh-16_5_T-1:2020a" computation_time="2.3160380759998134" date="2020-12-29">
  <ksTrajectory planningProblem="1">
    <ksState>
      <x>445.5129</x>
      <y>-179.15203</y>
      <steeringAngle>0.0</steeringAngle>
      <velocity>0.0</velocity>
      <orientation>1.8903229</orientation>
      <time>0</time>
    </ksState>
    <ksState>
      <x>445.5003353144957</x>
      <y>-179.11405462987238</y>
      <steeringAngle>0.0</steeringAngle>
      <velocity>0.8</velocity>
      <orientation>1.8903229</orientation>
      <time>1</time>
    </ksState>
    <ksState>
      <x>445.4626412583552</x>
      <y>-179.00012852061474</y>
      <steeringAngle>0.0</steeringAngle>
      <velocity>1.6</velocity>
      <orientation>1.8903229</orientation>
      <time>2</time>
    </ksState>
    <ksState>
      <x>445.3998178316333</x>
      <y>-178.81025167239326</y>
      <steeringAngle>0.0</steeringAngle>
      <velocity>2.4000000000000004</velocity>
      <orientation>1.8903229</orientation>
      <time>3</time>
    </ksState>
    <ksState>
      <x>445.31186503434674</x>
      <y>-178.54442408525824</y>
      <steeringAngle>0.0</steeringAngle>
      <velocity>3.2000000000000006</velocity>
      <orientation>1.8903229</orientation>
      <time>4</time>
    </ksState>
    <ksState>
      <x>445.1987828665024</x>
      <y>-178.2026457592303</y>
      <steeringAngle>0.0</steeringAngle>
      <velocity>4.000000000000001</velocity>
      <orientation>1.8903229</orientation>
      <time>5</time>
    </ksState>
    <ksState>
      <x>445.07313601374284</x>
      <y>-177.8228920648551</y>
      <steeringAngle>0.0</steeringAngle>
      <velocity>4.0</velocity>
      <orientation>1.8903229</orientation>
      <time>6</time>
    </ksState>
    <ksState>
      <x>444.94748916098325</x>
      <y>-177.44313837047991</y>
      <steeringAngle>0.0</steeringAngle>
      <velocity>4.0</velocity>
      <orientation>1.8903229</orientation>
      <time>7</time>
    </ksState>
    <ksState>
      <x>444.82184230822367</x>
      <y>-177.0633846761047</y>
      <steeringAngle>0.0</steeringAngle>
      <velocity>4.0</velocity>
      <orientation>1.8903229</orientation>
      <time>8</time>
    </ksState>
    <ksState>
      <x>444.6961954554641</x>
      <y>-176.68363098172952</y>
      <steeringAngle>0.0</steeringAngle>
      <velocity>4.0</velocity>
      <orientation>1.8903229</orientation>
      <time>9</time>
    </ksState>
    <ksState>
      <x>444.5705486027045</x>
      <y>-176.3038772873543</y>
      <steeringAngle>0.0</steeringAngle>
      <velocity>4.0</velocity>
      <orientation>1.8903229</orientation>
      <time>10</time>
    </ksState>
    <ksState>
      <x>444.4449017499449</x>
      <y>-175.9241235929791</y>
      <steeringAngle>0.0</steeringAngle>
      <velocity>4.0</velocity>
      <orientation>1.8903229</orientation>
      <time>11</time>
    </ksState>
    <ksState>
      <x>444.3192548971853</x>
      <y>-175.54436989860392</y>
      <steeringAngle>0.0</steeringAngle>
      <velocity>4.0</velocity>
      <orientation>1.8903229</orientation>
      <time>12</time>
    </ksState>
    <ksState>
      <x>444.19360804442573</x>
      <y>-175.1646162042287</y>
      <steeringAngle>0.0</steeringAngle>
      <velocity>4.0</velocity>
      <orientation>1.8903229</orientation>
      <time>13</time>
    </ksState>
    <ksState>
      <x>444.06796119166614</x>
      <y>-174.78486250985353</y>
      <steeringAngle>0.0</steeringAngle>
      <velocity>4.0</velocity>
      <orientation>1.8903229</orientation>
      <time>14</time>
    </ksState>
    <ksState>
      <x>443.94231433890656</x>
      <y>-174.40510881547831</y>
      <steeringAngle>0.0</steeringAngle>
      <velocity>4.0</velocity>
      <orientation>1.8903229</orientation>
      <time>15</time>
    </ksState>
    <ksState>
      <x>443.8045446200567</x>
      <y>-173.987234030525</y>
      <steeringAngle>-0.035533333333333326</steeringAngle>
      <velocity>4.799999999999999</velocity>
      <orientation>1.887199121330809</orientation>
      <time>16</time>
    </ksState>
    <ksState>
      <x>443.6451348617632</x>
      <y>-173.4922735803302</y>
      <steeringAngle>-0.07106666666666667</steeringAngle>
      <velocity>5.599999999999998</velocity>
      <orientation>1.8763485102696362</orientation>
      <time>17</time>
    </ksState>
    <ksState>
      <x>443.4702133658289</x>
      <y>-172.91834901593862</y>
      <steeringAngle>-0.10659999999999999</steeringAngle>
      <velocity>6.3999999999999995</velocity>
      <orientation>1.8555315612693084</orientation>
      <time>18</time>
    </ksState>
    <ksState>
      <x>443.2895010213359</x>
      <y>-172.2628333327509</y>
      <steeringAngle>-0.14213333333333333</steeringAngle>
      <velocity>7.199999999999999</velocity>
      <orientation>1.8224719902881432</orientation>
      <time>19</time>
    </ksState>
    <ksState>
      <x>443.1171743693361</x>
      <y>-171.52270216621864</y>
      <steeringAngle>-0.17766666666666664</steeringAngle>
      <velocity>7.9999999999999964</velocity>
      <orientation>1.7748446682065966</orientation>
      <time>20</time>
    </ksState>
    <ksState>
      <x>442.9769624439829</x>
      <y>-170.73519017408586</y>
      <steeringAngle>-0.17766666666666667</steeringAngle>
      <velocity>8.0</velocity>
      <orientation>1.7191436918960847</orientation>
      <time>21</time>
    </ksState>
    <ksState>
      <x>442.8808104737332</x>
      <y>-169.9410935930615</y>
      <steeringAngle>-0.17766666666666667</steeringAngle>
      <velocity>8.0</velocity>
      <orientation>1.663442715585573</orientation>
      <time>22</time>
    </ksState>
    <ksState>
      <x>442.8290167090481</x>
      <y>-169.14287558342008</y>
      <steeringAngle>-0.17766666666666667</steeringAngle>
      <velocity>8.0</velocity>
      <orientation>1.6077417392750615</orientation>
      <time>23</time>
    </ksState>
    <ksState>
      <x>442.82174180364717</x>
      <y>-168.3430120550054</y>
      <steeringAngle>-0.17766666666666667</steeringAngle>
      <velocity>8.0</velocity>
      <orientation>1.5520407629645496</orientation>
      <time>24</time>
    </ksState>
    <ksState>
      <x>442.85900832334397</x>
      <y>-167.54398402114228</y>
      <steeringAngle>-0.17766666666666667</steeringAngle>
      <velocity>8.0</velocity>
      <orientation>1.4963397866540378</orientation>
      <time>25</time>
    </ksState>
    <ksState>
      <x>442.93689315757837</x>
      <y>-166.7880933589536</y>
      <steeringAngle>-0.21320000000000014</steeringAngle>
      <velocity>7.200000000000003</velocity>
      <orientation>1.438090459582545</orientation>
      <time>26</time>
    </ksState>
    <ksState>
      <x>443.0471187063972</x>
      <y>-166.11719644349944</y>
      <steeringAngle>-0.24873333333333347</steeringAngle>
      <velocity>6.400000000000004</velocity>
      <orientation>1.3761733720967655</orientation>
      <time>27</time>
    </ksState>
    <ksState>
      <x>443.1813076896755</x>
      <y>-165.53249761969886</y>
      <steeringAngle>-0.2842666666666668</steeringAngle>
      <velocity>5.600000000000001</velocity>
      <orientation>1.3127512293328445</orientation>
      <time>28</time>
    </ksState>
    <ksState>
      <x>443.32935828772196</x>
      <y>-165.03410781439624</y>
      <steeringAngle>-0.3198</steeringAngle>
      <velocity>4.800000000000002</velocity>
      <orientation>1.2500221295908918</orientation>
      <time>29</time>
    </ksState>
    <ksState>
      <x>443.48025327608383</x>
      <y>-164.62086083827214</y>
      <steeringAngle>-0.3553333333333332</steeringAngle>
      <velocity>4.000000000000001</velocity>
      <orientation>1.190232295542677</orientation>
      <time>30</time>
    </ksState>
    <ksState>
      <x>443.6222778400093</x>
      <y>-164.29009966902146</y>
      <steeringAngle>-0.31979999999999975</steeringAngle>
      <velocity>3.2</velocity>
      <orientation>1.1411257354848887</orientation>
      <time>31</time>
    </ksState>
    <ksState>
      <x>443.7433024549914</x>
      <y>-164.03762094358342</y>
      <steeringAngle>-0.2842666666666663</steeringAngle>
      <velocity>2.4000000000000004</velocity>
      <orientation>1.1071934801186742</orientation>
      <time>32</time>
    </ksState>
    <ksState>
      <x>443.83467662637077</x>
      <y>-163.85971858614712</y>
      <steeringAngle>-0.24873333333333292</steeringAngle>
      <velocity>1.6000000000000008</velocity>
      <orientation>1.0859211591717355</orientation>
      <time>33</time>
    </ksState>
  </ksTrajectory>
</CommonRoadSolution>
