<?xml version="1.0" ?>
<CommonRoadSolution benchmark_id="KS2:SM1:ESP_Toledo-11_5_T-1:2020a" computation_time="0.7796796739999081" date="2020-12-29">
  <ksTrajectory planningProblem="1">
    <ksState>
      <x>10.219943</x>
      <y>-45.431871</y>
      <steeringAngle>0.0</steeringAngle>
      <velocity>4.0</velocity>
      <orientation>0.30326581</orientation>
      <time>0</time>
    </ksState>
    <ksState>
      <x>10.639864165686356</x>
      <y>-45.30047002773206</y>
      <steeringAngle>0.0</steeringAngle>
      <velocity>4.8</velocity>
      <orientation>0.30326581</orientation>
      <time>1</time>
    </ksState>
    <ksState>
      <x>11.13613463408961</x>
      <y>-45.14517796963951</y>
      <steeringAngle>0.0</steeringAngle>
      <velocity>5.6</velocity>
      <orientation>0.30326581</orientation>
      <time>2</time>
    </ksState>
    <ksState>
      <x>11.70875440519451</x>
      <y>-44.965994825727144</y>
      <steeringAngle>0.0</steeringAngle>
      <velocity>6.4</velocity>
      <orientation>0.30326581</orientation>
      <time>3</time>
    </ksState>
    <ksState>
      <x>12.357723478992094</x>
      <y>-44.76292059599774</y>
      <steeringAngle>0.0</steeringAngle>
      <velocity>7.199999999999999</velocity>
      <orientation>0.30326581</orientation>
      <time>4</time>
    </ksState>
    <ksState>
      <x>13.083041855476806</x>
      <y>-44.53595528045305</y>
      <steeringAngle>0.0</steeringAngle>
      <velocity>7.999999999999998</velocity>
      <orientation>0.30326581</orientation>
      <time>5</time>
    </ksState>
    <ksState>
      <x>13.808744176102527</x>
      <y>-44.31022360994423</y>
      <steeringAngle>-0.03553333333333333</steeringAngle>
      <velocity>7.199999999999999</velocity>
      <orientation>0.2981207970175077</orientation>
      <time>6</time>
    </ksState>
    <ksState>
      <x>14.45997112952446</x>
      <y>-44.11453025196331</y>
      <steeringAngle>-0.07106666666666664</steeringAngle>
      <velocity>6.400000000000001</velocity>
      <orientation>0.2841441248965446</orientation>
      <time>7</time>
    </ksState>
    <ksState>
      <x>15.03749380455278</x>
      <y>-43.95188100101912</y>
      <steeringAngle>-0.10659999999999997</steeringAngle>
      <velocity>5.600000000000004</velocity>
      <orientation>0.2635123570306632</orientation>
      <time>8</time>
    </ksState>
    <ksState>
      <x>15.541113730233597</x>
      <y>-43.82244855130991</y>
      <steeringAngle>-0.1421333333333333</steeringAngle>
      <velocity>4.800000000000003</velocity>
      <orientation>0.23839614952201496</orientation>
      <time>9</time>
    </ksState>
    <ksState>
      <x>15.969989948157563</x>
      <y>-43.72419854783514</y>
      <steeringAngle>-0.17766666666666653</steeringAngle>
      <velocity>4.000000000000006</velocity>
      <orientation>0.21097125293686514</orientation>
      <time>10</time>
    </ksState>
    <ksState>
      <x>16.362165175216745</x>
      <y>-43.64552048392369</y>
      <steeringAngle>-0.1421333333333333</steeringAngle>
      <velocity>4.0</velocity>
      <orientation>0.18595384659234182</orientation>
      <time>11</time>
    </ksState>
    <ksState>
      <x>16.755994368117594</x>
      <y>-43.57556661239857</y>
      <steeringAngle>-0.10659999999999999</steeringAngle>
      <velocity>4.0</velocity>
      <orientation>0.16656192030159125</orientation>
      <time>12</time>
    </ksState>
    <ksState>
      <x>17.150933562638148</x>
      <y>-43.512159369783646</y>
      <steeringAngle>-0.07106666666666664</steeringAngle>
      <velocity>4.0</velocity>
      <orientation>0.15274568056663834</orientation>
      <time>13</time>
    </ksState>
    <ksState>
      <x>17.546550924208788</x>
      <y>-43.45311717888634</y>
      <steeringAngle>-0.03553333333333332</steeringAngle>
      <velocity>4.0</velocity>
      <orientation>0.14446992010437298</orientation>
      <time>14</time>
    </ksState>
    <ksState>
      <x>17.94248887972009</x>
      <y>-43.396257500422614</y>
      <steeringAngle>2.2985086056692694e-17</steeringAngle>
      <velocity>4.0</velocity>
      <orientation>0.14171365680953263</orientation>
      <time>15</time>
    </ksState>
    <ksState>
      <x>18.338426821389252</x>
      <y>-43.33939782164288</y>
      <steeringAngle>0.035533333333333326</steeringAngle>
      <velocity>4.0</velocity>
      <orientation>0.14446993134213304</orientation>
      <time>16</time>
    </ksState>
    <ksState>
      <x>18.734044182419595</x>
      <y>-43.28035562690492</y>
      <steeringAngle>0.07106666666666711</steeringAngle>
      <velocity>4.0</velocity>
      <orientation>0.15274569188541845</orientation>
      <time>17</time>
    </ksState>
    <ksState>
      <x>19.128983376143932</x>
      <y>-43.216948380064515</y>
      <steeringAngle>0.10660000000000043</steeringAngle>
      <velocity>4.0</velocity>
      <orientation>0.1665619317045553</orientation>
      <time>18</time>
    </ksState>
    <ksState>
      <x>19.522812567840848</x>
      <y>-43.14699450410658</y>
      <steeringAngle>0.14213333333333378</steeringAngle>
      <velocity>4.0</velocity>
      <orientation>0.18595385809010112</orientation>
      <time>19</time>
    </ksState>
    <ksState>
      <x>19.914987793288432</x>
      <y>-43.06831643572243</y>
      <steeringAngle>0.1776666666666672</steeringAngle>
      <velocity>4.0</velocity>
      <orientation>0.21097126454149845</orientation>
      <time>20</time>
    </ksState>
    <ksState>
      <x>20.304988638470217</x>
      <y>-42.97948520688218</y>
      <steeringAngle>0.1421333333333333</steeringAngle>
      <velocity>4.0</velocity>
      <orientation>0.23598867088602177</orientation>
      <time>21</time>
    </ksState>
    <ksState>
      <x>20.692925540702827</x>
      <y>-42.882017585548454</y>
      <steeringAngle>0.10659999999999999</steeringAngle>
      <velocity>4.0</velocity>
      <orientation>0.2553805971767723</orientation>
      <time>22</time>
    </ksState>
    <ksState>
      <x>21.079194028989402</x>
      <y>-42.778122923792544</y>
      <steeringAngle>0.07106666666666664</steeringAngle>
      <velocity>4.0</velocity>
      <orientation>0.26919683691172525</orientation>
      <time>23</time>
    </ksState>
    <ksState>
      <x>21.464293571420402</x>
      <y>-42.66996831454494</y>
      <steeringAngle>0.03553333333333332</steeringAngle>
      <velocity>4.0</velocity>
      <orientation>0.2774725973739906</orientation>
      <time>24</time>
    </ksState>
    <ksState>
      <x>21.84879177846379</x>
      <y>-42.55969131590113</y>
      <steeringAngle>-2.2985086056692694e-17</steeringAngle>
      <velocity>4.0</velocity>
      <orientation>0.28022886066883096</orientation>
      <time>25</time>
    </ksState>
    <ksState>
      <x>22.271756582214472</x>
      <y>-42.438445259800716</y>
      <steeringAngle>-0.035533333333333326</steeringAngle>
      <velocity>4.799999999999999</velocity>
      <orientation>0.2771050819996401</orientation>
      <time>26</time>
    </ksState>
    <ksState>
      <x>22.77259772196131</x>
      <y>-42.298604382252954</y>
      <steeringAngle>-0.07106666666666667</steeringAngle>
      <velocity>5.599999999999998</velocity>
      <orientation>0.2662544709384674</orientation>
      <time>27</time>
    </ksState>
    <ksState>
      <x>23.352951430130457</x>
      <y>-42.14636605341863</y>
      <steeringAngle>-0.10659999999999999</steeringAngle>
      <velocity>6.3999999999999995</velocity>
      <orientation>0.24543752193813936</orientation>
      <time>28</time>
    </ksState>
    <ksState>
      <x>24.01506077273835</x>
      <y>-41.99154686601418</y>
      <steeringAngle>-0.14213333333333333</steeringAngle>
      <velocity>7.199999999999999</velocity>
      <orientation>0.2123779509569742</orientation>
      <time>29</time>
    </ksState>
    <ksState>
      <x>24.76139081709987</x>
      <y>-41.84843123603211</y>
      <steeringAngle>-0.17766666666666664</steeringAngle>
      <velocity>7.9999999999999964</velocity>
      <orientation>0.16475062887542757</orientation>
      <time>30</time>
    </ksState>
    <ksState>
      <x>25.51387928325175</x>
      <y>-41.74235692382237</y>
      <steeringAngle>-0.1421333333333334</steeringAngle>
      <velocity>7.2</velocity>
      <orientation>0.11712330712979065</orientation>
      <time>31</time>
    </ksState>
    <ksState>
      <x>26.190464715822237</x>
      <y>-41.67460795295857</y>
      <steeringAngle>-0.10660000000000011</steeringAngle>
      <velocity>6.4</velocity>
      <orientation>0.08406373668182268</orientation>
      <time>32</time>
    </ksState>
    <ksState>
      <x>26.78885755530646</x>
      <y>-41.63087072771918</y>
      <steeringAngle>-0.07106666666666674</steeringAngle>
      <velocity>5.600000000000001</velocity>
      <orientation>0.06324678838793421</orientation>
      <time>33</time>
    </ksState>
  </ksTrajectory>
</CommonRoadSolution>
