<?xml version="1.0" ?>
<CommonRoadSolution benchmark_id="KS2:SM1:FRA_Miramas-3_1_T-1:2020a" computation_time="0.9092189799998778" date="2020-12-29">
  <ksTrajectory planningProblem="1">
    <ksState>
      <x>-172.0663</x>
      <y>266.165</y>
      <steeringAngle>0.0</steeringAngle>
      <velocity>12.0</velocity>
      <orientation>-1.5284532</orientation>
      <time>0</time>
    </ksState>
    <ksState>
      <x>-172.01416218644664</x>
      <y>265.0061755123665</y>
      <steeringAngle>0.03553333333333333</steeringAngle>
      <velocity>11.200000000000001</velocity>
      <orientation>-1.520551926227656</orientation>
      <time>1</time>
    </ksState>
    <ksState>
      <x>-171.9492651698622</x>
      <y>263.92814955222747</y>
      <steeringAngle>0.07106666666666667</steeringAngle>
      <velocity>10.400000000000007</velocity>
      <orientation>-1.498299495429166</orientation>
      <time>2</time>
    </ksState>
    <ksState>
      <x>-171.8608214583704</x>
      <y>262.9321180874702</y>
      <steeringAngle>0.10660000000000001</steeringAngle>
      <velocity>9.60000000000001</velocity>
      <orientation>-1.4638514845444943</orientation>
      <time>3</time>
    </ksState>
    <ksState>
      <x>-171.74327714974817</x>
      <y>262.01973464408366</y>
      <steeringAngle>0.14213333333333344</steeringAngle>
      <velocity>8.800000000000008</velocity>
      <orientation>-1.4193433524236494</orientation>
      <time>4</time>
    </ksState>
    <ksState>
      <x>-171.59564971217227</x>
      <y>261.1929067077733</y>
      <steeringAngle>0.17766666666666675</steeringAngle>
      <velocity>8.000000000000009</velocity>
      <orientation>-1.366901054608668</orientation>
      <time>5</time>
    </ksState>
    <ksState>
      <x>-171.4221456750539</x>
      <y>260.4530678211644</y>
      <steeringAngle>0.17766666666666667</steeringAngle>
      <velocity>7.2</velocity>
      <orientation>-1.3139851271642906</orientation>
      <time>6</time>
    </ksState>
    <ksState>
      <x>-171.23392507514052</x>
      <y>259.79970220360116</y>
      <steeringAngle>0.17766666666666667</steeringAngle>
      <velocity>6.4</velocity>
      <orientation>-1.2666392973714795</orientation>
      <time>7</time>
    </ksState>
    <ksState>
      <x>-171.04232822572914</x>
      <y>259.2311617122036</y>
      <steeringAngle>0.17766666666666667</steeringAngle>
      <velocity>5.599999999999999</velocity>
      <orientation>-1.2248635652162947</orientation>
      <time>8</time>
    </ksState>
    <ksState>
      <x>-170.8571932391315</x>
      <y>258.74526511978854</y>
      <steeringAngle>0.17766666666666667</steeringAngle>
      <velocity>4.799999999999999</velocity>
      <orientation>-1.1886579306947802</orientation>
      <time>9</time>
    </ksState>
    <ksState>
      <x>-170.68688730036658</x>
      <y>258.3395795943368</y>
      <steeringAngle>0.17766666666666667</steeringAngle>
      <velocity>4.0</velocity>
      <orientation>-1.1580223938054501</orientation>
      <time>10</time>
    </ksState>
    <ksState>
      <x>-170.52168862807963</x>
      <y>257.9752980478176</y>
      <steeringAngle>0.1421333333333333</steeringAngle>
      <velocity>4.0</velocity>
      <orientation>-1.133004987460927</orientation>
      <time>11</time>
    </ksState>
    <ksState>
      <x>-170.3484425108384</x>
      <y>257.6147696020839</y>
      <steeringAngle>0.10659999999999999</steeringAngle>
      <velocity>4.0</velocity>
      <orientation>-1.1136130611701762</orientation>
      <time>12</time>
    </ksState>
    <ksState>
      <x>-170.1692341878534</x>
      <y>257.25716392153976</y>
      <steeringAngle>0.07106666666666664</steeringAngle>
      <velocity>4.0</velocity>
      <orientation>-1.0997968214352234</orientation>
      <time>13</time>
    </ksState>
    <ksState>
      <x>-169.98608666365732</x>
      <y>256.9015573109953</y>
      <steeringAngle>0.03553333333333332</steeringAngle>
      <velocity>4.0</velocity>
      <orientation>-1.091521060972958</orientation>
      <time>14</time>
    </ksState>
    <ksState>
      <x>-169.80098034913465</x>
      <y>256.5469652355434</y>
      <steeringAngle>-2.2985086056692694e-17</steeringAngle>
      <velocity>4.0</velocity>
      <orientation>-1.0887647976781176</orientation>
      <time>15</time>
    </ksState>
    <ksState>
      <x>-169.61554827817164</x>
      <y>256.1925432454548</y>
      <steeringAngle>0.0</steeringAngle>
      <velocity>4.0</velocity>
      <orientation>-1.0887647976781176</orientation>
      <time>16</time>
    </ksState>
    <ksState>
      <x>-169.4301162072086</x>
      <y>255.83812125536616</y>
      <steeringAngle>0.0</steeringAngle>
      <velocity>4.0</velocity>
      <orientation>-1.0887647976781176</orientation>
      <time>17</time>
    </ksState>
    <ksState>
      <x>-169.2446841362456</x>
      <y>255.48369926527758</y>
      <steeringAngle>0.0</steeringAngle>
      <velocity>4.0</velocity>
      <orientation>-1.0887647976781176</orientation>
      <time>18</time>
    </ksState>
    <ksState>
      <x>-169.05925206528258</x>
      <y>255.12927727518897</y>
      <steeringAngle>0.0</steeringAngle>
      <velocity>4.0</velocity>
      <orientation>-1.0887647976781176</orientation>
      <time>19</time>
    </ksState>
    <ksState>
      <x>-168.87381999431958</x>
      <y>254.77485528510036</y>
      <steeringAngle>0.0</steeringAngle>
      <velocity>4.0</velocity>
      <orientation>-1.0887647976781176</orientation>
      <time>20</time>
    </ksState>
    <ksState>
      <x>-168.6887136881383</x>
      <y>254.4202632206995</y>
      <steeringAngle>-0.035533333333333326</steeringAngle>
      <velocity>4.0</velocity>
      <orientation>-1.091521072210718</orientation>
      <time>21</time>
    </ksState>
    <ksState>
      <x>-168.50556616737524</x>
      <y>254.06465660835033</y>
      <steeringAngle>-0.07106666666666711</steeringAngle>
      <velocity>4.0</velocity>
      <orientation>-1.0997968327540035</orientation>
      <time>22</time>
    </ksState>
    <ksState>
      <x>-168.3263578482851</x>
      <y>253.70705092598442</y>
      <steeringAngle>-0.10660000000000043</steeringAngle>
      <velocity>4.0</velocity>
      <orientation>-1.1136130725731404</orientation>
      <time>23</time>
    </ksState>
    <ksState>
      <x>-168.15311173534516</x>
      <y>253.3465224786389</y>
      <steeringAngle>-0.14213333333333378</steeringAngle>
      <velocity>4.0</velocity>
      <orientation>-1.1330049989586861</orientation>
      <time>24</time>
    </ksState>
    <ksState>
      <x>-167.98791306763</x>
      <y>252.9822409308154</y>
      <steeringAngle>-0.1776666666666672</steeringAngle>
      <velocity>4.0</velocity>
      <orientation>-1.1580224054100834</orientation>
      <time>25</time>
    </ksState>
    <ksState>
      <x>-167.83222569673464</x>
      <y>252.6137940703274</y>
      <steeringAngle>-0.1421333333333333</steeringAngle>
      <velocity>4.0</velocity>
      <orientation>-1.1830398117546066</orientation>
      <time>26</time>
    </ksState>
    <ksState>
      <x>-167.68475396301588</x>
      <y>252.24197816819805</y>
      <steeringAngle>-0.10659999999999999</steeringAngle>
      <velocity>4.0</velocity>
      <orientation>-1.2024317380453573</orientation>
      <time>27</time>
    </ksState>
    <ksState>
      <x>-167.54347352249093</x>
      <y>251.8677626114535</y>
      <steeringAngle>-0.07106666666666664</steeringAngle>
      <velocity>4.0</velocity>
      <orientation>-1.2162479777803101</orientation>
      <time>28</time>
    </ksState>
    <ksState>
      <x>-167.40633362412132</x>
      <y>251.49200773742356</y>
      <steeringAngle>-0.03553333333333332</steeringAngle>
      <velocity>4.0</velocity>
      <orientation>-1.2245237382425755</orientation>
      <time>29</time>
    </ksState>
    <ksState>
      <x>-167.27126768965016</x>
      <y>251.11550132181435</y>
      <steeringAngle>2.2985086056692694e-17</steeringAngle>
      <velocity>4.0</velocity>
      <orientation>-1.227280001537416</orientation>
      <time>30</time>
    </ksState>
    <ksState>
      <x>-167.15001966996383</x>
      <y>250.77653389420186</y>
      <steeringAngle>0.0</steeringAngle>
      <velocity>3.2</velocity>
      <orientation>-1.227280001537416</orientation>
      <time>31</time>
    </ksState>
    <ksState>
      <x>-167.05571565476347</x>
      <y>250.51289256192536</y>
      <steeringAngle>0.0</steeringAngle>
      <velocity>2.4000000000000004</velocity>
      <orientation>-1.227280001537416</orientation>
      <time>32</time>
    </ksState>
    <ksState>
      <x>-166.98835564401477</x>
      <y>250.32457732488885</y>
      <steeringAngle>0.0</steeringAngle>
      <velocity>1.6</velocity>
      <orientation>-1.227280001537416</orientation>
      <time>33</time>
    </ksState>
  </ksTrajectory>
</CommonRoadSolution>
