<?xml version="1.0" ?>
<CommonRoadSolution benchmark_id="KS2:SM1:ESP_SantBoideLlobregat-18_2_T-1:2020a" computation_time="0.2878073950000726" date="2020-12-29">
  <ksTrajectory planningProblem="1">
    <ksState>
      <x>315.03649</x>
      <y>877.71709</y>
      <steeringAngle>0.0</steeringAngle>
      <velocity>16.0</velocity>
      <orientation>-1.5117542</orientation>
      <time>0</time>
    </ksState>
    <ksState>
      <x>315.1285422141032</x>
      <y>876.1598082692801</y>
      <steeringAngle>0.0</steeringAngle>
      <velocity>15.2</velocity>
      <orientation>-1.5117542</orientation>
      <time>1</time>
    </ksState>
    <ksState>
      <x>315.2158738018089</x>
      <y>874.6823871406983</y>
      <steeringAngle>0.0</steeringAngle>
      <velocity>14.400000000000002</velocity>
      <orientation>-1.5117542</orientation>
      <time>2</time>
    </ksState>
    <ksState>
      <x>315.29848476313896</x>
      <y>873.284826613885</y>
      <steeringAngle>0.0</steeringAngle>
      <velocity>13.600000000000001</velocity>
      <orientation>-1.5117542</orientation>
      <time>3</time>
    </ksState>
    <ksState>
      <x>315.3763750980999</x>
      <y>871.9671266887285</y>
      <steeringAngle>0.0</steeringAngle>
      <velocity>12.800000000000004</velocity>
      <orientation>-1.5117542</orientation>
      <time>4</time>
    </ksState>
    <ksState>
      <x>315.44954480669384</x>
      <y>870.7292873651932</y>
      <steeringAngle>0.0</steeringAngle>
      <velocity>12.000000000000002</velocity>
      <orientation>-1.5117542</orientation>
      <time>5</time>
    </ksState>
    <ksState>
      <x>315.52102566169214</x>
      <y>869.5714950556186</y>
      <steeringAngle>0.03553333333333333</steeringAngle>
      <velocity>11.200000000000001</velocity>
      <orientation>-1.5038529262276559</orientation>
      <time>6</time>
    </ksState>
    <ksState>
      <x>315.60391474886546</x>
      <y>868.494703064228</y>
      <steeringAngle>0.07106666666666667</steeringAngle>
      <velocity>10.400000000000007</velocity>
      <orientation>-1.481600495429166</orientation>
      <time>7</time>
    </ksState>
    <ksState>
      <x>315.7089780855038</x>
      <y>867.5002873241157</y>
      <steeringAngle>0.10660000000000001</steeringAngle>
      <velocity>9.60000000000001</velocity>
      <orientation>-1.4471524845444943</orientation>
      <time>8</time>
    </ksState>
    <ksState>
      <x>315.8417411885299</x>
      <y>866.5899938710302</y>
      <steeringAngle>0.14213333333333344</steeringAngle>
      <velocity>8.800000000000008</velocity>
      <orientation>-1.4026443524236494</orientation>
      <time>9</time>
    </ksState>
    <ksState>
      <x>316.00315460115394</x>
      <y>865.7657463312622</y>
      <steeringAngle>0.17766666666666675</steeringAngle>
      <velocity>8.000000000000009</velocity>
      <orientation>-1.350202054608668</orientation>
      <time>10</time>
    </ksState>
    <ksState>
      <x>316.1902806345562</x>
      <y>865.0292542483375</y>
      <steeringAngle>0.21320000000000014</steeringAngle>
      <velocity>7.200000000000003</velocity>
      <orientation>-1.2919527275371752</orientation>
      <time>11</time>
    </ksState>
    <ksState>
      <x>316.3970260283845</x>
      <y>864.3815593472389</y>
      <steeringAngle>0.24873333333333347</steeringAngle>
      <velocity>6.400000000000004</velocity>
      <orientation>-1.2300356400513957</orientation>
      <time>12</time>
    </ksState>
    <ksState>
      <x>316.61492742256337</x>
      <y>863.8226332517647</y>
      <steeringAngle>0.2842666666666668</steeringAngle>
      <velocity>5.600000000000001</velocity>
      <orientation>-1.1666134972874747</orientation>
      <time>13</time>
    </ksState>
    <ksState>
      <x>316.8339745210329</x>
      <y>863.3511146982978</y>
      <steeringAngle>0.3198</steeringAngle>
      <velocity>4.800000000000002</velocity>
      <orientation>-1.103884397545522</orientation>
      <time>14</time>
    </ksState>
    <ksState>
      <x>317.04343735165435</x>
      <y>862.9642456204737</y>
      <steeringAngle>0.3553333333333332</steeringAngle>
      <velocity>4.000000000000001</velocity>
      <orientation>-1.0440945634973073</orientation>
      <time>15</time>
    </ksState>
    <ksState>
      <x>317.2547028467861</x>
      <y>862.6246609701096</y>
      <steeringAngle>0.39086666666666653</steeringAngle>
      <velocity>4.0</velocity>
      <orientation>-0.9833741971913201</orientation>
      <time>16</time>
    </ksState>
    <ksState>
      <x>317.48722338368293</x>
      <y>862.2992780392216</y>
      <steeringAngle>0.42639999999999995</steeringAngle>
      <velocity>4.0</velocity>
      <orientation>-0.9162045837349165</orientation>
      <time>17</time>
    </ksState>
    <ksState>
      <x>317.74206982644773</x>
      <y>861.9910887372458</y>
      <steeringAngle>0.4619333333333333</steeringAngle>
      <velocity>4.0</velocity>
      <orientation>-0.8423840001025725</orientation>
      <time>18</time>
    </ksState>
    <ksState>
      <x>318.0199250811</x>
      <y>861.7034958887473</y>
      <steeringAngle>0.49746666666666667</steeringAngle>
      <velocity>4.0</velocity>
      <orientation>-0.7616834582893521</orientation>
      <time>19</time>
    </ksState>
    <ksState>
      <x>318.3209800181562</x>
      <y>861.4403170883045</y>
      <steeringAngle>0.533</steeringAngle>
      <velocity>4.0</velocity>
      <orientation>-0.6738435916895436</orientation>
      <time>20</time>
    </ksState>
    <ksState>
      <x>318.644527282311</x>
      <y>861.2053584820133</y>
      <steeringAngle>0.533</steeringAngle>
      <velocity>4.0</velocity>
      <orientation>-0.5823392931347237</orientation>
      <time>21</time>
    </ksState>
    <ksState>
      <x>318.9881907126734</x>
      <y>861.0009474969867</y>
      <steeringAngle>0.533</steeringAngle>
      <velocity>4.0</velocity>
      <orientation>-0.4908349945799038</orientation>
      <time>22</time>
    </ksState>
    <ksState>
      <x>319.34909478708084</x>
      <y>860.8287944998651</y>
      <steeringAngle>0.533</steeringAngle>
      <velocity>4.0</velocity>
      <orientation>-0.399330696025084</orientation>
      <time>23</time>
    </ksState>
    <ksState>
      <x>319.72421975083773</x>
      <y>860.6903399285615</y>
      <steeringAngle>0.533</steeringAngle>
      <velocity>4.0</velocity>
      <orientation>-0.3078263974702641</orientation>
      <time>24</time>
    </ksState>
    <ksState>
      <x>320.11042686053673</x>
      <y>860.5867422595849</y>
      <steeringAngle>0.533</steeringAngle>
      <velocity>4.0</velocity>
      <orientation>-0.2163220989154443</orientation>
      <time>25</time>
    </ksState>
    <ksState>
      <x>320.5044119464742</x>
      <y>860.5183835836234</y>
      <steeringAngle>0.4974666666666666</steeringAngle>
      <velocity>4.0</velocity>
      <orientation>-0.12848223207599513</orientation>
      <time>26</time>
    </ksState>
    <ksState>
      <x>320.9027718769264</x>
      <y>860.4834185002846</y>
      <steeringAngle>0.4619333333333334</steeringAngle>
      <velocity>4.0</velocity>
      <orientation>-0.047781690288824924</orientation>
      <time>27</time>
    </ksState>
    <ksState>
      <x>321.30265982067266</x>
      <y>860.4792963225384</y>
      <steeringAngle>0.42640000000000017</steeringAngle>
      <velocity>4.0</velocity>
      <orientation>0.026038892960980137</orientation>
      <time>28</time>
    </ksState>
    <ksState>
      <x>321.7018609238448</x>
      <y>860.5033449692138</y>
      <steeringAngle>0.3908666666666668</steeringAngle>
      <velocity>4.0</velocity>
      <orientation>0.09320850582384271</orientation>
      <time>29</time>
    </ksState>
    <ksState>
      <x>322.0987238016962</x>
      <y>860.5528494021244</y>
      <steeringAngle>0.3553333333333335</steeringAngle>
      <velocity>4.0</velocity>
      <orientation>0.1539288737021285</orientation>
      <time>30</time>
    </ksState>
    <ksState>
      <x>322.4529396632598</x>
      <y>860.6169200760638</y>
      <steeringAngle>0.31979999999999975</steeringAngle>
      <velocity>3.2</velocity>
      <orientation>0.20303543375991684</orientation>
      <time>31</time>
    </ksState>
    <ksState>
      <x>322.72615623181156</x>
      <y>860.6781178774883</y>
      <steeringAngle>0.2842666666666663</steeringAngle>
      <velocity>2.4000000000000004</velocity>
      <orientation>0.2369676891261312</orientation>
      <time>32</time>
    </ksState>
    <ksState>
      <x>322.92004104516064</x>
      <y>860.7271807670204</y>
      <steeringAngle>0.24873333333333292</steeringAngle>
      <velocity>1.6000000000000008</velocity>
      <orientation>0.25824001007306996</orientation>
      <time>33</time>
    </ksState>
  </ksTrajectory>
</CommonRoadSolution>
