<?xml version="1.0" ?>
<CommonRoadSolution benchmark_id="KS2:SM1:ITA_Foggia-13_1_T-1:2020a" computation_time="1.609580466999887" date="2020-12-29">
  <ksTrajectory planningProblem="1">
    <ksState>
      <x>-741.71349</x>
      <y>-677.62542</y>
      <steeringAngle>0.0</steeringAngle>
      <velocity>4.0</velocity>
      <orientation>2.4757406</orientation>
      <time>0</time>
    </ksState>
    <ksState>
      <x>-742.0592141919288</x>
      <y>-677.3532534802976</y>
      <steeringAngle>-0.035533333333333326</steeringAngle>
      <velocity>4.799999999999999</velocity>
      <orientation>2.472616821330809</orientation>
      <time>1</time>
    </ksState>
    <ksState>
      <x>-742.4655684508016</x>
      <y>-677.0287946468654</y>
      <steeringAngle>-0.07106666666666667</steeringAngle>
      <velocity>5.599999999999998</velocity>
      <orientation>2.4617662102696363</orientation>
      <time>2</time>
    </ksState>
    <ksState>
      <x>-742.9284828837169</x>
      <y>-676.6470916692105</y>
      <steeringAngle>-0.10659999999999999</steeringAngle>
      <velocity>6.3999999999999995</velocity>
      <orientation>2.4409492612693082</orientation>
      <time>3</time>
    </ksState>
    <ksState>
      <x>-743.4413068558497</x>
      <y>-676.2005837342718</y>
      <steeringAngle>-0.14213333333333333</steeringAngle>
      <velocity>7.199999999999999</velocity>
      <orientation>2.407889690288143</orientation>
      <time>4</time>
    </ksState>
    <ksState>
      <x>-743.9938955897908</x>
      <y>-675.6789168771845</y>
      <steeringAngle>-0.17766666666666664</steeringAngle>
      <velocity>7.9999999999999964</velocity>
      <orientation>2.3602623682065964</orientation>
      <time>5</time>
    </ksState>
    <ksState>
      <x>-744.547004668359</x>
      <y>-675.1010442772102</y>
      <steeringAngle>-0.14213333333333336</steeringAngle>
      <velocity>8.0</velocity>
      <orientation>2.310227556657848</orientation>
      <time>6</time>
    </ksState>
    <ksState>
      <x>-745.0739416254371</x>
      <y>-674.4991662873405</y>
      <steeringAngle>-0.1066000000000001</steeringAngle>
      <velocity>8.0</velocity>
      <orientation>2.2714437046508507</orientation>
      <time>7</time>
    </ksState>
    <ksState>
      <x>-745.5806244906898</x>
      <y>-673.8801092281266</y>
      <steeringAngle>-0.07106666666666674</steeringAngle>
      <velocity>8.0</velocity>
      <orientation>2.2438112256211635</orientation>
      <time>8</time>
    </ksState>
    <ksState>
      <x>-746.0735216255517</x>
      <y>-673.2499999569335</y>
      <steeringAngle>-0.035533333333333354</steeringAngle>
      <velocity>8.0</velocity>
      <orientation>2.2272597049921345</orientation>
      <time>9</time>
    </ksState>
    <ksState>
      <x>-746.5594439381895</x>
      <y>-672.6144861710812</y>
      <steeringAngle>-2.0816681711721685e-17</steeringAngle>
      <velocity>8.0</velocity>
      <orientation>2.2217471785337297</orientation>
      <time>10</time>
    </ksState>
    <ksState>
      <x>-747.0199606859254</x>
      <y>-672.0099000945381</y>
      <steeringAngle>0.0</steeringAngle>
      <velocity>7.200000000000001</velocity>
      <orientation>2.2217471785337297</orientation>
      <time>11</time>
    </ksState>
    <ksState>
      <x>-747.4320019863067</x>
      <y>-671.4689546579261</y>
      <steeringAngle>0.0</steeringAngle>
      <velocity>6.400000000000001</velocity>
      <orientation>2.2217471785337297</orientation>
      <time>12</time>
    </ksState>
    <ksState>
      <x>-747.7955678394543</x>
      <y>-670.991649861086</y>
      <steeringAngle>0.0</steeringAngle>
      <velocity>5.600000000000001</velocity>
      <orientation>2.2217471785337297</orientation>
      <time>13</time>
    </ksState>
    <ksState>
      <x>-748.1106582454026</x>
      <y>-670.5779857039728</y>
      <steeringAngle>0.0</steeringAngle>
      <velocity>4.800000000000001</velocity>
      <orientation>2.2217471785337297</orientation>
      <time>14</time>
    </ksState>
    <ksState>
      <x>-748.3772732041643</x>
      <y>-670.2279621865699</y>
      <steeringAngle>0.0</steeringAngle>
      <velocity>4.000000000000001</velocity>
      <orientation>2.2217471785337297</orientation>
      <time>15</time>
    </ksState>
    <ksState>
      <x>-748.6435178045332</x>
      <y>-669.8776571136603</y>
      <steeringAngle>-0.035533333333333326</steeringAngle>
      <velocity>4.799999999999999</velocity>
      <orientation>2.218623399864539</orientation>
      <time>16</time>
    </ksState>
    <ksState>
      <x>-748.955307704704</x>
      <y>-669.4615028436501</y>
      <steeringAngle>-0.07106666666666667</steeringAngle>
      <velocity>5.599999999999998</velocity>
      <orientation>2.207772788803366</orientation>
      <time>17</time>
    </ksState>
    <ksState>
      <x>-749.3074593346812</x>
      <y>-668.9757290641434</y>
      <steeringAngle>-0.10659999999999999</steeringAngle>
      <velocity>6.3999999999999995</velocity>
      <orientation>2.186955839803038</orientation>
      <time>18</time>
    </ksState>
    <ksState>
      <x>-749.6916356189209</x>
      <y>-668.4146886511738</y>
      <steeringAngle>-0.14213333333333333</steeringAngle>
      <velocity>7.199999999999999</velocity>
      <orientation>2.153896268821873</orientation>
      <time>19</time>
    </ksState>
    <ksState>
      <x>-750.0954156041331</x>
      <y>-667.7709089200515</y>
      <steeringAngle>-0.17766666666666664</steeringAngle>
      <velocity>7.9999999999999964</velocity>
      <orientation>2.106268946740326</orientation>
      <time>20</time>
    </ksState>
    <ksState>
      <x>-750.4645555663747</x>
      <y>-667.1067007984028</y>
      <steeringAngle>-0.21320000000000014</steeringAngle>
      <velocity>7.200000000000003</velocity>
      <orientation>2.048019619668833</orientation>
      <time>21</time>
    </ksState>
    <ksState>
      <x>-750.7585009969962</x>
      <y>-666.4936360166749</y>
      <steeringAngle>-0.24873333333333347</steeringAngle>
      <velocity>6.400000000000004</velocity>
      <orientation>1.9861025321830539</orientation>
      <time>22</time>
    </ksState>
    <ksState>
      <x>-750.9834287969113</x>
      <y>-665.9375003474247</y>
      <steeringAngle>-0.2842666666666668</steeringAngle>
      <velocity>5.600000000000001</velocity>
      <orientation>1.9226803894191329</orientation>
      <time>23</time>
    </ksState>
    <ksState>
      <x>-751.1475557725983</x>
      <y>-665.4441711333462</y>
      <steeringAngle>-0.3198</steeringAngle>
      <velocity>4.800000000000002</velocity>
      <orientation>1.8599512896771802</orientation>
      <time>24</time>
    </ksState>
    <ksState>
      <x>-751.2605806215173</x>
      <y>-665.0190032320234</y>
      <steeringAngle>-0.3553333333333332</steeringAngle>
      <velocity>4.000000000000001</velocity>
      <orientation>1.8001614556289653</orientation>
      <time>25</time>
    </ksState>
    <ksState>
      <x>-751.3402673677592</x>
      <y>-664.627077415883</y>
      <steeringAngle>-0.35533333333333333</steeringAngle>
      <velocity>4.0</velocity>
      <orientation>1.7426047488722514</orientation>
      <time>26</time>
    </ksState>
    <ksState>
      <x>-751.3972766609612</x>
      <y>-664.2312165949555</y>
      <steeringAngle>-0.35533333333333333</steeringAngle>
      <velocity>4.0</velocity>
      <orientation>1.6850480421155374</orientation>
      <time>27</time>
    </ksState>
    <ksState>
      <x>-751.4314196847388</x>
      <y>-663.8327318347918</y>
      <steeringAngle>-0.35533333333333333</steeringAngle>
      <velocity>4.0</velocity>
      <orientation>1.6274913353588234</orientation>
      <time>28</time>
    </ksState>
    <ksState>
      <x>-751.4425833618433</x>
      <y>-663.4329428610297</y>
      <steeringAngle>-0.35533333333333333</steeringAngle>
      <velocity>4.0</velocity>
      <orientation>1.5699346286021094</orientation>
      <time>29</time>
    </ksState>
    <ksState>
      <x>-751.4307307198361</x>
      <y>-663.0331737185601</y>
      <steeringAngle>-0.35533333333333333</steeringAngle>
      <velocity>4.0</velocity>
      <orientation>1.5123779218453954</orientation>
      <time>30</time>
    </ksState>
    <ksState>
      <x>-751.4007319682901</x>
      <y>-662.6744621314208</y>
      <steeringAngle>-0.31979999999999975</steeringAngle>
      <velocity>3.2</velocity>
      <orientation>1.4632713617876072</orientation>
      <time>31</time>
    </ksState>
    <ksState>
      <x>-751.365868471926</x>
      <y>-662.3966546425879</y>
      <steeringAngle>-0.2842666666666663</steeringAngle>
      <velocity>2.4000000000000004</velocity>
      <orientation>1.4293391064213927</orientation>
      <time>32</time>
    </ksState>
    <ksState>
      <x>-751.3355190821904</x>
      <y>-662.1989745916992</y>
      <steeringAngle>-0.24873333333333292</steeringAngle>
      <velocity>1.6000000000000008</velocity>
      <orientation>1.408066785474454</orientation>
      <time>33</time>
    </ksState>
  </ksTrajectory>
</CommonRoadSolution>
