<?xml version="1.0" ?>
<CommonRoadSolution benchmark_id="KS2:SM1:ITA_CarpiCentro-8_3_T-1:2020a" computation_time="0.5755218780000178" date="2020-12-29">
  <ksTrajectory planningProblem="1">
    <ksState>
      <x>127.91411</x>
      <y>591.10285</y>
      <steeringAngle>0.0</steeringAngle>
      <velocity>4.0</velocity>
      <orientation>-0.40400741</orientation>
      <time>0</time>
    </ksState>
    <ksState>
      <x>128.2820513825269</x>
      <y>590.9459455203051</y>
      <steeringAngle>0.035533333333333326</steeringAngle>
      <velocity>4.0</velocity>
      <orientation>-0.4012511354673996</orientation>
      <time>1</time>
    </ksState>
    <ksState>
      <x>128.65085154891867</x>
      <y>590.791072945659</y>
      <steeringAngle>0.07106666666666711</steeringAngle>
      <velocity>4.0</velocity>
      <orientation>-0.39297537492411416</orientation>
      <time>2</time>
    </ksState>
    <ksState>
      <x>129.02133766249412</x>
      <y>590.6402834057723</y>
      <steeringAngle>0.10660000000000043</steeringAngle>
      <velocity>4.0</velocity>
      <orientation>-0.37915913510497734</orientation>
      <time>3</time>
    </ksState>
    <ksState>
      <x>129.394272924985</x>
      <y>590.4956657478426</y>
      <steeringAngle>0.14213333333333378</steeringAngle>
      <velocity>4.0</velocity>
      <orientation>-0.3597672087194315</orientation>
      <time>4</time>
    </ksState>
    <ksState>
      <x>129.77032261181523</x>
      <y>590.3593635874254</y>
      <steeringAngle>0.1776666666666672</steeringAngle>
      <velocity>4.0</velocity>
      <orientation>-0.3347498022680342</orientation>
      <time>5</time>
    </ksState>
    <ksState>
      <x>130.150017802806</x>
      <y>590.2335900569855</y>
      <steeringAngle>0.21319999999999995</steeringAngle>
      <velocity>4.0</velocity>
      <orientation>-0.304042019630534</orientation>
      <time>6</time>
    </ksState>
    <ksState>
      <x>130.5337160873813</x>
      <y>590.1206392917155</y>
      <steeringAngle>0.24873333333333336</steeringAngle>
      <velocity>4.0</velocity>
      <orientation>-0.2675631785078397</orientation>
      <time>7</time>
    </ksState>
    <ksState>
      <x>130.92155863463344</x>
      <y>590.0228935008947</y>
      <steeringAngle>0.2842666666666667</steeringAngle>
      <velocity>4.0</velocity>
      <orientation>-0.2252159446623917</orientation>
      <time>8</time>
    </ksState>
    <ksState>
      <x>131.31342310546822</x>
      <y>589.94282425995</y>
      <steeringAngle>0.31980000000000003</steeringAngle>
      <velocity>4.0</velocity>
      <orientation>-0.1768852632952567</orientation>
      <time>9</time>
    </ksState>
    <ksState>
      <x>131.70887207961502</x>
      <y>589.8829863757685</y>
      <steeringAngle>0.35533333333333333</steeringAngle>
      <velocity>4.0</velocity>
      <orientation>-0.12243706211697825</orientation>
      <time>10</time>
    </ksState>
    <ksState>
      <x>132.10703072794516</x>
      <y>589.8451688343047</y>
      <steeringAngle>0.31979999999999986</steeringAngle>
      <velocity>4.0</velocity>
      <orientation>-0.06798886292359861</orientation>
      <time>11</time>
    </ksState>
    <ksState>
      <x>132.5066165761507</x>
      <y>589.8278481129082</y>
      <steeringAngle>0.28426666666666656</steeringAngle>
      <velocity>4.0</velocity>
      <orientation>-0.019658183442341354</orientation>
      <time>12</time>
    </ksState>
    <ksState>
      <x>132.90658586812904</x>
      <y>589.8286516356349</y>
      <steeringAngle>0.2487333333333332</steeringAngle>
      <velocity>4.0</velocity>
      <orientation>0.022689050280533724</orientation>
      <time>13</time>
    </ksState>
    <ksState>
      <x>133.30622073490025</x>
      <y>589.845211245668</y>
      <steeringAngle>0.21319999999999986</steeringAngle>
      <velocity>4.0</velocity>
      <orientation>0.05916789135416148</orientation>
      <time>14</time>
    </ksState>
    <ksState>
      <x>133.70508060525128</x>
      <y>589.8751815757936</y>
      <steeringAngle>0.1776666666666665</steeringAngle>
      <velocity>4.0</velocity>
      <orientation>0.08987567400298926</orientation>
      <time>15</time>
    </ksState>
    <ksState>
      <x>134.10295622803935</x>
      <y>589.9162502408656</y>
      <steeringAngle>0.1421333333333333</steeringAngle>
      <velocity>4.0</velocity>
      <orientation>0.11489308034751257</orientation>
      <time>16</time>
    </ksState>
    <ksState>
      <x>134.49982629726247</x>
      <y>589.9661413771234</y>
      <steeringAngle>0.10659999999999999</steeringAngle>
      <velocity>4.0</velocity>
      <orientation>0.13428500663826315</orientation>
      <time>17</time>
    </ksState>
    <ksState>
      <x>134.89581655602714</x>
      <y>590.0226140319935</y>
      <steeringAngle>0.07106666666666664</steeringAngle>
      <velocity>4.0</velocity>
      <orientation>0.14810124637321606</orientation>
      <time>18</time>
    </ksState>
    <ksState>
      <x>135.2911610302669</x>
      <y>590.083456646748</y>
      <steeringAngle>0.03553333333333332</steeringAngle>
      <velocity>4.0</velocity>
      <orientation>0.15637700683548145</orientation>
      <time>19</time>
    </ksState>
    <ksState>
      <x>135.68616495708181</x>
      <y>590.1464787496188</y>
      <steeringAngle>-2.2985086056692694e-17</steeringAngle>
      <velocity>4.0</velocity>
      <orientation>0.1591332701303218</orientation>
      <time>20</time>
    </ksState>
    <ksState>
      <x>136.08111095643943</x>
      <y>590.2098637446209</y>
      <steeringAngle>0.0</steeringAngle>
      <velocity>4.0</velocity>
      <orientation>0.1591332701303218</orientation>
      <time>21</time>
    </ksState>
    <ksState>
      <x>136.47605695579705</x>
      <y>590.273248739623</y>
      <steeringAngle>0.0</steeringAngle>
      <velocity>4.0</velocity>
      <orientation>0.1591332701303218</orientation>
      <time>22</time>
    </ksState>
    <ksState>
      <x>136.87100295515467</x>
      <y>590.336633734625</y>
      <steeringAngle>0.0</steeringAngle>
      <velocity>4.0</velocity>
      <orientation>0.1591332701303218</orientation>
      <time>23</time>
    </ksState>
    <ksState>
      <x>137.26594895451228</x>
      <y>590.400018729627</y>
      <steeringAngle>0.0</steeringAngle>
      <velocity>4.0</velocity>
      <orientation>0.1591332701303218</orientation>
      <time>24</time>
    </ksState>
    <ksState>
      <x>137.6608949538699</x>
      <y>590.4634037246292</y>
      <steeringAngle>0.0</steeringAngle>
      <velocity>4.0</velocity>
      <orientation>0.1591332701303218</orientation>
      <time>25</time>
    </ksState>
    <ksState>
      <x>138.05578240124726</x>
      <y>590.5271515138296</y>
      <steeringAngle>0.035533333333333326</steeringAngle>
      <velocity>4.0</velocity>
      <orientation>0.1618895446629222</orientation>
      <time>26</time>
    </ksState>
    <ksState>
      <x>138.4503112999622</x>
      <y>590.5930759037536</y>
      <steeringAngle>0.07106666666666711</steeringAngle>
      <velocity>4.0</velocity>
      <orientation>0.17016530520620762</orientation>
      <time>27</time>
    </ksState>
    <ksState>
      <x>138.84408610058676</x>
      <y>590.6633528707101</y>
      <steeringAngle>0.10660000000000043</steeringAngle>
      <velocity>4.0</velocity>
      <orientation>0.18398154502534447</orientation>
      <time>28</time>
    </ksState>
    <ksState>
      <x>139.23663703361035</x>
      <y>590.7401561387168</y>
      <steeringAngle>0.14213333333333378</steeringAngle>
      <velocity>4.0</velocity>
      <orientation>0.2033734714108903</orientation>
      <time>29</time>
    </ksState>
    <ksState>
      <x>139.62738228694752</x>
      <y>590.8256534655404</y>
      <steeringAngle>0.1776666666666672</steeringAngle>
      <velocity>4.0</velocity>
      <orientation>0.22839087786228762</orientation>
      <time>30</time>
    </ksState>
    <ksState>
      <x>139.97704630421734</x>
      <y>590.9112661892078</y>
      <steeringAngle>0.1421333333333333</steeringAngle>
      <velocity>3.1999999999999993</velocity>
      <orientation>0.25100079283572996</orientation>
      <time>31</time>
    </ksState>
    <ksState>
      <x>140.24776537731245</x>
      <y>590.9827501566028</y>
      <steeringAngle>0.10659999999999997</steeringAngle>
      <velocity>2.3999999999999977</velocity>
      <orientation>0.2646684337064373</orientation>
      <time>32</time>
    </ksState>
    <ksState>
      <x>140.44060434636722</x>
      <y>591.0357875672465</y>
      <steeringAngle>0.07106666666666664</steeringAngle>
      <velocity>1.5999999999999976</velocity>
      <orientation>0.27166913955965644</orientation>
      <time>33</time>
    </ksState>
  </ksTrajectory>
</CommonRoadSolution>
