<?xml version="1.0" ?>
<CommonRoadSolution benchmark_id="KS2:SM1:DEU_Moabit-1_2_T-1:2020a" computation_time="1.9565100059999168" date="2020-12-29">
  <ksTrajectory planningProblem="1">
    <ksState>
      <x>878.93418</x>
      <y>769.43145</y>
      <steeringAngle>0.0</steeringAngle>
      <velocity>8.0</velocity>
      <orientation>1.4230224</orientation>
      <time>0</time>
    </ksState>
    <ksState>
      <x>879.0448016608464</x>
      <y>770.1833552422905</y>
      <steeringAngle>0.03553333333333333</steeringAngle>
      <velocity>7.199999999999999</velocity>
      <orientation>1.4281674129824924</orientation>
      <time>1</time>
    </ksState>
    <ksState>
      <x>879.137281114357</x>
      <y>770.8570317120439</y>
      <steeringAngle>0.07106666666666664</steeringAngle>
      <velocity>6.400000000000001</velocity>
      <orientation>1.4421440851034555</orientation>
      <time>2</time>
    </ksState>
    <ksState>
      <x>879.2085294140169</x>
      <y>771.4527756996763</y>
      <steeringAngle>0.10659999999999997</steeringAngle>
      <velocity>5.600000000000004</velocity>
      <orientation>1.4627758529693369</orientation>
      <time>3</time>
    </ksState>
    <ksState>
      <x>879.2584066855175</x>
      <y>771.9703643842205</y>
      <steeringAngle>0.1421333333333333</steeringAngle>
      <velocity>4.800000000000003</velocity>
      <orientation>1.487892060477985</orientation>
      <time>4</time>
    </ksState>
    <ksState>
      <x>879.2890529762522</x>
      <y>772.4092820055889</y>
      <steeringAngle>0.17766666666666653</steeringAngle>
      <velocity>4.000000000000006</velocity>
      <orientation>1.5153169570631349</orientation>
      <time>5</time>
    </ksState>
    <ksState>
      <x>879.3071970313047</x>
      <y>772.8488939580118</y>
      <steeringAngle>0.14213333333333333</steeringAngle>
      <velocity>4.8000000000000025</velocity>
      <orientation>1.5427418567814872</orientation>
      <time>6</time>
    </ksState>
    <ksState>
      <x>879.3149397132469</x>
      <y>773.3688226472063</y>
      <steeringAngle>0.10660000000000003</steeringAngle>
      <velocity>5.600000000000005</velocity>
      <orientation>1.5678580690604051</orientation>
      <time>7</time>
    </ksState>
    <ksState>
      <x>879.3100970146351</x>
      <y>773.9687924550485</y>
      <steeringAngle>0.07106666666666671</steeringAngle>
      <velocity>6.400000000000004</velocity>
      <orientation>1.5884898386598647</orientation>
      <time>8</time>
    </ksState>
    <ksState>
      <x>879.2927832905843</x>
      <y>774.6485664422713</y>
      <steeringAngle>0.035533333333333375</steeringAngle>
      <velocity>7.200000000000006</velocity>
      <orientation>1.602466506752657</orientation>
      <time>9</time>
    </ksState>
    <ksState>
      <x>879.2661012861306</x>
      <y>775.408097033473</y>
      <steeringAngle>2.6346112791397758e-17</steeringAngle>
      <velocity>8.000000000000007</velocity>
      <orientation>1.6076115195322254</orientation>
      <time>10</time>
    </ksState>
    <ksState>
      <x>879.2366557845274</x>
      <y>776.207554951337</y>
      <steeringAngle>0.0</steeringAngle>
      <velocity>8.0</velocity>
      <orientation>1.6076115195322254</orientation>
      <time>11</time>
    </ksState>
    <ksState>
      <x>879.2072102829242</x>
      <y>777.0070128692009</y>
      <steeringAngle>0.0</steeringAngle>
      <velocity>8.0</velocity>
      <orientation>1.6076115195322254</orientation>
      <time>12</time>
    </ksState>
    <ksState>
      <x>879.177764781321</x>
      <y>777.8064707870649</y>
      <steeringAngle>0.0</steeringAngle>
      <velocity>8.0</velocity>
      <orientation>1.6076115195322254</orientation>
      <time>13</time>
    </ksState>
    <ksState>
      <x>879.1483192797178</x>
      <y>778.6059287049288</y>
      <steeringAngle>0.0</steeringAngle>
      <velocity>8.0</velocity>
      <orientation>1.6076115195322254</orientation>
      <time>14</time>
    </ksState>
    <ksState>
      <x>879.1188737781146</x>
      <y>779.4053866227927</y>
      <steeringAngle>0.0</steeringAngle>
      <velocity>8.0</velocity>
      <orientation>1.6076115195322254</orientation>
      <time>15</time>
    </ksState>
    <ksState>
      <x>879.0894282765114</x>
      <y>780.2048445406566</y>
      <steeringAngle>0.0</steeringAngle>
      <velocity>8.0</velocity>
      <orientation>1.6076115195322254</orientation>
      <time>16</time>
    </ksState>
    <ksState>
      <x>879.0599827749081</x>
      <y>781.0043024585206</y>
      <steeringAngle>0.0</steeringAngle>
      <velocity>8.0</velocity>
      <orientation>1.6076115195322254</orientation>
      <time>17</time>
    </ksState>
    <ksState>
      <x>879.030537273305</x>
      <y>781.8037603763845</y>
      <steeringAngle>0.0</steeringAngle>
      <velocity>8.0</velocity>
      <orientation>1.6076115195322254</orientation>
      <time>18</time>
    </ksState>
    <ksState>
      <x>879.0010917717018</x>
      <y>782.6032182942484</y>
      <steeringAngle>0.0</steeringAngle>
      <velocity>8.0</velocity>
      <orientation>1.6076115195322254</orientation>
      <time>19</time>
    </ksState>
    <ksState>
      <x>878.9716462700985</x>
      <y>783.4026762121123</y>
      <steeringAngle>0.0</steeringAngle>
      <velocity>8.0</velocity>
      <orientation>1.6076115195322254</orientation>
      <time>20</time>
    </ksState>
    <ksState>
      <x>878.9436697636656</x>
      <y>784.2021857566738</y>
      <steeringAngle>-0.03553333333333333</steeringAngle>
      <velocity>8.0</velocity>
      <orientation>1.6020989845293865</orientation>
      <time>21</time>
    </ksState>
    <ksState>
      <x>878.9245133205824</x>
      <y>785.0019471654283</y>
      <steeringAngle>-0.07106666666666667</steeringAngle>
      <velocity>8.0</velocity>
      <orientation>1.585547463649117</orientation>
      <time>22</time>
    </ksState>
    <ksState>
      <x>878.9230247295316</x>
      <y>785.8019202611458</y>
      <steeringAngle>-0.10659999999999997</steeringAngle>
      <velocity>8.0</velocity>
      <orientation>1.5579149843584221</orientation>
      <time>23</time>
    </ksState>
    <ksState>
      <x>878.9480912803899</x>
      <y>786.6014772265195</y>
      <steeringAngle>-0.1421333333333333</steeringAngle>
      <velocity>8.0</velocity>
      <orientation>1.519131132085687</orientation>
      <time>24</time>
    </ksState>
    <ksState>
      <x>879.0086190967949</x>
      <y>787.399100425815</y>
      <steeringAngle>-0.17766666666666667</steeringAngle>
      <velocity>8.0</velocity>
      <orientation>1.4690963198365323</orientation>
      <time>25</time>
    </ksState>
    <ksState>
      <x>879.1070655643834</x>
      <y>788.1525890014465</y>
      <steeringAngle>-0.21320000000000014</steeringAngle>
      <velocity>7.200000000000003</velocity>
      <orientation>1.4108469927650396</orientation>
      <time>26</time>
    </ksState>
    <ksState>
      <x>879.235525507658</x>
      <y>788.8202344056486</y>
      <steeringAngle>-0.24873333333333347</steeringAngle>
      <velocity>6.400000000000004</velocity>
      <orientation>1.34892990527926</orientation>
      <time>27</time>
    </ksState>
    <ksState>
      <x>879.385591948665</x>
      <y>789.4010609383333</y>
      <steeringAngle>-0.2842666666666668</steeringAngle>
      <velocity>5.600000000000001</velocity>
      <orientation>1.285507762515339</orientation>
      <time>28</time>
    </ksState>
    <ksState>
      <x>879.5471637946413</x>
      <y>789.8952328883662</y>
      <steeringAngle>-0.3198</steeringAngle>
      <velocity>4.800000000000002</velocity>
      <orientation>1.2227786627733863</orientation>
      <time>29</time>
    </ksState>
    <ksState>
      <x>879.7092596765187</x>
      <y>790.3042161225785</y>
      <steeringAngle>-0.3553333333333332</steeringAngle>
      <velocity>4.000000000000001</velocity>
      <orientation>1.1629888287251715</orientation>
      <time>30</time>
    </ksState>
    <ksState>
      <x>879.8602415042278</x>
      <y>790.6309857899956</y>
      <steeringAngle>-0.31979999999999975</steeringAngle>
      <velocity>3.2</velocity>
      <orientation>1.1138822686673833</orientation>
      <time>31</time>
    </ksState>
    <ksState>
      <x>879.988098754306</x>
      <y>790.8800741033161</y>
      <steeringAngle>-0.2842666666666663</steeringAngle>
      <velocity>2.4000000000000004</velocity>
      <orientation>1.0799500133011688</orientation>
      <time>32</time>
    </ksState>
    <ksState>
      <x>880.0842850959859</x>
      <y>791.055421403412</y>
      <steeringAngle>-0.24873333333333292</steeringAngle>
      <velocity>1.6000000000000008</velocity>
      <orientation>1.05867769235423</orientation>
      <time>33</time>
    </ksState>
  </ksTrajectory>
</CommonRoadSolution>
