<?xml version="1.0" ?>
<CommonRoadSolution benchmark_id="KS2:SM1:DEU_Flensburg-80_1_T-1:2020a" computation_time="8.52054770699999" date="2020-12-29">
  <ksTrajectory planningProblem="123">
    <ksState>
      <x>148.74673</x>
      <y>352.36571</y>
      <steeringAngle>0.0</steeringAngle>
      <velocity>4.0</velocity>
      <orientation>-2.978832</orientation>
      <time>0</time>
    </ksState>
    <ksState>
      <x>148.31262099121003</x>
      <y>352.2939520748688</y>
      <steeringAngle>0.035533333333333326</steeringAngle>
      <velocity>4.799999999999999</velocity>
      <orientation>-2.9757082213308093</orientation>
      <time>1</time>
    </ksState>
    <ksState>
      <x>147.80018218909132</x>
      <y>352.2056129986942</y>
      <steeringAngle>0.07106666666666667</steeringAngle>
      <velocity>5.599999999999998</velocity>
      <orientation>-2.9648576102696365</orientation>
      <time>2</time>
    </ksState>
    <ksState>
      <x>147.21059175490586</x>
      <y>352.09439224852156</y>
      <steeringAngle>0.10659999999999999</steeringAngle>
      <velocity>6.3999999999999995</velocity>
      <orientation>-2.9440406612693084</orientation>
      <time>3</time>
    </ksState>
    <ksState>
      <x>146.5460309433541</x>
      <y>351.950459312378</y>
      <steeringAngle>0.14213333333333333</steeringAngle>
      <velocity>7.199999999999999</velocity>
      <orientation>-2.9109810902881432</orientation>
      <time>4</time>
    </ksState>
    <ksState>
      <x>145.8103955348352</x>
      <y>351.7598519557649</y>
      <steeringAngle>0.17766666666666664</steeringAngle>
      <velocity>7.9999999999999964</velocity>
      <orientation>-2.8633537682065966</orientation>
      <time>5</time>
    </ksState>
    <ksState>
      <x>145.04767875395908</x>
      <y>351.51881744799863</y>
      <steeringAngle>0.17766666666666667</steeringAngle>
      <velocity>8.0</velocity>
      <orientation>-2.8076527918960847</orientation>
      <time>6</time>
    </ksState>
    <ksState>
      <x>144.29956374949577</x>
      <y>351.2356946451827</y>
      <steeringAngle>0.17766666666666667</steeringAngle>
      <velocity>8.0</velocity>
      <orientation>-2.751951815585573</orientation>
      <time>7</time>
    </ksState>
    <ksState>
      <x>143.56837105538526</x>
      <y>350.91136174667315</y>
      <steeringAngle>0.17766666666666667</steeringAngle>
      <velocity>8.0</velocity>
      <orientation>-2.6962508392750615</orientation>
      <time>8</time>
    </ksState>
    <ksState>
      <x>142.85636868258123</x>
      <y>350.54682476712514</y>
      <steeringAngle>0.17766666666666667</steeringAngle>
      <velocity>8.0</velocity>
      <orientation>-2.6405498629645496</orientation>
      <time>9</time>
    </ksState>
    <ksState>
      <x>142.16576511729758</x>
      <y>350.1432144253262</y>
      <steeringAngle>0.17766666666666667</steeringAngle>
      <velocity>8.0</velocity>
      <orientation>-2.584848886654038</orientation>
      <time>10</time>
    </ksState>
    <ksState>
      <x>141.5307192256964</x>
      <y>349.7258328649251</y>
      <steeringAngle>0.1421333333333334</steeringAngle>
      <velocity>7.2</velocity>
      <orientation>-2.5372215649084007</orientation>
      <time>11</time>
    </ksState>
    <ksState>
      <x>140.97797698519022</x>
      <y>349.329810408264</y>
      <steeringAngle>0.10660000000000011</steeringAngle>
      <velocity>6.4</velocity>
      <orientation>-2.504161994460433</orientation>
      <time>12</time>
    </ksState>
    <ksState>
      <x>140.499803205388</x>
      <y>348.9674062533109</y>
      <steeringAngle>0.07106666666666674</steeringAngle>
      <velocity>5.600000000000001</velocity>
      <orientation>-2.4833450461665443</orientation>
      <time>13</time>
    </ksState>
    <ksState>
      <x>140.09037471317998</x>
      <y>348.6468354714032</y>
      <steeringAngle>0.03553333333333339</steeringAngle>
      <velocity>4.800000000000001</velocity>
      <orientation>-2.4724944365088817</orientation>
      <time>14</time>
    </ksState>
    <ksState>
      <x>139.74581180212843</x>
      <y>348.37320025783123</y>
      <steeringAngle>5.5294310796760726e-17</steeringAngle>
      <velocity>4.0</velocity>
      <orientation>-2.469370660671716</orientation>
      <time>15</time>
    </ksState>
    <ksState>
      <x>139.43283583989287</x>
      <y>348.1241098183063</y>
      <steeringAngle>0.0</steeringAngle>
      <velocity>4.0</velocity>
      <orientation>-2.469370660671716</orientation>
      <time>16</time>
    </ksState>
    <ksState>
      <x>139.11985987765732</x>
      <y>347.87501937878136</y>
      <steeringAngle>0.0</steeringAngle>
      <velocity>4.0</velocity>
      <orientation>-2.469370660671716</orientation>
      <time>17</time>
    </ksState>
    <ksState>
      <x>138.80688391542174</x>
      <y>347.6259289392564</y>
      <steeringAngle>0.0</steeringAngle>
      <velocity>4.0</velocity>
      <orientation>-2.469370660671716</orientation>
      <time>18</time>
    </ksState>
    <ksState>
      <x>138.49390795318618</x>
      <y>347.3768384997315</y>
      <steeringAngle>0.0</steeringAngle>
      <velocity>4.0</velocity>
      <orientation>-2.469370660671716</orientation>
      <time>19</time>
    </ksState>
    <ksState>
      <x>138.18093199095063</x>
      <y>347.12774806020656</y>
      <steeringAngle>0.0</steeringAngle>
      <velocity>4.0</velocity>
      <orientation>-2.469370660671716</orientation>
      <time>20</time>
    </ksState>
    <ksState>
      <x>137.8369484855658</x>
      <y>346.8533848349833</y>
      <steeringAngle>0.035533333333333326</steeringAngle>
      <velocity>4.799999999999999</velocity>
      <orientation>-2.466246882002525</orientation>
      <time>21</time>
    </ksState>
    <ksState>
      <x>137.43266923991266</x>
      <y>346.5263441497003</y>
      <steeringAngle>0.07106666666666667</steeringAngle>
      <velocity>5.599999999999998</velocity>
      <orientation>-2.4553962709413524</orientation>
      <time>22</time>
    </ksState>
    <ksState>
      <x>136.97219560696917</x>
      <y>346.1417001991229</y>
      <steeringAngle>0.10659999999999999</steeringAngle>
      <velocity>6.3999999999999995</velocity>
      <orientation>-2.4345793219410243</orientation>
      <time>23</time>
    </ksState>
    <ksState>
      <x>136.46222624822704</x>
      <y>345.69193468743777</y>
      <steeringAngle>0.14213333333333333</steeringAngle>
      <velocity>7.199999999999999</velocity>
      <orientation>-2.401519750959859</orientation>
      <time>24</time>
    </ksState>
    <ksState>
      <x>135.91297168896043</x>
      <y>345.1667584810207</y>
      <steeringAngle>0.17766666666666664</steeringAngle>
      <velocity>7.9999999999999964</velocity>
      <orientation>-2.3538924288783125</orientation>
      <time>25</time>
    </ksState>
    <ksState>
      <x>135.36466857055143</x>
      <y>344.58435122479256</y>
      <steeringAngle>0.17766666666666667</steeringAngle>
      <velocity>8.0</velocity>
      <orientation>-2.2981914525678007</orientation>
      <time>26</time>
    </ksState>
    <ksState>
      <x>134.84963966893304</x>
      <y>343.97232196742397</y>
      <steeringAngle>0.17766666666666667</steeringAngle>
      <velocity>8.0</velocity>
      <orientation>-2.242490476257289</orientation>
      <time>27</time>
    </ksState>
    <ksState>
      <x>134.36948252324564</x>
      <y>343.33256912419347</y>
      <steeringAngle>0.17766666666666667</steeringAngle>
      <velocity>8.0</velocity>
      <orientation>-2.1867894999467774</orientation>
      <time>28</time>
    </ksState>
    <ksState>
      <x>133.92568648325292</x>
      <y>342.667077078243</y>
      <steeringAngle>0.17766666666666667</steeringAngle>
      <velocity>8.0</velocity>
      <orientation>-2.1310885236362656</orientation>
      <time>29</time>
    </ksState>
    <ksState>
      <x>133.51962811409732</x>
      <y>341.97791004970185</y>
      <steeringAngle>0.17766666666666667</steeringAngle>
      <velocity>8.0</velocity>
      <orientation>-2.0753875473257537</orientation>
      <time>30</time>
    </ksState>
    <ksState>
      <x>133.17117257128666</x>
      <y>341.3026208707035</y>
      <steeringAngle>0.21320000000000014</steeringAngle>
      <velocity>7.200000000000003</velocity>
      <orientation>-2.0171382202542607</orientation>
      <time>31</time>
    </ksState>
    <ksState>
      <x>132.896296581018</x>
      <y>340.6807723901617</y>
      <steeringAngle>0.24873333333333347</steeringAngle>
      <velocity>6.400000000000004</velocity>
      <orientation>-1.9552211327684814</orientation>
      <time>32</time>
    </ksState>
    <ksState>
      <x>132.6886475431221</x>
      <y>340.1179569009932</y>
      <steeringAngle>0.2842666666666668</steeringAngle>
      <velocity>5.600000000000001</velocity>
      <orientation>-1.8917989900045604</orientation>
      <time>33</time>
    </ksState>
    <ksState>
      <x>132.53983109711248</x>
      <y>339.6197952374656</y>
      <steeringAngle>0.3198</steeringAngle>
      <velocity>4.800000000000002</velocity>
      <orientation>-1.8290698902626077</orientation>
      <time>34</time>
    </ksState>
    <ksState>
      <x>132.43998783058194</x>
      <y>339.1913402422597</y>
      <steeringAngle>0.3553333333333332</steeringAngle>
      <velocity>4.000000000000001</velocity>
      <orientation>-1.7692800562143929</orientation>
      <time>35</time>
    </ksState>
    <ksState>
      <x>132.37244037241808</x>
      <y>338.79714084629427</y>
      <steeringAngle>0.35533333333333333</steeringAngle>
      <velocity>4.0</velocity>
      <orientation>-1.711723349457679</orientation>
      <time>36</time>
    </ksState>
    <ksState>
      <x>132.327681053995</x>
      <y>338.39970852190294</y>
      <steeringAngle>0.35533333333333333</steeringAngle>
      <velocity>4.0</velocity>
      <orientation>-1.654166642700965</orientation>
      <time>37</time>
    </ksState>
    <ksState>
      <x>132.30585812056705</x>
      <y>338.00035953951794</y>
      <steeringAngle>0.35533333333333333</steeringAngle>
      <velocity>4.0</velocity>
      <orientation>-1.596609935944251</orientation>
      <time>38</time>
    </ksState>
    <ksState>
      <x>132.3070438469713</x>
      <y>337.6004164869702</y>
      <steeringAngle>0.35533333333333333</steeringAngle>
      <velocity>4.0</velocity>
      <orientation>-1.539053229187537</orientation>
      <time>39</time>
    </ksState>
    <ksState>
      <x>132.33123430615754</x>
      <y>337.2012039194353</y>
      <steeringAngle>0.35533333333333333</steeringAngle>
      <velocity>4.0</velocity>
      <orientation>-1.481496522430823</orientation>
      <time>40</time>
    </ksState>
    <ksState>
      <x>132.38379554407808</x>
      <y>336.76442058227167</y>
      <steeringAngle>0.31979999999999975</steeringAngle>
      <velocity>4.800000000000001</velocity>
      <orientation>-1.4217066873990745</orientation>
      <time>41</time>
    </ksState>
    <ksState>
      <x>132.47744258794864</x>
      <y>336.25300918241516</y>
      <steeringAngle>0.28426666666666645</steeringAngle>
      <velocity>5.600000000000004</velocity>
      <orientation>-1.3589775872677508</orientation>
      <time>42</time>
    </ksState>
    <ksState>
      <x>132.6225267952237</x>
      <y>335.6709181543525</y>
      <steeringAngle>0.2487333333333331</steeringAngle>
      <velocity>6.400000000000004</velocity>
      <orientation>-1.295555450575075</orientation>
      <time>43</time>
    </ksState>
    <ksState>
      <x>132.8280049492516</x>
      <y>335.02282011210013</y>
      <steeringAngle>0.21319999999999992</steeringAngle>
      <velocity>7.200000000000004</velocity>
      <orientation>-1.233638361897276</orientation>
      <time>44</time>
    </ksState>
    <ksState>
      <x>133.10080122477555</x>
      <y>334.3135818333705</y>
      <steeringAngle>0.17766666666666656</steeringAngle>
      <velocity>8.000000000000004</velocity>
      <orientation>-1.1753890322963108</orientation>
      <time>45</time>
    </ksState>
    <ksState>
      <x>133.42934508659647</x>
      <y>333.58427157523346</y>
      <steeringAngle>0.17766666666666667</steeringAngle>
      <velocity>8.0</velocity>
      <orientation>-1.119688055985799</orientation>
      <time>46</time>
    </ksState>
    <ksState>
      <x>133.7979817155863</x>
      <y>332.87438312121793</y>
      <steeringAngle>0.17766666666666667</steeringAngle>
      <velocity>8.0</velocity>
      <orientation>-1.0639870796752873</orientation>
      <time>47</time>
    </ksState>
    <ksState>
      <x>134.2055676620622</x>
      <y>332.186118432881</y>
      <steeringAngle>0.17766666666666667</steeringAngle>
      <velocity>8.0</velocity>
      <orientation>-1.0082861033647754</orientation>
      <time>48</time>
    </ksState>
    <ksState>
      <x>134.6508386773547</x>
      <y>331.52161236723754</y>
      <steeringAngle>0.17766666666666667</steeringAngle>
      <velocity>8.0</velocity>
      <orientation>-0.9525851270542637</orientation>
      <time>49</time>
    </ksState>
    <ksState>
      <x>135.13241362215118</x>
      <y>330.88292608671026</y>
      <steeringAngle>0.17766666666666667</steeringAngle>
      <velocity>8.0</velocity>
      <orientation>-0.8968841507437519</orientation>
      <time>50</time>
    </ksState>
    <ksState>
      <x>135.6476557538053</x>
      <y>330.2710503310505</y>
      <steeringAngle>0.14213333333333336</steeringAngle>
      <velocity>8.0</velocity>
      <orientation>-0.8468493391950035</orientation>
      <time>51</time>
    </ksState>
    <ksState>
      <x>136.18957086995187</x>
      <y>329.6826221890347</y>
      <steeringAngle>0.1066000000000001</steeringAngle>
      <velocity>8.0</velocity>
      <orientation>-0.8080654871880062</orientation>
      <time>52</time>
    </ksState>
    <ksState>
      <x>136.75073751371175</x>
      <y>329.1124896023195</y>
      <steeringAngle>0.07106666666666674</steeringAngle>
      <velocity>8.0</velocity>
      <orientation>-0.7804330081583193</orientation>
      <time>53</time>
    </ksState>
    <ksState>
      <x>137.32437065786218</x>
      <y>328.55487836217935</y>
      <steeringAngle>0.035533333333333354</steeringAngle>
      <velocity>8.0</velocity>
      <orientation>-0.7638814875292899</orientation>
      <time>54</time>
    </ksState>
    <ksState>
      <x>137.90412494845157</x>
      <y>328.0036223159806</y>
      <steeringAngle>2.0816681711721685e-17</steeringAngle>
      <velocity>8.0</velocity>
      <orientation>-0.758368961070885</orientation>
      <time>55</time>
    </ksState>
    <ksState>
      <x>138.48489191149375</x>
      <y>327.453431681165</y>
      <steeringAngle>0.0</steeringAngle>
      <velocity>8.0</velocity>
      <orientation>-0.758368961070885</orientation>
      <time>56</time>
    </ksState>
    <ksState>
      <x>139.06565887453593</x>
      <y>326.9032410463494</y>
      <steeringAngle>0.0</steeringAngle>
      <velocity>8.0</velocity>
      <orientation>-0.758368961070885</orientation>
      <time>57</time>
    </ksState>
    <ksState>
      <x>139.6464258375781</x>
      <y>326.35305041153384</y>
      <steeringAngle>0.0</steeringAngle>
      <velocity>8.0</velocity>
      <orientation>-0.758368961070885</orientation>
      <time>58</time>
    </ksState>
    <ksState>
      <x>140.2271928006203</x>
      <y>325.80285977671826</y>
      <steeringAngle>0.0</steeringAngle>
      <velocity>8.0</velocity>
      <orientation>-0.758368961070885</orientation>
      <time>59</time>
    </ksState>
    <ksState>
      <x>140.80795976366244</x>
      <y>325.2526691419027</y>
      <steeringAngle>0.0</steeringAngle>
      <velocity>8.0</velocity>
      <orientation>-0.758368961070885</orientation>
      <time>60</time>
    </ksState>
    <ksState>
      <x>141.38872672670462</x>
      <y>324.7024785070871</y>
      <steeringAngle>0.0</steeringAngle>
      <velocity>8.0</velocity>
      <orientation>-0.758368961070885</orientation>
      <time>61</time>
    </ksState>
    <ksState>
      <x>141.9694936897468</x>
      <y>324.15228787227153</y>
      <steeringAngle>0.0</steeringAngle>
      <velocity>8.0</velocity>
      <orientation>-0.758368961070885</orientation>
      <time>62</time>
    </ksState>
    <ksState>
      <x>142.55026065278898</x>
      <y>323.60209723745595</y>
      <steeringAngle>0.0</steeringAngle>
      <velocity>8.0</velocity>
      <orientation>-0.758368961070885</orientation>
      <time>63</time>
    </ksState>
    <ksState>
      <x>143.13102761583116</x>
      <y>323.0519066026404</y>
      <steeringAngle>0.0</steeringAngle>
      <velocity>8.0</velocity>
      <orientation>-0.758368961070885</orientation>
      <time>64</time>
    </ksState>
    <ksState>
      <x>143.7117945788733</x>
      <y>322.5017159678248</y>
      <steeringAngle>0.0</steeringAngle>
      <velocity>8.0</velocity>
      <orientation>-0.758368961070885</orientation>
      <time>65</time>
    </ksState>
    <ksState>
      <x>144.2925615419155</x>
      <y>321.9515253330092</y>
      <steeringAngle>0.0</steeringAngle>
      <velocity>8.0</velocity>
      <orientation>-0.758368961070885</orientation>
      <time>66</time>
    </ksState>
    <ksState>
      <x>144.87332850495767</x>
      <y>321.40133469819364</y>
      <steeringAngle>0.0</steeringAngle>
      <velocity>8.0</velocity>
      <orientation>-0.758368961070885</orientation>
      <time>67</time>
    </ksState>
    <ksState>
      <x>145.45409546799985</x>
      <y>320.85114406337806</y>
      <steeringAngle>0.0</steeringAngle>
      <velocity>8.0</velocity>
      <orientation>-0.758368961070885</orientation>
      <time>68</time>
    </ksState>
    <ksState>
      <x>146.03486243104203</x>
      <y>320.3009534285625</y>
      <steeringAngle>0.0</steeringAngle>
      <velocity>8.0</velocity>
      <orientation>-0.758368961070885</orientation>
      <time>69</time>
    </ksState>
    <ksState>
      <x>146.61562939408418</x>
      <y>319.7507627937469</y>
      <steeringAngle>0.0</steeringAngle>
      <velocity>8.0</velocity>
      <orientation>-0.758368961070885</orientation>
      <time>70</time>
    </ksState>
    <ksState>
      <x>147.19639635712636</x>
      <y>319.2005721589313</y>
      <steeringAngle>0.0</steeringAngle>
      <velocity>8.0</velocity>
      <orientation>-0.758368961070885</orientation>
      <time>71</time>
    </ksState>
    <ksState>
      <x>147.77716332016854</x>
      <y>318.65038152411574</y>
      <steeringAngle>0.0</steeringAngle>
      <velocity>8.0</velocity>
      <orientation>-0.758368961070885</orientation>
      <time>72</time>
    </ksState>
    <ksState>
      <x>148.35793028321072</x>
      <y>318.10019088930017</y>
      <steeringAngle>0.0</steeringAngle>
      <velocity>8.0</velocity>
      <orientation>-0.758368961070885</orientation>
      <time>73</time>
    </ksState>
    <ksState>
      <x>148.9386972462529</x>
      <y>317.5500002544846</y>
      <steeringAngle>0.0</steeringAngle>
      <velocity>8.0</velocity>
      <orientation>-0.758368961070885</orientation>
      <time>74</time>
    </ksState>
    <ksState>
      <x>149.51946420929505</x>
      <y>316.999809619669</y>
      <steeringAngle>0.0</steeringAngle>
      <velocity>8.0</velocity>
      <orientation>-0.758368961070885</orientation>
      <time>75</time>
    </ksState>
    <ksState>
      <x>150.07030281529399</x>
      <y>316.47619193912965</y>
      <steeringAngle>-0.03553333333333333</steeringAngle>
      <velocity>7.199999999999999</velocity>
      <orientation>-0.7635139740533774</orientation>
      <time>76</time>
    </ksState>
    <ksState>
      <x>150.55861069349194</x>
      <y>316.0029606517966</y>
      <steeringAngle>-0.07106666666666664</steeringAngle>
      <velocity>6.400000000000001</velocity>
      <orientation>-0.7774906461743405</orientation>
      <time>77</time>
    </ksState>
    <ksState>
      <x>150.9821391875002</x>
      <y>315.5779773182791</y>
      <steeringAngle>-0.10659999999999997</steeringAngle>
      <velocity>5.600000000000004</velocity>
      <orientation>-0.7981224140402219</orientation>
      <time>78</time>
    </ksState>
    <ksState>
      <x>151.34064076503424</x>
      <y>315.2013310552071</y>
      <steeringAngle>-0.1421333333333333</steeringAngle>
      <velocity>4.800000000000003</velocity>
      <orientation>-0.8232386215488701</orientation>
      <time>79</time>
    </ksState>
    <ksState>
      <x>151.6354818090564</x>
      <y>314.8747477852077</y>
      <steeringAngle>-0.17766666666666653</steeringAngle>
      <velocity>4.000000000000006</velocity>
      <orientation>-0.8506635181340199</orientation>
      <time>80</time>
    </ksState>
    <ksState>
      <x>151.89505463072894</x>
      <y>314.570426250209</y>
      <steeringAngle>-0.17766666666666667</steeringAngle>
      <velocity>4.0</velocity>
      <orientation>-0.8785140062892758</orientation>
      <time>81</time>
    </ksState>
    <ksState>
      <x>152.14605240763566</x>
      <y>314.2589944101861</y>
      <steeringAngle>-0.17766666666666667</steeringAngle>
      <velocity>4.0</velocity>
      <orientation>-0.9063644944445316</orientation>
      <time>82</time>
    </ksState>
    <ksState>
      <x>152.38828044138623</x>
      <y>313.9406938354516</y>
      <steeringAngle>-0.17766666666666667</steeringAngle>
      <velocity>4.0</velocity>
      <orientation>-0.9342149825997875</orientation>
      <time>83</time>
    </ksState>
    <ksState>
      <x>152.6215508600696</x>
      <y>313.6157714001717</y>
      <steeringAngle>-0.17766666666666667</steeringAngle>
      <velocity>4.0</velocity>
      <orientation>-0.9620654707550433</orientation>
      <time>84</time>
    </ksState>
    <ksState>
      <x>152.8456827383145</x>
      <y>313.28447911353646</y>
      <steeringAngle>-0.17766666666666667</steeringAngle>
      <velocity>4.0</velocity>
      <orientation>-0.9899159589102993</orientation>
      <time>85</time>
    </ksState>
    <ksState>
      <x>153.060502214008</x>
      <y>312.9470739575625</y>
      <steeringAngle>-0.17766666666666667</steeringAngle>
      <velocity>4.0</velocity>
      <orientation>-1.0177664470655552</orientation>
      <time>86</time>
    </ksState>
    <ksState>
      <x>153.26584272059424</x>
      <y>312.6038175645455</y>
      <steeringAngle>-0.17766666666666667</steeringAngle>
      <velocity>4.0</velocity>
      <orientation>-1.0456169352208111</orientation>
      <time>87</time>
    </ksState>
    <ksState>
      <x>153.46154497499933</x>
      <y>312.25497619109365</y>
      <steeringAngle>-0.17766666666666667</steeringAngle>
      <velocity>4.0</velocity>
      <orientation>-1.073467423376067</orientation>
      <time>88</time>
    </ksState>
    <ksState>
      <x>153.6474571907386</x>
      <y>311.90082039879337</y>
      <steeringAngle>-0.17766666666666667</steeringAngle>
      <velocity>4.0</velocity>
      <orientation>-1.1013179115313227</orientation>
      <time>89</time>
    </ksState>
    <ksState>
      <x>153.82343517338077</x>
      <y>311.5416248703485</y>
      <steeringAngle>-0.17766666666666667</steeringAngle>
      <velocity>4.0</velocity>
      <orientation>-1.1291683996865787</orientation>
      <time>90</time>
    </ksState>
    <ksState>
      <x>153.98899493094314</x>
      <y>311.17751309397113</y>
      <steeringAngle>-0.21319999999999995</steeringAngle>
      <velocity>4.0</velocity>
      <orientation>-1.1598761823240789</orientation>
      <time>91</time>
    </ksState>
    <ksState>
      <x>154.14223211950824</x>
      <y>310.8080532003402</y>
      <steeringAngle>-0.24873333333333336</steeringAngle>
      <velocity>4.0</velocity>
      <orientation>-1.196355023446773</orientation>
      <time>92</time>
    </ksState>
    <ksState>
      <x>154.2807931819389</x>
      <y>310.432850704266</y>
      <steeringAngle>-0.2842666666666667</steeringAngle>
      <velocity>4.0</velocity>
      <orientation>-1.238702257292221</orientation>
      <time>93</time>
    </ksState>
    <ksState>
      <x>154.40220759520287</x>
      <y>310.0517635920464</y>
      <steeringAngle>-0.31980000000000003</steeringAngle>
      <velocity>4.0</velocity>
      <orientation>-1.2870329386593562</orientation>
      <time>94</time>
    </ksState>
    <ksState>
      <x>154.50388846851868</x>
      <y>309.66495425459607</y>
      <steeringAngle>-0.35533333333333333</steeringAngle>
      <velocity>4.0</velocity>
      <orientation>-1.3414811398376347</orientation>
      <time>95</time>
    </ksState>
    <ksState>
      <x>154.59079568974698</x>
      <y>309.2336892522438</y>
      <steeringAngle>-0.31979999999999975</steeringAngle>
      <velocity>4.800000000000001</velocity>
      <orientation>-1.4012709748693832</orientation>
      <time>96</time>
    </ksState>
    <ksState>
      <x>154.6620623031019</x>
      <y>308.71868201098425</y>
      <steeringAngle>-0.28426666666666645</steeringAngle>
      <velocity>5.600000000000004</velocity>
      <orientation>-1.464000075000707</orientation>
      <time>97</time>
    </ksState>
    <ksState>
      <x>154.70662107977284</x>
      <y>308.1204396624554</y>
      <steeringAngle>-0.2487333333333331</steeringAngle>
      <velocity>6.400000000000004</velocity>
      <orientation>-1.5274222116933827</orientation>
      <time>98</time>
    </ksState>
    <ksState>
      <x>154.71450232603087</x>
      <y>307.4405939225177</y>
      <steeringAngle>-0.21319999999999992</steeringAngle>
      <velocity>7.200000000000004</velocity>
      <orientation>-1.5893393003711818</orientation>
      <time>99</time>
    </ksState>
    <ksState>
      <x>154.67760583385646</x>
      <y>306.68159761632097</y>
      <steeringAngle>-0.17766666666666656</steeringAngle>
      <velocity>8.000000000000004</velocity>
      <orientation>-1.647588629972147</orientation>
      <time>100</time>
    </ksState>
  </ksTrajectory>
</CommonRoadSolution>
