<?xml version="1.0" ?>
<CommonRoadSolution benchmark_id="KS2:SM1:ITA_Empoli-8_2_T-1:2020a" computation_time="1.0781261779998204" date="2020-12-29">
  <ksTrajectory planningProblem="1">
    <ksState>
      <x>-318.93425</x>
      <y>-70.652554</y>
      <steeringAngle>0.0</steeringAngle>
      <velocity>4.0</velocity>
      <orientation>-0.22424604</orientation>
      <time>0</time>
    </ksState>
    <ksState>
      <x>-318.50516367388116</x>
      <y>-70.74994371233956</y>
      <steeringAngle>0.035533333333333326</steeringAngle>
      <velocity>4.799999999999999</velocity>
      <orientation>-0.2211222613308092</orientation>
      <time>1</time>
    </ksState>
    <ksState>
      <x>-317.99728256820083</x>
      <y>-70.86154165492424</y>
      <steeringAngle>0.07106666666666667</steeringAngle>
      <velocity>5.599999999999998</velocity>
      <orientation>-0.2102716502696364</orientation>
      <time>2</time>
    </ksState>
    <ksState>
      <x>-317.4093197789665</x>
      <y>-70.98106861350571</y>
      <steeringAngle>0.10659999999999999</steeringAngle>
      <velocity>6.3999999999999995</velocity>
      <orientation>-0.1894547012693084</orientation>
      <time>3</time>
    </ksState>
    <ksState>
      <x>-316.7395850277476</x>
      <y>-71.098597866745</y>
      <steeringAngle>0.14213333333333333</steeringAngle>
      <velocity>7.199999999999999</velocity>
      <orientation>-0.15639513028814328</orientation>
      <time>4</time>
    </ksState>
    <ksState>
      <x>-315.9864163733285</x>
      <y>-71.19972944768</y>
      <steeringAngle>0.17766666666666664</steeringAngle>
      <velocity>7.9999999999999964</velocity>
      <orientation>-0.10876780820659664</orientation>
      <time>5</time>
    </ksState>
    <ksState>
      <x>-315.22917153952324</x>
      <y>-71.26353315507698</y>
      <steeringAngle>0.1421333333333334</steeringAngle>
      <velocity>7.2</velocity>
      <orientation>-0.06114048646095971</orientation>
      <time>6</time>
    </ksState>
    <ksState>
      <x>-314.549855267577</x>
      <y>-71.29331860939241</y>
      <steeringAngle>0.10660000000000011</steeringAngle>
      <velocity>6.4</velocity>
      <orientation>-0.028080916012991744</orientation>
      <time>7</time>
    </ksState>
    <ksState>
      <x>-313.9499526331406</x>
      <y>-71.3035050913128</y>
      <steeringAngle>0.07106666666666674</steeringAngle>
      <velocity>5.600000000000001</velocity>
      <orientation>-0.007263967719103273</orientation>
      <time>8</time>
    </ksState>
    <ksState>
      <x>-313.4299556136127</x>
      <y>-71.30415017014603</y>
      <steeringAngle>0.03553333333333339</steeringAngle>
      <velocity>4.800000000000001</velocity>
      <orientation>0.0035866419385596066</orientation>
      <time>9</time>
    </ksState>
    <ksState>
      <x>-312.9899628377551</x>
      <y>-71.3016628076794</y>
      <steeringAngle>5.5294310796760726e-17</steeringAngle>
      <velocity>4.0</velocity>
      <orientation>0.006710417775725161</orientation>
      <time>10</time>
    </ksState>
    <ksState>
      <x>-312.58996283775514</x>
      <y>-71.29897864056912</y>
      <steeringAngle>0.0</steeringAngle>
      <velocity>4.0</velocity>
      <orientation>0.006710417775725161</orientation>
      <time>11</time>
    </ksState>
    <ksState>
      <x>-312.1899628377551</x>
      <y>-71.29629447345883</y>
      <steeringAngle>0.0</steeringAngle>
      <velocity>4.0</velocity>
      <orientation>0.006710417775725161</orientation>
      <time>12</time>
    </ksState>
    <ksState>
      <x>-311.7899628377551</x>
      <y>-71.29361030634854</y>
      <steeringAngle>0.0</steeringAngle>
      <velocity>4.0</velocity>
      <orientation>0.006710417775725161</orientation>
      <time>13</time>
    </ksState>
    <ksState>
      <x>-311.3899628377551</x>
      <y>-71.29092613923825</y>
      <steeringAngle>0.0</steeringAngle>
      <velocity>4.0</velocity>
      <orientation>0.006710417775725161</orientation>
      <time>14</time>
    </ksState>
    <ksState>
      <x>-310.9899628377551</x>
      <y>-71.28824197212795</y>
      <steeringAngle>0.0</steeringAngle>
      <velocity>4.0</velocity>
      <orientation>0.006710417775725161</orientation>
      <time>15</time>
    </ksState>
    <ksState>
      <x>-310.58996283775514</x>
      <y>-71.28555780501766</y>
      <steeringAngle>0.0</steeringAngle>
      <velocity>4.0</velocity>
      <orientation>0.006710417775725161</orientation>
      <time>16</time>
    </ksState>
    <ksState>
      <x>-310.1899628377551</x>
      <y>-71.28287363790737</y>
      <steeringAngle>0.0</steeringAngle>
      <velocity>4.0</velocity>
      <orientation>0.006710417775725161</orientation>
      <time>17</time>
    </ksState>
    <ksState>
      <x>-309.7899628377551</x>
      <y>-71.28018947079708</y>
      <steeringAngle>0.0</steeringAngle>
      <velocity>4.0</velocity>
      <orientation>0.006710417775725161</orientation>
      <time>18</time>
    </ksState>
    <ksState>
      <x>-309.3899628377551</x>
      <y>-71.2775053036868</y>
      <steeringAngle>0.0</steeringAngle>
      <velocity>4.0</velocity>
      <orientation>0.006710417775725161</orientation>
      <time>19</time>
    </ksState>
    <ksState>
      <x>-308.9899628377551</x>
      <y>-71.27482113657649</y>
      <steeringAngle>0.0</steeringAngle>
      <velocity>4.0</velocity>
      <orientation>0.006710417775725161</orientation>
      <time>20</time>
    </ksState>
    <ksState>
      <x>-308.58996283775514</x>
      <y>-71.2721369694662</y>
      <steeringAngle>0.0</steeringAngle>
      <velocity>4.0</velocity>
      <orientation>0.006710417775725161</orientation>
      <time>21</time>
    </ksState>
    <ksState>
      <x>-308.1899628377551</x>
      <y>-71.26945280235591</y>
      <steeringAngle>0.0</steeringAngle>
      <velocity>4.0</velocity>
      <orientation>0.006710417775725161</orientation>
      <time>22</time>
    </ksState>
    <ksState>
      <x>-307.7899628377551</x>
      <y>-71.26676863524563</y>
      <steeringAngle>0.0</steeringAngle>
      <velocity>4.0</velocity>
      <orientation>0.006710417775725161</orientation>
      <time>23</time>
    </ksState>
    <ksState>
      <x>-307.3899628377551</x>
      <y>-71.26408446813534</y>
      <steeringAngle>0.0</steeringAngle>
      <velocity>4.0</velocity>
      <orientation>0.006710417775725161</orientation>
      <time>24</time>
    </ksState>
    <ksState>
      <x>-306.9899628377551</x>
      <y>-71.26140030102503</y>
      <steeringAngle>0.0</steeringAngle>
      <velocity>4.0</velocity>
      <orientation>0.006710417775725161</orientation>
      <time>25</time>
    </ksState>
    <ksState>
      <x>-306.58996283775514</x>
      <y>-71.25871613391475</y>
      <steeringAngle>0.0</steeringAngle>
      <velocity>4.0</velocity>
      <orientation>0.006710417775725161</orientation>
      <time>26</time>
    </ksState>
    <ksState>
      <x>-306.1899628377551</x>
      <y>-71.25603196680446</y>
      <steeringAngle>0.0</steeringAngle>
      <velocity>4.0</velocity>
      <orientation>0.006710417775725161</orientation>
      <time>27</time>
    </ksState>
    <ksState>
      <x>-305.7899628377551</x>
      <y>-71.25334779969417</y>
      <steeringAngle>0.0</steeringAngle>
      <velocity>4.0</velocity>
      <orientation>0.006710417775725161</orientation>
      <time>28</time>
    </ksState>
    <ksState>
      <x>-305.3899628377551</x>
      <y>-71.25066363258388</y>
      <steeringAngle>0.0</steeringAngle>
      <velocity>4.0</velocity>
      <orientation>0.006710417775725161</orientation>
      <time>29</time>
    </ksState>
    <ksState>
      <x>-304.9899628377551</x>
      <y>-71.24797946547358</y>
      <steeringAngle>0.0</steeringAngle>
      <velocity>4.0</velocity>
      <orientation>0.006710417775725161</orientation>
      <time>30</time>
    </ksState>
    <ksState>
      <x>-304.6299628387828</x>
      <y>-71.24556371508122</y>
      <steeringAngle>0.0</steeringAngle>
      <velocity>3.2</velocity>
      <orientation>0.006710417775725161</orientation>
      <time>31</time>
    </ksState>
    <ksState>
      <x>-304.34996283991234</x>
      <y>-71.24368479811159</y>
      <steeringAngle>0.0</steeringAngle>
      <velocity>2.4000000000000004</velocity>
      <orientation>0.006710417775725161</orientation>
      <time>32</time>
    </ksState>
    <ksState>
      <x>-304.1499628410419</x>
      <y>-71.24234271456402</y>
      <steeringAngle>0.0</steeringAngle>
      <velocity>1.6</velocity>
      <orientation>0.006710417775725161</orientation>
      <time>33</time>
    </ksState>
  </ksTrajectory>
</CommonRoadSolution>
