<?xml version="1.0" ?>
<CommonRoadSolution benchmark_id="KS2:SM1:DEU_Muehlhausen-11_1_T-1:2020a" computation_time="1.823024083000064" date="2020-12-29">
  <ksTrajectory planningProblem="1">
    <ksState>
      <x>-243.29772</x>
      <y>-334.28936</y>
      <steeringAngle>0.0</steeringAngle>
      <velocity>0.0</velocity>
      <orientation>-2.1803882</orientation>
      <time>0</time>
    </ksState>
    <ksState>
      <x>-243.3206213160994</x>
      <y>-334.3221552706814</y>
      <steeringAngle>0.0</steeringAngle>
      <velocity>0.8</velocity>
      <orientation>-2.1803882</orientation>
      <time>1</time>
    </ksState>
    <ksState>
      <x>-243.38932526371903</x>
      <y>-334.42054108175387</y>
      <steeringAngle>0.0</steeringAngle>
      <velocity>1.6</velocity>
      <orientation>-2.1803882</orientation>
      <time>2</time>
    </ksState>
    <ksState>
      <x>-243.50383184275867</x>
      <y>-334.5845174330739</y>
      <steeringAngle>0.0</steeringAngle>
      <velocity>2.4000000000000004</velocity>
      <orientation>-2.1803882</orientation>
      <time>3</time>
    </ksState>
    <ksState>
      <x>-243.664141053188</x>
      <y>-334.8140843245981</y>
      <steeringAngle>0.0</steeringAngle>
      <velocity>3.2000000000000006</velocity>
      <orientation>-2.1803882</orientation>
      <time>4</time>
    </ksState>
    <ksState>
      <x>-243.87025289499454</x>
      <y>-335.1092417563086</y>
      <steeringAngle>0.0</steeringAngle>
      <velocity>4.000000000000001</velocity>
      <orientation>-2.1803882</orientation>
      <time>5</time>
    </ksState>
    <ksState>
      <x>-244.09926605182685</x>
      <y>-335.43719445716306</y>
      <steeringAngle>0.0</steeringAngle>
      <velocity>4.0</velocity>
      <orientation>-2.1803882</orientation>
      <time>6</time>
    </ksState>
    <ksState>
      <x>-244.32827920865915</x>
      <y>-335.76514715801744</y>
      <steeringAngle>0.0</steeringAngle>
      <velocity>4.0</velocity>
      <orientation>-2.1803882</orientation>
      <time>7</time>
    </ksState>
    <ksState>
      <x>-244.55729236549143</x>
      <y>-336.0930998588719</y>
      <steeringAngle>0.0</steeringAngle>
      <velocity>4.0</velocity>
      <orientation>-2.1803882</orientation>
      <time>8</time>
    </ksState>
    <ksState>
      <x>-244.78630552232374</x>
      <y>-336.42105255972626</y>
      <steeringAngle>0.0</steeringAngle>
      <velocity>4.0</velocity>
      <orientation>-2.1803882</orientation>
      <time>9</time>
    </ksState>
    <ksState>
      <x>-245.01531867915605</x>
      <y>-336.7490052605807</y>
      <steeringAngle>0.0</steeringAngle>
      <velocity>4.0</velocity>
      <orientation>-2.1803882</orientation>
      <time>10</time>
    </ksState>
    <ksState>
      <x>-245.24403035392942</x>
      <y>-337.077168095994</y>
      <steeringAngle>0.035533333333333326</steeringAngle>
      <velocity>4.0</velocity>
      <orientation>-2.1776319254673995</orientation>
      <time>11</time>
    </ksState>
    <ksState>
      <x>-245.47092822341614</x>
      <y>-337.4065864226404</y>
      <steeringAngle>0.07106666666666711</steeringAngle>
      <velocity>4.0</velocity>
      <orientation>-2.169356164924114</orientation>
      <time>12</time>
    </ksState>
    <ksState>
      <x>-245.69417320750625</x>
      <y>-337.7384887015872</y>
      <steeringAngle>0.10660000000000043</steeringAngle>
      <velocity>4.0</velocity>
      <orientation>-2.155539925104977</orientation>
      <time>13</time>
    </ksState>
    <ksState>
      <x>-245.91187624578646</x>
      <y>-338.07404847885164</y>
      <steeringAngle>0.14213333333333378</steeringAngle>
      <velocity>4.0</velocity>
      <orientation>-2.1361479987194314</orientation>
      <time>14</time>
    </ksState>
    <ksState>
      <x>-246.12207467219412</x>
      <y>-338.4143546166677</y>
      <steeringAngle>0.1776666666666672</steeringAngle>
      <velocity>4.0</velocity>
      <orientation>-2.111130592268034</orientation>
      <time>15</time>
    </ksState>
    <ksState>
      <x>-246.32336896807325</x>
      <y>-338.76000220150854</y>
      <steeringAngle>0.1421333333333333</steeringAngle>
      <velocity>4.0</velocity>
      <orientation>-2.0861131859235105</orientation>
      <time>16</time>
    </ksState>
    <ksState>
      <x>-246.51694296872748</x>
      <y>-339.11003660495055</y>
      <steeringAngle>0.10659999999999999</steeringAngle>
      <velocity>4.0</velocity>
      <orientation>-2.06672125963276</orientation>
      <time>17</time>
    </ksState>
    <ksState>
      <x>-246.70468125049086</x>
      <y>-339.46323878974715</y>
      <steeringAngle>0.07106666666666664</steeringAngle>
      <velocity>4.0</velocity>
      <orientation>-2.052905019897807</orientation>
      <time>18</time>
    </ksState>
    <ksState>
      <x>-246.8885084549244</x>
      <y>-339.8184945229764</y>
      <steeringAngle>0.03553333333333332</steeringAngle>
      <velocity>4.0</velocity>
      <orientation>-2.0446292594355415</orientation>
      <time>19</time>
    </ksState>
    <ksState>
      <x>-247.070374153119</x>
      <y>-340.174759530337</y>
      <steeringAngle>-2.2985086056692694e-17</steeringAngle>
      <velocity>4.0</velocity>
      <orientation>-2.041872996140701</orientation>
      <time>20</time>
    </ksState>
    <ksState>
      <x>-247.25158492355843</x>
      <y>-340.5313580909074</y>
      <steeringAngle>0.035533333333333326</steeringAngle>
      <velocity>4.0</velocity>
      <orientation>-2.0391167216081008</orientation>
      <time>21</time>
    </ksState>
    <ksState>
      <x>-247.43082591210617</x>
      <y>-340.8889496807589</y>
      <steeringAngle>0.07106666666666711</steeringAngle>
      <velocity>4.0</velocity>
      <orientation>-2.0308409610648153</orientation>
      <time>22</time>
    </ksState>
    <ksState>
      <x>-247.60610603625466</x>
      <y>-341.24849706813643</y>
      <steeringAngle>0.10660000000000043</steeringAngle>
      <velocity>4.0</velocity>
      <orientation>-2.0170247212456784</orientation>
      <time>23</time>
    </ksState>
    <ksState>
      <x>-247.77539229416837</x>
      <y>-341.6109017312904</y>
      <steeringAngle>0.14213333333333378</steeringAngle>
      <velocity>4.0</velocity>
      <orientation>-1.9976327948601327</orientation>
      <time>24</time>
    </ksState>
    <ksState>
      <x>-247.9365904758681</x>
      <y>-341.9769711128511</y>
      <steeringAngle>0.1776666666666672</steeringAngle>
      <velocity>4.0</velocity>
      <orientation>-1.9726153884087354</orientation>
      <time>25</time>
    </ksState>
    <ksState>
      <x>-248.0875280171062</x>
      <y>-342.3473834205109</y>
      <steeringAngle>0.21319999999999995</steeringAngle>
      <velocity>4.0</velocity>
      <orientation>-1.9419076057712352</orientation>
      <time>26</time>
    </ksState>
    <ksState>
      <x>-248.2259399058751</x>
      <y>-342.7226491903441</y>
      <steeringAngle>0.24873333333333336</steeringAngle>
      <velocity>4.0</velocity>
      <orientation>-1.905428764648541</orientation>
      <time>27</time>
    </ksState>
    <ksState>
      <x>-248.3494587498258</x>
      <y>-343.1030689273075</y>
      <steeringAngle>0.2842666666666667</steeringAngle>
      <velocity>4.0</velocity>
      <orientation>-1.863081530803093</orientation>
      <time>28</time>
    </ksState>
    <ksState>
      <x>-248.4556103313317</x>
      <y>-343.48868620984535</y>
      <steeringAngle>0.31980000000000003</steeringAngle>
      <velocity>4.0</velocity>
      <orientation>-1.8147508494359579</orientation>
      <time>29</time>
    </ksState>
    <ksState>
      <x>-248.5418162720136</x>
      <y>-343.8792358217108</y>
      <steeringAngle>0.35533333333333333</steeringAngle>
      <velocity>4.0</velocity>
      <orientation>-1.7603026482576793</orientation>
      <time>30</time>
    </ksState>
    <ksState>
      <x>-248.60075996329965</x>
      <y>-344.23434083308047</y>
      <steeringAngle>0.31979999999999975</steeringAngle>
      <velocity>3.2</velocity>
      <orientation>-1.711196088199891</orientation>
      <time>31</time>
    </ksState>
    <ksState>
      <x>-248.6351343826808</x>
      <y>-344.5122092615185</y>
      <steeringAngle>0.2842666666666663</steeringAngle>
      <velocity>2.4000000000000004</velocity>
      <orientation>-1.6772638328336766</orientation>
      <time>32</time>
    </ksState>
    <ksState>
      <x>-248.65422219840477</x>
      <y>-344.7112925186436</y>
      <steeringAngle>0.24873333333333292</steeringAngle>
      <velocity>1.6000000000000008</velocity>
      <orientation>-1.6559915118867379</orientation>
      <time>33</time>
    </ksState>
  </ksTrajectory>
</CommonRoadSolution>
