<?xml version="1.0" ?>
<CommonRoadSolution benchmark_id="KS2:SM1:DEU_Moelln-12_1_T-1:2020a" computation_time="1.1070909750001192" date="2020-12-29">
  <ksTrajectory planningProblem="1">
    <ksState>
      <x>-237.0051</x>
      <y>759.35919</y>
      <steeringAngle>0.0</steeringAngle>
      <velocity>4.0</velocity>
      <orientation>-1.778436</orientation>
      <time>0</time>
    </ksState>
    <ksState>
      <x>-237.08720067791444</x>
      <y>758.9677064685327</y>
      <steeringAngle>0.035533333333333326</steeringAngle>
      <velocity>4.0</velocity>
      <orientation>-1.7756797254673995</orientation>
      <time>1</time>
    </ksState>
    <ksState>
      <x>-237.16714094473227</x>
      <y>758.5757770988126</y>
      <steeringAngle>0.07106666666666711</steeringAngle>
      <velocity>4.0</velocity>
      <orientation>-1.767403964924114</orientation>
      <time>2</time>
    </ksState>
    <ksState>
      <x>-237.24274770358676</x>
      <y>758.1829908163293</y>
      <steeringAngle>0.10660000000000043</steeringAngle>
      <velocity>4.0</velocity>
      <orientation>-1.7535877251049772</orientation>
      <time>3</time>
    </ksState>
    <ksState>
      <x>-237.31182334441675</x>
      <y>757.7890066379184</y>
      <steeringAngle>0.14213333333333378</steeringAngle>
      <velocity>4.0</velocity>
      <orientation>-1.7341957987194314</orientation>
      <time>4</time>
    </ksState>
    <ksState>
      <x>-237.3721356475794</x>
      <y>757.393590310503</y>
      <steeringAngle>0.1776666666666672</steeringAngle>
      <velocity>4.0</velocity>
      <orientation>-1.7091783922680341</orientation>
      <time>5</time>
    </ksState>
    <ksState>
      <x>-237.42216383026366</x>
      <y>756.9967416902496</y>
      <steeringAngle>0.1421333333333333</steeringAngle>
      <velocity>4.0</velocity>
      <orientation>-1.684160985923511</orientation>
      <time>6</time>
    </ksState>
    <ksState>
      <x>-237.46337084055725</x>
      <y>756.5988761858074</y>
      <steeringAngle>0.10659999999999999</steeringAngle>
      <velocity>4.0</velocity>
      <orientation>-1.6647690596327602</orientation>
      <time>7</time>
    </ksState>
    <ksState>
      <x>-237.4979679587105</x>
      <y>756.2003784001172</y>
      <steeringAngle>0.07106666666666664</steeringAngle>
      <velocity>4.0</velocity>
      <orientation>-1.6509528198978074</orientation>
      <time>8</time>
    </ksState>
    <ksState>
      <x>-237.52816233586614</x>
      <y>755.8015208106566</y>
      <steeringAngle>0.03553333333333332</steeringAngle>
      <velocity>4.0</velocity>
      <orientation>-1.642677059435542</orientation>
      <time>9</time>
    </ksState>
    <ksState>
      <x>-237.55615669687836</x>
      <y>755.4025017592305</y>
      <steeringAngle>-2.2985086056692694e-17</steeringAngle>
      <velocity>4.0</velocity>
      <orientation>-1.6399207961407016</orientation>
      <time>10</time>
    </ksState>
    <ksState>
      <x>-237.5841510592097</x>
      <y>755.0034827215871</y>
      <steeringAngle>-0.035533333333333326</steeringAngle>
      <velocity>4.0</velocity>
      <orientation>-1.642677070673302</orientation>
      <time>11</time>
    </ksState>
    <ksState>
      <x>-237.61434544023504</x>
      <y>754.604625132387</y>
      <steeringAngle>-0.07106666666666711</steeringAngle>
      <velocity>4.0</velocity>
      <orientation>-1.6509528312165875</orientation>
      <time>12</time>
    </ksState>
    <ksState>
      <x>-237.64894256266038</x>
      <y>754.2061273471844</y>
      <steeringAngle>-0.10660000000000043</steeringAngle>
      <velocity>4.0</velocity>
      <orientation>-1.6647690710357244</orientation>
      <time>13</time>
    </ksState>
    <ksState>
      <x>-237.69014957746242</x>
      <y>753.8082618436216</y>
      <steeringAngle>-0.14213333333333378</steeringAngle>
      <velocity>4.0</velocity>
      <orientation>-1.6841609974212701</orientation>
      <time>14</time>
    </ksState>
    <ksState>
      <x>-237.7401777647245</x>
      <y>753.411413224651</y>
      <steeringAngle>-0.1776666666666672</steeringAngle>
      <velocity>4.0</velocity>
      <orientation>-1.7091784038726674</orientation>
      <time>15</time>
    </ksState>
    <ksState>
      <x>-237.8004900726413</x>
      <y>753.0159968972523</y>
      <steeringAngle>-0.1421333333333333</steeringAngle>
      <velocity>4.0</velocity>
      <orientation>-1.7341958102171906</orientation>
      <time>16</time>
    </ksState>
    <ksState>
      <x>-237.86956571804845</x>
      <y>752.6220127192274</y>
      <steeringAngle>-0.10659999999999999</steeringAngle>
      <velocity>4.0</velocity>
      <orientation>-1.7535877365079413</orientation>
      <time>17</time>
    </ksState>
    <ksState>
      <x>-237.9451724811457</x>
      <y>752.2292264374424</y>
      <steeringAngle>-0.07106666666666664</steeringAngle>
      <velocity>4.0</velocity>
      <orientation>-1.7674039762428941</orientation>
      <time>18</time>
    </ksState>
    <ksState>
      <x>-238.02511275175715</x>
      <y>751.8372970685293</y>
      <steeringAngle>-0.03553333333333332</steeringAngle>
      <velocity>4.0</velocity>
      <orientation>-1.7756797367051596</orientation>
      <time>19</time>
    </ksState>
    <ksState>
      <x>-238.10721343470652</x>
      <y>751.4458135241641</y>
      <steeringAngle>2.2985086056692694e-17</steeringAngle>
      <velocity>4.0</velocity>
      <orientation>-1.778436</orientation>
      <time>20</time>
    </ksState>
    <ksState>
      <x>-238.18931411262096</x>
      <y>751.0543299926968</y>
      <steeringAngle>0.035533333333333326</steeringAngle>
      <velocity>4.0</velocity>
      <orientation>-1.7756797254673995</orientation>
      <time>21</time>
    </ksState>
    <ksState>
      <x>-238.2692543794388</x>
      <y>750.6624006229767</y>
      <steeringAngle>0.07106666666666711</steeringAngle>
      <velocity>4.0</velocity>
      <orientation>-1.767403964924114</orientation>
      <time>22</time>
    </ksState>
    <ksState>
      <x>-238.34486113829328</x>
      <y>750.2696143404934</y>
      <steeringAngle>0.10660000000000043</steeringAngle>
      <velocity>4.0</velocity>
      <orientation>-1.7535877251049772</orientation>
      <time>23</time>
    </ksState>
    <ksState>
      <x>-238.41393677912328</x>
      <y>749.8756301620825</y>
      <steeringAngle>0.14213333333333378</steeringAngle>
      <velocity>4.0</velocity>
      <orientation>-1.7341957987194314</orientation>
      <time>24</time>
    </ksState>
    <ksState>
      <x>-238.47424908228592</x>
      <y>749.4802138346671</y>
      <steeringAngle>0.1776666666666672</steeringAngle>
      <velocity>4.0</velocity>
      <orientation>-1.7091783922680341</orientation>
      <time>25</time>
    </ksState>
    <ksState>
      <x>-238.52352382988147</x>
      <y>749.0832762850825</y>
      <steeringAngle>0.21319999999999995</steeringAngle>
      <velocity>4.0</velocity>
      <orientation>-1.678470609630534</orientation>
      <time>26</time>
    </ksState>
    <ksState>
      <x>-238.55944120740853</x>
      <y>748.68491440067</y>
      <steeringAngle>0.24873333333333336</steeringAngle>
      <velocity>4.0</velocity>
      <orientation>-1.6419917685078398</orientation>
      <time>27</time>
    </ksState>
    <ksState>
      <x>-238.57963724428492</x>
      <y>748.285454513852</y>
      <steeringAngle>0.2842666666666667</steeringAngle>
      <velocity>4.0</velocity>
      <orientation>-1.5996445346623918</orientation>
      <time>28</time>
    </ksState>
    <ksState>
      <x>-238.58171173384338</x>
      <y>747.8854988371312</y>
      <steeringAngle>0.31980000000000003</steeringAngle>
      <velocity>4.0</velocity>
      <orientation>-1.5513138532952566</orientation>
      <time>29</time>
    </ksState>
    <ksState>
      <x>-238.56324431243198</x>
      <y>747.4859748480097</y>
      <steeringAngle>0.35533333333333333</steeringAngle>
      <velocity>4.0</velocity>
      <orientation>-1.4968656521169783</orientation>
      <time>30</time>
    </ksState>
    <ksState>
      <x>-238.52768496238588</x>
      <y>747.1277717485444</y>
      <steeringAngle>0.31979999999999975</steeringAngle>
      <velocity>3.2</velocity>
      <orientation>-1.44775909205919</orientation>
      <time>31</time>
    </ksState>
    <ksState>
      <x>-238.48851640867665</x>
      <y>746.8505384737906</y>
      <steeringAngle>0.2842666666666663</steeringAngle>
      <velocity>2.4000000000000004</velocity>
      <orientation>-1.4138268366929756</orientation>
      <time>32</time>
    </ksState>
    <ksState>
      <x>-238.45510432707258</x>
      <y>746.6533529753899</y>
      <steeringAngle>0.24873333333333292</steeringAngle>
      <velocity>1.6000000000000008</velocity>
      <orientation>-1.3925545157460368</orientation>
      <time>33</time>
    </ksState>
  </ksTrajectory>
</CommonRoadSolution>
