<?xml version="1.0" ?>
<CommonRoadSolution benchmark_id="KS2:SM1:DEU_Muehlhausen-6_1_T-1:2020a" computation_time="1.135711289000028" date="2020-12-29">
  <ksTrajectory planningProblem="1">
    <ksState>
      <x>-345.9259</x>
      <y>-198.76499</y>
      <steeringAngle>0.0</steeringAngle>
      <velocity>8.0</velocity>
      <orientation>-2.9011526</orientation>
      <time>0</time>
    </ksState>
    <ksState>
      <x>-346.7025341896378</x>
      <y>-198.95692106117272</y>
      <steeringAngle>0.03553333333333333</steeringAngle>
      <velocity>8.0</velocity>
      <orientation>-2.895640064997161</orientation>
      <time>1</time>
    </ksState>
    <ksState>
      <x>-347.47699642578317</x>
      <y>-199.1574042899707</y>
      <steeringAngle>0.07106666666666667</steeringAngle>
      <velocity>8.0</velocity>
      <orientation>-2.879088544116892</orientation>
      <time>2</time>
    </ksState>
    <ksState>
      <x>-348.24682627759387</x>
      <y>-199.37493858390226</y>
      <steeringAngle>0.10659999999999997</steeringAngle>
      <velocity>8.0</velocity>
      <orientation>-2.8514560648261966</orientation>
      <time>3</time>
    </ksState>
    <ksState>
      <x>-349.0089873037838</x>
      <y>-199.6178999862001</y>
      <steeringAngle>0.1421333333333333</steeringAngle>
      <velocity>8.0</velocity>
      <orientation>-2.812672212553462</orientation>
      <time>4</time>
    </ksState>
    <ksState>
      <x>-349.7595820713821</x>
      <y>-199.89443909639476</y>
      <steeringAngle>0.17766666666666667</steeringAngle>
      <velocity>8.0</velocity>
      <orientation>-2.7626374003043073</orientation>
      <time>5</time>
    </ksState>
    <ksState>
      <x>-350.49419860398586</x>
      <y>-200.21094039463765</y>
      <steeringAngle>0.17766666666666667</steeringAngle>
      <velocity>8.0</velocity>
      <orientation>-2.7069364239937954</orientation>
      <time>6</time>
    </ksState>
    <ksState>
      <x>-351.21005553895753</x>
      <y>-200.56784854813156</y>
      <steeringAngle>0.17766666666666667</steeringAngle>
      <velocity>8.0</velocity>
      <orientation>-2.6512354476832836</orientation>
      <time>7</time>
    </ksState>
    <ksState>
      <x>-351.90493240150283</x>
      <y>-200.96405648706684</y>
      <steeringAngle>0.17766666666666667</steeringAngle>
      <velocity>8.0</velocity>
      <orientation>-2.595534471372772</orientation>
      <time>8</time>
    </ksState>
    <ksState>
      <x>-352.576673824988</x>
      <y>-201.3983352550382</y>
      <steeringAngle>0.17766666666666667</steeringAngle>
      <velocity>8.0</velocity>
      <orientation>-2.5398334950622603</orientation>
      <time>9</time>
    </ksState>
    <ksState>
      <x>-353.22319620439515</x>
      <y>-201.86933780844447</y>
      <steeringAngle>0.17766666666666667</steeringAngle>
      <velocity>8.0</velocity>
      <orientation>-2.4841325187517485</orientation>
      <time>10</time>
    </ksState>
    <ksState>
      <x>-353.81305781117794</x>
      <y>-202.3484556814632</y>
      <steeringAngle>0.1421333333333334</steeringAngle>
      <velocity>7.2</velocity>
      <orientation>-2.4365051970061113</orientation>
      <time>11</time>
    </ksState>
    <ksState>
      <x>-354.3231804257534</x>
      <y>-202.79804737257686</y>
      <steeringAngle>0.10660000000000011</steeringAngle>
      <velocity>6.4</velocity>
      <orientation>-2.4034456265581436</orientation>
      <time>12</time>
    </ksState>
    <ksState>
      <x>-354.7624926551295</x>
      <y>-203.20669355246625</y>
      <steeringAngle>0.07106666666666674</steeringAngle>
      <velocity>5.600000000000001</velocity>
      <orientation>-2.382628678264255</orientation>
      <time>13</time>
    </ksState>
    <ksState>
      <x>-355.137614156902</x>
      <y>-203.5668062783627</y>
      <steeringAngle>0.03553333333333339</steeringAngle>
      <velocity>4.800000000000001</velocity>
      <orientation>-2.3717780686065923</orientation>
      <time>14</time>
    </ksState>
    <ksState>
      <x>-355.4529179829254</x>
      <y>-203.87369930056087</y>
      <steeringAngle>5.5294310796760726e-17</steeringAngle>
      <velocity>4.0</velocity>
      <orientation>-2.3686542927694267</orientation>
      <time>15</time>
    </ksState>
    <ksState>
      <x>-355.73951917836405</x>
      <y>-204.15273268834315</y>
      <steeringAngle>-0.035533333333333326</steeringAngle>
      <velocity>4.0</velocity>
      <orientation>-2.371410567302027</orientation>
      <time>16</time>
    </ksState>
    <ksState>
      <x>-356.027654115614</x>
      <y>-204.4301805844319</y>
      <steeringAngle>-0.07106666666666711</steeringAngle>
      <velocity>4.0</velocity>
      <orientation>-2.3796863278453126</orientation>
      <time>17</time>
    </ksState>
    <ksState>
      <x>-356.3188339763487</x>
      <y>-204.70442816307946</y>
      <steeringAngle>-0.10660000000000043</steeringAngle>
      <velocity>4.0</velocity>
      <orientation>-2.3935025676644495</orientation>
      <time>18</time>
    </ksState>
    <ksState>
      <x>-356.6145238860368</x>
      <y>-204.97380235319946</y>
      <steeringAngle>-0.14213333333333378</steeringAngle>
      <velocity>4.0</velocity>
      <orientation>-2.4128944940499952</orientation>
      <time>19</time>
    </ksState>
    <ksState>
      <x>-356.916117383452</x>
      <y>-205.23654368648454</y>
      <steeringAngle>-0.1776666666666672</steeringAngle>
      <velocity>4.0</velocity>
      <orientation>-2.4379119005013927</orientation>
      <time>20</time>
    </ksState>
    <ksState>
      <x>-357.25560874881256</x>
      <y>-205.51642489037718</y>
      <steeringAngle>-0.14213333333333333</steeringAngle>
      <velocity>4.8000000000000025</velocity>
      <orientation>-2.4653368002197453</orientation>
      <time>21</time>
    </ksState>
    <ksState>
      <x>-357.66540615446723</x>
      <y>-205.83650593837905</y>
      <steeringAngle>-0.10660000000000003</steeringAngle>
      <velocity>5.600000000000005</velocity>
      <orientation>-2.490453012498663</orientation>
      <time>22</time>
    </ksState>
    <ksState>
      <x>-358.1466084879465</x>
      <y>-206.1948793976447</y>
      <steeringAngle>-0.07106666666666671</steeringAngle>
      <velocity>6.400000000000004</velocity>
      <orientation>-2.5110847820981226</orientation>
      <time>23</time>
    </ksState>
    <ksState>
      <x>-358.6989578258262</x>
      <y>-206.59149337582653</y>
      <steeringAngle>-0.035533333333333375</steeringAngle>
      <velocity>7.200000000000006</velocity>
      <orientation>-2.5250614501909148</orientation>
      <time>24</time>
    </ksState>
    <ksState>
      <x>-359.32054294895806</x>
      <y>-207.0287925674951</y>
      <steeringAngle>-2.6346112791397758e-17</steeringAngle>
      <velocity>8.000000000000007</velocity>
      <orientation>-2.5302064629704835</orientation>
      <time>25</time>
    </ksState>
    <ksState>
      <x>-359.9428713249693</x>
      <y>-207.46503492136083</y>
      <steeringAngle>0.0</steeringAngle>
      <velocity>7.200000000000001</velocity>
      <orientation>-2.5302064629704835</orientation>
      <time>26</time>
    </ksState>
    <ksState>
      <x>-360.4996914505705</x>
      <y>-207.85535702723837</y>
      <steeringAngle>0.0</steeringAngle>
      <velocity>6.400000000000001</velocity>
      <orientation>-2.5302064629704835</orientation>
      <time>27</time>
    </ksState>
    <ksState>
      <x>-360.9910033259254</x>
      <y>-208.19975888524263</y>
      <steeringAngle>0.0</steeringAngle>
      <velocity>5.600000000000001</velocity>
      <orientation>-2.5302064629704835</orientation>
      <time>28</time>
    </ksState>
    <ksState>
      <x>-361.4168069510805</x>
      <y>-208.498240495406</y>
      <steeringAngle>0.0</steeringAngle>
      <velocity>4.800000000000001</velocity>
      <orientation>-2.5302064629704835</orientation>
      <time>29</time>
    </ksState>
    <ksState>
      <x>-361.7771023260526</x>
      <y>-208.75080185774044</y>
      <steeringAngle>0.0</steeringAngle>
      <velocity>4.000000000000001</velocity>
      <orientation>-2.5302064629704835</orientation>
      <time>30</time>
    </ksState>
    <ksState>
      <x>-362.07188945097204</x>
      <y>-208.95744297233722</y>
      <steeringAngle>0.0</steeringAngle>
      <velocity>3.2</velocity>
      <orientation>-2.5302064629704835</orientation>
      <time>31</time>
    </ksState>
    <ksState>
      <x>-362.30116832563897</x>
      <y>-209.11816383905628</y>
      <steeringAngle>0.0</steeringAngle>
      <velocity>2.4000000000000004</velocity>
      <orientation>-2.5302064629704835</orientation>
      <time>32</time>
    </ksState>
    <ksState>
      <x>-362.4649389501368</x>
      <y>-209.23296445795606</y>
      <steeringAngle>0.0</steeringAngle>
      <velocity>1.6</velocity>
      <orientation>-2.5302064629704835</orientation>
      <time>33</time>
    </ksState>
  </ksTrajectory>
</CommonRoadSolution>
