<?xml version="1.0" ?>
<CommonRoadSolution benchmark_id="KS2:SM1:DEU_Flensburg-21_1_T-1:2020a" computation_time="0.9420387470000264" date="2020-12-29">
  <ksTrajectory planningProblem="123">
    <ksState>
      <x>94.276912</x>
      <y>296.38185</y>
      <steeringAngle>0.0</steeringAngle>
      <velocity>12.0</velocity>
      <orientation>-2.0086209</orientation>
      <time>0</time>
    </ksState>
    <ksState>
      <x>93.76814771472093</x>
      <y>295.2950386538941</y>
      <steeringAngle>0.0</steeringAngle>
      <velocity>12.0</velocity>
      <orientation>-2.0086209</orientation>
      <time>1</time>
    </ksState>
    <ksState>
      <x>93.25938342944185</x>
      <y>294.2082273077882</y>
      <steeringAngle>0.0</steeringAngle>
      <velocity>12.0</velocity>
      <orientation>-2.0086209</orientation>
      <time>2</time>
    </ksState>
    <ksState>
      <x>92.75061914416278</x>
      <y>293.1214159616823</y>
      <steeringAngle>0.0</steeringAngle>
      <velocity>12.0</velocity>
      <orientation>-2.0086209</orientation>
      <time>3</time>
    </ksState>
    <ksState>
      <x>92.24185485888371</x>
      <y>292.0346046155765</y>
      <steeringAngle>0.0</steeringAngle>
      <velocity>12.0</velocity>
      <orientation>-2.0086209</orientation>
      <time>4</time>
    </ksState>
    <ksState>
      <x>91.73309057360464</x>
      <y>290.9477932694706</y>
      <steeringAngle>0.0</steeringAngle>
      <velocity>12.0</velocity>
      <orientation>-2.0086209</orientation>
      <time>5</time>
    </ksState>
    <ksState>
      <x>91.22432628832557</x>
      <y>289.8609819233647</y>
      <steeringAngle>0.0</steeringAngle>
      <velocity>12.0</velocity>
      <orientation>-2.0086209</orientation>
      <time>6</time>
    </ksState>
    <ksState>
      <x>90.7155620030465</x>
      <y>288.7741705772588</y>
      <steeringAngle>0.0</steeringAngle>
      <velocity>12.0</velocity>
      <orientation>-2.0086209</orientation>
      <time>7</time>
    </ksState>
    <ksState>
      <x>90.20679771776743</x>
      <y>287.6873592311529</y>
      <steeringAngle>0.0</steeringAngle>
      <velocity>12.0</velocity>
      <orientation>-2.0086209</orientation>
      <time>8</time>
    </ksState>
    <ksState>
      <x>89.69803343248836</x>
      <y>286.6005478850471</y>
      <steeringAngle>0.0</steeringAngle>
      <velocity>12.0</velocity>
      <orientation>-2.0086209</orientation>
      <time>9</time>
    </ksState>
    <ksState>
      <x>89.18926914720929</x>
      <y>285.5137365389412</y>
      <steeringAngle>0.0</steeringAngle>
      <velocity>12.0</velocity>
      <orientation>-2.0086209</orientation>
      <time>10</time>
    </ksState>
    <ksState>
      <x>88.68050486193022</x>
      <y>284.4269251928353</y>
      <steeringAngle>0.0</steeringAngle>
      <velocity>12.0</velocity>
      <orientation>-2.0086209</orientation>
      <time>11</time>
    </ksState>
    <ksState>
      <x>88.17174057665115</x>
      <y>283.3401138467294</y>
      <steeringAngle>0.0</steeringAngle>
      <velocity>12.0</velocity>
      <orientation>-2.0086209</orientation>
      <time>12</time>
    </ksState>
    <ksState>
      <x>87.66297629137208</x>
      <y>282.25330250062353</y>
      <steeringAngle>0.0</steeringAngle>
      <velocity>12.0</velocity>
      <orientation>-2.0086209</orientation>
      <time>13</time>
    </ksState>
    <ksState>
      <x>87.154212006093</x>
      <y>281.1664911545177</y>
      <steeringAngle>0.0</steeringAngle>
      <velocity>12.0</velocity>
      <orientation>-2.0086209</orientation>
      <time>14</time>
    </ksState>
    <ksState>
      <x>86.64544772081393</x>
      <y>280.0796798084118</y>
      <steeringAngle>0.0</steeringAngle>
      <velocity>12.0</velocity>
      <orientation>-2.0086209</orientation>
      <time>15</time>
    </ksState>
    <ksState>
      <x>86.13668343553486</x>
      <y>278.9928684623059</y>
      <steeringAngle>0.0</steeringAngle>
      <velocity>12.0</velocity>
      <orientation>-2.0086209</orientation>
      <time>16</time>
    </ksState>
    <ksState>
      <x>85.62791915025579</x>
      <y>277.90605711620003</y>
      <steeringAngle>0.0</steeringAngle>
      <velocity>12.0</velocity>
      <orientation>-2.0086209</orientation>
      <time>17</time>
    </ksState>
    <ksState>
      <x>85.11915486497672</x>
      <y>276.81924577009414</y>
      <steeringAngle>0.0</steeringAngle>
      <velocity>12.0</velocity>
      <orientation>-2.0086209</orientation>
      <time>18</time>
    </ksState>
    <ksState>
      <x>84.61039057969765</x>
      <y>275.7324344239883</y>
      <steeringAngle>0.0</steeringAngle>
      <velocity>12.0</velocity>
      <orientation>-2.0086209</orientation>
      <time>19</time>
    </ksState>
    <ksState>
      <x>84.10162629441858</x>
      <y>274.6456230778824</y>
      <steeringAngle>0.0</steeringAngle>
      <velocity>12.0</velocity>
      <orientation>-2.0086209</orientation>
      <time>20</time>
    </ksState>
    <ksState>
      <x>83.59286200913951</x>
      <y>273.55881173177653</y>
      <steeringAngle>0.0</steeringAngle>
      <velocity>12.0</velocity>
      <orientation>-2.0086209</orientation>
      <time>21</time>
    </ksState>
    <ksState>
      <x>83.08409772386044</x>
      <y>272.47200038567064</y>
      <steeringAngle>0.0</steeringAngle>
      <velocity>12.0</velocity>
      <orientation>-2.0086209</orientation>
      <time>22</time>
    </ksState>
    <ksState>
      <x>82.57533343858137</x>
      <y>271.38518903956475</y>
      <steeringAngle>0.0</steeringAngle>
      <velocity>12.0</velocity>
      <orientation>-2.0086209</orientation>
      <time>23</time>
    </ksState>
    <ksState>
      <x>82.0665691533023</x>
      <y>270.2983776934589</y>
      <steeringAngle>0.0</steeringAngle>
      <velocity>12.0</velocity>
      <orientation>-2.0086209</orientation>
      <time>24</time>
    </ksState>
    <ksState>
      <x>81.55780486802323</x>
      <y>269.211566347353</y>
      <steeringAngle>0.0</steeringAngle>
      <velocity>12.0</velocity>
      <orientation>-2.0086209</orientation>
      <time>25</time>
    </ksState>
    <ksState>
      <x>81.04904058274415</x>
      <y>268.12475500124714</y>
      <steeringAngle>0.0</steeringAngle>
      <velocity>12.0</velocity>
      <orientation>-2.0086209</orientation>
      <time>26</time>
    </ksState>
    <ksState>
      <x>80.54027629746508</x>
      <y>267.03794365514125</y>
      <steeringAngle>0.0</steeringAngle>
      <velocity>12.0</velocity>
      <orientation>-2.0086209</orientation>
      <time>27</time>
    </ksState>
    <ksState>
      <x>80.03151201218601</x>
      <y>265.95113230903536</y>
      <steeringAngle>0.0</steeringAngle>
      <velocity>12.0</velocity>
      <orientation>-2.0086209</orientation>
      <time>28</time>
    </ksState>
    <ksState>
      <x>79.52274772690694</x>
      <y>264.8643209629295</y>
      <steeringAngle>0.0</steeringAngle>
      <velocity>12.0</velocity>
      <orientation>-2.0086209</orientation>
      <time>29</time>
    </ksState>
    <ksState>
      <x>79.01398344162787</x>
      <y>263.77750961682364</y>
      <steeringAngle>0.0</steeringAngle>
      <velocity>12.0</velocity>
      <orientation>-2.0086209</orientation>
      <time>30</time>
    </ksState>
    <ksState>
      <x>78.5052191563488</x>
      <y>262.69069827071775</y>
      <steeringAngle>0.0</steeringAngle>
      <velocity>12.0</velocity>
      <orientation>-2.0086209</orientation>
      <time>31</time>
    </ksState>
    <ksState>
      <x>77.99645487106973</x>
      <y>261.60388692461186</y>
      <steeringAngle>0.0</steeringAngle>
      <velocity>12.0</velocity>
      <orientation>-2.0086209</orientation>
      <time>32</time>
    </ksState>
    <ksState>
      <x>77.48769058579066</x>
      <y>260.51707557850597</y>
      <steeringAngle>0.0</steeringAngle>
      <velocity>12.0</velocity>
      <orientation>-2.0086209</orientation>
      <time>33</time>
    </ksState>
    <ksState>
      <x>76.97892630051159</x>
      <y>259.43026423240013</y>
      <steeringAngle>0.0</steeringAngle>
      <velocity>12.0</velocity>
      <orientation>-2.0086209</orientation>
      <time>34</time>
    </ksState>
    <ksState>
      <x>76.47016201523252</x>
      <y>258.34345288629424</y>
      <steeringAngle>0.0</steeringAngle>
      <velocity>12.0</velocity>
      <orientation>-2.0086209</orientation>
      <time>35</time>
    </ksState>
    <ksState>
      <x>75.96139772995345</x>
      <y>257.25664154018835</y>
      <steeringAngle>0.0</steeringAngle>
      <velocity>12.0</velocity>
      <orientation>-2.0086209</orientation>
      <time>36</time>
    </ksState>
    <ksState>
      <x>75.45263344467438</x>
      <y>256.16983019408246</y>
      <steeringAngle>0.0</steeringAngle>
      <velocity>12.0</velocity>
      <orientation>-2.0086209</orientation>
      <time>37</time>
    </ksState>
    <ksState>
      <x>74.9438691593953</x>
      <y>255.0830188479766</y>
      <steeringAngle>0.0</steeringAngle>
      <velocity>12.0</velocity>
      <orientation>-2.0086209</orientation>
      <time>38</time>
    </ksState>
    <ksState>
      <x>74.43510487411623</x>
      <y>253.9962075018707</y>
      <steeringAngle>0.0</steeringAngle>
      <velocity>12.0</velocity>
      <orientation>-2.0086209</orientation>
      <time>39</time>
    </ksState>
    <ksState>
      <x>73.92634058883716</x>
      <y>252.90939615576485</y>
      <steeringAngle>0.0</steeringAngle>
      <velocity>12.0</velocity>
      <orientation>-2.0086209</orientation>
      <time>40</time>
    </ksState>
    <ksState>
      <x>73.43178717962822</x>
      <y>251.8601061719277</y>
      <steeringAngle>-0.03553333333333333</steeringAngle>
      <velocity>11.200000000000001</velocity>
      <orientation>-2.0165221737723438</orientation>
      <time>41</time>
    </ksState>
    <ksState>
      <x>72.95658727118366</x>
      <y>250.89029348872046</y>
      <steeringAngle>-0.07106666666666667</steeringAngle>
      <velocity>10.400000000000007</velocity>
      <orientation>-2.038774604570834</orientation>
      <time>42</time>
    </ksState>
    <ksState>
      <x>72.49124679489655</x>
      <y>250.00521766709966</y>
      <steeringAngle>-0.10660000000000001</steeringAngle>
      <velocity>9.60000000000001</velocity>
      <orientation>-2.0732226154555056</orientation>
      <time>43</time>
    </ksState>
    <ksState>
      <x>72.03127757268136</x>
      <y>249.20854425416928</y>
      <steeringAngle>-0.14213333333333344</steeringAngle>
      <velocity>8.800000000000008</velocity>
      <orientation>-2.1177307475763505</orientation>
      <time>44</time>
    </ksState>
    <ksState>
      <x>71.57650777684455</x>
      <y>248.50241202194712</y>
      <steeringAngle>-0.17766666666666675</steeringAngle>
      <velocity>8.000000000000009</velocity>
      <orientation>-2.170173045391332</orientation>
      <time>45</time>
    </ksState>
    <ksState>
      <x>71.10704687756706</x>
      <y>247.85476938451987</y>
      <steeringAngle>-0.17766666666666667</steeringAngle>
      <velocity>8.0</velocity>
      <orientation>-2.225874021701844</orientation>
      <time>46</time>
    </ksState>
    <ksState>
      <x>70.60225836679534</x>
      <y>247.23426705513637</y>
      <steeringAngle>-0.17766666666666667</steeringAngle>
      <velocity>8.0</velocity>
      <orientation>-2.281574998012356</orientation>
      <time>47</time>
    </ksState>
    <ksState>
      <x>70.06370801584386</x>
      <y>246.64282973431006</y>
      <steeringAngle>-0.17766666666666667</steeringAngle>
      <velocity>8.0</velocity>
      <orientation>-2.3372759743228673</orientation>
      <time>48</time>
    </ksState>
    <ksState>
      <x>69.49306629831614</x>
      <y>246.08229194026438</y>
      <steeringAngle>-0.17766666666666667</steeringAngle>
      <velocity>8.0</velocity>
      <orientation>-2.392976950633379</orientation>
      <time>49</time>
    </ksState>
    <ksState>
      <x>68.89210322791237</x>
      <y>245.55439234715942</y>
      <steeringAngle>-0.17766666666666667</steeringAngle>
      <velocity>8.0</velocity>
      <orientation>-2.448677926943891</orientation>
      <time>50</time>
    </ksState>
    <ksState>
      <x>68.26360157059615</x>
      <y>245.0595670635022</y>
      <steeringAngle>-0.14213333333333336</steeringAngle>
      <velocity>8.0</velocity>
      <orientation>-2.4987127384926393</orientation>
      <time>51</time>
    </ksState>
    <ksState>
      <x>67.6137293559503</x>
      <y>244.5931061583284</y>
      <steeringAngle>-0.1066000000000001</steeringAngle>
      <velocity>8.0</velocity>
      <orientation>-2.5374965904996367</orientation>
      <time>52</time>
    </ksState>
    <ksState>
      <x>66.94871060503347</x>
      <y>244.1484610982722</y>
      <steeringAngle>-0.07106666666666674</steeringAngle>
      <velocity>8.0</velocity>
      <orientation>-2.565129069529324</orientation>
      <time>53</time>
    </ksState>
    <ksState>
      <x>66.27402008070048</x>
      <y>243.71860301055744</y>
      <steeringAngle>-0.035533333333333354</steeringAngle>
      <velocity>8.0</velocity>
      <orientation>-2.581680590158353</orientation>
      <time>54</time>
    </ksState>
    <ksState>
      <x>65.59462259545334</x>
      <y>243.29620826275936</y>
      <steeringAngle>-2.0816681711721685e-17</steeringAngle>
      <velocity>8.0</velocity>
      <orientation>-2.5871931166167577</orientation>
      <time>55</time>
    </ksState>
    <ksState>
      <x>64.91522514786075</x>
      <y>242.87381353627492</y>
      <steeringAngle>0.03553333333333333</steeringAngle>
      <velocity>8.0</velocity>
      <orientation>-2.581680581613919</orientation>
      <time>56</time>
    </ksState>
    <ksState>
      <x>64.2405346249733</x>
      <y>242.4439554450745</y>
      <steeringAngle>0.07106666666666667</steeringAngle>
      <velocity>8.0</velocity>
      <orientation>-2.5651290607336494</orientation>
      <time>57</time>
    </ksState>
    <ksState>
      <x>63.575515876314064</x>
      <y>241.99931038021168</y>
      <steeringAngle>0.10659999999999997</steeringAngle>
      <velocity>8.0</velocity>
      <orientation>-2.537496581442954</orientation>
      <time>58</time>
    </ksState>
    <ksState>
      <x>62.925643664726245</x>
      <y>241.53284946924987</y>
      <steeringAngle>0.1421333333333333</steeringAngle>
      <velocity>8.0</velocity>
      <orientation>-2.4987127291702196</orientation>
      <time>59</time>
    </ksState>
    <ksState>
      <x>62.29714203484451</x>
      <y>241.03802416083354</y>
      <steeringAngle>0.17766666666666667</steeringAngle>
      <velocity>8.0</velocity>
      <orientation>-2.448677916921065</orientation>
      <time>60</time>
    </ksState>
    <ksState>
      <x>61.69516707980953</x>
      <y>240.51124854626283</y>
      <steeringAngle>0.14213333333333336</steeringAngle>
      <velocity>8.0</velocity>
      <orientation>-2.3986431053723165</orientation>
      <time>61</time>
    </ksState>
    <ksState>
      <x>61.11714232961205</x>
      <y>239.95825030071103</y>
      <steeringAngle>0.1066000000000001</steeringAngle>
      <velocity>8.0</velocity>
      <orientation>-2.359859253365319</orientation>
      <time>62</time>
    </ksState>
    <ksState>
      <x>60.55777563788086</x>
      <y>239.38635164475434</y>
      <steeringAngle>0.07106666666666674</steeringAngle>
      <velocity>8.0</velocity>
      <orientation>-2.332226774335632</orientation>
      <time>63</time>
    </ksState>
    <ksState>
      <x>60.01116491325306</x>
      <y>238.8022266624771</y>
      <steeringAngle>0.035533333333333354</steeringAngle>
      <velocity>8.0</velocity>
      <orientation>-2.315675253706603</orientation>
      <time>64</time>
    </ksState>
    <ksState>
      <x>59.47102454563549</x>
      <y>238.21210239658265</y>
      <steeringAngle>2.0816681711721685e-17</steeringAngle>
      <velocity>8.0</velocity>
      <orientation>-2.310162727248198</orientation>
      <time>65</time>
    </ksState>
    <ksState>
      <x>58.93196863925989</x>
      <y>237.6209858853925</y>
      <steeringAngle>0.0</steeringAngle>
      <velocity>8.0</velocity>
      <orientation>-2.310162727248198</orientation>
      <time>66</time>
    </ksState>
    <ksState>
      <x>58.39291273288429</x>
      <y>237.0298693742024</y>
      <steeringAngle>0.0</steeringAngle>
      <velocity>8.0</velocity>
      <orientation>-2.310162727248198</orientation>
      <time>67</time>
    </ksState>
    <ksState>
      <x>57.8538568265087</x>
      <y>236.43875286301227</y>
      <steeringAngle>0.0</steeringAngle>
      <velocity>8.0</velocity>
      <orientation>-2.310162727248198</orientation>
      <time>68</time>
    </ksState>
    <ksState>
      <x>57.314800920133095</x>
      <y>235.84763635182216</y>
      <steeringAngle>0.0</steeringAngle>
      <velocity>8.0</velocity>
      <orientation>-2.310162727248198</orientation>
      <time>69</time>
    </ksState>
    <ksState>
      <x>56.7757450137575</x>
      <y>235.25651984063202</y>
      <steeringAngle>0.0</steeringAngle>
      <velocity>8.0</velocity>
      <orientation>-2.310162727248198</orientation>
      <time>70</time>
    </ksState>
    <ksState>
      <x>56.23777687940395</x>
      <y>234.6644147121478</y>
      <steeringAngle>0.03553333333333333</steeringAngle>
      <velocity>8.0</velocity>
      <orientation>-2.3046501922453593</orientation>
      <time>71</time>
    </ksState>
    <ksState>
      <x>55.70637743729584</x>
      <y>234.06641812923795</y>
      <steeringAngle>0.07106666666666667</steeringAngle>
      <velocity>8.0</velocity>
      <orientation>-2.28809867136509</orientation>
      <time>72</time>
    </ksState>
    <ksState>
      <x>55.18832524703591</x>
      <y>233.45684360718013</y>
      <steeringAngle>0.10659999999999997</steeringAngle>
      <velocity>8.0</velocity>
      <orientation>-2.2604661920743947</orientation>
      <time>73</time>
    </ksState>
    <ksState>
      <x>54.69080872892967</x>
      <y>232.83042762154372</y>
      <steeringAngle>0.1421333333333333</steeringAngle>
      <velocity>8.0</velocity>
      <orientation>-2.22168233980166</orientation>
      <time>74</time>
    </ksState>
    <ksState>
      <x>54.22160564831593</x>
      <y>232.18257358415886</y>
      <steeringAngle>0.17766666666666667</steeringAngle>
      <velocity>8.0</velocity>
      <orientation>-2.1716475275525053</orientation>
      <time>75</time>
    </ksState>
    <ksState>
      <x>53.80986026812557</x>
      <y>231.5439011466139</y>
      <steeringAngle>0.21320000000000014</steeringAngle>
      <velocity>7.200000000000003</velocity>
      <orientation>-2.1133982004810123</orientation>
      <time>76</time>
    </ksState>
    <ksState>
      <x>53.47649007006133</x>
      <y>230.9513501751178</y>
      <steeringAngle>0.24873333333333347</steeringAngle>
      <velocity>6.400000000000004</velocity>
      <orientation>-2.051481112995233</orientation>
      <time>77</time>
    </ksState>
    <ksState>
      <x>53.21570934583596</x>
      <y>230.41109763078364</y>
      <steeringAngle>0.2842666666666668</steeringAngle>
      <velocity>5.600000000000001</velocity>
      <orientation>-1.988058970231312</orientation>
      <time>78</time>
    </ksState>
    <ksState>
      <x>53.01970282215088</x>
      <y>229.92954512037133</y>
      <steeringAngle>0.3198</steeringAngle>
      <velocity>4.800000000000002</velocity>
      <orientation>-1.9253298704893593</orientation>
      <time>79</time>
    </ksState>
    <ksState>
      <x>52.87914236565898</x>
      <y>229.51266969670232</y>
      <steeringAngle>0.3553333333333332</steeringAngle>
      <velocity>4.000000000000001</velocity>
      <orientation>-1.8655400364411445</orientation>
      <time>80</time>
    </ksState>
    <ksState>
      <x>52.77442822320906</x>
      <y>229.1266829189922</y>
      <steeringAngle>0.39086666666666653</steeringAngle>
      <velocity>4.0</velocity>
      <orientation>-1.8048196701351573</orientation>
      <time>81</time>
    </ksState>
    <ksState>
      <x>52.69458976434053</x>
      <y>228.73480835707514</y>
      <steeringAngle>0.42639999999999995</steeringAngle>
      <velocity>4.0</velocity>
      <orientation>-1.7376500566787536</orientation>
      <time>82</time>
    </ksState>
    <ksState>
      <x>52.64254689298701</x>
      <y>228.33829997786557</y>
      <steeringAngle>0.4619333333333333</steeringAngle>
      <velocity>4.0</velocity>
      <orientation>-1.6638294730464098</orientation>
      <time>83</time>
    </ksState>
    <ksState>
      <x>52.62125609392541</x>
      <y>227.9389756849397</y>
      <steeringAngle>0.49746666666666667</steeringAngle>
      <velocity>4.0</velocity>
      <orientation>-1.5831289312331893</orientation>
      <time>84</time>
    </ksState>
    <ksState>
      <x>52.63364236130405</x>
      <y>227.53929614267014</y>
      <steeringAngle>0.533</steeringAngle>
      <velocity>4.0</velocity>
      <orientation>-1.4952890646333807</orientation>
      <time>85</time>
    </ksState>
    <ksState>
      <x>52.68250573024924</x>
      <y>227.14244429663944</y>
      <steeringAngle>0.5685333333333333</steeringAngle>
      <velocity>4.0</velocity>
      <orientation>-1.400016424984151</orientation>
      <time>86</time>
    </ksState>
    <ksState>
      <x>52.77039736929241</x>
      <y>226.75240127024384</y>
      <steeringAngle>0.6040666666666665</steeringAngle>
      <velocity>4.0</velocity>
      <orientation>-1.2969790717656882</orientation>
      <time>87</time>
    </ksState>
    <ksState>
      <x>52.899460082655565</x>
      <y>226.37401246203532</y>
      <steeringAngle>0.6396</steeringAngle>
      <velocity>4.0</velocity>
      <orientation>-1.1858012889901977</orientation>
      <time>88</time>
    </ksState>
    <ksState>
      <x>53.071227776468696</x>
      <y>226.01303492176638</y>
      <steeringAngle>0.6751333333333333</steeringAngle>
      <velocity>4.0</velocity>
      <orientation>-1.066057240110267</orientation>
      <time>89</time>
    </ksState>
    <ksState>
      <x>53.28637919130303</x>
      <y>225.67615387697353</y>
      <steeringAngle>0.7106666666666664</steeringAngle>
      <velocity>4.0</velocity>
      <orientation>-0.9372633024259565</orientation>
      <time>90</time>
    </ksState>
    <ksState>
      <x>53.54444257939251</x>
      <y>225.37095214115567</y>
      <steeringAngle>0.7461999999999996</steeringAngle>
      <velocity>4.0</velocity>
      <orientation>-0.7988687490747397</orientation>
      <time>91</time>
    </ksState>
    <ksState>
      <x>53.84345080695096</x>
      <y>225.1058110371186</y>
      <steeringAngle>0.7817333333333332</steeringAngle>
      <velocity>4.0</velocity>
      <orientation>-0.650244346909566</orientation>
      <time>92</time>
    </ksState>
    <ksState>
      <x>54.179551359512914</x>
      <y>224.88971564598745</y>
      <steeringAngle>0.8172666666666665</steeringAngle>
      <velocity>4.0</velocity>
      <orientation>-0.4906682937087208</orientation>
      <time>93</time>
    </ksState>
    <ksState>
      <x>54.54658371738464</x>
      <y>224.73193048272273</y>
      <steeringAngle>0.8527999999999999</steeringAngle>
      <velocity>4.0</velocity>
      <orientation>-0.3193087302892099</orientation>
      <time>94</time>
    </ksState>
    <ksState>
      <x>54.93564914412315</x>
      <y>224.64150523026606</y>
      <steeringAngle>0.888333333333333</steeringAngle>
      <velocity>4.0</velocity>
      <orientation>-0.13520178169157404</orientation>
      <time>95</time>
    </ksState>
    <ksState>
      <x>55.294764088572144</x>
      <y>224.62308507668172</y>
      <steeringAngle>0.8527999999999998</steeringAngle>
      <velocity>3.1999999999999997</velocity>
      <orientation>0.030715754019869757</orientation>
      <time>96</time>
    </ksState>
    <ksState>
      <x>55.573424854187195</x>
      <y>224.64865551352003</y>
      <steeringAngle>0.8172666666666667</steeringAngle>
      <velocity>2.3999999999999986</velocity>
      <orientation>0.15087142880028176</orientation>
      <time>97</time>
    </ksState>
    <ksState>
      <x>55.76972293180642</x>
      <y>224.68667827425315</y>
      <steeringAngle>0.7817333333333332</steeringAngle>
      <velocity>1.5999999999999996</velocity>
      <orientation>0.23084854623763396</orientation>
      <time>98</time>
    </ksState>
    <ksState>
      <x>55.88587839936207</x>
      <y>224.71676976814805</y>
      <steeringAngle>0.7461999999999998</steeringAngle>
      <velocity>0.7999999999999996</velocity>
      <orientation>0.27561206738723026</orientation>
      <time>99</time>
    </ksState>
  </ksTrajectory>
</CommonRoadSolution>
