<?xml version="1.0" ?>
<CommonRoadSolution benchmark_id="KS2:SM1:DEU_Guetersloh-20_3_T-1:2020a" computation_time="0.6432478389999687" date="2020-12-29">
  <ksTrajectory planningProblem="1">
    <ksState>
      <x>886.99028</x>
      <y>182.83495</y>
      <steeringAngle>0.0</steeringAngle>
      <velocity>8.0</velocity>
      <orientation>-0.64337312</orientation>
      <time>0</time>
    </ksState>
    <ksState>
      <x>887.6312212367448</x>
      <y>182.35620943581387</y>
      <steeringAngle>0.03553333333333333</steeringAngle>
      <velocity>8.0</velocity>
      <orientation>-0.6378605849971613</orientation>
      <time>1</time>
    </ksState>
    <ksState>
      <x>888.2773972223574</x>
      <y>181.88457199469818</y>
      <steeringAngle>0.07106666666666667</steeringAngle>
      <velocity>8.0</velocity>
      <orientation>-0.6213090641168916</orientation>
      <time>2</time>
    </ksState>
    <ksState>
      <x>888.9338185647154</x>
      <y>181.42733005537914</y>
      <steeringAngle>0.10659999999999997</steeringAngle>
      <velocity>8.0</velocity>
      <orientation>-0.5936765848261967</orientation>
      <time>3</time>
    </ksState>
    <ksState>
      <x>889.6050355751586</x>
      <y>180.99214343134187</y>
      <steeringAngle>0.1421333333333333</steeringAngle>
      <velocity>8.0</velocity>
      <orientation>-0.5548927325534618</orientation>
      <time>4</time>
    </ksState>
    <ksState>
      <x>890.2948782129012</x>
      <y>180.5871946447458</y>
      <steeringAngle>0.17766666666666667</steeringAngle>
      <velocity>8.0</velocity>
      <orientation>-0.5048579203043071</orientation>
      <time>5</time>
    </ksState>
    <ksState>
      <x>890.9694763074527</x>
      <y>180.23736234226018</y>
      <steeringAngle>0.17766666666666667</steeringAngle>
      <velocity>7.2</velocity>
      <orientation>-0.45194199285992975</orientation>
      <time>6</time>
    </ksState>
    <ksState>
      <x>891.58800497486</x>
      <y>179.95498686166565</y>
      <steeringAngle>0.17766666666666667</steeringAngle>
      <velocity>6.4</velocity>
      <orientation>-0.40459616306711854</orientation>
      <time>7</time>
    </ksState>
    <ksState>
      <x>892.1443341715244</x>
      <y>179.7303861759993</y>
      <steeringAngle>0.17766666666666667</steeringAngle>
      <velocity>5.599999999999999</velocity>
      <orientation>-0.3628204309119338</orientation>
      <time>8</time>
    </ksState>
    <ksState>
      <x>892.6337163217831</x>
      <y>179.55467171219186</y>
      <steeringAngle>0.17766666666666667</steeringAngle>
      <velocity>4.799999999999999</velocity>
      <orientation>-0.3266147963904193</orientation>
      <time>9</time>
    </ksState>
    <ksState>
      <x>893.0525522703545</x>
      <y>179.4199078204253</y>
      <steeringAngle>0.17766666666666667</steeringAngle>
      <velocity>4.0</velocity>
      <orientation>-0.2959792595010893</orientation>
      <time>10</time>
    </ksState>
    <ksState>
      <x>893.4366311376226</x>
      <y>179.30821596674858</y>
      <steeringAngle>0.1421333333333333</steeringAngle>
      <velocity>4.0</velocity>
      <orientation>-0.27096185315656596</orientation>
      <time>11</time>
    </ksState>
    <ksState>
      <x>893.8230987315696</x>
      <y>179.2050763712913</y>
      <steeringAngle>0.10659999999999999</steeringAngle>
      <velocity>4.0</velocity>
      <orientation>-0.25156992686581536</orientation>
      <time>12</time>
    </ksState>
    <ksState>
      <x>894.2112281647661</x>
      <y>179.1083655194122</y>
      <steeringAngle>0.07106666666666664</steeringAngle>
      <velocity>4.0</velocity>
      <orientation>-0.23775368713086248</orientation>
      <time>13</time>
    </ksState>
    <ksState>
      <x>894.6004039337469</x>
      <y>179.0159463768046</y>
      <steeringAngle>0.03553333333333332</steeringAngle>
      <velocity>4.0</velocity>
      <orientation>-0.22947792666859712</orientation>
      <time>14</time>
    </ksState>
    <ksState>
      <x>894.9900844466615</x>
      <y>178.92567464532644</y>
      <steeringAngle>-2.2985086056692694e-17</steeringAngle>
      <velocity>4.0</velocity>
      <orientation>-0.22672166337375677</orientation>
      <time>15</time>
    </ksState>
    <ksState>
      <x>895.3797649457572</x>
      <y>178.83540291470868</y>
      <steeringAngle>-0.035533333333333326</steeringAngle>
      <velocity>4.0</velocity>
      <orientation>-0.22947793790635718</orientation>
      <time>16</time>
    </ksState>
    <ksState>
      <x>895.7689407138735</x>
      <y>178.74298376832022</y>
      <steeringAngle>-0.07106666666666711</steeringAngle>
      <velocity>4.0</velocity>
      <orientation>-0.2377536984496426</orientation>
      <time>17</time>
    </ksState>
    <ksState>
      <x>896.1570701459177</x>
      <y>178.64627291229843</y>
      <steeringAngle>-0.10660000000000043</steeringAngle>
      <velocity>4.0</velocity>
      <orientation>-0.25156993826877944</orientation>
      <time>18</time>
    </ksState>
    <ksState>
      <x>896.5435377382888</x>
      <y>178.5431333125266</y>
      <steeringAngle>-0.14213333333333378</steeringAngle>
      <velocity>4.0</velocity>
      <orientation>-0.27096186465432526</orientation>
      <time>19</time>
    </ksState>
    <ksState>
      <x>896.9276166035716</x>
      <y>178.43144145453016</y>
      <steeringAngle>-0.1776666666666672</steeringAngle>
      <velocity>4.0</velocity>
      <orientation>-0.2959792711057226</orientation>
      <time>20</time>
    </ksState>
    <ksState>
      <x>897.3086668794928</x>
      <y>178.30981771638608</y>
      <steeringAngle>-0.1421333333333333</steeringAngle>
      <velocity>4.0</velocity>
      <orientation>-0.3209966774502459</orientation>
      <time>21</time>
    </ksState>
    <ksState>
      <x>897.686927386765</x>
      <y>178.17976401224652</y>
      <steeringAngle>-0.10659999999999999</steeringAngle>
      <velocity>4.0</velocity>
      <orientation>-0.34038860374099644</orientation>
      <time>22</time>
    </ksState>
    <ksState>
      <x>898.0629798126309</x>
      <y>178.04344813354965</y>
      <steeringAngle>-0.07106666666666664</steeringAngle>
      <velocity>4.0</velocity>
      <orientation>-0.3542048434759494</orientation>
      <time>23</time>
    </ksState>
    <ksState>
      <x>898.4375058200557</x>
      <y>177.9029869401738</y>
      <steeringAngle>-0.03553333333333332</steeringAngle>
      <velocity>4.0</velocity>
      <orientation>-0.36248060393821474</orientation>
      <time>24</time>
    </ksState>
    <ksState>
      <x>898.8112524606446</x>
      <y>177.76046207813928</y>
      <steeringAngle>2.2985086056692694e-17</steeringAngle>
      <velocity>4.0</velocity>
      <orientation>-0.3652368672330551</orientation>
      <time>25</time>
    </ksState>
    <ksState>
      <x>899.184868134792</x>
      <y>177.6175938590305</y>
      <steeringAngle>0.0</steeringAngle>
      <velocity>4.0</velocity>
      <orientation>-0.3652368672330551</orientation>
      <time>26</time>
    </ksState>
    <ksState>
      <x>899.5584838089396</x>
      <y>177.4747256399217</y>
      <steeringAngle>0.0</steeringAngle>
      <velocity>4.0</velocity>
      <orientation>-0.3652368672330551</orientation>
      <time>27</time>
    </ksState>
    <ksState>
      <x>899.9320994830871</x>
      <y>177.33185742081292</y>
      <steeringAngle>0.0</steeringAngle>
      <velocity>4.0</velocity>
      <orientation>-0.3652368672330551</orientation>
      <time>28</time>
    </ksState>
    <ksState>
      <x>900.3057151572345</x>
      <y>177.18898920170415</y>
      <steeringAngle>0.0</steeringAngle>
      <velocity>4.0</velocity>
      <orientation>-0.3652368672330551</orientation>
      <time>29</time>
    </ksState>
    <ksState>
      <x>900.679330831382</x>
      <y>177.04612098259534</y>
      <steeringAngle>0.0</steeringAngle>
      <velocity>4.0</velocity>
      <orientation>-0.3652368672330551</orientation>
      <time>30</time>
    </ksState>
    <ksState>
      <x>901.0155849371548</x>
      <y>176.91753958576447</y>
      <steeringAngle>0.0</steeringAngle>
      <velocity>3.2</velocity>
      <orientation>-0.3652368672330551</orientation>
      <time>31</time>
    </ksState>
    <ksState>
      <x>901.277115908003</x>
      <y>176.8175318327918</y>
      <steeringAngle>0.0</steeringAngle>
      <velocity>2.4000000000000004</velocity>
      <orientation>-0.3652368672330551</orientation>
      <time>32</time>
    </ksState>
    <ksState>
      <x>901.4639237440217</x>
      <y>176.74609772364084</y>
      <steeringAngle>0.0</steeringAngle>
      <velocity>1.6</velocity>
      <orientation>-0.3652368672330551</orientation>
      <time>33</time>
    </ksState>
  </ksTrajectory>
</CommonRoadSolution>
