<?xml version="1.0" ?>
<CommonRoadSolution benchmark_id="KS2:SM1:DEU_Lohmar-33_1_T-1:2020a" computation_time="2.810569419000103" date="2020-12-29">
  <ksTrajectory planningProblem="123">
    <ksState>
      <x>27.793001</x>
      <y>595.55584</y>
      <steeringAngle>0.0</steeringAngle>
      <velocity>12.0</velocity>
      <orientation>-3.7770939</orientation>
      <time>0</time>
    </ksState>
    <ksState>
      <x>26.85946285038328</x>
      <y>596.2443939354885</y>
      <steeringAngle>0.0</steeringAngle>
      <velocity>11.200000000000001</velocity>
      <orientation>-3.7770939</orientation>
      <time>1</time>
    </ksState>
    <ksState>
      <x>25.990306642509456</x>
      <y>596.8854613923799</y>
      <steeringAngle>0.0</steeringAngle>
      <velocity>10.4</velocity>
      <orientation>-3.7770939</orientation>
      <time>2</time>
    </ksState>
    <ksState>
      <x>25.18553237612929</x>
      <y>597.4790423708577</y>
      <steeringAngle>0.0</steeringAngle>
      <velocity>9.599999999999998</velocity>
      <orientation>-3.7770939</orientation>
      <time>3</time>
    </ksState>
    <ksState>
      <x>24.445140051171954</x>
      <y>598.0251368709745</y>
      <steeringAngle>0.0</steeringAngle>
      <velocity>8.799999999999999</velocity>
      <orientation>-3.7770939</orientation>
      <time>4</time>
    </ksState>
    <ksState>
      <x>23.76912966761428</x>
      <y>598.5237448927471</y>
      <steeringAngle>0.0</steeringAngle>
      <velocity>7.999999999999997</velocity>
      <orientation>-3.7770939</orientation>
      <time>5</time>
    </ksState>
    <ksState>
      <x>23.158269738031112</x>
      <y>598.9759050321468</y>
      <steeringAngle>-0.03553333333333333</steeringAngle>
      <velocity>7.199999999999999</velocity>
      <orientation>-3.7822389129824923</orientation>
      <time>6</time>
    </ksState>
    <ksState>
      <x>22.61564442898685</x>
      <y>599.3857223197344</y>
      <steeringAngle>-0.07106666666666664</steeringAngle>
      <velocity>6.400000000000001</velocity>
      <orientation>-3.7962155851034556</orientation>
      <time>7</time>
    </ksState>
    <ksState>
      <x>22.143223360247735</x>
      <y>599.7555946663838</y>
      <steeringAngle>-0.10659999999999997</steeringAngle>
      <velocity>5.600000000000004</velocity>
      <orientation>-3.816847352969337</orientation>
      <time>8</time>
    </ksState>
    <ksState>
      <x>21.74126312004272</x>
      <y>600.0854639645532</y>
      <steeringAngle>-0.1421333333333333</steeringAngle>
      <velocity>4.800000000000003</velocity>
      <orientation>-3.841963560477985</orientation>
      <time>9</time>
    </ksState>
    <ksState>
      <x>21.408619153235417</x>
      <y>600.3734498406484</y>
      <steeringAngle>-0.17766666666666653</steeringAngle>
      <velocity>4.000000000000006</velocity>
      <orientation>-3.869388457063135</orientation>
      <time>10</time>
    </ksState>
    <ksState>
      <x>21.0846309806293</x>
      <y>600.6711351151937</y>
      <steeringAngle>-0.17766666666666667</steeringAngle>
      <velocity>4.800000000000002</velocity>
      <orientation>-3.9000239941054695</orientation>
      <time>11</time>
    </ksState>
    <ksState>
      <x>20.71371093941487</x>
      <y>601.0355370723338</y>
      <steeringAngle>-0.17766666666666667</steeringAngle>
      <velocity>5.600000000000001</velocity>
      <orientation>-3.9362296287820095</orientation>
      <time>12</time>
    </ksState>
    <ksState>
      <x>20.302449043369574</x>
      <y>601.472356599182</y>
      <steeringAngle>-0.17766666666666667</steeringAngle>
      <velocity>6.3999999999999995</velocity>
      <orientation>-3.9780053610916495</orientation>
      <time>13</time>
    </ksState>
    <ksState>
      <x>19.858877136738364</x>
      <y>601.9876794023953</y>
      <steeringAngle>-0.17766666666666667</steeringAngle>
      <velocity>7.200000000000002</velocity>
      <orientation>-4.025351191033746</orientation>
      <time>14</time>
    </ksState>
    <ksState>
      <x>19.39261470262573</x>
      <y>602.5877332123074</y>
      <steeringAngle>-0.17766666666666667</steeringAngle>
      <velocity>8.0</velocity>
      <orientation>-4.078267118607896</orientation>
      <time>15</time>
    </ksState>
    <ksState>
      <x>18.957642220365596</x>
      <y>603.2108620842744</y>
      <steeringAngle>-0.1421333333333334</steeringAngle>
      <velocity>7.2</velocity>
      <orientation>-4.125894440353533</orientation>
      <time>16</time>
    </ksState>
    <ksState>
      <x>18.591183189597025</x>
      <y>603.7836321510445</y>
      <steeringAngle>-0.10660000000000011</steeringAngle>
      <velocity>6.4</velocity>
      <orientation>-4.1589540108015015</orientation>
      <time>17</time>
    </ksState>
    <ksState>
      <x>18.281507615261106</x>
      <y>604.2975270565236</y>
      <steeringAngle>-0.07106666666666674</steeringAngle>
      <velocity>5.600000000000001</velocity>
      <orientation>-4.179770959095389</orientation>
      <time>18</time>
    </ksState>
    <ksState>
      <x>18.020160963347568</x>
      <y>604.7470771026566</y>
      <steeringAngle>-0.03553333333333339</steeringAngle>
      <velocity>4.800000000000001</velocity>
      <orientation>-4.190621568753053</orientation>
      <time>19</time>
    </ksState>
    <ksState>
      <x>17.80164800767081</x>
      <y>605.1289827428092</y>
      <steeringAngle>-5.5294310796760726e-17</steeringAngle>
      <velocity>4.0</velocity>
      <orientation>-4.193745344590218</orientation>
      <time>20</time>
    </ksState>
    <ksState>
      <x>17.58353886216197</x>
      <y>605.5111193696192</y>
      <steeringAngle>0.0</steeringAngle>
      <velocity>4.8</velocity>
      <orientation>-4.193745344590218</orientation>
      <time>21</time>
    </ksState>
    <ksState>
      <x>17.325773508449</x>
      <y>605.962735382999</y>
      <steeringAngle>0.0</steeringAngle>
      <velocity>5.6</velocity>
      <orientation>-4.193745344590218</orientation>
      <time>22</time>
    </ksState>
    <ksState>
      <x>17.028351946539825</x>
      <y>606.4838307829345</y>
      <steeringAngle>0.0</steeringAngle>
      <velocity>6.4</velocity>
      <orientation>-4.193745344590218</orientation>
      <time>23</time>
    </ksState>
    <ksState>
      <x>16.691274176439098</x>
      <y>607.0744055694179</y>
      <steeringAngle>0.0</steeringAngle>
      <velocity>7.199999999999999</velocity>
      <orientation>-4.193745344590218</orientation>
      <time>24</time>
    </ksState>
    <ksState>
      <x>16.314540198149704</x>
      <y>607.7344597424438</y>
      <steeringAngle>0.0</steeringAngle>
      <velocity>7.999999999999998</velocity>
      <orientation>-4.193745344590218</orientation>
      <time>25</time>
    </ksState>
    <ksState>
      <x>15.91925594126278</x>
      <y>608.4299800893889</y>
      <steeringAngle>-0.03553333333333333</steeringAngle>
      <velocity>8.0</velocity>
      <orientation>-4.199257879593057</orientation>
      <time>26</time>
    </ksState>
    <ksState>
      <x>15.531670861683983</x>
      <y>609.1298108448809</y>
      <steeringAngle>-0.07106666666666667</steeringAngle>
      <velocity>8.0</velocity>
      <orientation>-4.215809400473327</orientation>
      <time>27</time>
    </ksState>
    <ksState>
      <x>15.159644037560986</x>
      <y>609.8380164731473</y>
      <steeringAngle>-0.10659999999999997</steeringAngle>
      <velocity>8.0</velocity>
      <orientation>-4.243441879764021</orientation>
      <time>28</time>
    </ksState>
    <ksState>
      <x>14.811341863531101</x>
      <y>610.5581590065498</y>
      <steeringAngle>-0.1421333333333333</steeringAngle>
      <velocity>8.0</velocity>
      <orientation>-4.282225732036757</orientation>
      <time>29</time>
    </ksState>
    <ksState>
      <x>14.495359765809276</x>
      <y>611.2930206932178</y>
      <steeringAngle>-0.17766666666666667</steeringAngle>
      <velocity>8.0</velocity>
      <orientation>-4.332260544285911</orientation>
      <time>30</time>
    </ksState>
    <ksState>
      <x>14.219366047440872</x>
      <y>612.0437949530226</y>
      <steeringAngle>-0.17766666666666667</steeringAngle>
      <velocity>8.0</velocity>
      <orientation>-4.387961520596423</orientation>
      <time>31</time>
    </ksState>
    <ksState>
      <x>13.985597592047332</x>
      <y>612.8087700445388</y>
      <steeringAngle>-0.17766666666666667</steeringAngle>
      <velocity>8.0</velocity>
      <orientation>-4.443662496906935</orientation>
      <time>32</time>
    </ksState>
    <ksState>
      <x>13.794779514324016</x>
      <y>613.5855731381155</y>
      <steeringAngle>-0.17766666666666667</steeringAngle>
      <velocity>8.0</velocity>
      <orientation>-4.499363473217446</orientation>
      <time>33</time>
    </ksState>
    <ksState>
      <x>13.6475036931208</x>
      <y>614.3717947486208</y>
      <steeringAngle>-0.17766666666666667</steeringAngle>
      <velocity>8.0</velocity>
      <orientation>-4.555064449527959</orientation>
      <time>34</time>
    </ksState>
    <ksState>
      <x>13.544226948494012</x>
      <y>615.1649961772684</y>
      <steeringAngle>-0.17766666666666667</steeringAngle>
      <velocity>8.0</velocity>
      <orientation>-4.61076542583847</orientation>
      <time>35</time>
    </ksState>
    <ksState>
      <x>13.485269639396918</x>
      <y>615.9627170291134</y>
      <steeringAngle>-0.17766666666666667</steeringAngle>
      <velocity>8.0</velocity>
      <orientation>-4.6664664021489815</orientation>
      <time>36</time>
    </ksState>
    <ksState>
      <x>13.470814620995432</x>
      <y>616.7624830160248</y>
      <steeringAngle>-0.17766666666666667</steeringAngle>
      <velocity>8.0</velocity>
      <orientation>-4.722167378459494</orientation>
      <time>37</time>
    </ksState>
    <ksState>
      <x>13.500906732891726</x>
      <y>617.5618133918882</y>
      <steeringAngle>-0.17766666666666667</steeringAngle>
      <velocity>8.0</velocity>
      <orientation>-4.777868354770005</orientation>
      <time>38</time>
    </ksState>
    <ksState>
      <x>13.575452635478486</x>
      <y>618.3582287965257</y>
      <steeringAngle>-0.17766666666666667</steeringAngle>
      <velocity>8.0</velocity>
      <orientation>-4.8335693310805175</orientation>
      <time>39</time>
    </ksState>
    <ksState>
      <x>13.694221103128653</x>
      <y>619.1492589119332</y>
      <steeringAngle>-0.17766666666666667</steeringAngle>
      <velocity>8.0</velocity>
      <orientation>-4.889270307391029</orientation>
      <time>40</time>
    </ksState>
    <ksState>
      <x>13.848984396648035</x>
      <y>619.8932246796717</y>
      <steeringAngle>-0.21320000000000014</steeringAngle>
      <velocity>7.200000000000003</velocity>
      <orientation>-4.947519634462521</orientation>
      <time>41</time>
    </ksState>
    <ksState>
      <x>14.027228659319068</x>
      <y>620.5493354367876</y>
      <steeringAngle>-0.24873333333333347</steeringAngle>
      <velocity>6.400000000000004</velocity>
      <orientation>-5.009436721948301</orientation>
      <time>42</time>
    </ksState>
    <ksState>
      <x>14.220497375751881</x>
      <y>621.1172496917904</y>
      <steeringAngle>-0.2842666666666668</steeringAngle>
      <velocity>5.600000000000001</velocity>
      <orientation>-5.072858864712222</orientation>
      <time>43</time>
    </ksState>
    <ksState>
      <x>14.418730326415526</x>
      <y>621.5978899677585</y>
      <steeringAngle>-0.3198</steeringAngle>
      <velocity>4.800000000000002</velocity>
      <orientation>-5.135587964454174</orientation>
      <time>44</time>
    </ksState>
    <ksState>
      <x>14.611087264258313</x>
      <y>621.9935428070662</y>
      <steeringAngle>-0.3553333333333332</steeringAngle>
      <velocity>4.000000000000001</velocity>
      <orientation>-5.195377798502389</orientation>
      <time>45</time>
    </ksState>
    <ksState>
      <x>14.827176717696197</x>
      <y>622.3767499514</y>
      <steeringAngle>-0.31979999999999975</steeringAngle>
      <velocity>4.800000000000001</velocity>
      <orientation>-5.255167633534138</orientation>
      <time>46</time>
    </ksState>
    <ksState>
      <x>15.109836085530436</x>
      <y>622.8131157045297</y>
      <steeringAngle>-0.28426666666666645</steeringAngle>
      <velocity>5.600000000000004</velocity>
      <orientation>-5.317896733665461</orientation>
      <time>47</time>
    </ksState>
    <ksState>
      <x>15.467110238078709</x>
      <y>623.2950229280411</y>
      <steeringAngle>-0.2487333333333331</steeringAngle>
      <velocity>6.400000000000004</velocity>
      <orientation>-5.381318870358137</orientation>
      <time>48</time>
    </ksState>
    <ksState>
      <x>15.905478362433149</x>
      <y>623.814720659135</y>
      <steeringAngle>-0.21319999999999992</steeringAngle>
      <velocity>7.200000000000004</velocity>
      <orientation>-5.4432359590359365</orientation>
      <time>49</time>
    </ksState>
    <ksState>
      <x>16.429468050361333</x>
      <y>624.365058329025</y>
      <steeringAngle>-0.17766666666666656</steeringAngle>
      <velocity>8.000000000000004</velocity>
      <orientation>-5.501485288636902</orientation>
      <time>50</time>
    </ksState>
    <ksState>
      <x>17.011618638929942</x>
      <y>624.9136630016491</y>
      <steeringAngle>-0.14213333333333336</steeringAngle>
      <velocity>8.0</velocity>
      <orientation>-5.55152010018565</orientation>
      <time>51</time>
    </ksState>
    <ksState>
      <x>17.617570642250772</x>
      <y>625.4359099174808</y>
      <steeringAngle>-0.1066000000000001</steeringAngle>
      <velocity>8.0</velocity>
      <orientation>-5.590303952192648</orientation>
      <time>52</time>
    </ksState>
    <ksState>
      <x>18.24054390471487</x>
      <y>625.9377699405532</y>
      <steeringAngle>-0.07106666666666674</steeringAngle>
      <velocity>8.0</velocity>
      <orientation>-5.6179364312223345</orientation>
      <time>53</time>
    </ksState>
    <ksState>
      <x>18.874461986652825</x>
      <y>626.4257588180807</y>
      <steeringAngle>-0.035533333333333354</steeringAngle>
      <velocity>8.0</velocity>
      <orientation>-5.634487951851364</orientation>
      <time>54</time>
    </ksState>
    <ksState>
      <x>19.51373025419022</x>
      <y>626.9067311125502</y>
      <steeringAngle>-2.0816681711721685e-17</steeringAngle>
      <velocity>8.0</velocity>
      <orientation>-5.640000478309768</orientation>
      <time>55</time>
    </ksState>
    <ksState>
      <x>20.152998486111244</x>
      <y>627.3877033824513</y>
      <steeringAngle>0.03553333333333333</steeringAngle>
      <velocity>8.0</velocity>
      <orientation>-5.6344879433069295</orientation>
      <time>56</time>
    </ksState>
    <ksState>
      <x>20.786916566300288</x>
      <y>627.8756922633227</y>
      <steeringAngle>0.07106666666666667</steeringAngle>
      <velocity>8.0</velocity>
      <orientation>-5.61793642242666</orientation>
      <time>57</time>
    </ksState>
    <ksState>
      <x>21.409889826089483</x>
      <y>628.3775522909825</y>
      <steeringAngle>0.10659999999999997</steeringAngle>
      <velocity>8.0</velocity>
      <orientation>-5.590303943135965</orientation>
      <time>58</time>
    </ksState>
    <ksState>
      <x>22.01584182585111</x>
      <y>628.8997992123083</y>
      <steeringAngle>0.1421333333333333</steeringAngle>
      <velocity>8.0</velocity>
      <orientation>-5.55152009086323</orientation>
      <time>59</time>
    </ksState>
    <ksState>
      <x>22.597992384897932</x>
      <y>629.4484039071613</y>
      <steeringAngle>0.17766666666666667</steeringAngle>
      <velocity>8.0</velocity>
      <orientation>-5.5014852786140755</orientation>
      <time>60</time>
    </ksState>
    <ksState>
      <x>23.150887761209212</x>
      <y>630.0264809759412</y>
      <steeringAngle>0.14213333333333336</steeringAngle>
      <velocity>8.0</velocity>
      <orientation>-5.451450467065327</orientation>
      <time>61</time>
    </ksState>
    <ksState>
      <x>23.67760214199019</x>
      <y>630.6285537560126</y>
      <steeringAngle>0.1066000000000001</steeringAngle>
      <velocity>8.0</velocity>
      <orientation>-5.412666615058329</orientation>
      <time>62</time>
    </ksState>
    <ksState>
      <x>24.184056080486705</x>
      <y>631.2477981154417</y>
      <steeringAngle>0.07106666666666674</steeringAngle>
      <velocity>8.0</velocity>
      <orientation>-5.385034136028643</orientation>
      <time>63</time>
    </ksState>
    <ksState>
      <x>24.676720203054767</x>
      <y>631.8780895889147</y>
      <steeringAngle>0.035533333333333354</steeringAngle>
      <velocity>8.0</velocity>
      <orientation>-5.368482615399613</orientation>
      <time>64</time>
    </ksState>
    <ksState>
      <x>25.162407505593077</x>
      <y>632.5137829977845</y>
      <steeringAngle>2.0816681711721685e-17</steeringAngle>
      <velocity>8.0</velocity>
      <orientation>-5.362970088941209</orientation>
      <time>65</time>
    </ksState>
    <ksState>
      <x>25.62372756925871</x>
      <y>633.117755219076</y>
      <steeringAngle>-0.03553333333333333</steeringAngle>
      <velocity>7.199999999999999</velocity>
      <orientation>-5.368115101923701</orientation>
      <time>66</time>
    </ksState>
    <ksState>
      <x>26.04168066577733</x>
      <y>633.6541390782025</y>
      <steeringAngle>-0.07106666666666664</steeringAngle>
      <velocity>6.400000000000001</velocity>
      <orientation>-5.382091774044664</orientation>
      <time>67</time>
    </ksState>
    <ksState>
      <x>26.41863473291393</x>
      <y>634.1209290205468</y>
      <steeringAngle>-0.10659999999999997</steeringAngle>
      <velocity>5.600000000000004</velocity>
      <orientation>-5.402723541910546</orientation>
      <time>68</time>
    </ksState>
    <ksState>
      <x>26.75452780056498</x>
      <y>634.5178693632741</y>
      <steeringAngle>-0.1421333333333333</steeringAngle>
      <velocity>4.800000000000003</velocity>
      <orientation>-5.427839749419194</orientation>
      <time>69</time>
    </ksState>
    <ksState>
      <x>27.047496968012197</x>
      <y>634.8461328860859</y>
      <steeringAngle>-0.17766666666666653</steeringAngle>
      <velocity>4.000000000000006</velocity>
      <orientation>-5.455264646004344</orientation>
      <time>70</time>
    </ksState>
    <ksState>
      <x>27.32212772532087</x>
      <y>635.1369379643688</y>
      <steeringAngle>-0.17766666666666667</steeringAngle>
      <velocity>4.0</velocity>
      <orientation>-5.4831151341596</orientation>
      <time>71</time>
    </ksState>
    <ksState>
      <x>27.604750020021196</x>
      <y>635.4199826843875</y>
      <steeringAngle>-0.17766666666666667</steeringAngle>
      <velocity>4.0</velocity>
      <orientation>-5.510965622314855</orientation>
      <time>72</time>
    </ksState>
    <ksState>
      <x>27.8951446292594</x>
      <y>635.6950474897268</y>
      <steeringAngle>-0.17766666666666667</steeringAngle>
      <velocity>4.0</velocity>
      <orientation>-5.538816110470112</orientation>
      <time>73</time>
    </ksState>
    <ksState>
      <x>28.193086322721047</x>
      <y>635.9619190402491</y>
      <steeringAngle>-0.17766666666666667</steeringAngle>
      <velocity>4.0</velocity>
      <orientation>-5.566666598625368</orientation>
      <time>74</time>
    </ksState>
    <ksState>
      <x>28.498344017565493</x>
      <y>636.2203903496198</y>
      <steeringAngle>-0.17766666666666667</steeringAngle>
      <velocity>4.0</velocity>
      <orientation>-5.594517086780623</orientation>
      <time>75</time>
    </ksState>
    <ksState>
      <x>28.810446531881663</x>
      <y>636.4705576276905</y>
      <steeringAngle>-0.1421333333333333</steeringAngle>
      <velocity>4.0</velocity>
      <orientation>-5.619534493125147</orientation>
      <time>76</time>
    </ksState>
    <ksState>
      <x>29.128028678699433</x>
      <y>636.7137377201013</y>
      <steeringAngle>-0.10659999999999999</steeringAngle>
      <velocity>4.0</velocity>
      <orientation>-5.638926419415897</orientation>
      <time>77</time>
    </ksState>
    <ksState>
      <x>29.449606284769185</x>
      <y>636.951614345811</y>
      <steeringAngle>-0.07106666666666664</steeringAngle>
      <velocity>4.0</velocity>
      <orientation>-5.65274265915085</orientation>
      <time>78</time>
    </ksState>
    <ksState>
      <x>29.773792909012137</x>
      <y>637.185926338129</y>
      <steeringAngle>-0.03553333333333332</steeringAngle>
      <velocity>4.0</velocity>
      <orientation>-5.661018419613115</orientation>
      <time>79</time>
    </ksState>
    <ksState>
      <x>30.099267616382157</x>
      <y>637.4184475253611</y>
      <steeringAngle>2.2985086056692694e-17</steeringAngle>
      <velocity>4.0</velocity>
      <orientation>-5.663774682907956</orientation>
      <time>80</time>
    </ksState>
    <ksState>
      <x>30.424955921705248</x>
      <y>637.6506696771378</y>
      <steeringAngle>0.0</steeringAngle>
      <velocity>4.0</velocity>
      <orientation>-5.663774682907956</orientation>
      <time>81</time>
    </ksState>
    <ksState>
      <x>30.75064422702834</x>
      <y>637.8828918289144</y>
      <steeringAngle>0.0</steeringAngle>
      <velocity>4.0</velocity>
      <orientation>-5.663774682907956</orientation>
      <time>82</time>
    </ksState>
    <ksState>
      <x>31.07633253235143</x>
      <y>638.115113980691</y>
      <steeringAngle>0.0</steeringAngle>
      <velocity>4.0</velocity>
      <orientation>-5.663774682907956</orientation>
      <time>83</time>
    </ksState>
    <ksState>
      <x>31.40202083767452</x>
      <y>638.3473361324677</y>
      <steeringAngle>0.0</steeringAngle>
      <velocity>4.0</velocity>
      <orientation>-5.663774682907956</orientation>
      <time>84</time>
    </ksState>
    <ksState>
      <x>31.72770914299761</x>
      <y>638.5795582842443</y>
      <steeringAngle>0.0</steeringAngle>
      <velocity>4.0</velocity>
      <orientation>-5.663774682907956</orientation>
      <time>85</time>
    </ksState>
    <ksState>
      <x>32.05318383792975</x>
      <y>638.8120794653934</y>
      <steeringAngle>0.035533333333333326</steeringAngle>
      <velocity>4.0</velocity>
      <orientation>-5.661018408375356</orientation>
      <time>86</time>
    </ksState>
    <ksState>
      <x>32.37737045992721</x>
      <y>639.0463914608737</y>
      <steeringAngle>0.07106666666666711</steeringAngle>
      <velocity>4.0</velocity>
      <orientation>-5.652742647832071</orientation>
      <time>87</time>
    </ksState>
    <ksState>
      <x>32.69894806334727</x>
      <y>639.2842680899698</y>
      <steeringAngle>0.10660000000000043</steeringAngle>
      <velocity>4.0</velocity>
      <orientation>-5.638926408012933</orientation>
      <time>88</time>
    </ksState>
    <ksState>
      <x>33.016530207057954</x>
      <y>639.5274481857637</y>
      <steeringAngle>0.14213333333333378</steeringAngle>
      <velocity>4.0</velocity>
      <orientation>-5.619534481627388</orientation>
      <time>89</time>
    </ksState>
    <ksState>
      <x>33.328632717886684</x>
      <y>639.7776154670654</y>
      <steeringAngle>0.1776666666666672</steeringAngle>
      <velocity>4.0</velocity>
      <orientation>-5.5945170751759905</orientation>
      <time>90</time>
    </ksState>
    <ksState>
      <x>33.63413649214471</x>
      <y>640.0357996849679</y>
      <steeringAngle>0.1421333333333333</steeringAngle>
      <velocity>4.0</velocity>
      <orientation>-5.569499668831467</orientation>
      <time>91</time>
    </ksState>
    <ksState>
      <x>33.933836915944596</x>
      <y>640.300704636406</y>
      <steeringAngle>0.10659999999999999</steeringAngle>
      <velocity>4.0</velocity>
      <orientation>-5.550107742540717</orientation>
      <time>92</time>
    </ksState>
    <ksState>
      <x>34.22910095807541</x>
      <y>640.5705501314752</y>
      <steeringAngle>0.07106666666666664</steeringAngle>
      <velocity>4.0</velocity>
      <orientation>-5.5362915028057635</orientation>
      <time>93</time>
    </ksState>
    <ksState>
      <x>34.521368463049356</x>
      <y>640.8436412932112</y>
      <steeringAngle>0.03553333333333332</steeringAngle>
      <velocity>4.0</velocity>
      <orientation>-5.528015742343499</orientation>
      <time>94</time>
    </ksState>
    <ksState>
      <x>34.81212621142749</x>
      <y>641.1183408006873</y>
      <steeringAngle>-2.2985086056692694e-17</steeringAngle>
      <velocity>4.0</velocity>
      <orientation>-5.525259479048658</orientation>
      <time>95</time>
    </ksState>
    <ksState>
      <x>35.07358103180386</x>
      <y>641.3658107507056</y>
      <steeringAngle>0.0</steeringAngle>
      <velocity>3.2</velocity>
      <orientation>-5.525259479048658</orientation>
      <time>96</time>
    </ksState>
    <ksState>
      <x>35.27693478074563</x>
      <y>641.5582873782705</y>
      <steeringAngle>0.0</steeringAngle>
      <velocity>2.4000000000000004</velocity>
      <orientation>-5.525259479048658</orientation>
      <time>97</time>
    </ksState>
    <ksState>
      <x>35.42218745832678</x>
      <y>641.6957706834522</y>
      <steeringAngle>0.0</steeringAngle>
      <velocity>1.6</velocity>
      <orientation>-5.525259479048658</orientation>
      <time>98</time>
    </ksState>
    <ksState>
      <x>35.5093390645768</x>
      <y>641.7782606662785</y>
      <steeringAngle>0.0</steeringAngle>
      <velocity>0.7999999999999998</velocity>
      <orientation>-5.525259479048658</orientation>
      <time>99</time>
    </ksState>
  </ksTrajectory>
</CommonRoadSolution>
