<?xml version="1.0" ?>
<CommonRoadSolution benchmark_id="KS2:SM1:ARG_Carcarana-11_1_T-1:2020a" computation_time="1.8348651850000124" date="2020-12-29">
  <ksTrajectory planningProblem="1">
    <ksState>
      <x>0.048528764</x>
      <y>-323.4029</y>
      <steeringAngle>0.0</steeringAngle>
      <velocity>4.0</velocity>
      <orientation>2.9517475</orientation>
      <time>0</time>
    </ksState>
    <ksState>
      <x>-0.3050562032508813</x>
      <y>-323.33524199896533</y>
      <steeringAngle>0.03553333333333333</steeringAngle>
      <velocity>3.2</velocity>
      <orientation>2.954136248379793</orientation>
      <time>1</time>
    </ksState>
    <ksState>
      <x>-0.5802817369981084</x>
      <y>-323.28375712231133</y>
      <steeringAngle>0.07106666666666668</steeringAngle>
      <velocity>2.4</velocity>
      <orientation>2.9598371633855893</orientation>
      <time>2</time>
    </ksState>
    <ksState>
      <x>-0.7771008374281669</x>
      <y>-323.2482312598822</y>
      <steeringAngle>0.10660000000000003</steeringAngle>
      <velocity>1.5999999999999994</velocity>
      <orientation>2.966652697130321</orientation>
      <time>3</time>
    </ksState>
    <ksState>
      <x>-0.8953256042244493</x>
      <y>-323.22766756635673</y>
      <steeringAngle>0.14213333333333342</steeringAngle>
      <velocity>0.7999999999999988</velocity>
      <orientation>2.9723769586168007</orientation>
      <time>4</time>
    </ksState>
    <ksState>
      <x>-0.9347621106034012</x>
      <y>-323.22097719187195</y>
      <steeringAngle>0.17766666666666675</steeringAngle>
      <velocity>-1.5265566588595902e-15</velocity>
      <orientation>2.9747844530913565</orientation>
      <time>5</time>
    </ksState>
    <ksState>
      <x>-0.9742170993995093</x>
      <y>-323.2143967252254</y>
      <steeringAngle>0.21319999999999997</steeringAngle>
      <velocity>0.8</velocity>
      <orientation>2.9779506865725103</orientation>
      <time>6</time>
    </ksState>
    <ksState>
      <x>-1.0927167828059805</x>
      <y>-323.19548434170446</y>
      <steeringAngle>0.24873333333333328</steeringAngle>
      <velocity>1.6000000000000005</velocity>
      <orientation>2.98899127888291</orientation>
      <time>7</time>
    </ksState>
    <ksState>
      <x>-1.2906940759533603</x>
      <y>-323.1671386279063</y>
      <steeringAngle>0.2842666666666665</steeringAngle>
      <velocity>2.400000000000001</velocity>
      <orientation>3.01026360028387</orientation>
      <time>8</time>
    </ksState>
    <ksState>
      <x>-1.5688404144053352</x>
      <y>-323.1350905578417</y>
      <steeringAngle>0.31979999999999986</steeringAngle>
      <velocity>3.200000000000001</velocity>
      <orientation>3.044195856563566</orientation>
      <time>9</time>
    </ksState>
    <ksState>
      <x>-1.9278374245180148</x>
      <y>-323.10872638217245</y>
      <steeringAngle>0.3553333333333332</steeringAngle>
      <velocity>4.0</velocity>
      <orientation>3.093302417351543</orientation>
      <time>10</time>
    </ksState>
    <ksState>
      <x>-2.3277060695373515</x>
      <y>-323.1009232024169</y>
      <steeringAngle>0.35533333333333333</steeringAngle>
      <velocity>4.0</velocity>
      <orientation>3.150859124108257</orientation>
      <time>11</time>
    </ksState>
    <ksState>
      <x>-2.7273614703214406</x>
      <y>-323.1161353581129</y>
      <steeringAngle>0.35533333333333333</steeringAngle>
      <velocity>4.0</velocity>
      <orientation>3.208415830864971</orientation>
      <time>12</time>
    </ksState>
    <ksState>
      <x>-3.1254799929648622</x>
      <y>-323.1543124727701</y>
      <steeringAngle>0.35533333333333333</steeringAngle>
      <velocity>4.0</velocity>
      <orientation>3.265972537621685</orientation>
      <time>13</time>
    </ksState>
    <ksState>
      <x>-3.5207431246957457</x>
      <y>-323.215328109476</y>
      <steeringAngle>0.35533333333333333</steeringAngle>
      <velocity>4.0</velocity>
      <orientation>3.323529244378399</orientation>
      <time>14</time>
    </ksState>
    <ksState>
      <x>-3.9118418095919942</x>
      <y>-323.29898019292796</y>
      <steeringAngle>0.35533333333333333</steeringAngle>
      <velocity>4.0</velocity>
      <orientation>3.381085951135113</orientation>
      <time>15</time>
    </ksState>
    <ksState>
      <x>-4.297596217930821</x>
      <y>-323.4045927496133</y>
      <steeringAngle>0.31979999999999986</steeringAngle>
      <velocity>4.0</velocity>
      <orientation>3.435534150328493</orientation>
      <time>16</time>
    </ksState>
    <ksState>
      <x>-4.677427847081707</x>
      <y>-323.52987958440616</y>
      <steeringAngle>0.28426666666666656</steeringAngle>
      <velocity>4.0</velocity>
      <orientation>3.48386482980975</orientation>
      <time>17</time>
    </ksState>
    <ksState>
      <x>-5.051200642762941</x>
      <y>-323.6722522551793</y>
      <steeringAngle>0.2487333333333332</steeringAngle>
      <velocity>4.0</velocity>
      <orientation>3.526212063532625</orientation>
      <time>18</time>
    </ksState>
    <ksState>
      <x>-5.4190817605134995</x>
      <y>-323.82924184281586</y>
      <steeringAngle>0.21319999999999986</steeringAngle>
      <velocity>4.0</velocity>
      <orientation>3.562690904606253</orientation>
      <time>19</time>
    </ksState>
    <ksState>
      <x>-5.781489619574518</x>
      <y>-323.99849892702525</y>
      <steeringAngle>0.1776666666666665</steeringAngle>
      <velocity>4.0</velocity>
      <orientation>3.5933986872550805</orientation>
      <time>20</time>
    </ksState>
    <ksState>
      <x>-6.139047294904489</x>
      <y>-324.1777868386992</y>
      <steeringAngle>0.1421333333333333</steeringAngle>
      <velocity>4.0</velocity>
      <orientation>3.618416093599604</orientation>
      <time>21</time>
    </ksState>
    <ksState>
      <x>-6.492540699089641</x>
      <y>-324.364969611731</y>
      <steeringAngle>0.10659999999999999</steeringAngle>
      <velocity>4.0</velocity>
      <orientation>3.6378080198903544</orientation>
      <time>22</time>
    </ksState>
    <ksState>
      <x>-6.842880905897875</x>
      <y>-324.5579959966584</y>
      <steeringAngle>0.07106666666666664</steeringAngle>
      <velocity>4.0</velocity>
      <orientation>3.6516242596253075</orientation>
      <time>23</time>
    </ksState>
    <ksState>
      <x>-7.191069849049435</x>
      <y>-324.7548805743913</y>
      <steeringAngle>0.03553333333333332</steeringAngle>
      <velocity>4.0</velocity>
      <orientation>3.659900020087573</orientation>
      <time>24</time>
    </ksState>
    <ksState>
      <x>-7.538168593545662</x>
      <y>-324.9536828611453</y>
      <steeringAngle>-2.2985086056692694e-17</steeringAngle>
      <velocity>4.0</velocity>
      <orientation>3.6626562833824132</orientation>
      <time>25</time>
    </ksState>
    <ksState>
      <x>-7.885084670495197</x>
      <y>-325.1528040191219</y>
      <steeringAngle>0.0</steeringAngle>
      <velocity>4.0</velocity>
      <orientation>3.6626562833824132</orientation>
      <time>26</time>
    </ksState>
    <ksState>
      <x>-8.232000747444733</x>
      <y>-325.3519251770985</y>
      <steeringAngle>0.0</steeringAngle>
      <velocity>4.0</velocity>
      <orientation>3.6626562833824132</orientation>
      <time>27</time>
    </ksState>
    <ksState>
      <x>-8.578916824394266</x>
      <y>-325.5510463350751</y>
      <steeringAngle>0.0</steeringAngle>
      <velocity>4.0</velocity>
      <orientation>3.6626562833824132</orientation>
      <time>28</time>
    </ksState>
    <ksState>
      <x>-8.925832901343803</x>
      <y>-325.7501674930517</y>
      <steeringAngle>0.0</steeringAngle>
      <velocity>4.0</velocity>
      <orientation>3.6626562833824132</orientation>
      <time>29</time>
    </ksState>
    <ksState>
      <x>-9.272748978293336</x>
      <y>-325.9492886510283</y>
      <steeringAngle>0.0</steeringAngle>
      <velocity>4.0</velocity>
      <orientation>3.6626562833824132</orientation>
      <time>30</time>
    </ksState>
    <ksState>
      <x>-9.585113393359695</x>
      <y>-326.12825346983374</y>
      <steeringAngle>-0.03553333333333333</steeringAngle>
      <velocity>3.2</velocity>
      <orientation>3.6602675350026206</orientation>
      <time>31</time>
    </ksState>
    <ksState>
      <x>-9.828636888233031</x>
      <y>-326.26644208873995</y>
      <steeringAngle>-0.07106666666666668</steeringAngle>
      <velocity>2.4</velocity>
      <orientation>3.654566619996824</orientation>
      <time>32</time>
    </ksState>
    <ksState>
      <x>-10.00320539002701</x>
      <y>-326.3640416962025</y>
      <steeringAngle>-0.10660000000000003</steeringAngle>
      <velocity>1.5999999999999994</velocity>
      <orientation>3.6477510862520925</orientation>
      <time>33</time>
    </ksState>
  </ksTrajectory>
</CommonRoadSolution>
