<?xml version="1.0" ?>
<CommonRoadSolution benchmark_id="KS2:SM1:ITA_CarpiCentro-7_1_T-1:2020a" computation_time="1.7855636909998793" date="2020-12-29">
  <ksTrajectory planningProblem="1">
    <ksState>
      <x>-225.68542</x>
      <y>125.0677</y>
      <steeringAngle>0.0</steeringAngle>
      <velocity>8.0</velocity>
      <orientation>-3.5108907</orientation>
      <time>0</time>
    </ksState>
    <ksState>
      <x>-226.39371330400758</x>
      <y>125.34323446377957</y>
      <steeringAngle>-0.03553333333333333</steeringAngle>
      <velocity>7.199999999999999</velocity>
      <orientation>-3.516035712982492</orientation>
      <time>1</time>
    </ksState>
    <ksState>
      <x>-227.02503629203815</x>
      <y>125.59586803242235</y>
      <steeringAngle>-0.07106666666666664</steeringAngle>
      <velocity>6.400000000000001</velocity>
      <orientation>-3.5300123851034555</orientation>
      <time>2</time>
    </ksState>
    <ksState>
      <x>-227.5781195399655</x>
      <y>125.82843230282238</y>
      <steeringAngle>-0.10659999999999997</steeringAngle>
      <velocity>5.600000000000004</velocity>
      <orientation>-3.550644152969337</orientation>
      <time>3</time>
    </ksState>
    <ksState>
      <x>-228.05270021108458</x>
      <y>126.0409387149154</y>
      <steeringAngle>-0.1421333333333333</steeringAngle>
      <velocity>4.800000000000003</velocity>
      <orientation>-3.575760360477985</orientation>
      <time>4</time>
    </ksState>
    <ksState>
      <x>-228.44938787508866</x>
      <y>126.23127202968331</y>
      <steeringAngle>-0.17766666666666653</steeringAngle>
      <velocity>4.000000000000006</velocity>
      <orientation>-3.603185257063135</orientation>
      <time>5</time>
    </ksState>
    <ksState>
      <x>-228.80517384200886</x>
      <y>126.41405056289338</y>
      <steeringAngle>-0.1421333333333333</steeringAngle>
      <velocity>4.0</velocity>
      <orientation>-3.6282026634076585</orientation>
      <time>6</time>
    </ksState>
    <ksState>
      <x>-229.15681847003597</x>
      <y>126.60468380475314</y>
      <steeringAngle>-0.10659999999999999</steeringAngle>
      <velocity>4.0</velocity>
      <orientation>-3.647594589698409</orientation>
      <time>7</time>
    </ksState>
    <ksState>
      <x>-229.50525286368392</x>
      <y>126.8011295201754</y>
      <steeringAngle>-0.07106666666666664</steeringAngle>
      <velocity>4.0</velocity>
      <orientation>-3.661410829433362</orientation>
      <time>8</time>
    </ksState>
    <ksState>
      <x>-229.85149833882463</x>
      <y>127.0014121904858</y>
      <steeringAngle>-0.03553333333333332</steeringAngle>
      <velocity>4.0</velocity>
      <orientation>-3.6696865898956275</orientation>
      <time>9</time>
    </ksState>
    <ksState>
      <x>-230.1966349000239</x>
      <y>127.2036018088469</y>
      <steeringAngle>2.2985086056692694e-17</steeringAngle>
      <velocity>4.0</velocity>
      <orientation>-3.672442853190468</orientation>
      <time>10</time>
    </ksState>
    <ksState>
      <x>-230.54177145059234</x>
      <y>127.40579141833724</y>
      <steeringAngle>0.035533333333333326</steeringAngle>
      <velocity>4.0</velocity>
      <orientation>-3.6696865786578674</orientation>
      <time>11</time>
    </ksState>
    <ksState>
      <x>-230.8880169277031</x>
      <y>127.60607408530679</y>
      <steeringAngle>0.07106666666666711</steeringAngle>
      <velocity>4.0</velocity>
      <orientation>-3.661410818114582</orientation>
      <time>12</time>
    </ksState>
    <ksState>
      <x>-231.23645132336068</x>
      <y>127.8025197969277</y>
      <steeringAngle>0.10660000000000043</steeringAngle>
      <velocity>4.0</velocity>
      <orientation>-3.647594578295445</orientation>
      <time>13</time>
    </ksState>
    <ksState>
      <x>-231.58809595320764</x>
      <y>127.99315303456996</y>
      <steeringAngle>0.14213333333333378</steeringAngle>
      <velocity>4.0</velocity>
      <orientation>-3.6282026519098993</orientation>
      <time>14</time>
    </ksState>
    <ksState>
      <x>-231.94388192165368</x>
      <y>128.17593156327735</y>
      <steeringAngle>0.1776666666666672</steeringAngle>
      <velocity>4.0</velocity>
      <orientation>-3.603185245458502</orientation>
      <time>15</time>
    </ksState>
    <ksState>
      <x>-232.30429238468406</x>
      <y>128.34941339113837</y>
      <steeringAngle>0.1421333333333333</steeringAngle>
      <velocity>4.0</velocity>
      <orientation>-3.5781678391139784</orientation>
      <time>16</time>
    </ksState>
    <ksState>
      <x>-232.668468792689</x>
      <y>128.51485377670042</y>
      <steeringAngle>0.10659999999999999</steeringAngle>
      <velocity>4.0</velocity>
      <orientation>-3.558775912823228</orientation>
      <time>17</time>
    </ksState>
    <ksState>
      <x>-233.03534412703291</x>
      <y>128.67422734676333</y>
      <steeringAngle>0.07106666666666664</steeringAngle>
      <velocity>4.0</velocity>
      <orientation>-3.544959673088275</orientation>
      <time>18</time>
    </ksState>
    <ksState>
      <x>-233.40395900021005</x>
      <y>128.82954042526822</y>
      <steeringAngle>0.03553333333333332</steeringAngle>
      <velocity>4.0</velocity>
      <orientation>-3.5366839126260095</orientation>
      <time>19</time>
    </ksState>
    <ksState>
      <x>-233.77342572753201</x>
      <y>128.98281868547323</y>
      <steeringAngle>-2.2985086056692694e-17</steeringAngle>
      <velocity>4.0</velocity>
      <orientation>-3.533927649331169</orientation>
      <time>20</time>
    </ksState>
    <ksState>
      <x>-234.1430332479072</x>
      <y>129.13575749965102</y>
      <steeringAngle>0.0</steeringAngle>
      <velocity>4.0</velocity>
      <orientation>-3.533927649331169</orientation>
      <time>21</time>
    </ksState>
    <ksState>
      <x>-234.51264076828238</x>
      <y>129.2886963138288</y>
      <steeringAngle>0.0</steeringAngle>
      <velocity>4.0</velocity>
      <orientation>-3.533927649331169</orientation>
      <time>22</time>
    </ksState>
    <ksState>
      <x>-234.88224828865756</x>
      <y>129.4416351280066</y>
      <steeringAngle>0.0</steeringAngle>
      <velocity>4.0</velocity>
      <orientation>-3.533927649331169</orientation>
      <time>23</time>
    </ksState>
    <ksState>
      <x>-235.25185580903275</x>
      <y>129.59457394218438</y>
      <steeringAngle>0.0</steeringAngle>
      <velocity>4.0</velocity>
      <orientation>-3.533927649331169</orientation>
      <time>24</time>
    </ksState>
    <ksState>
      <x>-235.62146332940793</x>
      <y>129.74751275636217</y>
      <steeringAngle>0.0</steeringAngle>
      <velocity>4.0</velocity>
      <orientation>-3.533927649331169</orientation>
      <time>25</time>
    </ksState>
    <ksState>
      <x>-235.9910708497831</x>
      <y>129.90045157053996</y>
      <steeringAngle>0.0</steeringAngle>
      <velocity>4.0</velocity>
      <orientation>-3.533927649331169</orientation>
      <time>26</time>
    </ksState>
    <ksState>
      <x>-236.3606783701583</x>
      <y>130.05339038471774</y>
      <steeringAngle>0.0</steeringAngle>
      <velocity>4.0</velocity>
      <orientation>-3.533927649331169</orientation>
      <time>27</time>
    </ksState>
    <ksState>
      <x>-236.73028589053348</x>
      <y>130.20632919889553</y>
      <steeringAngle>0.0</steeringAngle>
      <velocity>4.0</velocity>
      <orientation>-3.533927649331169</orientation>
      <time>28</time>
    </ksState>
    <ksState>
      <x>-237.09989341090866</x>
      <y>130.35926801307332</y>
      <steeringAngle>0.0</steeringAngle>
      <velocity>4.0</velocity>
      <orientation>-3.533927649331169</orientation>
      <time>29</time>
    </ksState>
    <ksState>
      <x>-237.46950093128385</x>
      <y>130.5122068272511</y>
      <steeringAngle>0.0</steeringAngle>
      <velocity>4.0</velocity>
      <orientation>-3.533927649331169</orientation>
      <time>30</time>
    </ksState>
    <ksState>
      <x>-237.80214769867192</x>
      <y>130.6498517596182</y>
      <steeringAngle>0.0</steeringAngle>
      <velocity>3.2</velocity>
      <orientation>-3.533927649331169</orientation>
      <time>31</time>
    </ksState>
    <ksState>
      <x>-238.06087296189082</x>
      <y>130.75690892911075</y>
      <steeringAngle>0.0</steeringAngle>
      <velocity>2.4000000000000004</velocity>
      <orientation>-3.533927649331169</orientation>
      <time>32</time>
    </ksState>
    <ksState>
      <x>-238.24567672103467</x>
      <y>130.83337833576778</y>
      <steeringAngle>0.0</steeringAngle>
      <velocity>1.6</velocity>
      <orientation>-3.533927649331169</orientation>
      <time>33</time>
    </ksState>
  </ksTrajectory>
</CommonRoadSolution>
