<?xml version="1.0" ?>
<CommonRoadSolution benchmark_id="KS2:SM1:USA_US101-20_2_T-1:2020a" computation_time="84.18358760100001" date="2020-12-29">
  <ksTrajectory planningProblem="473">
    <ksState>
      <x>0.0</x>
      <y>0.0</y>
      <steeringAngle>0.0</steeringAngle>
      <velocity>12.0</velocity>
      <orientation>-0.70293</orientation>
      <time>0</time>
    </ksState>
    <ksState>
      <x>0.9155416189405584</x>
      <y>-0.7757470876437126</y>
      <steeringAngle>0.0</steeringAngle>
      <velocity>12.0</velocity>
      <orientation>-0.70293</orientation>
      <time>1</time>
    </ksState>
    <ksState>
      <x>1.8310832378811168</x>
      <y>-1.5514941752874252</y>
      <steeringAngle>0.0</steeringAngle>
      <velocity>12.0</velocity>
      <orientation>-0.70293</orientation>
      <time>2</time>
    </ksState>
    <ksState>
      <x>2.746624856821675</x>
      <y>-2.327241262931137</y>
      <steeringAngle>0.0</steeringAngle>
      <velocity>12.0</velocity>
      <orientation>-0.70293</orientation>
      <time>3</time>
    </ksState>
    <ksState>
      <x>3.662166475762233</x>
      <y>-3.1029883505748495</y>
      <steeringAngle>0.0</steeringAngle>
      <velocity>12.0</velocity>
      <orientation>-0.70293</orientation>
      <time>4</time>
    </ksState>
    <ksState>
      <x>4.577708094702792</x>
      <y>-3.878735438218562</y>
      <steeringAngle>0.0</steeringAngle>
      <velocity>12.0</velocity>
      <orientation>-0.70293</orientation>
      <time>5</time>
    </ksState>
    <ksState>
      <x>5.49324971364335</x>
      <y>-4.654482525862274</y>
      <steeringAngle>0.0</steeringAngle>
      <velocity>12.0</velocity>
      <orientation>-0.70293</orientation>
      <time>6</time>
    </ksState>
    <ksState>
      <x>6.408791332583909</x>
      <y>-5.430229613505987</y>
      <steeringAngle>0.0</steeringAngle>
      <velocity>12.0</velocity>
      <orientation>-0.70293</orientation>
      <time>7</time>
    </ksState>
    <ksState>
      <x>7.324332951524466</x>
      <y>-6.2059767011497</y>
      <steeringAngle>0.0</steeringAngle>
      <velocity>12.0</velocity>
      <orientation>-0.70293</orientation>
      <time>8</time>
    </ksState>
    <ksState>
      <x>8.239874570465025</x>
      <y>-6.981723788793412</y>
      <steeringAngle>0.0</steeringAngle>
      <velocity>12.0</velocity>
      <orientation>-0.70293</orientation>
      <time>9</time>
    </ksState>
    <ksState>
      <x>9.155416189405583</x>
      <y>-7.757470876437124</y>
      <steeringAngle>0.0</steeringAngle>
      <velocity>12.0</velocity>
      <orientation>-0.70293</orientation>
      <time>10</time>
    </ksState>
    <ksState>
      <x>10.070957808346142</x>
      <y>-8.533217964080837</y>
      <steeringAngle>0.0</steeringAngle>
      <velocity>12.0</velocity>
      <orientation>-0.70293</orientation>
      <time>11</time>
    </ksState>
    <ksState>
      <x>10.9864994272867</x>
      <y>-9.308965051724549</y>
      <steeringAngle>0.0</steeringAngle>
      <velocity>12.0</velocity>
      <orientation>-0.70293</orientation>
      <time>12</time>
    </ksState>
    <ksState>
      <x>11.902041046227259</x>
      <y>-10.08471213936826</y>
      <steeringAngle>0.0</steeringAngle>
      <velocity>12.0</velocity>
      <orientation>-0.70293</orientation>
      <time>13</time>
    </ksState>
    <ksState>
      <x>12.817582665167816</x>
      <y>-10.860459227011974</y>
      <steeringAngle>0.0</steeringAngle>
      <velocity>12.0</velocity>
      <orientation>-0.70293</orientation>
      <time>14</time>
    </ksState>
    <ksState>
      <x>13.733124284108374</x>
      <y>-11.636206314655686</y>
      <steeringAngle>0.0</steeringAngle>
      <velocity>12.0</velocity>
      <orientation>-0.70293</orientation>
      <time>15</time>
    </ksState>
    <ksState>
      <x>14.648665903048933</x>
      <y>-12.411953402299398</y>
      <steeringAngle>0.0</steeringAngle>
      <velocity>12.0</velocity>
      <orientation>-0.70293</orientation>
      <time>16</time>
    </ksState>
    <ksState>
      <x>15.564207521989491</x>
      <y>-13.187700489943111</y>
      <steeringAngle>0.0</steeringAngle>
      <velocity>12.0</velocity>
      <orientation>-0.70293</orientation>
      <time>17</time>
    </ksState>
    <ksState>
      <x>16.47974914093005</x>
      <y>-13.963447577586823</y>
      <steeringAngle>0.0</steeringAngle>
      <velocity>12.0</velocity>
      <orientation>-0.70293</orientation>
      <time>18</time>
    </ksState>
    <ksState>
      <x>17.39529075987061</x>
      <y>-14.739194665230535</y>
      <steeringAngle>0.0</steeringAngle>
      <velocity>12.0</velocity>
      <orientation>-0.70293</orientation>
      <time>19</time>
    </ksState>
    <ksState>
      <x>18.310832378811167</x>
      <y>-15.514941752874249</y>
      <steeringAngle>0.0</steeringAngle>
      <velocity>12.0</velocity>
      <orientation>-0.70293</orientation>
      <time>20</time>
    </ksState>
    <ksState>
      <x>19.226373997751725</x>
      <y>-16.290688840517962</y>
      <steeringAngle>0.0</steeringAngle>
      <velocity>12.0</velocity>
      <orientation>-0.70293</orientation>
      <time>21</time>
    </ksState>
    <ksState>
      <x>20.141915616692284</x>
      <y>-17.066435928161674</y>
      <steeringAngle>0.0</steeringAngle>
      <velocity>12.0</velocity>
      <orientation>-0.70293</orientation>
      <time>22</time>
    </ksState>
    <ksState>
      <x>21.057457235632842</x>
      <y>-17.842183015805386</y>
      <steeringAngle>0.0</steeringAngle>
      <velocity>12.0</velocity>
      <orientation>-0.70293</orientation>
      <time>23</time>
    </ksState>
    <ksState>
      <x>21.9729988545734</x>
      <y>-18.617930103449098</y>
      <steeringAngle>0.0</steeringAngle>
      <velocity>12.0</velocity>
      <orientation>-0.70293</orientation>
      <time>24</time>
    </ksState>
    <ksState>
      <x>22.88854047351396</x>
      <y>-19.39367719109281</y>
      <steeringAngle>0.0</steeringAngle>
      <velocity>12.0</velocity>
      <orientation>-0.70293</orientation>
      <time>25</time>
    </ksState>
    <ksState>
      <x>23.804082092454518</x>
      <y>-20.16942427873652</y>
      <steeringAngle>0.0</steeringAngle>
      <velocity>12.0</velocity>
      <orientation>-0.70293</orientation>
      <time>26</time>
    </ksState>
    <ksState>
      <x>24.719623711395077</x>
      <y>-20.945171366380233</y>
      <steeringAngle>0.0</steeringAngle>
      <velocity>12.0</velocity>
      <orientation>-0.70293</orientation>
      <time>27</time>
    </ksState>
    <ksState>
      <x>25.635165330335635</x>
      <y>-21.720918454023945</y>
      <steeringAngle>0.0</steeringAngle>
      <velocity>12.0</velocity>
      <orientation>-0.70293</orientation>
      <time>28</time>
    </ksState>
    <ksState>
      <x>26.550706949276194</x>
      <y>-22.49666554166766</y>
      <steeringAngle>0.0</steeringAngle>
      <velocity>12.0</velocity>
      <orientation>-0.70293</orientation>
      <time>29</time>
    </ksState>
    <ksState>
      <x>27.466248568216752</x>
      <y>-23.272412629311372</y>
      <steeringAngle>0.0</steeringAngle>
      <velocity>12.0</velocity>
      <orientation>-0.70293</orientation>
      <time>30</time>
    </ksState>
    <ksState>
      <x>28.38179018715731</x>
      <y>-24.048159716955084</y>
      <steeringAngle>0.0</steeringAngle>
      <velocity>12.0</velocity>
      <orientation>-0.70293</orientation>
      <time>31</time>
    </ksState>
    <ksState>
      <x>29.29733180609787</x>
      <y>-24.823906804598796</y>
      <steeringAngle>0.0</steeringAngle>
      <velocity>12.0</velocity>
      <orientation>-0.70293</orientation>
      <time>32</time>
    </ksState>
    <ksState>
      <x>30.212873425038428</x>
      <y>-25.599653892242507</y>
      <steeringAngle>0.0</steeringAngle>
      <velocity>12.0</velocity>
      <orientation>-0.70293</orientation>
      <time>33</time>
    </ksState>
    <ksState>
      <x>31.128415043978986</x>
      <y>-26.375400979886223</y>
      <steeringAngle>0.0</steeringAngle>
      <velocity>12.0</velocity>
      <orientation>-0.70293</orientation>
      <time>34</time>
    </ksState>
    <ksState>
      <x>32.04395666291954</x>
      <y>-27.151148067529935</y>
      <steeringAngle>0.0</steeringAngle>
      <velocity>12.0</velocity>
      <orientation>-0.70293</orientation>
      <time>35</time>
    </ksState>
    <ksState>
      <x>32.9594982818601</x>
      <y>-27.926895155173646</y>
      <steeringAngle>0.0</steeringAngle>
      <velocity>12.0</velocity>
      <orientation>-0.70293</orientation>
      <time>36</time>
    </ksState>
    <ksState>
      <x>33.87503990080066</x>
      <y>-28.702642242817358</y>
      <steeringAngle>0.0</steeringAngle>
      <velocity>12.0</velocity>
      <orientation>-0.70293</orientation>
      <time>37</time>
    </ksState>
    <ksState>
      <x>34.79058151974122</x>
      <y>-29.47838933046107</y>
      <steeringAngle>0.0</steeringAngle>
      <velocity>12.0</velocity>
      <orientation>-0.70293</orientation>
      <time>38</time>
    </ksState>
    <ksState>
      <x>35.706123138681775</x>
      <y>-30.254136418104785</y>
      <steeringAngle>0.0</steeringAngle>
      <velocity>12.0</velocity>
      <orientation>-0.70293</orientation>
      <time>39</time>
    </ksState>
    <ksState>
      <x>36.621664757622334</x>
      <y>-31.029883505748497</y>
      <steeringAngle>0.0</steeringAngle>
      <velocity>12.0</velocity>
      <orientation>-0.70293</orientation>
      <time>40</time>
    </ksState>
    <ksState>
      <x>37.53720637656289</x>
      <y>-31.80563059339221</y>
      <steeringAngle>0.0</steeringAngle>
      <velocity>12.0</velocity>
      <orientation>-0.70293</orientation>
      <time>41</time>
    </ksState>
    <ksState>
      <x>38.45274799550345</x>
      <y>-32.581377681035924</y>
      <steeringAngle>0.0</steeringAngle>
      <velocity>12.0</velocity>
      <orientation>-0.70293</orientation>
      <time>42</time>
    </ksState>
    <ksState>
      <x>39.36828961444401</x>
      <y>-33.35712476867963</y>
      <steeringAngle>0.0</steeringAngle>
      <velocity>12.0</velocity>
      <orientation>-0.70293</orientation>
      <time>43</time>
    </ksState>
    <ksState>
      <x>40.28383123338457</x>
      <y>-34.13287185632335</y>
      <steeringAngle>0.0</steeringAngle>
      <velocity>12.0</velocity>
      <orientation>-0.70293</orientation>
      <time>44</time>
    </ksState>
    <ksState>
      <x>41.199372852325126</x>
      <y>-34.908618943967056</y>
      <steeringAngle>0.0</steeringAngle>
      <velocity>12.0</velocity>
      <orientation>-0.70293</orientation>
      <time>45</time>
    </ksState>
    <ksState>
      <x>42.114914471265685</x>
      <y>-35.68436603161077</y>
      <steeringAngle>0.0</steeringAngle>
      <velocity>12.0</velocity>
      <orientation>-0.70293</orientation>
      <time>46</time>
    </ksState>
    <ksState>
      <x>43.03045609020624</x>
      <y>-36.46011311925448</y>
      <steeringAngle>0.0</steeringAngle>
      <velocity>12.0</velocity>
      <orientation>-0.70293</orientation>
      <time>47</time>
    </ksState>
    <ksState>
      <x>43.9459977091468</x>
      <y>-37.235860206898195</y>
      <steeringAngle>0.0</steeringAngle>
      <velocity>12.0</velocity>
      <orientation>-0.70293</orientation>
      <time>48</time>
    </ksState>
    <ksState>
      <x>44.86153932808736</x>
      <y>-38.0116072945419</y>
      <steeringAngle>0.0</steeringAngle>
      <velocity>12.0</velocity>
      <orientation>-0.70293</orientation>
      <time>49</time>
    </ksState>
    <ksState>
      <x>45.77708094702792</x>
      <y>-38.78735438218562</y>
      <steeringAngle>0.0</steeringAngle>
      <velocity>12.0</velocity>
      <orientation>-0.70293</orientation>
      <time>50</time>
    </ksState>
    <ksState>
      <x>46.69262256596848</x>
      <y>-39.563101469829334</y>
      <steeringAngle>0.0</steeringAngle>
      <velocity>12.0</velocity>
      <orientation>-0.70293</orientation>
      <time>51</time>
    </ksState>
    <ksState>
      <x>47.608164184909036</x>
      <y>-40.33884855747304</y>
      <steeringAngle>0.0</steeringAngle>
      <velocity>12.0</velocity>
      <orientation>-0.70293</orientation>
      <time>52</time>
    </ksState>
    <ksState>
      <x>48.523705803849595</x>
      <y>-41.11459564511676</y>
      <steeringAngle>0.0</steeringAngle>
      <velocity>12.0</velocity>
      <orientation>-0.70293</orientation>
      <time>53</time>
    </ksState>
    <ksState>
      <x>49.43924742279015</x>
      <y>-41.890342732760466</y>
      <steeringAngle>0.0</steeringAngle>
      <velocity>12.0</velocity>
      <orientation>-0.70293</orientation>
      <time>54</time>
    </ksState>
    <ksState>
      <x>50.35478904173071</x>
      <y>-42.66608982040418</y>
      <steeringAngle>0.0</steeringAngle>
      <velocity>12.0</velocity>
      <orientation>-0.70293</orientation>
      <time>55</time>
    </ksState>
    <ksState>
      <x>51.27033066067127</x>
      <y>-43.4418369080479</y>
      <steeringAngle>0.0</steeringAngle>
      <velocity>12.0</velocity>
      <orientation>-0.70293</orientation>
      <time>56</time>
    </ksState>
    <ksState>
      <x>52.18587227961183</x>
      <y>-44.217583995691605</y>
      <steeringAngle>0.0</steeringAngle>
      <velocity>12.0</velocity>
      <orientation>-0.70293</orientation>
      <time>57</time>
    </ksState>
    <ksState>
      <x>53.10141389855239</x>
      <y>-44.99333108333532</y>
      <steeringAngle>0.0</steeringAngle>
      <velocity>12.0</velocity>
      <orientation>-0.70293</orientation>
      <time>58</time>
    </ksState>
    <ksState>
      <x>54.016955517492946</x>
      <y>-45.76907817097903</y>
      <steeringAngle>0.0</steeringAngle>
      <velocity>12.0</velocity>
      <orientation>-0.70293</orientation>
      <time>59</time>
    </ksState>
    <ksState>
      <x>54.932497136433504</x>
      <y>-46.544825258622744</y>
      <steeringAngle>0.0</steeringAngle>
      <velocity>12.0</velocity>
      <orientation>-0.70293</orientation>
      <time>60</time>
    </ksState>
    <ksState>
      <x>55.819478818700944</x>
      <y>-47.29239200484894</y>
      <steeringAngle>0.03553333333333333</steeringAngle>
      <velocity>11.200000000000001</velocity>
      <orientation>-0.695028726227656</orientation>
      <time>61</time>
    </ksState>
    <ksState>
      <x>56.65573438608827</x>
      <y>-47.975786634260835</y>
      <steeringAngle>0.07106666666666667</steeringAngle>
      <velocity>10.400000000000007</velocity>
      <orientation>-0.6727762954291661</orientation>
      <time>62</time>
    </ksState>
    <ksState>
      <x>57.44770069951601</x>
      <y>-48.58627031732248</y>
      <steeringAngle>0.10660000000000001</steeringAngle>
      <velocity>9.60000000000001</velocity>
      <orientation>-0.6383282845444943</orientation>
      <time>63</time>
    </ksState>
    <ksState>
      <x>58.19792908234002</x>
      <y>-49.118640100331106</y>
      <steeringAngle>0.14213333333333344</steeringAngle>
      <velocity>8.800000000000008</velocity>
      <orientation>-0.5938201524236495</orientation>
      <time>64</time>
    </ksState>
    <ksState>
      <x>58.90568404427918</x>
      <y>-49.57088031353532</y>
      <steeringAngle>0.17766666666666675</steeringAngle>
      <velocity>8.000000000000009</velocity>
      <orientation>-0.541377854608668</orientation>
      <time>65</time>
    </ksState>
    <ksState>
      <x>59.602407636222175</x>
      <y>-49.963831656826336</y>
      <steeringAngle>0.17766666666666667</steeringAngle>
      <velocity>8.0</velocity>
      <orientation>-0.48567687829815626</orientation>
      <time>66</time>
    </ksState>
    <ksState>
      <x>60.319927170068745</x>
      <y>-50.31738547157887</y>
      <steeringAngle>0.17766666666666667</steeringAngle>
      <velocity>8.0</velocity>
      <orientation>-0.4299759019876445</orientation>
      <time>67</time>
    </ksState>
    <ksState>
      <x>61.05601701608292</x>
      <y>-50.63044508821921</y>
      <steeringAngle>0.17766666666666667</steeringAngle>
      <velocity>8.0</velocity>
      <orientation>-0.37427492567713283</orientation>
      <time>68</time>
    </ksState>
    <ksState>
      <x>61.808393973342795</x>
      <y>-50.90203945951759</y>
      <steeringAngle>0.17766666666666667</steeringAngle>
      <velocity>8.0</velocity>
      <orientation>-0.318573949366621</orientation>
      <time>69</time>
    </ksState>
    <ksState>
      <x>62.574724322349596</x>
      <y>-51.1313261546846</y>
      <steeringAngle>0.17766666666666667</steeringAngle>
      <velocity>8.0</velocity>
      <orientation>-0.2628729730561092</orientation>
      <time>70</time>
    </ksState>
    <ksState>
      <x>63.35263101985937</x>
      <y>-51.317593950434684</y>
      <steeringAngle>0.17766666666666667</steeringAngle>
      <velocity>8.0</velocity>
      <orientation>-0.2071719967455974</orientation>
      <time>71</time>
    </ksState>
    <ksState>
      <x>64.13970123322761</x>
      <y>-51.46026511292361</y>
      <steeringAngle>0.17766666666666667</steeringAngle>
      <velocity>8.0</velocity>
      <orientation>-0.15147102043508565</orientation>
      <time>72</time>
    </ksState>
    <ksState>
      <x>64.93349359699066</x>
      <y>-51.558897096618836</y>
      <steeringAngle>0.17766666666666667</steeringAngle>
      <velocity>8.0</velocity>
      <orientation>-0.09577004412457396</orientation>
      <time>73</time>
    </ksState>
    <ksState>
      <x>65.73154592875771</x>
      <y>-51.61318396517606</y>
      <steeringAngle>0.17766666666666667</steeringAngle>
      <velocity>8.0</velocity>
      <orientation>-0.04006906781406214</orientation>
      <time>74</time>
    </ksState>
    <ksState>
      <x>66.53138283319801</x>
      <y>-51.62295733127332</y>
      <steeringAngle>0.17766666666666667</steeringAngle>
      <velocity>8.0</velocity>
      <orientation>0.015631908496449687</orientation>
      <time>75</time>
    </ksState>
    <ksState>
      <x>67.29071394713495</x>
      <y>-51.59097927846932</y>
      <steeringAngle>0.17766666666666667</steeringAngle>
      <velocity>7.2</velocity>
      <orientation>0.06854783594082706</orientation>
      <time>76</time>
    </ksState>
    <ksState>
      <x>67.96784396114822</x>
      <y>-51.52835709440988</y>
      <steeringAngle>0.17766666666666667</steeringAngle>
      <velocity>6.4</velocity>
      <orientation>0.11589366573363824</orientation>
      <time>77</time>
    </ksState>
    <ksState>
      <x>68.56226944434333</x>
      <y>-51.446540570649496</y>
      <steeringAngle>0.17766666666666667</steeringAngle>
      <velocity>5.599999999999999</velocity>
      <orientation>0.157669397888823</orientation>
      <time>78</time>
    </ksState>
    <ksState>
      <x>69.0742918727577</x>
      <y>-51.355603441925744</y>
      <steeringAngle>0.17766666666666667</steeringAngle>
      <velocity>4.799999999999999</velocity>
      <orientation>0.1938750324103375</orientation>
      <time>79</time>
    </ksState>
    <ksState>
      <x>69.50473523598897</x>
      <y>-51.26422142443597</y>
      <steeringAngle>0.17766666666666667</steeringAngle>
      <velocity>4.0</velocity>
      <orientation>0.2245105692996675</orientation>
      <time>80</time>
    </ksState>
  </ksTrajectory>
</CommonRoadSolution>
