<?xml version="1.0" ?>
<CommonRoadSolution benchmark_id="KS2:SM1:ITA_Foggia-4_2_T-1:2020a" computation_time="1.2299022180000065" date="2020-12-29">
  <ksTrajectory planningProblem="1">
    <ksState>
      <x>904.06257</x>
      <y>-305.9922</y>
      <steeringAngle>0.0</steeringAngle>
      <velocity>4.0</velocity>
      <orientation>-1.3329492</orientation>
      <time>0</time>
    </ksState>
    <ksState>
      <x>904.1666908294355</x>
      <y>-306.4197028470191</y>
      <steeringAngle>0.035533333333333326</steeringAngle>
      <velocity>4.799999999999999</velocity>
      <orientation>-1.3298254213308092</orientation>
      <time>1</time>
    </ksState>
    <ksState>
      <x>904.2932220726348</x>
      <y>-306.9240709296638</y>
      <steeringAngle>0.07106666666666667</steeringAngle>
      <velocity>5.599999999999998</velocity>
      <orientation>-1.3189748102696364</orientation>
      <time>2</time>
    </ksState>
    <ksState>
      <x>904.4483581189182</x>
      <y>-307.5036567667022</y>
      <steeringAngle>0.10659999999999999</steeringAngle>
      <velocity>6.3999999999999995</velocity>
      <orientation>-1.2981578612693085</orientation>
      <time>3</time>
    </ksState>
    <ksState>
      <x>904.6417381523036</x>
      <y>-308.15554780441107</y>
      <steeringAngle>0.14213333333333333</steeringAngle>
      <velocity>7.199999999999999</velocity>
      <orientation>-1.2650982902881434</orientation>
      <time>4</time>
    </ksState>
    <ksState>
      <x>904.886992820772</x>
      <y>-308.87481184929044</y>
      <steeringAngle>0.17766666666666664</steeringAngle>
      <velocity>7.9999999999999964</velocity>
      <orientation>-1.2174709682065967</orientation>
      <time>5</time>
    </ksState>
    <ksState>
      <x>905.1687065574882</x>
      <y>-309.5805756905153</y>
      <steeringAngle>0.17766666666666667</steeringAngle>
      <velocity>7.2</velocity>
      <orientation>-1.1645550407622194</orientation>
      <time>6</time>
    </ksState>
    <ksState>
      <x>905.4520991840283</x>
      <y>-310.1986389912122</y>
      <steeringAngle>0.17766666666666667</steeringAngle>
      <velocity>6.4</velocity>
      <orientation>-1.117209210969408</orientation>
      <time>7</time>
    </ksState>
    <ksState>
      <x>905.7262021291942</x>
      <y>-310.7323198120352</y>
      <steeringAngle>0.17766666666666667</steeringAngle>
      <velocity>5.599999999999999</velocity>
      <orientation>-1.0754334788142235</orientation>
      <time>8</time>
    </ksState>
    <ksState>
      <x>905.9816116450814</x>
      <y>-311.18523971773294</y>
      <steeringAngle>0.17766666666666667</steeringAngle>
      <velocity>4.799999999999999</velocity>
      <orientation>-1.039227844292709</orientation>
      <time>9</time>
    </ksState>
    <ksState>
      <x>906.210415976756</x>
      <y>-311.5610500903235</y>
      <steeringAngle>0.17766666666666667</steeringAngle>
      <velocity>4.0</velocity>
      <orientation>-1.008592307403379</orientation>
      <time>10</time>
    </ksState>
    <ksState>
      <x>906.4280059563405</x>
      <y>-311.8966782286615</y>
      <steeringAngle>0.1421333333333333</steeringAngle>
      <velocity>4.0</velocity>
      <orientation>-0.9835749010588556</orientation>
      <time>11</time>
    </ksState>
    <ksState>
      <x>906.6529949594737</x>
      <y>-312.2273970303516</y>
      <steeringAngle>0.10659999999999999</steeringAngle>
      <velocity>4.0</velocity>
      <orientation>-0.964182974768105</orientation>
      <time>12</time>
    </ksState>
    <ksState>
      <x>906.8834446005505</x>
      <y>-312.5543380169412</y>
      <steeringAngle>0.07106666666666664</steeringAngle>
      <velocity>4.0</velocity>
      <orientation>-0.950366735033152</orientation>
      <time>13</time>
    </ksState>
    <ksState>
      <x>907.1174919339768</x>
      <y>-312.8787157640172</y>
      <steeringAngle>0.03553333333333332</steeringAngle>
      <velocity>4.0</velocity>
      <orientation>-0.9420909745708868</orientation>
      <time>14</time>
    </ksState>
    <ksState>
      <x>907.353325190635</x>
      <y>-313.2017986677795</y>
      <steeringAngle>-2.2985086056692694e-17</steeringAngle>
      <velocity>4.0</velocity>
      <orientation>-0.9393347112760464</orientation>
      <time>15</time>
    </ksState>
    <ksState>
      <x>907.5891584373995</x>
      <y>-313.5248815618557</y>
      <steeringAngle>-0.035533333333333326</steeringAngle>
      <velocity>4.0</velocity>
      <orientation>-0.9420909858086468</orientation>
      <time>16</time>
    </ksState>
    <ksState>
      <x>907.8232057676997</x>
      <y>-313.8492593112274</y>
      <steeringAngle>-0.07106666666666711</steeringAngle>
      <velocity>4.0</velocity>
      <orientation>-0.9503667463519322</orientation>
      <time>17</time>
    </ksState>
    <ksState>
      <x>908.0536554051962</x>
      <y>-314.1762003001982</y>
      <steeringAngle>-0.10660000000000043</steeringAngle>
      <velocity>4.0</velocity>
      <orientation>-0.964182986171069</orientation>
      <time>18</time>
    </ksState>
    <ksState>
      <x>908.2786444043161</x>
      <y>-314.5069191041227</y>
      <steeringAngle>-0.14213333333333378</steeringAngle>
      <velocity>4.0</velocity>
      <orientation>-0.9835749125566149</orientation>
      <time>19</time>
    </ksState>
    <ksState>
      <x>908.4962343795739</x>
      <y>-314.84254724443105</y>
      <steeringAngle>-0.1776666666666672</steeringAngle>
      <velocity>4.0</velocity>
      <orientation>-1.0085923190080122</orientation>
      <time>20</time>
    </ksState>
    <ksState>
      <x>908.7050391603354</x>
      <y>-315.18371026996414</y>
      <steeringAngle>-0.1421333333333333</steeringAngle>
      <velocity>4.0</velocity>
      <orientation>-1.0336097253525354</orientation>
      <time>21</time>
    </ksState>
    <ksState>
      <x>908.9062214229965</x>
      <y>-315.52942789247254</y>
      <steeringAngle>-0.10659999999999999</steeringAngle>
      <velocity>4.0</velocity>
      <orientation>-1.053001651643286</orientation>
      <time>22</time>
    </ksState>
    <ksState>
      <x>909.101638635321</x>
      <y>-315.8784401543086</y>
      <steeringAngle>-0.07106666666666664</steeringAngle>
      <velocity>4.0</velocity>
      <orientation>-1.066817891378239</orientation>
      <time>23</time>
    </ksState>
    <ksState>
      <x>909.2931906125795</x>
      <y>-316.22959100094073</y>
      <steeringAngle>-0.03553333333333332</steeringAngle>
      <velocity>4.0</velocity>
      <orientation>-1.0750936518405043</orientation>
      <time>24</time>
    </ksState>
    <ksState>
      <x>909.4828036234661</x>
      <y>-316.5817937745697</y>
      <steeringAngle>2.2985086056692694e-17</steeringAngle>
      <velocity>4.0</velocity>
      <orientation>-1.0778499151353447</orientation>
      <time>25</time>
    </ksState>
    <ksState>
      <x>909.672416629887</x>
      <y>-316.9339965350929</y>
      <steeringAngle>0.035533333333333326</steeringAngle>
      <velocity>4.0</velocity>
      <orientation>-1.0750936406027443</orientation>
      <time>26</time>
    </ksState>
    <ksState>
      <x>909.8639686105657</x>
      <y>-317.2851473798963</y>
      <steeringAngle>0.07106666666666711</steeringAngle>
      <velocity>4.0</velocity>
      <orientation>-1.0668178800594588</orientation>
      <time>27</time>
    </ksState>
    <ksState>
      <x>910.0593858265838</x>
      <y>-317.63415963953094</y>
      <steeringAngle>0.10660000000000043</steeringAngle>
      <velocity>4.0</velocity>
      <orientation>-1.053001640240322</orientation>
      <time>28</time>
    </ksState>
    <ksState>
      <x>910.2605680929928</x>
      <y>-317.9798772593838</y>
      <steeringAngle>0.14213333333333378</steeringAngle>
      <velocity>4.0</velocity>
      <orientation>-1.0336097138547762</orientation>
      <time>29</time>
    </ksState>
    <ksState>
      <x>910.4693728773996</x>
      <y>-318.3210402818648</y>
      <steeringAngle>0.1776666666666672</steeringAngle>
      <velocity>4.0</velocity>
      <orientation>-1.008592307403379</orientation>
      <time>30</time>
    </ksState>
    <ksState>
      <x>910.6648265015416</x>
      <y>-318.62335194924924</y>
      <steeringAngle>0.1421333333333333</steeringAngle>
      <velocity>3.1999999999999993</velocity>
      <orientation>-0.9859823924299366</orientation>
      <time>31</time>
    </ksState>
    <ksState>
      <x>910.8210651213363</x>
      <y>-318.8557057050111</y>
      <steeringAngle>0.10659999999999997</steeringAngle>
      <velocity>2.3999999999999977</velocity>
      <orientation>-0.9723147515592292</orientation>
      <time>32</time>
    </ksState>
    <ksState>
      <x>910.9343581723538</x>
      <y>-319.02052232888457</y>
      <steeringAngle>0.07106666666666664</steeringAngle>
      <velocity>1.5999999999999976</velocity>
      <orientation>-0.9653140457060101</orientation>
      <time>33</time>
    </ksState>
  </ksTrajectory>
</CommonRoadSolution>
