<?xml version="1.0" ?>
<CommonRoadSolution benchmark_id="KS2:SM1:DEU_Backnang-4_1_T-1:2020a" computation_time="0.7122140549999472" date="2020-12-29">
  <ksTrajectory planningProblem="1">
    <ksState>
      <x>-260.53013</x>
      <y>-94.975411</y>
      <steeringAngle>0.0</steeringAngle>
      <velocity>8.0</velocity>
      <orientation>-2.6038324</orientation>
      <time>0</time>
    </ksState>
    <ksState>
      <x>-261.1821986343677</x>
      <y>-95.36580201079057</y>
      <steeringAngle>0.03553333333333333</steeringAngle>
      <velocity>7.199999999999999</velocity>
      <orientation>-2.598687387017508</orientation>
      <time>1</time>
    </ksState>
    <ksState>
      <x>-261.7622262758373</x>
      <y>-95.72071097144425</y>
      <steeringAngle>0.07106666666666664</steeringAngle>
      <velocity>6.400000000000001</velocity>
      <orientation>-2.5847107148965445</orientation>
      <time>2</time>
    </ksState>
    <ksState>
      <x>-262.2684867065341</x>
      <y>-96.04271655418358</y>
      <steeringAngle>0.10659999999999997</steeringAngle>
      <velocity>5.600000000000004</velocity>
      <orientation>-2.564078947030663</orientation>
      <time>3</time>
    </ksState>
    <ksState>
      <x>-262.7007188924358</x>
      <y>-96.3317859680811</y>
      <steeringAngle>0.1421333333333333</steeringAngle>
      <velocity>4.800000000000003</velocity>
      <orientation>-2.538962739522015</orientation>
      <time>4</time>
    </ksState>
    <ksState>
      <x>-263.0598784288009</x>
      <y>-96.58593612236311</y>
      <steeringAngle>0.17766666666666653</steeringAngle>
      <velocity>4.000000000000006</velocity>
      <orientation>-2.511537842936865</orientation>
      <time>5</time>
    </ksState>
    <ksState>
      <x>-263.41166043573645</x>
      <y>-96.85020359111999</y>
      <steeringAngle>0.14213333333333333</steeringAngle>
      <velocity>4.8000000000000025</velocity>
      <orientation>-2.4841129432185123</orientation>
      <time>6</time>
    </ksState>
    <ksState>
      <x>-263.81902913064465</x>
      <y>-97.17337001477827</y>
      <steeringAngle>0.10660000000000003</steeringAngle>
      <velocity>5.600000000000005</velocity>
      <orientation>-2.4589967309395946</orientation>
      <time>7</time>
    </ksState>
    <ksState>
      <x>-264.2803884969307</x>
      <y>-97.5569515018082</y>
      <steeringAngle>0.07106666666666671</steeringAngle>
      <velocity>6.400000000000004</velocity>
      <orientation>-2.438364961340135</orientation>
      <time>8</time>
    </ksState>
    <ksState>
      <x>-264.79562752110695</x>
      <y>-98.00070952901582</y>
      <steeringAngle>0.035533333333333375</steeringAngle>
      <velocity>7.200000000000006</velocity>
      <orientation>-2.424388293247343</orientation>
      <time>9</time>
    </ksState>
    <ksState>
      <x>-265.36667368226756</x>
      <y>-98.5022122011489</y>
      <steeringAngle>2.6346112791397758e-17</steeringAngle>
      <velocity>8.000000000000007</velocity>
      <orientation>-2.419243280467774</orientation>
      <time>10</time>
    </ksState>
    <ksState>
      <x>-265.9377198322394</x>
      <y>-99.00371488293098</y>
      <steeringAngle>-0.03553333333333333</steeringAngle>
      <velocity>7.199999999999999</velocity>
      <orientation>-2.4243882934502663</orientation>
      <time>11</time>
    </ksState>
    <ksState>
      <x>-266.4529588412712</x>
      <y>-99.44747292375165</y>
      <steeringAngle>-0.07106666666666664</steeringAngle>
      <velocity>6.400000000000001</velocity>
      <orientation>-2.4383649655712296</orientation>
      <time>12</time>
    </ksState>
    <ksState>
      <x>-266.91431819827994</x>
      <y>-99.83105441796772</y>
      <steeringAngle>-0.10659999999999997</steeringAngle>
      <velocity>5.600000000000004</velocity>
      <orientation>-2.458996733437111</orientation>
      <time>13</time>
    </ksState>
    <ksState>
      <x>-267.3216868808693</x>
      <y>-100.15422085345547</y>
      <steeringAngle>-0.1421333333333333</steeringAngle>
      <velocity>4.800000000000003</velocity>
      <orientation>-2.484112940945759</orientation>
      <time>14</time>
    </ksState>
    <ksState>
      <x>-267.67346887844</x>
      <y>-100.418488330964</y>
      <steeringAngle>-0.17766666666666653</steeringAngle>
      <velocity>4.000000000000006</velocity>
      <orientation>-2.511537837530909</orientation>
      <time>15</time>
    </ksState>
    <ksState>
      <x>-267.9996901885781</x>
      <y>-100.64994308522836</y>
      <steeringAngle>-0.1421333333333333</steeringAngle>
      <velocity>4.0</velocity>
      <orientation>-2.5365552438754326</orientation>
      <time>16</time>
    </ksState>
    <ksState>
      <x>-268.33097241290903</x>
      <y>-100.87410165670093</y>
      <steeringAngle>-0.10659999999999999</steeringAngle>
      <velocity>4.0</velocity>
      <orientation>-2.555947170166183</orientation>
      <time>17</time>
    </ksState>
    <ksState>
      <x>-268.6659325589171</x>
      <y>-101.09273181557849</y>
      <steeringAngle>-0.07106666666666664</steeringAngle>
      <velocity>4.0</velocity>
      <orientation>-2.569763409901136</orientation>
      <time>18</time>
    </ksState>
    <ksState>
      <x>-269.0032884270148</x>
      <y>-101.30765062662613</y>
      <steeringAngle>-0.03553333333333332</steeringAngle>
      <velocity>4.0</velocity>
      <orientation>-2.5780391703634016</orientation>
      <time>19</time>
    </ksState>
    <ksState>
      <x>-269.341825261157</x>
      <y>-101.52070625217597</y>
      <steeringAngle>2.2985086056692694e-17</steeringAngle>
      <velocity>4.0</velocity>
      <orientation>-2.580795433658242</orientation>
      <time>20</time>
    </ksState>
    <ksState>
      <x>-269.71418325544295</x>
      <y>-101.75511904069887</y>
      <steeringAngle>0.035533333333333326</steeringAngle>
      <velocity>4.799999999999999</velocity>
      <orientation>-2.577671654989051</orientation>
      <time>21</time>
    </ksState>
    <ksState>
      <x>-270.15232051278673</x>
      <y>-102.03517807380359</y>
      <steeringAngle>0.07106666666666667</steeringAngle>
      <velocity>5.599999999999998</velocity>
      <orientation>-2.5668210439278782</orientation>
      <time>22</time>
    </ksState>
    <ksState>
      <x>-270.6527088357273</x>
      <y>-102.36623465751197</y>
      <steeringAngle>0.10659999999999999</steeringAngle>
      <velocity>6.3999999999999995</velocity>
      <orientation>-2.54600409492755</orientation>
      <time>23</time>
    </ksState>
    <ksState>
      <x>-271.20952709533816</x>
      <y>-102.75650531759435</y>
      <steeringAngle>0.14213333333333333</steeringAngle>
      <velocity>7.199999999999999</velocity>
      <orientation>-2.512944523946385</orientation>
      <time>24</time>
    </ksState>
    <ksState>
      <x>-271.81377217861274</x>
      <y>-103.21735073419337</y>
      <steeringAngle>0.17766666666666664</steeringAngle>
      <velocity>7.9999999999999964</velocity>
      <orientation>-2.4653172018648384</orientation>
      <time>25</time>
    </ksState>
    <ksState>
      <x>-272.39364412319577</x>
      <y>-103.70848590593388</y>
      <steeringAngle>0.17766666666666667</steeringAngle>
      <velocity>7.2</velocity>
      <orientation>-2.412401274420461</orientation>
      <time>26</time>
    </ksState>
    <ksState>
      <x>-272.88981653507983</x>
      <y>-104.17338004671296</y>
      <steeringAngle>0.17766666666666667</steeringAngle>
      <velocity>6.4</velocity>
      <orientation>-2.3650554446276497</orientation>
      <time>27</time>
    </ksState>
    <ksState>
      <x>-273.3089169884021</x>
      <y>-104.60268466244413</y>
      <steeringAngle>0.17766666666666667</steeringAngle>
      <velocity>5.599999999999999</velocity>
      <orientation>-2.323279712472465</orientation>
      <time>28</time>
    </ksState>
    <ksState>
      <x>-273.6573642502712</x>
      <y>-104.98863150785024</y>
      <steeringAngle>0.17766666666666667</steeringAngle>
      <velocity>4.799999999999999</velocity>
      <orientation>-2.2870740779509506</orientation>
      <time>29</time>
    </ksState>
    <ksState>
      <x>-273.9411318564848</x>
      <y>-105.32487666246736</y>
      <steeringAngle>0.17766666666666667</steeringAngle>
      <velocity>4.0</velocity>
      <orientation>-2.2564385410616206</orientation>
      <time>30</time>
    </ksState>
    <ksState>
      <x>-274.16578476353465</x>
      <y>-105.60616927662758</y>
      <steeringAngle>0.1421333333333333</steeringAngle>
      <velocity>3.1999999999999993</velocity>
      <orientation>-2.233828626088178</orientation>
      <time>31</time>
    </ksState>
    <ksState>
      <x>-274.3365418432301</x>
      <y>-105.82807194417771</y>
      <steeringAngle>0.10659999999999997</steeringAngle>
      <velocity>2.3999999999999977</velocity>
      <orientation>-2.220160985217471</orientation>
      <time>32</time>
    </ksState>
    <ksState>
      <x>-274.45688268147563</x>
      <y>-105.98781523062273</y>
      <steeringAngle>0.07106666666666664</steeringAngle>
      <velocity>1.5999999999999976</velocity>
      <orientation>-2.213160279364252</orientation>
      <time>33</time>
    </ksState>
  </ksTrajectory>
</CommonRoadSolution>
