<?xml version="1.0" ?>
<CommonRoadSolution benchmark_id="KS2:SM1:ITA_CarpiCentro-2_4_T-1:2020a" computation_time="1.8502903580001657" date="2020-12-29">
  <ksTrajectory planningProblem="1">
    <ksState>
      <x>-120.81399</x>
      <y>121.14843</y>
      <steeringAngle>0.0</steeringAngle>
      <velocity>12.0</velocity>
      <orientation>-0.39602854</orientation>
      <time>0</time>
    </ksState>
    <ksState>
      <x>-119.74260856861807</x>
      <y>120.70375666683151</y>
      <steeringAngle>0.03553333333333333</steeringAngle>
      <velocity>11.200000000000001</velocity>
      <orientation>-0.3881272662276559</orientation>
      <time>1</time>
    </ksState>
    <ksState>
      <x>-118.73896983839391</x>
      <y>120.30493227854843</y>
      <steeringAngle>0.07106666666666667</steeringAngle>
      <velocity>10.400000000000007</velocity>
      <orientation>-0.365874835429166</orientation>
      <time>2</time>
    </ksState>
    <ksState>
      <x>-117.79957777141642</x>
      <y>119.96223195262415</y>
      <steeringAngle>0.10660000000000001</steeringAngle>
      <velocity>9.60000000000001</velocity>
      <orientation>-0.33142682454449424</orientation>
      <time>3</time>
    </ksState>
    <ksState>
      <x>-116.92357210213447</x>
      <y>119.68138630170313</y>
      <steeringAngle>0.14213333333333344</steeringAngle>
      <velocity>8.800000000000008</velocity>
      <orientation>-0.28691869242364937</orientation>
      <time>4</time>
    </ksState>
    <ksState>
      <x>-116.11226290107903</x>
      <y>119.46409461554998</y>
      <steeringAngle>0.17766666666666675</steeringAngle>
      <velocity>8.000000000000009</velocity>
      <orientation>-0.23447639460866793</orientation>
      <time>5</time>
    </ksState>
    <ksState>
      <x>-115.3687336881679</x>
      <y>119.3071566068242</y>
      <steeringAngle>0.17766666666666667</steeringAngle>
      <velocity>7.2</velocity>
      <orientation>-0.18156046716429056</orientation>
      <time>6</time>
    </ksState>
    <ksState>
      <x>-114.69725450528965</x>
      <y>119.20024855564586</y>
      <steeringAngle>0.17766666666666667</steeringAngle>
      <velocity>6.4</velocity>
      <orientation>-0.13421463737147937</orientation>
      <time>7</time>
    </ksState>
    <ksState>
      <x>-114.10114662491709</x>
      <y>119.13240286292539</y>
      <steeringAngle>0.17766666666666667</steeringAngle>
      <velocity>5.599999999999999</velocity>
      <orientation>-0.09243890521629461</orientation>
      <time>8</time>
    </ksState>
    <ksState>
      <x>-113.58261100878222</x>
      <y>119.0937858125119</y>
      <steeringAngle>0.17766666666666667</steeringAngle>
      <velocity>4.799999999999999</velocity>
      <orientation>-0.056233270694780124</orientation>
      <time>9</time>
    </ksState>
    <ksState>
      <x>-113.14299644638906</x>
      <y>119.07578873298344</y>
      <steeringAngle>0.17766666666666667</steeringAngle>
      <velocity>4.0</velocity>
      <orientation>-0.025597733805450107</orientation>
      <time>10</time>
    </ksState>
    <ksState>
      <x>-112.74290768730161</x>
      <y>119.07074245968728</y>
      <steeringAngle>0.1421333333333333</steeringAngle>
      <velocity>4.0</velocity>
      <orientation>-0.0005803274609267987</orientation>
      <time>11</time>
    </ksState>
    <ksState>
      <x>-112.3428013307306</x>
      <y>119.07457866860265</y>
      <steeringAngle>0.10659999999999999</steeringAngle>
      <velocity>4.0</velocity>
      <orientation>0.018811598829823778</orientation>
      <time>12</time>
    </ksState>
    <ksState>
      <x>-111.94281069784536</x>
      <y>119.08505610870783</y>
      <steeringAngle>0.07106666666666664</steeringAngle>
      <velocity>4.0</velocity>
      <orientation>0.0326278385647767</orientation>
      <time>13</time>
    </ksState>
    <ksState>
      <x>-111.54295812519449</x>
      <y>119.09995025715489</y>
      <steeringAngle>0.03553333333333332</steeringAngle>
      <velocity>4.0</velocity>
      <orientation>0.04090359902704206</orientation>
      <time>14</time>
    </ksState>
    <ksState>
      <x>-111.14319275893034</x>
      <y>119.11704933747238</y>
      <steeringAngle>-2.2985086056692694e-17</steeringAngle>
      <velocity>4.0</velocity>
      <orientation>0.04365986232188242</orientation>
      <time>15</time>
    </ksState>
    <ksState>
      <x>-110.74317703733406</x>
      <y>119.13414577971768</y>
      <steeringAngle>-0.035533333333333326</steeringAngle>
      <velocity>4.0</velocity>
      <orientation>0.04090358778928202</orientation>
      <time>16</time>
    </ksState>
    <ksState>
      <x>-110.34307411458856</x>
      <y>119.1490359083895</y>
      <steeringAngle>-0.07106666666666711</steeringAngle>
      <velocity>4.0</velocity>
      <orientation>0.032627827245996596</orientation>
      <time>17</time>
    </ksState>
    <ksState>
      <x>-109.94283319268122</x>
      <y>119.15950656384952</y>
      <steeringAngle>-0.10660000000000043</steeringAngle>
      <velocity>4.0</velocity>
      <orientation>0.01881158742685975</orientation>
      <time>18</time>
    </ksState>
    <ksState>
      <x>-109.5424766964191</x>
      <y>119.16333183411548</y>
      <steeringAngle>-0.14213333333333378</steeringAngle>
      <velocity>4.0</velocity>
      <orientation>-0.0005803389586860816</orientation>
      <time>19</time>
    </ksState>
    <ksState>
      <x>-109.14213810498643</x>
      <y>119.15826907229442</y>
      <steeringAngle>-0.1776666666666672</steeringAngle>
      <velocity>4.0</velocity>
      <orientation>-0.025597745410083403</orientation>
      <time>20</time>
    </ksState>
    <ksState>
      <x>-108.74231513697866</x>
      <y>119.14283941348965</y>
      <steeringAngle>-0.1421333333333333</steeringAngle>
      <velocity>4.0</velocity>
      <orientation>-0.05061515175460671</orientation>
      <time>21</time>
    </ksState>
    <ksState>
      <x>-108.34292903969452</x>
      <y>119.11853800491795</y>
      <steeringAngle>-0.10659999999999999</steeringAngle>
      <velocity>4.0</velocity>
      <orientation>-0.07000707804535729</orientation>
      <time>22</time>
    </ksState>
    <ksState>
      <x>-107.94399829291655</x>
      <y>119.08760998336292</y>
      <steeringAngle>-0.07106666666666664</steeringAngle>
      <velocity>4.0</velocity>
      <orientation>-0.08382331778031021</orientation>
      <time>23</time>
    </ksState>
    <ksState>
      <x>-107.5454313930014</x>
      <y>119.05227810115188</y>
      <steeringAngle>-0.03553333333333332</steeringAngle>
      <velocity>4.0</velocity>
      <orientation>-0.09209907824257557</orientation>
      <time>24</time>
    </ksState>
    <ksState>
      <x>-107.14706439389144</x>
      <y>119.0147486363649</y>
      <steeringAngle>2.2985086056692694e-17</steeringAngle>
      <velocity>4.0</velocity>
      <orientation>-0.09485534153741593</orientation>
      <time>25</time>
    </ksState>
    <ksState>
      <x>-106.74886255219883</x>
      <y>118.9768633717807</y>
      <steeringAngle>0.0</steeringAngle>
      <velocity>4.0</velocity>
      <orientation>-0.09485534153741593</orientation>
      <time>26</time>
    </ksState>
    <ksState>
      <x>-106.35066071050622</x>
      <y>118.93897810719649</y>
      <steeringAngle>0.0</steeringAngle>
      <velocity>4.0</velocity>
      <orientation>-0.09485534153741593</orientation>
      <time>27</time>
    </ksState>
    <ksState>
      <x>-105.95245886881362</x>
      <y>118.9010928426123</y>
      <steeringAngle>0.0</steeringAngle>
      <velocity>4.0</velocity>
      <orientation>-0.09485534153741593</orientation>
      <time>28</time>
    </ksState>
    <ksState>
      <x>-105.55425702712101</x>
      <y>118.8632075780281</y>
      <steeringAngle>0.0</steeringAngle>
      <velocity>4.0</velocity>
      <orientation>-0.09485534153741593</orientation>
      <time>29</time>
    </ksState>
    <ksState>
      <x>-105.1560551854284</x>
      <y>118.82532231344389</y>
      <steeringAngle>0.0</steeringAngle>
      <velocity>4.0</velocity>
      <orientation>-0.09485534153741593</orientation>
      <time>30</time>
    </ksState>
    <ksState>
      <x>-104.7976735289281</x>
      <y>118.79122557541544</y>
      <steeringAngle>0.0</steeringAngle>
      <velocity>3.2</velocity>
      <orientation>-0.09485534153741593</orientation>
      <time>31</time>
    </ksState>
    <ksState>
      <x>-104.51893224086776</x>
      <y>118.7647058903135</y>
      <steeringAngle>0.0</steeringAngle>
      <velocity>2.4000000000000004</velocity>
      <orientation>-0.09485534153741593</orientation>
      <time>32</time>
    </ksState>
    <ksState>
      <x>-104.31983132114594</x>
      <y>118.74576325812838</y>
      <steeringAngle>0.0</steeringAngle>
      <velocity>1.6</velocity>
      <orientation>-0.09485534153741593</orientation>
      <time>33</time>
    </ksState>
  </ksTrajectory>
</CommonRoadSolution>
