<?xml version="1.0" ?>
<CommonRoadSolution benchmark_id="KS2:SM1:DEU_Moelln-2_1_T-1:2020a" computation_time="0.8155381139999918" date="2020-12-29">
  <ksTrajectory planningProblem="1">
    <ksState>
      <x>152.11086</x>
      <y>-314.63178</y>
      <steeringAngle>0.0</steeringAngle>
      <velocity>8.0</velocity>
      <orientation>-2.5187441</orientation>
      <time>0</time>
    </ksState>
    <ksState>
      <x>151.49432807553862</x>
      <y>-315.07617512975753</y>
      <steeringAngle>0.03553333333333333</steeringAngle>
      <velocity>7.199999999999999</velocity>
      <orientation>-2.513599087017508</orientation>
      <time>1</time>
    </ksState>
    <ksState>
      <x>150.94656104662954</x>
      <y>-315.47909412566264</y>
      <steeringAngle>0.07106666666666664</steeringAngle>
      <velocity>6.400000000000001</velocity>
      <orientation>-2.4996224148965447</orientation>
      <time>2</time>
    </ksState>
    <ksState>
      <x>150.46949803616212</x>
      <y>-315.84295962697917</y>
      <steeringAngle>0.10659999999999997</steeringAngle>
      <velocity>5.600000000000004</velocity>
      <orientation>-2.4789906470306633</orientation>
      <time>3</time>
    </ksState>
    <ksState>
      <x>150.0633963470242</x>
      <y>-316.16771677726194</y>
      <steeringAngle>0.1421333333333333</steeringAngle>
      <velocity>4.800000000000003</velocity>
      <orientation>-2.453874439522015</orientation>
      <time>4</time>
    </ksState>
    <ksState>
      <x>149.72713530684902</x>
      <y>-316.4514708721115</y>
      <steeringAngle>0.17766666666666653</steeringAngle>
      <velocity>4.000000000000006</velocity>
      <orientation>-2.426449542936865</orientation>
      <time>5</time>
    </ksState>
    <ksState>
      <x>149.42908252485603</x>
      <y>-316.7182141160129</y>
      <steeringAngle>0.21319999999999995</steeringAngle>
      <velocity>4.0</velocity>
      <orientation>-2.395741760299365</orientation>
      <time>6</time>
    </ksState>
    <ksState>
      <x>149.14015962857815</x>
      <y>-316.99481095071553</y>
      <steeringAngle>0.24873333333333336</steeringAngle>
      <velocity>4.0</velocity>
      <orientation>-2.3592629191766705</orientation>
      <time>7</time>
    </ksState>
    <ksState>
      <x>148.86236261996243</x>
      <y>-317.2825693616897</y>
      <steeringAngle>0.2842666666666667</steeringAngle>
      <velocity>4.0</velocity>
      <orientation>-2.3169156853312227</orientation>
      <time>8</time>
    </ksState>
    <ksState>
      <x>148.5978961529866</x>
      <y>-317.58261324963513</y>
      <steeringAngle>0.31980000000000003</steeringAngle>
      <velocity>4.0</velocity>
      <orientation>-2.2685850039640876</orientation>
      <time>9</time>
    </ksState>
    <ksState>
      <x>148.34919387863303</x>
      <y>-317.8958346446075</y>
      <steeringAngle>0.35533333333333333</steeringAngle>
      <velocity>4.0</velocity>
      <orientation>-2.2141368027858093</orientation>
      <time>10</time>
    </ksState>
    <ksState>
      <x>148.11893288502645</x>
      <y>-318.22283727306694</y>
      <steeringAngle>0.39086666666666653</steeringAngle>
      <velocity>4.0</velocity>
      <orientation>-2.153416436479822</orientation>
      <time>11</time>
    </ksState>
    <ksState>
      <x>147.91004023083437</x>
      <y>-318.5638705717589</y>
      <steeringAngle>0.42639999999999995</steeringAngle>
      <velocity>4.0</velocity>
      <orientation>-2.0862468230234184</orientation>
      <time>12</time>
    </ksState>
    <ksState>
      <x>147.7256885255475</x>
      <y>-318.9187533749489</y>
      <steeringAngle>0.4619333333333333</steeringAngle>
      <velocity>4.0</velocity>
      <orientation>-2.0124262393910746</orientation>
      <time>13</time>
    </ksState>
    <ksState>
      <x>147.5692773883665</x>
      <y>-319.286786994624</y>
      <steeringAngle>0.49746666666666667</steeringAngle>
      <velocity>4.0</velocity>
      <orientation>-1.931725697577854</orientation>
      <time>14</time>
    </ksState>
    <ksState>
      <x>147.44439639572155</x>
      <y>-319.6666578855914</y>
      <steeringAngle>0.533</steeringAngle>
      <velocity>4.0</velocity>
      <orientation>-1.8438858309780455</orientation>
      <time>15</time>
    </ksState>
    <ksState>
      <x>147.35476439725505</x>
      <y>-320.0563309811132</y>
      <steeringAngle>0.5685333333333333</steeringAngle>
      <velocity>4.0</velocity>
      <orientation>-1.7486131913288157</orientation>
      <time>16</time>
    </ksState>
    <ksState>
      <x>147.30413898563262</x>
      <y>-320.45293603699577</y>
      <steeringAngle>0.6040666666666665</steeringAngle>
      <velocity>4.0</velocity>
      <orientation>-1.645575838110353</orientation>
      <time>17</time>
    </ksState>
    <ksState>
      <x>147.2961891696296</x>
      <y>-320.8526510286881</y>
      <steeringAngle>0.6396</steeringAngle>
      <velocity>4.0</velocity>
      <orientation>-1.5343980553348624</orientation>
      <time>18</time>
    </ksState>
    <ksState>
      <x>147.33432308454</x>
      <y>-321.25058912657533</y>
      <steeringAngle>0.6751333333333333</steeringAngle>
      <velocity>4.0</velocity>
      <orientation>-1.4146540064549318</orientation>
      <time>19</time>
    </ksState>
    <ksState>
      <x>147.42146218210948</x>
      <y>-321.6406990435484</y>
      <steeringAngle>0.7106666666666664</steeringAngle>
      <velocity>4.0</velocity>
      <orientation>-1.2858600687706212</orientation>
      <time>20</time>
    </ksState>
    <ksState>
      <x>147.5597532210163</x>
      <y>-322.015692910667</y>
      <steeringAngle>0.7461999999999996</steeringAngle>
      <velocity>4.0</velocity>
      <orientation>-1.1474655154194044</orientation>
      <time>21</time>
    </ksState>
    <ksState>
      <x>147.7502102712298</x>
      <y>-322.3670215847339</y>
      <steeringAngle>0.7817333333333332</steeringAngle>
      <velocity>4.0</velocity>
      <orientation>-0.9988411132542308</orientation>
      <time>22</time>
    </ksState>
    <ksState>
      <x>147.9922816534698</x>
      <y>-322.6849244714792</y>
      <steeringAngle>0.8172666666666665</steeringAngle>
      <velocity>4.0</velocity>
      <orientation>-0.8392650600533855</orientation>
      <time>23</time>
    </ksState>
    <ksState>
      <x>148.28334195174244</x>
      <y>-322.95858998308194</y>
      <steeringAngle>0.8527999999999999</steeringAngle>
      <velocity>4.0</velocity>
      <orientation>-0.6679054966338747</orientation>
      <time>24</time>
    </ksState>
    <ksState>
      <x>148.61811884678153</x>
      <y>-323.1764731240384</y>
      <steeringAngle>0.888333333333333</steeringAngle>
      <velocity>4.0</velocity>
      <orientation>-0.4837985480362388</orientation>
      <time>25</time>
    </ksState>
    <ksState>
      <x>148.98746330066055</x>
      <y>-323.3285695048973</y>
      <steeringAngle>0.8527999999999999</steeringAngle>
      <velocity>4.0</velocity>
      <orientation>-0.29969159979057985</orientation>
      <time>26</time>
    </ksState>
    <ksState>
      <x>149.37794638187032</x>
      <y>-323.4130199571681</y>
      <steeringAngle>0.8172666666666666</steeringAngle>
      <velocity>4.0</velocity>
      <orientation>-0.12833203718588249</orientation>
      <time>27</time>
    </ksState>
    <ksState>
      <x>149.77706961327334</x>
      <y>-323.4320318341126</y>
      <steeringAngle>0.7817333333333335</steeringAngle>
      <velocity>4.0</velocity>
      <orientation>0.03124401526504328</orientation>
      <time>28</time>
    </ksState>
    <ksState>
      <x>150.17444003782091</x>
      <y>-323.38957623654306</y>
      <steeringAngle>0.7461999999999999</steeringAngle>
      <velocity>4.0</velocity>
      <orientation>0.17986841662831254</orientation>
      <time>29</time>
    </ksState>
    <ksState>
      <x>150.56170660836557</x>
      <y>-323.29073582828084</y>
      <steeringAngle>0.7106666666666667</steeringAngle>
      <velocity>4.0</velocity>
      <orientation>0.3182629687754257</orientation>
      <time>30</time>
    </ksState>
    <ksState>
      <x>150.89623766332974</x>
      <y>-323.1582840506151</y>
      <steeringAngle>0.6751333333333334</steeringAngle>
      <velocity>3.1999999999999984</velocity>
      <orientation>0.43433271131863993</orientation>
      <time>31</time>
    </ksState>
    <ksState>
      <x>151.14493200598338</x>
      <y>-323.0298121035799</y>
      <steeringAngle>0.6395999999999997</steeringAngle>
      <velocity>2.3999999999999986</velocity>
      <orientation>0.518300155639259</orientation>
      <time>32</time>
    </ksState>
    <ksState>
      <x>151.3157786324935</x>
      <y>-322.9258839262781</y>
      <steeringAngle>0.6040666666666666</steeringAngle>
      <velocity>1.5999999999999988</velocity>
      <orientation>0.5740281039167273</orientation>
      <time>33</time>
    </ksState>
  </ksTrajectory>
</CommonRoadSolution>
