<?xml version="1.0" ?>
<CommonRoadSolution benchmark_id="KS2:SM1:DEU_Guetersloh-25_4_T-1:2020a" computation_time="0.8738389610000468" date="2020-12-29">
  <ksTrajectory planningProblem="1">
    <ksState>
      <x>158.25424</x>
      <y>-305.94398</y>
      <steeringAngle>0.0</steeringAngle>
      <velocity>4.0</velocity>
      <orientation>-1.7268101</orientation>
      <time>0</time>
    </ksState>
    <ksState>
      <x>158.1863317258977</x>
      <y>-306.37870784318494</y>
      <steeringAngle>0.035533333333333326</steeringAngle>
      <velocity>4.799999999999999</velocity>
      <orientation>-1.7236863213308091</orientation>
      <time>1</time>
    </ksState>
    <ksState>
      <x>158.10962045860668</x>
      <y>-306.89301582461906</y>
      <steeringAngle>0.07106666666666667</steeringAngle>
      <velocity>5.599999999999998</velocity>
      <orientation>-1.7128357102696363</orientation>
      <time>2</time>
    </ksState>
    <ksState>
      <x>158.03045854141615</x>
      <y>-307.48775974112317</y>
      <steeringAngle>0.10659999999999999</steeringAngle>
      <velocity>6.3999999999999995</velocity>
      <orientation>-1.6920187612693085</orientation>
      <time>3</time>
    </ksState>
    <ksState>
      <x>157.9588648390565</x>
      <y>-308.1639491407293</y>
      <steeringAngle>0.14213333333333333</steeringAngle>
      <velocity>7.199999999999999</velocity>
      <orientation>-1.6589591902881433</orientation>
      <time>4</time>
    </ksState>
    <ksState>
      <x>157.90931912099236</x>
      <y>-308.92226031728103</y>
      <steeringAngle>0.17766666666666664</steeringAngle>
      <velocity>7.9999999999999964</velocity>
      <orientation>-1.6113318682065967</orientation>
      <time>5</time>
    </ksState>
    <ksState>
      <x>157.89917266332475</x>
      <y>-309.72209253166164</y>
      <steeringAngle>0.17766666666666667</steeringAngle>
      <velocity>8.0</velocity>
      <orientation>-1.5556308918960848</orientation>
      <time>6</time>
    </ksState>
    <ksState>
      <x>157.93357034211283</x>
      <y>-310.52124920032645</y>
      <steeringAngle>0.17766666666666667</steeringAngle>
      <velocity>8.0</velocity>
      <orientation>-1.4999299155855732</orientation>
      <time>7</time>
    </ksState>
    <ksState>
      <x>158.0124054637048</x>
      <y>-311.31725146701905</y>
      <steeringAngle>0.17766666666666667</steeringAngle>
      <velocity>8.0</velocity>
      <orientation>-1.4442289392750616</orientation>
      <time>8</time>
    </ksState>
    <ksState>
      <x>158.13543349759556</x>
      <y>-312.10763029467927</y>
      <steeringAngle>0.17766666666666667</steeringAngle>
      <velocity>8.0</velocity>
      <orientation>-1.3885279629645497</orientation>
      <time>9</time>
    </ksState>
    <ksState>
      <x>158.3022728364829</x>
      <y>-312.88993408949887</y>
      <steeringAngle>0.17766666666666667</steeringAngle>
      <velocity>8.0</velocity>
      <orientation>-1.3328269866540379</orientation>
      <time>10</time>
    </ksState>
    <ksState>
      <x>158.49960154292012</x>
      <y>-313.6237951342602</y>
      <steeringAngle>0.1421333333333334</steeringAngle>
      <velocity>7.2</velocity>
      <orientation>-1.285199664908401</orientation>
      <time>11</time>
    </ksState>
    <ksState>
      <x>158.70244142082507</x>
      <y>-314.27280496049644</y>
      <steeringAngle>0.10660000000000011</steeringAngle>
      <velocity>6.4</velocity>
      <orientation>-1.252140094460433</orientation>
      <time>12</time>
    </ksState>
    <ksState>
      <x>158.89672665619042</x>
      <y>-314.84046699246323</y>
      <steeringAngle>0.07106666666666674</steeringAngle>
      <velocity>5.600000000000001</velocity>
      <orientation>-1.2313231461665446</orientation>
      <time>13</time>
    </ksState>
    <ksState>
      <x>159.07283105135696</x>
      <y>-315.3297364054124</y>
      <steeringAngle>0.03553333333333339</steeringAngle>
      <velocity>4.800000000000001</velocity>
      <orientation>-1.2204725365088815</orientation>
      <time>14</time>
    </ksState>
    <ksState>
      <x>159.22469354695303</x>
      <y>-315.7426984039186</y>
      <steeringAngle>5.5294310796760726e-17</steeringAngle>
      <velocity>4.0</velocity>
      <orientation>-1.2173487606717162</orientation>
      <time>15</time>
    </ksState>
    <ksState>
      <x>159.37699264493705</x>
      <y>-316.15549979158294</y>
      <steeringAngle>0.0</steeringAngle>
      <velocity>4.8</velocity>
      <orientation>-1.2173487606717162</orientation>
      <time>16</time>
    </ksState>
    <ksState>
      <x>159.55698248796003</x>
      <y>-316.6433559768716</y>
      <steeringAngle>0.0</steeringAngle>
      <velocity>5.6</velocity>
      <orientation>-1.2173487606717162</orientation>
      <time>17</time>
    </ksState>
    <ksState>
      <x>159.7646630760165</x>
      <y>-317.2062669597695</y>
      <steeringAngle>0.0</steeringAngle>
      <velocity>6.4</velocity>
      <orientation>-1.2173487606717162</orientation>
      <time>18</time>
    </ksState>
    <ksState>
      <x>160.0000344091031</x>
      <y>-317.84423274026784</y>
      <steeringAngle>0.0</steeringAngle>
      <velocity>7.199999999999999</velocity>
      <orientation>-1.2173487606717162</orientation>
      <time>19</time>
    </ksState>
    <ksState>
      <x>160.26309648721792</x>
      <y>-318.55725331836123</y>
      <steeringAngle>0.0</steeringAngle>
      <velocity>7.999999999999998</velocity>
      <orientation>-1.2173487606717162</orientation>
      <time>20</time>
    </ksState>
    <ksState>
      <x>160.5400039374512</x>
      <y>-319.3078012941798</y>
      <steeringAngle>0.0</steeringAngle>
      <velocity>8.0</velocity>
      <orientation>-1.2173487606717162</orientation>
      <time>21</time>
    </ksState>
    <ksState>
      <x>160.81691138768446</x>
      <y>-320.0583492699983</y>
      <steeringAngle>0.0</steeringAngle>
      <velocity>8.0</velocity>
      <orientation>-1.2173487606717162</orientation>
      <time>22</time>
    </ksState>
    <ksState>
      <x>161.09381883791775</x>
      <y>-320.80889724581687</y>
      <steeringAngle>0.0</steeringAngle>
      <velocity>8.0</velocity>
      <orientation>-1.2173487606717162</orientation>
      <time>23</time>
    </ksState>
    <ksState>
      <x>161.37072628815102</x>
      <y>-321.5594452216354</y>
      <steeringAngle>0.0</steeringAngle>
      <velocity>8.0</velocity>
      <orientation>-1.2173487606717162</orientation>
      <time>24</time>
    </ksState>
    <ksState>
      <x>161.6476337383843</x>
      <y>-322.30999319745393</y>
      <steeringAngle>0.0</steeringAngle>
      <velocity>8.0</velocity>
      <orientation>-1.2173487606717162</orientation>
      <time>25</time>
    </ksState>
    <ksState>
      <x>161.92591936918143</x>
      <y>-323.0600300661804</y>
      <steeringAngle>0.03553333333333333</steeringAngle>
      <velocity>8.0</velocity>
      <orientation>-1.2118362256688773</orientation>
      <time>26</time>
    </ksState>
    <ksState>
      <x>162.21245769214713</x>
      <y>-323.8069444318989</y>
      <steeringAngle>0.07106666666666667</steeringAngle>
      <velocity>8.0</velocity>
      <orientation>-1.1952847047886077</orientation>
      <time>27</time>
    </ksState>
    <ksState>
      <x>162.51541593835503</x>
      <y>-324.5473331614388</y>
      <steeringAngle>0.10659999999999997</steeringAngle>
      <velocity>8.0</velocity>
      <orientation>-1.167652225497913</orientation>
      <time>28</time>
    </ksState>
    <ksState>
      <x>162.84277431318847</x>
      <y>-325.2772346392259</y>
      <steeringAngle>0.1421333333333333</steeringAngle>
      <velocity>8.0</velocity>
      <orientation>-1.1288683732251779</orientation>
      <time>29</time>
    </ksState>
    <ksState>
      <x>163.2021919247683</x>
      <y>-325.99185717252556</y>
      <steeringAngle>0.17766666666666667</steeringAngle>
      <velocity>8.0</velocity>
      <orientation>-1.0788335609760233</orientation>
      <time>30</time>
    </ksState>
    <ksState>
      <x>163.57873481314985</x>
      <y>-326.6519182926079</y>
      <steeringAngle>0.17766666666666667</steeringAngle>
      <velocity>7.2</velocity>
      <orientation>-1.025917633531646</orientation>
      <time>31</time>
    </ksState>
    <ksState>
      <x>163.94482081844805</x>
      <y>-327.2248883277497</y>
      <steeringAngle>0.17766666666666667</steeringAngle>
      <velocity>6.4</velocity>
      <orientation>-0.9785718037388348</orientation>
      <time>32</time>
    </ksState>
    <ksState>
      <x>164.29004514568112</x>
      <y>-327.715569290239</y>
      <steeringAngle>0.17766666666666667</steeringAngle>
      <velocity>5.599999999999999</velocity>
      <orientation>-0.9367960715836501</orientation>
      <time>33</time>
    </ksState>
  </ksTrajectory>
</CommonRoadSolution>
