<?xml version="1.0" ?>
<CommonRoadSolution benchmark_id="KS2:SM1:ITA_CarpiCentro-6_2_T-1:2020a" computation_time="1.8128682520000439" date="2020-12-29">
  <ksTrajectory planningProblem="1">
    <ksState>
      <x>-405.34569</x>
      <y>-363.62107</y>
      <steeringAngle>0.0</steeringAngle>
      <velocity>0.0</velocity>
      <orientation>-2.0665344</orientation>
      <time>0</time>
    </ksState>
    <ksState>
      <x>-405.3647120603829</x>
      <y>-363.65625751563346</y>
      <steeringAngle>0.03553333333333333</steeringAngle>
      <velocity>0.8</velocity>
      <orientation>-2.066166868221758</orientation>
      <time>1</time>
    </ksState>
    <ksState>
      <x>-405.42163326718514</x>
      <y>-363.76189826672174</y>
      <steeringAngle>0.0710666666666667</steeringAngle>
      <velocity>1.6</velocity>
      <orientation>-2.0635920216297725</orientation>
      <time>2</time>
    </ksState>
    <ksState>
      <x>-405.5156744104273</x>
      <y>-363.93840916960335</y>
      <steeringAngle>0.10660000000000003</steeringAngle>
      <velocity>2.4000000000000004</velocity>
      <orientation>-2.056591317392935</orientation>
      <time>3</time>
    </ksState>
    <ksState>
      <x>-405.6447943110234</x>
      <y>-364.18685800912266</y>
      <steeringAngle>0.14213333333333342</steeringAngle>
      <velocity>3.2000000000000015</velocity>
      <orientation>-2.0429236764521153</orientation>
      <time>4</time>
    </ksState>
    <ksState>
      <x>-405.80501386421844</x>
      <y>-364.50923071141756</y>
      <steeringAngle>0.17766666666666683</steeringAngle>
      <velocity>4.0000000000000036</velocity>
      <orientation>-2.020313760578895</orientation>
      <time>5</time>
    </ksState>
    <ksState>
      <x>-405.97344110171997</x>
      <y>-364.87202498464745</y>
      <steeringAngle>0.21319999999999995</steeringAngle>
      <velocity>4.0</velocity>
      <orientation>-1.9896059779413946</orientation>
      <time>6</time>
    </ksState>
    <ksState>
      <x>-406.1295883472963</x>
      <y>-365.2402644266686</y>
      <steeringAngle>0.24873333333333336</steeringAngle>
      <velocity>4.0</velocity>
      <orientation>-1.9531271368187004</orientation>
      <time>7</time>
    </ksState>
    <ksState>
      <x>-406.2711052293188</x>
      <y>-365.6143620786057</y>
      <steeringAngle>0.2842666666666667</steeringAngle>
      <velocity>4.0</velocity>
      <orientation>-1.9107799029732524</orientation>
      <time>8</time>
    </ksState>
    <ksState>
      <x>-406.3955224220493</x>
      <y>-365.99447944074683</y>
      <steeringAngle>0.31980000000000003</steeringAngle>
      <velocity>4.0</velocity>
      <orientation>-1.8624492216061173</orientation>
      <time>9</time>
    </ksState>
    <ksState>
      <x>-406.5002518340446</x>
      <y>-366.3804745363118</y>
      <steeringAngle>0.35533333333333333</steeringAngle>
      <velocity>4.0</velocity>
      <orientation>-1.808001020427839</orientation>
      <time>10</time>
    </ksState>
    <ksState>
      <x>-406.5834160665331</x>
      <y>-366.77168315855454</y>
      <steeringAngle>0.31979999999999986</steeringAngle>
      <velocity>4.0</velocity>
      <orientation>-1.7535528212344593</orientation>
      <time>11</time>
    </ksState>
    <ksState>
      <x>-406.6463817559133</x>
      <y>-367.1666568025318</y>
      <steeringAngle>0.28426666666666656</steeringAngle>
      <velocity>4.0</velocity>
      <orientation>-1.705222141753202</orientation>
      <time>12</time>
    </ksState>
    <ksState>
      <x>-406.6913863433323</x>
      <y>-367.56408688101817</y>
      <steeringAngle>0.2487333333333332</steeringAngle>
      <velocity>4.0</velocity>
      <orientation>-1.662874908030327</orientation>
      <time>13</time>
    </ksState>
    <ksState>
      <x>-406.72070019912223</x>
      <y>-367.9629890560968</y>
      <steeringAngle>0.21319999999999986</steeringAngle>
      <velocity>4.0</velocity>
      <orientation>-1.6263960669566992</orientation>
      <time>14</time>
    </ksState>
    <ksState>
      <x>-406.73660280892614</x>
      <y>-368.36265707316306</y>
      <steeringAngle>0.1776666666666665</steeringAngle>
      <velocity>4.0</velocity>
      <orientation>-1.5956882843078715</orientation>
      <time>15</time>
    </ksState>
    <ksState>
      <x>-406.7412938815899</x>
      <y>-368.80261828654903</y>
      <steeringAngle>0.14213333333333333</steeringAngle>
      <velocity>4.8000000000000025</velocity>
      <orientation>-1.568263384589519</orientation>
      <time>16</time>
    </ksState>
    <ksState>
      <x>-406.73313214839396</x>
      <y>-369.3225405663972</y>
      <steeringAngle>0.10660000000000003</steeringAngle>
      <velocity>5.600000000000005</velocity>
      <orientation>-1.5431471723106012</orientation>
      <time>17</time>
    </ksState>
    <ksState>
      <x>-406.70994305261314</x>
      <y>-369.9220816307863</y>
      <steeringAngle>0.07106666666666671</steeringAngle>
      <velocity>6.400000000000004</velocity>
      <orientation>-1.5225154027111416</orientation>
      <time>18</time>
    </ksState>
    <ksState>
      <x>-406.67184814210094</x>
      <y>-370.6010081485615</y>
      <steeringAngle>0.035533333333333375</steeringAngle>
      <velocity>7.200000000000006</velocity>
      <orientation>-1.5085387346183494</orientation>
      <time>19</time>
    </ksState>
    <ksState>
      <x>-406.6219501655396</x>
      <y>-371.35936745671825</y>
      <steeringAngle>2.6346112791397758e-17</steeringAngle>
      <velocity>8.000000000000007</velocity>
      <orientation>-1.503393721838781</orientation>
      <time>20</time>
    </ksState>
    <ksState>
      <x>-406.5707629645654</x>
      <y>-372.1176417272507</y>
      <steeringAngle>0.0</steeringAngle>
      <velocity>7.200000000000001</velocity>
      <orientation>-1.503393721838781</orientation>
      <time>21</time>
    </ksState>
    <ksState>
      <x>-406.52496389003454</x>
      <y>-372.79609765314666</y>
      <steeringAngle>0.0</steeringAngle>
      <velocity>6.400000000000001</velocity>
      <orientation>-1.503393721838781</orientation>
      <time>22</time>
    </ksState>
    <ksState>
      <x>-406.4845529419335</x>
      <y>-373.3947352346057</y>
      <steeringAngle>0.0</steeringAngle>
      <velocity>5.600000000000001</velocity>
      <orientation>-1.503393721838781</orientation>
      <time>23</time>
    </ksState>
    <ksState>
      <x>-406.44953012025843</x>
      <y>-373.9135544716843</y>
      <steeringAngle>0.0</steeringAngle>
      <velocity>4.800000000000001</velocity>
      <orientation>-1.503393721838781</orientation>
      <time>24</time>
    </ksState>
    <ksState>
      <x>-406.419895425008</x>
      <y>-374.35255536440314</y>
      <steeringAngle>0.0</steeringAngle>
      <velocity>4.000000000000001</velocity>
      <orientation>-1.503393721838781</orientation>
      <time>25</time>
    </ksState>
    <ksState>
      <x>-406.3929547928906</x>
      <y>-374.7516470861177</y>
      <steeringAngle>0.0</steeringAngle>
      <velocity>4.0</velocity>
      <orientation>-1.503393721838781</orientation>
      <time>26</time>
    </ksState>
    <ksState>
      <x>-406.3660141607731</x>
      <y>-375.15073880783234</y>
      <steeringAngle>0.0</steeringAngle>
      <velocity>4.0</velocity>
      <orientation>-1.503393721838781</orientation>
      <time>27</time>
    </ksState>
    <ksState>
      <x>-406.33907352865566</x>
      <y>-375.5498305295469</y>
      <steeringAngle>0.0</steeringAngle>
      <velocity>4.0</velocity>
      <orientation>-1.503393721838781</orientation>
      <time>28</time>
    </ksState>
    <ksState>
      <x>-406.31213289653823</x>
      <y>-375.9489222512615</y>
      <steeringAngle>0.0</steeringAngle>
      <velocity>4.0</velocity>
      <orientation>-1.503393721838781</orientation>
      <time>29</time>
    </ksState>
    <ksState>
      <x>-406.28519226442074</x>
      <y>-376.34801397297605</y>
      <steeringAngle>0.0</steeringAngle>
      <velocity>4.0</velocity>
      <orientation>-1.503393721838781</orientation>
      <time>30</time>
    </ksState>
    <ksState>
      <x>-406.26094569558427</x>
      <y>-376.7071965214938</y>
      <steeringAngle>0.0</steeringAngle>
      <velocity>3.2</velocity>
      <orientation>-1.503393721838781</orientation>
      <time>31</time>
    </ksState>
    <ksState>
      <x>-406.2420872531781</x>
      <y>-376.9865607255671</y>
      <steeringAngle>0.0</steeringAngle>
      <velocity>2.4000000000000004</velocity>
      <orientation>-1.503393721838781</orientation>
      <time>32</time>
    </ksState>
    <ksState>
      <x>-406.22861693719545</x>
      <y>-377.18610658529735</y>
      <steeringAngle>0.0</steeringAngle>
      <velocity>1.6</velocity>
      <orientation>-1.503393721838781</orientation>
      <time>33</time>
    </ksState>
  </ksTrajectory>
</CommonRoadSolution>
