<?xml version="1.0" ?>
<CommonRoadSolution benchmark_id="KS2:SM1:ESP_SantBoideLlobregat-19_1_T-1:2020a" computation_time="0.8016115739997076" date="2020-12-29">
  <ksTrajectory planningProblem="1">
    <ksState>
      <x>-285.40866</x>
      <y>-406.31533</y>
      <steeringAngle>0.0</steeringAngle>
      <velocity>4.0</velocity>
      <orientation>0.838905</orientation>
      <time>0</time>
    </ksState>
    <ksState>
      <x>-285.11427196631905</x>
      <y>-405.9883200353854</y>
      <steeringAngle>-0.035533333333333326</steeringAngle>
      <velocity>4.799999999999999</velocity>
      <orientation>0.8357812213308092</orientation>
      <time>1</time>
    </ksState>
    <ksState>
      <x>-284.76370454986545</x>
      <y>-405.6042630020984</y>
      <steeringAngle>-0.07106666666666667</steeringAngle>
      <velocity>5.599999999999998</velocity>
      <orientation>0.8249306102696364</orientation>
      <time>2</time>
    </ksState>
    <ksState>
      <x>-284.3522852915987</x>
      <y>-405.16754669912905</y>
      <steeringAngle>-0.10659999999999999</steeringAngle>
      <velocity>6.3999999999999995</velocity>
      <orientation>0.8041136612693084</orientation>
      <time>3</time>
    </ksState>
    <ksState>
      <x>-283.87290874344035</x>
      <y>-404.6853062119932</y>
      <steeringAngle>-0.14213333333333333</steeringAngle>
      <velocity>7.199999999999999</velocity>
      <orientation>0.7710540902881433</orientation>
      <time>4</time>
    </ksState>
    <ksState>
      <x>-283.31591297696997</x>
      <y>-404.1683474759263</y>
      <steeringAngle>-0.17766666666666664</steeringAngle>
      <velocity>7.9999999999999964</velocity>
      <orientation>0.7234267682065967</orientation>
      <time>5</time>
    </ksState>
    <ksState>
      <x>-282.7332194986421</x>
      <y>-403.68056315950224</y>
      <steeringAngle>-0.17766666666666667</steeringAngle>
      <velocity>7.2</velocity>
      <orientation>0.6705108407622193</orientation>
      <time>6</time>
    </ksState>
    <ksState>
      <x>-282.1906346391152</x>
      <y>-403.27078847182895</y>
      <steeringAngle>-0.17766666666666667</steeringAngle>
      <velocity>6.4</velocity>
      <orientation>0.6231650109694081</orientation>
      <time>7</time>
    </ksState>
    <ksState>
      <x>-281.6962419811664</x>
      <y>-402.9309009274421</y>
      <steeringAngle>-0.17766666666666667</steeringAngle>
      <velocity>5.599999999999999</velocity>
      <orientation>0.5813892788142234</orientation>
      <time>8</time>
    </ksState>
    <ksState>
      <x>-281.2566034834664</x>
      <y>-402.6532528532131</y>
      <steeringAngle>-0.17766666666666667</steeringAngle>
      <velocity>4.799999999999999</velocity>
      <orientation>0.5451836442927089</orientation>
      <time>9</time>
    </ksState>
    <ksState>
      <x>-280.8769533816772</x>
      <y>-402.43087781290706</y>
      <steeringAngle>-0.17766666666666667</steeringAngle>
      <velocity>4.0</velocity>
      <orientation>0.5145481074033789</orientation>
      <time>10</time>
    </ksState>
    <ksState>
      <x>-280.49089628980624</x>
      <y>-402.21981432183645</y>
      <steeringAngle>-0.14213333333333333</steeringAngle>
      <velocity>4.8000000000000025</velocity>
      <orientation>0.4871232076850264</orientation>
      <time>11</time>
    </ksState>
    <ksState>
      <x>-280.0282290226768</x>
      <y>-401.9824858766423</y>
      <steeringAngle>-0.10660000000000003</steeringAngle>
      <velocity>5.600000000000005</velocity>
      <orientation>0.46200699540610857</orientation>
      <time>12</time>
    </ksState>
    <ksState>
      <x>-279.4882308993565</x>
      <y>-401.72097249483846</y>
      <steeringAngle>-0.07106666666666671</steeringAngle>
      <velocity>6.400000000000004</velocity>
      <orientation>0.44137522580664906</orientation>
      <time>13</time>
    </ksState>
    <ksState>
      <x>-278.8711650000234</x>
      <y>-401.4352766519819</y>
      <steeringAngle>-0.035533333333333375</steeringAngle>
      <velocity>7.200000000000006</velocity>
      <orientation>0.42739855771385676</orientation>
      <time>14</time>
    </ksState>
    <ksState>
      <x>-278.17844884245756</x>
      <y>-401.1226379253659</y>
      <steeringAngle>-2.6346112791397758e-17</steeringAngle>
      <velocity>8.000000000000007</velocity>
      <orientation>0.42225354493428835</orientation>
      <time>15</time>
    </ksState>
    <ksState>
      <x>-277.48573268073136</x>
      <y>-400.8099992129268</y>
      <steeringAngle>0.03553333333333333</steeringAngle>
      <velocity>7.199999999999999</velocity>
      <orientation>0.42739855791678066</orientation>
      <time>16</time>
    </ksState>
    <ksState>
      <x>-276.86866677526376</x>
      <y>-400.5243033894877</y>
      <steeringAngle>0.07106666666666664</steeringAngle>
      <velocity>6.400000000000001</velocity>
      <orientation>0.44137523003774376</orientation>
      <time>17</time>
    </ksState>
    <ksState>
      <x>-276.32866864923545</x>
      <y>-400.26279001910206</y>
      <steeringAngle>0.10659999999999997</steeringAngle>
      <velocity>5.600000000000004</velocity>
      <orientation>0.46200699790362515</orientation>
      <time>18</time>
    </ksState>
    <ksState>
      <x>-275.86600137642745</x>
      <y>-400.02546159001514</y>
      <steeringAngle>0.1421333333333333</steeringAngle>
      <velocity>4.800000000000003</velocity>
      <orientation>0.4871232054122734</orientation>
      <time>19</time>
    </ksState>
    <ksState>
      <x>-275.47994428045916</x>
      <y>-399.81439811108964</y>
      <steeringAngle>0.17766666666666653</steeringAngle>
      <velocity>4.000000000000006</velocity>
      <orientation>0.5145481019974232</orientation>
      <time>20</time>
    </ksState>
    <ksState>
      <x>-275.13433166470537</x>
      <y>-399.6130437808864</y>
      <steeringAngle>0.1421333333333333</steeringAngle>
      <velocity>4.0</velocity>
      <orientation>0.5395655083419465</orientation>
      <time>21</time>
    </ksState>
    <ksState>
      <x>-274.79327033808715</x>
      <y>-399.4040649570604</y>
      <steeringAngle>0.10659999999999999</steeringAngle>
      <velocity>4.0</velocity>
      <orientation>0.5589574346326971</orientation>
      <time>22</time>
    </ksState>
    <ksState>
      <x>-274.45572240428845</x>
      <y>-399.1894517278018</y>
      <steeringAngle>0.07106666666666664</steeringAngle>
      <velocity>4.0</velocity>
      <orientation>0.57277367436765</orientation>
      <time>23</time>
    </ksState>
    <ksState>
      <x>-274.12056341344487</x>
      <y>-398.97112278345685</y>
      <steeringAngle>0.03553333333333332</steeringAngle>
      <velocity>4.0</velocity>
      <orientation>0.5810494348299153</orientation>
      <time>24</time>
    </ksState>
    <ksState>
      <x>-273.7866127182443</x>
      <y>-398.7509482598976</y>
      <steeringAngle>-2.2985086056692694e-17</steeringAngle>
      <velocity>4.0</velocity>
      <orientation>0.5838056981247557</orientation>
      <time>25</time>
    </ksState>
    <ksState>
      <x>-273.4528643246833</x>
      <y>-398.53046694596054</y>
      <steeringAngle>0.0</steeringAngle>
      <velocity>4.0</velocity>
      <orientation>0.5838056981247557</orientation>
      <time>26</time>
    </ksState>
    <ksState>
      <x>-273.1191159311222</x>
      <y>-398.3099856320235</y>
      <steeringAngle>0.0</steeringAngle>
      <velocity>4.0</velocity>
      <orientation>0.5838056981247557</orientation>
      <time>27</time>
    </ksState>
    <ksState>
      <x>-272.78536753756117</x>
      <y>-398.08950431808637</y>
      <steeringAngle>0.0</steeringAngle>
      <velocity>4.0</velocity>
      <orientation>0.5838056981247557</orientation>
      <time>28</time>
    </ksState>
    <ksState>
      <x>-272.4516191440001</x>
      <y>-397.8690230041493</y>
      <steeringAngle>0.0</steeringAngle>
      <velocity>4.0</velocity>
      <orientation>0.5838056981247557</orientation>
      <time>29</time>
    </ksState>
    <ksState>
      <x>-272.11787075043907</x>
      <y>-397.64854169021226</y>
      <steeringAngle>0.0</steeringAngle>
      <velocity>4.0</velocity>
      <orientation>0.5838056981247557</orientation>
      <time>30</time>
    </ksState>
    <ksState>
      <x>-271.8174971970916</x>
      <y>-397.45010850823536</y>
      <steeringAngle>0.0</steeringAngle>
      <velocity>3.2</velocity>
      <orientation>0.5838056981247557</orientation>
      <time>31</time>
    </ksState>
    <ksState>
      <x>-271.5838733225413</x>
      <y>-397.295771589102</y>
      <steeringAngle>0.0</steeringAngle>
      <velocity>2.4000000000000004</velocity>
      <orientation>0.5838056981247557</orientation>
      <time>32</time>
    </ksState>
    <ksState>
      <x>-271.4169991267033</x>
      <y>-397.1855309327561</y>
      <steeringAngle>0.0</steeringAngle>
      <velocity>1.6</velocity>
      <orientation>0.5838056981247557</orientation>
      <time>33</time>
    </ksState>
  </ksTrajectory>
</CommonRoadSolution>
