<?xml version="1.0" ?>
<CommonRoadSolution benchmark_id="KS2:SM1:ITA_CarpiCentro-3_1_T-1:2020a" computation_time="0.9359278679999079" date="2020-12-29">
  <ksTrajectory planningProblem="1">
    <ksState>
      <x>474.58582</x>
      <y>-788.92045</y>
      <steeringAngle>0.0</steeringAngle>
      <velocity>4.0</velocity>
      <orientation>1.2161716</orientation>
      <time>0</time>
    </ksState>
    <ksState>
      <x>474.7250598970345</x>
      <y>-788.5454671633288</y>
      <steeringAngle>-0.035533333333333326</steeringAngle>
      <velocity>4.0</velocity>
      <orientation>1.2134153254673996</orientation>
      <time>1</time>
    </ksState>
    <ksState>
      <x>474.86636528801057</x>
      <y>-788.1712588475617</y>
      <steeringAngle>-0.07106666666666711</steeringAngle>
      <velocity>4.0</velocity>
      <orientation>1.2051395649241141</orientation>
      <time>2</time>
    </ksState>
    <ksState>
      <x>475.01179386699954</x>
      <y>-787.7986357482982</y>
      <steeringAngle>-0.10660000000000043</steeringAngle>
      <velocity>4.0</velocity>
      <orientation>1.1913233251049773</orientation>
      <time>3</time>
    </ksState>
    <ksState>
      <x>475.16338670153164</x>
      <y>-787.4284809299955</y>
      <steeringAngle>-0.14213333333333378</steeringAngle>
      <velocity>4.0</velocity>
      <orientation>1.1719313987194315</orientation>
      <time>4</time>
    </ksState>
    <ksState>
      <x>475.32315724241</x>
      <y>-787.0617862065989</y>
      <steeringAngle>-0.1776666666666672</steeringAngle>
      <velocity>4.0</velocity>
      <orientation>1.1469139922680343</orientation>
      <time>5</time>
    </ksState>
    <ksState>
      <x>475.4923922247952</x>
      <y>-786.6993621908426</y>
      <steeringAngle>-0.1421333333333333</steeringAngle>
      <velocity>4.0</velocity>
      <orientation>1.121896585923511</orientation>
      <time>6</time>
    </ksState>
    <ksState>
      <x>475.6696324655331</x>
      <y>-786.3407804367259</y>
      <steeringAngle>-0.10659999999999999</steeringAngle>
      <velocity>4.0</velocity>
      <orientation>1.1025046596327603</orientation>
      <time>7</time>
    </ksState>
    <ksState>
      <x>475.852802077579</x>
      <y>-785.9851874966841</y>
      <steeringAngle>-0.07106666666666664</steeringAngle>
      <velocity>4.0</velocity>
      <orientation>1.0886884198978075</orientation>
      <time>8</time>
    </ksState>
    <ksState>
      <x>476.03988844178093</x>
      <y>-785.631637260633</y>
      <steeringAngle>-0.03553333333333332</steeringAngle>
      <velocity>4.0</velocity>
      <orientation>1.080412659435542</orientation>
      <time>9</time>
    </ksState>
    <ksState>
      <x>476.2289222058253</x>
      <y>-785.2791232556621</y>
      <steeringAngle>2.2985086056692694e-17</steeringAngle>
      <velocity>4.0</velocity>
      <orientation>1.0776563961407017</orientation>
      <time>10</time>
    </ksState>
    <ksState>
      <x>476.43762516873437</x>
      <y>-784.891769535395</y>
      <steeringAngle>-0.035533333333333326</steeringAngle>
      <velocity>4.799999999999999</velocity>
      <orientation>1.0745326174715109</orientation>
      <time>11</time>
    </ksState>
    <ksState>
      <x>476.6874228909487</x>
      <y>-784.4357011016344</y>
      <steeringAngle>-0.07106666666666667</steeringAngle>
      <velocity>5.599999999999998</velocity>
      <orientation>1.063682006410338</orientation>
      <time>12</time>
    </ksState>
    <ksState>
      <x>476.9838929615393</x>
      <y>-783.9140763010392</y>
      <steeringAngle>-0.10659999999999999</steeringAngle>
      <velocity>6.3999999999999995</velocity>
      <orientation>1.0428650574100102</orientation>
      <time>13</time>
    </ksState>
    <ksState>
      <x>477.3356266492429</x>
      <y>-783.3321474606372</y>
      <steeringAngle>-0.14213333333333333</steeringAngle>
      <velocity>7.199999999999999</velocity>
      <orientation>1.009805486428845</orientation>
      <time>14</time>
    </ksState>
    <ksState>
      <x>477.75456730392665</x>
      <y>-782.6981290488266</y>
      <steeringAngle>-0.17766666666666664</steeringAngle>
      <velocity>7.9999999999999964</velocity>
      <orientation>0.9621781643472984</orientation>
      <time>15</time>
    </ksState>
    <ksState>
      <x>478.22999322423755</x>
      <y>-782.0548525017174</y>
      <steeringAngle>-0.17766666666666667</steeringAngle>
      <velocity>8.0</velocity>
      <orientation>0.9064771880367867</orientation>
      <time>16</time>
    </ksState>
    <ksState>
      <x>478.74049443542594</x>
      <y>-781.4390415772018</y>
      <steeringAngle>-0.17766666666666667</steeringAngle>
      <velocity>8.0</velocity>
      <orientation>0.8507762117262749</orientation>
      <time>17</time>
    </ksState>
    <ksState>
      <x>479.2844874462801</x>
      <y>-780.8526064238234</y>
      <steeringAngle>-0.17766666666666667</steeringAngle>
      <velocity>8.0</velocity>
      <orientation>0.7950752354157632</orientation>
      <time>18</time>
    </ksState>
    <ksState>
      <x>479.860284901173</x>
      <y>-780.2973660440999</y>
      <steeringAngle>-0.17766666666666667</steeringAngle>
      <velocity>8.0</velocity>
      <orientation>0.7393742591052513</orientation>
      <time>19</time>
    </ksState>
    <ksState>
      <x>480.46610079435635</x>
      <y>-779.7750426806977</y>
      <steeringAngle>-0.17766666666666667</steeringAngle>
      <velocity>8.0</velocity>
      <orientation>0.6836732827947396</orientation>
      <time>20</time>
    </ksState>
    <ksState>
      <x>481.1000559787055</x>
      <y>-779.2872565123811</y>
      <steeringAngle>-0.17766666666666667</steeringAngle>
      <velocity>8.0</velocity>
      <orientation>0.6279723064842279</orientation>
      <time>21</time>
    </ksState>
    <ksState>
      <x>481.7601841106342</x>
      <y>-778.8355204934344</y>
      <steeringAngle>-0.17766666666666667</steeringAngle>
      <velocity>8.0</velocity>
      <orientation>0.5722713301737161</orientation>
      <time>22</time>
    </ksState>
    <ksState>
      <x>482.44443757965524</x>
      <y>-778.4212358387477</y>
      <steeringAngle>-0.17766666666666667</steeringAngle>
      <velocity>8.0</velocity>
      <orientation>0.5165703538632044</orientation>
      <time>23</time>
    </ksState>
    <ksState>
      <x>483.15069397074046</x>
      <y>-778.0456875750214</y>
      <steeringAngle>-0.17766666666666667</steeringAngle>
      <velocity>8.0</velocity>
      <orientation>0.4608693775526925</orientation>
      <time>24</time>
    </ksState>
    <ksState>
      <x>483.8767626210399</x>
      <y>-777.7100405767601</y>
      <steeringAngle>-0.17766666666666667</steeringAngle>
      <velocity>8.0</velocity>
      <orientation>0.40516840124218073</orientation>
      <time>25</time>
    </ksState>
    <ksState>
      <x>484.58330435100703</x>
      <y>-777.4303344373874</y>
      <steeringAngle>-0.21320000000000014</steeringAngle>
      <velocity>7.200000000000003</velocity>
      <orientation>0.3469190741706879</orientation>
      <time>26</time>
    </ksState>
    <ksState>
      <x>485.2293658525435</x>
      <y>-777.2185400110897</y>
      <steeringAngle>-0.24873333333333347</steeringAngle>
      <velocity>6.400000000000004</velocity>
      <orientation>0.2850019866849085</orientation>
      <time>27</time>
    </ksState>
    <ksState>
      <x>485.81001300298533</x>
      <y>-777.0677809832642</y>
      <steeringAngle>-0.2842666666666668</steeringAngle>
      <velocity>5.600000000000001</velocity>
      <orientation>0.2215798439209874</orientation>
      <time>28</time>
    </ksState>
    <ksState>
      <x>486.320485942563</x>
      <y>-776.9691465289877</y>
      <steeringAngle>-0.3198</steeringAngle>
      <velocity>4.800000000000002</velocity>
      <orientation>0.15885074417903478</orientation>
      <time>29</time>
    </ksState>
    <ksState>
      <x>486.75673541787575</x>
      <y>-776.9123243847324</y>
      <steeringAngle>-0.3553333333333332</steeringAngle>
      <velocity>4.000000000000001</velocity>
      <orientation>0.09906091013082002</orientation>
      <time>30</time>
    </ksState>
    <ksState>
      <x>487.1157128943429</x>
      <y>-776.8856954675263</y>
      <steeringAngle>-0.31979999999999975</steeringAngle>
      <velocity>3.2</velocity>
      <orientation>0.04995435007303167</orientation>
      <time>31</time>
    </ksState>
    <ksState>
      <x>487.395550335152</x>
      <y>-776.8765592236707</y>
      <steeringAngle>-0.2842666666666663</steeringAngle>
      <velocity>2.4000000000000004</velocity>
      <orientation>0.0160220947068173</orientation>
      <time>32</time>
    </ksState>
    <ksState>
      <x>487.59554391216375</x>
      <y>-776.8755310550538</y>
      <steeringAngle>-0.24873333333333292</steeringAngle>
      <velocity>1.6000000000000008</velocity>
      <orientation>-0.005250226240121447</orientation>
      <time>33</time>
    </ksState>
  </ksTrajectory>
</CommonRoadSolution>
