<?xml version="1.0" ?>
<CommonRoadSolution benchmark_id="KS2:SM1:DEU_Flensburg-39_1_T-1:2020a" computation_time="1.6662673480000194" date="2020-12-29">
  <ksTrajectory planningProblem="123">
    <ksState>
      <x>-169.11551</x>
      <y>-34.170533</y>
      <steeringAngle>0.0</steeringAngle>
      <velocity>8.0</velocity>
      <orientation>-0.38866099</orientation>
      <time>0</time>
    </ksState>
    <ksState>
      <x>-168.3746214292947</x>
      <y>-34.472331480041646</y>
      <steeringAngle>0.03553333333333333</steeringAngle>
      <velocity>8.0</velocity>
      <orientation>-0.3831484549971612</orientation>
      <time>1</time>
    </ksState>
    <ksState>
      <x>-167.6304567557948</x>
      <y>-34.765937029988194</y>
      <steeringAngle>0.07106666666666667</steeringAngle>
      <velocity>8.0</velocity>
      <orientation>-0.36659693411689154</orientation>
      <time>2</time>
    </ksState>
    <ksState>
      <x>-166.88000447213102</x>
      <y>-35.04303004635444</y>
      <steeringAngle>0.10659999999999997</steeringAngle>
      <velocity>8.0</velocity>
      <orientation>-0.33896445482619664</orientation>
      <time>3</time>
    </ksState>
    <ksState>
      <x>-166.1207910977776</x>
      <y>-35.295051325321765</y>
      <steeringAngle>0.1421333333333333</steeringAngle>
      <velocity>8.0</velocity>
      <orientation>-0.30018060255346174</orientation>
      <time>4</time>
    </ksState>
    <ksState>
      <x>-165.35117196805155</x>
      <y>-35.51311732398491</y>
      <steeringAngle>0.17766666666666667</steeringAngle>
      <velocity>8.0</velocity>
      <orientation>-0.25014579030430706</orientation>
      <time>5</time>
    </ksState>
    <ksState>
      <x>-164.57095767253674</x>
      <y>-35.689469740578744</y>
      <steeringAngle>0.17766666666666667</steeringAngle>
      <velocity>8.0</velocity>
      <orientation>-0.19444481399379526</orientation>
      <time>6</time>
    </ksState>
    <ksState>
      <x>-163.78213545065145</x>
      <y>-35.82211243218834</y>
      <steeringAngle>0.17766666666666667</steeringAngle>
      <velocity>8.0</velocity>
      <orientation>-0.13874383768328352</orientation>
      <time>7</time>
    </ksState>
    <ksState>
      <x>-162.98715210234022</x>
      <y>-35.9106339599883</y>
      <steeringAngle>0.17766666666666667</steeringAngle>
      <velocity>8.0</velocity>
      <orientation>-0.08304286137277184</orientation>
      <time>8</time>
    </ksState>
    <ksState>
      <x>-162.18847350418557</x>
      <y>-35.95475974821123</y>
      <steeringAngle>0.17766666666666667</steeringAngle>
      <velocity>8.0</velocity>
      <orientation>-0.027341885062260013</orientation>
      <time>9</time>
    </ksState>
    <ksState>
      <x>-161.3885769940756</x>
      <y>-35.95435292713098</y>
      <steeringAngle>0.17766666666666667</steeringAngle>
      <velocity>8.0</velocity>
      <orientation>0.02835909124825181</orientation>
      <time>10</time>
    </ksState>
    <ksState>
      <x>-160.58962231268404</x>
      <y>-35.90940275339494</y>
      <steeringAngle>0.17766666666666667</steeringAngle>
      <velocity>8.0</velocity>
      <orientation>0.08406006755876361</orientation>
      <time>11</time>
    </ksState>
    <ksState>
      <x>-159.79440916551388</x>
      <y>-35.82004274407679</y>
      <steeringAngle>0.17766666666666667</steeringAngle>
      <velocity>8.0</velocity>
      <orientation>0.13976104386927535</orientation>
      <time>12</time>
    </ksState>
    <ksState>
      <x>-159.00540417681688</x>
      <y>-35.68655007719774</y>
      <steeringAngle>0.17766666666666667</steeringAngle>
      <velocity>8.0</velocity>
      <orientation>0.19546202017978703</orientation>
      <time>13</time>
    </ksState>
    <ksState>
      <x>-158.2250546795207</x>
      <y>-35.509338819846654</y>
      <steeringAngle>0.17766666666666667</steeringAngle>
      <velocity>8.0</velocity>
      <orientation>0.25116299649029883</orientation>
      <time>14</time>
    </ksState>
    <ksState>
      <x>-157.45578115853561</x>
      <y>-35.288958644627286</y>
      <steeringAngle>0.17766666666666667</steeringAngle>
      <velocity>8.0</velocity>
      <orientation>0.3068639728008107</orientation>
      <time>15</time>
    </ksState>
    <ksState>
      <x>-156.73815132316133</x>
      <y>-35.03907034964651</y>
      <steeringAngle>0.21320000000000014</steeringAngle>
      <velocity>7.200000000000003</velocity>
      <orientation>0.3651132998723035</orientation>
      <time>16</time>
    </ksState>
    <ksState>
      <x>-156.1106788973747</x>
      <y>-34.77728666479236</y>
      <steeringAngle>0.24873333333333347</steeringAngle>
      <velocity>6.400000000000004</velocity>
      <orientation>0.42703038735808285</orientation>
      <time>17</time>
    </ksState>
    <ksState>
      <x>-155.57260638428872</x>
      <y>-34.512037030582654</y>
      <steeringAngle>0.2842666666666668</steeringAngle>
      <velocity>5.600000000000001</velocity>
      <orientation>0.490452530122004</orientation>
      <time>18</time>
    </ksState>
    <ksState>
      <x>-155.12171506827832</x>
      <y>-34.25317722536391</y>
      <steeringAngle>0.3198</steeringAngle>
      <velocity>4.800000000000002</velocity>
      <orientation>0.5531816298639567</orientation>
      <time>19</time>
    </ksState>
    <ksState>
      <x>-154.75433261631738</x>
      <y>-34.011159674802784</y>
      <steeringAngle>0.3553333333333332</steeringAngle>
      <velocity>4.000000000000001</velocity>
      <orientation>0.6129714639121714</orientation>
      <time>20</time>
    </ksState>
    <ksState>
      <x>-154.40236700515777</x>
      <y>-33.74722298558248</y>
      <steeringAngle>0.31979999999999975</steeringAngle>
      <velocity>4.800000000000001</velocity>
      <orientation>0.67276129894392</orientation>
      <time>21</time>
    </ksState>
    <ksState>
      <x>-154.0063198118665</x>
      <y>-33.41038770029465</y>
      <steeringAngle>0.28426666666666645</steeringAngle>
      <velocity>5.600000000000004</velocity>
      <orientation>0.7354903990752435</orientation>
      <time>22</time>
    </ksState>
    <ksState>
      <x>-153.57478666920073</x>
      <y>-32.99366412412847</y>
      <steeringAngle>0.2487333333333331</steeringAngle>
      <velocity>6.400000000000004</velocity>
      <orientation>0.7989125357679194</orientation>
      <time>23</time>
    </ksState>
    <ksState>
      <x>-153.11629296631958</x>
      <y>-32.491632383526</y>
      <steeringAngle>0.21319999999999992</steeringAngle>
      <velocity>7.200000000000004</velocity>
      <orientation>0.8608296244457183</orientation>
      <time>24</time>
    </ksState>
    <ksState>
      <x>-152.6385158034021</x>
      <y>-31.900729915643492</y>
      <steeringAngle>0.17766666666666656</steeringAngle>
      <velocity>8.000000000000004</velocity>
      <orientation>0.9190789540466836</orientation>
      <time>25</time>
    </ksState>
    <ksState>
      <x>-152.17123383974828</x>
      <y>-31.251513396901096</y>
      <steeringAngle>0.17766666666666667</steeringAngle>
      <velocity>8.0</velocity>
      <orientation>0.9747799303571953</orientation>
      <time>26</time>
    </ksState>
    <ksState>
      <x>-151.7408198581982</x>
      <y>-30.57728911236095</y>
      <steeringAngle>0.17766666666666667</steeringAngle>
      <velocity>8.0</velocity>
      <orientation>1.0304809066677072</orientation>
      <time>27</time>
    </ksState>
    <ksState>
      <x>-151.34860893613575</x>
      <y>-29.880148396586073</y>
      <steeringAngle>0.17766666666666667</steeringAngle>
      <velocity>8.0</velocity>
      <orientation>1.0861818829782188</orientation>
      <time>28</time>
    </ksState>
    <ksState>
      <x>-150.99581763203435</x>
      <y>-29.162253638221724</y>
      <steeringAngle>0.17766666666666667</steeringAngle>
      <velocity>8.0</velocity>
      <orientation>1.1418828592887307</orientation>
      <time>29</time>
    </ksState>
    <ksState>
      <x>-150.68354023296476</x>
      <y>-28.425831599972028</y>
      <steeringAngle>0.17766666666666667</steeringAngle>
      <velocity>8.0</velocity>
      <orientation>1.1975838355992425</orientation>
      <time>30</time>
    </ksState>
    <ksState>
      <x>-150.41131617086424</x>
      <y>-27.67366110426697</y>
      <steeringAngle>0.14213333333333336</steeringAngle>
      <velocity>8.0</velocity>
      <orientation>1.2476186471479909</orientation>
      <time>31</time>
    </ksState>
    <ksState>
      <x>-150.17273565909855</x>
      <y>-26.910117385263355</y>
      <steeringAngle>0.1066000000000001</steeringAngle>
      <velocity>8.0</velocity>
      <orientation>1.2864024991549883</orientation>
      <time>32</time>
    </ksState>
    <ksState>
      <x>-149.95962587515626</x>
      <y>-26.13905098832245</y>
      <steeringAngle>0.07106666666666674</steeringAngle>
      <velocity>8.0</velocity>
      <orientation>1.3140349781846752</orientation>
      <time>33</time>
    </ksState>
    <ksState>
      <x>-149.76359347616233</x>
      <y>-25.363450203289833</y>
      <steeringAngle>0.035533333333333354</steeringAngle>
      <velocity>8.0</velocity>
      <orientation>1.3305864988137046</orientation>
      <time>34</time>
    </ksState>
    <ksState>
      <x>-149.57612556453128</x>
      <y>-24.5857265711195</y>
      <steeringAngle>2.0816681711721685e-17</steeringAngle>
      <velocity>8.0</velocity>
      <orientation>1.3360990252721094</orientation>
      <time>35</time>
    </ksState>
    <ksState>
      <x>-149.39008668753974</x>
      <y>-23.807658748723714</y>
      <steeringAngle>0.0</steeringAngle>
      <velocity>8.0</velocity>
      <orientation>1.3360990252721094</orientation>
      <time>36</time>
    </ksState>
    <ksState>
      <x>-149.20404781054816</x>
      <y>-23.029590926327927</y>
      <steeringAngle>0.0</steeringAngle>
      <velocity>8.0</velocity>
      <orientation>1.3360990252721094</orientation>
      <time>37</time>
    </ksState>
    <ksState>
      <x>-149.01800893355662</x>
      <y>-22.251523103932143</y>
      <steeringAngle>0.0</steeringAngle>
      <velocity>8.0</velocity>
      <orientation>1.3360990252721094</orientation>
      <time>38</time>
    </ksState>
    <ksState>
      <x>-148.83197005656507</x>
      <y>-21.473455281536356</y>
      <steeringAngle>0.0</steeringAngle>
      <velocity>8.0</velocity>
      <orientation>1.3360990252721094</orientation>
      <time>39</time>
    </ksState>
    <ksState>
      <x>-148.6459311795735</x>
      <y>-20.69538745914057</y>
      <steeringAngle>0.0</steeringAngle>
      <velocity>8.0</velocity>
      <orientation>1.3360990252721094</orientation>
      <time>40</time>
    </ksState>
    <ksState>
      <x>-148.4584632763419</x>
      <y>-19.917663869415314</y>
      <steeringAngle>-0.03553333333333333</steeringAngle>
      <velocity>8.0</velocity>
      <orientation>1.3305864902692706</orientation>
      <time>41</time>
    </ksState>
    <ksState>
      <x>-148.2624308735846</x>
      <y>-19.142063084659505</y>
      <steeringAngle>-0.07106666666666667</steeringAngle>
      <velocity>8.0</velocity>
      <orientation>1.314034969389001</orientation>
      <time>42</time>
    </ksState>
    <ksState>
      <x>-148.04932108436972</x>
      <y>-18.370996688351156</y>
      <steeringAngle>-0.10659999999999997</steeringAngle>
      <velocity>8.0</velocity>
      <orientation>1.2864024900983062</orientation>
      <time>43</time>
    </ksState>
    <ksState>
      <x>-147.81074056614818</x>
      <y>-17.60745297043153</y>
      <steeringAngle>-0.1421333333333333</steeringAngle>
      <velocity>8.0</velocity>
      <orientation>1.2476186378255711</orientation>
      <time>44</time>
    </ksState>
    <ksState>
      <x>-147.53851647192093</x>
      <y>-16.855282492989456</y>
      <steeringAngle>-0.17766666666666667</steeringAngle>
      <velocity>8.0</velocity>
      <orientation>1.1975838255764164</orientation>
      <time>45</time>
    </ksState>
    <ksState>
      <x>-147.24404225166307</x>
      <y>-16.154728722743442</y>
      <steeringAngle>-0.1421333333333334</steeringAngle>
      <velocity>7.2</velocity>
      <orientation>1.1499565038307795</orientation>
      <time>46</time>
    </ksState>
    <ksState>
      <x>-146.9555477811257</x>
      <y>-15.538994436635338</y>
      <steeringAngle>-0.10660000000000011</steeringAngle>
      <velocity>6.4</velocity>
      <orientation>1.1168969333828116</orientation>
      <time>47</time>
    </ksState>
    <ksState>
      <x>-146.68649806229598</x>
      <y>-15.002711690301576</y>
      <steeringAngle>-0.07106666666666674</steeringAngle>
      <velocity>5.600000000000001</velocity>
      <orientation>1.0960799850889231</orientation>
      <time>48</time>
    </ksState>
    <ksState>
      <x>-146.44603294193922</x>
      <y>-14.541654381134453</y>
      <steeringAngle>-0.03553333333333339</steeringAngle>
      <velocity>4.800000000000001</velocity>
      <orientation>1.08522937543126</orientation>
      <time>49</time>
    </ksState>
    <ksState>
      <x>-146.23987698256553</x>
      <y>-14.152939125203304</y>
      <steeringAngle>-5.5294310796760726e-17</steeringAngle>
      <velocity>4.0</velocity>
      <orientation>1.0821055995940947</orientation>
      <time>50</time>
    </ksState>
    <ksState>
      <x>-146.0524134992872</x>
      <y>-13.799587573400705</y>
      <steeringAngle>0.035533333333333326</steeringAngle>
      <velocity>4.0</velocity>
      <orientation>1.084861874126695</orientation>
      <time>51</time>
    </ksState>
    <ksState>
      <x>-145.86690200197035</x>
      <y>-13.44520845230108</y>
      <steeringAngle>0.07106666666666711</steeringAngle>
      <velocity>4.0</velocity>
      <orientation>1.0931376346699806</orientation>
      <time>52</time>
    </ksState>
    <ksState>
      <x>-145.6853163068801</x>
      <y>-13.088804073778448</y>
      <steeringAngle>0.10660000000000043</steeringAngle>
      <velocity>4.0</velocity>
      <orientation>1.1069538744891174</orientation>
      <time>53</time>
    </ksState>
    <ksState>
      <x>-145.50967322261667</x>
      <y>-12.729437291862522</y>
      <steeringAngle>0.14213333333333378</steeringAngle>
      <velocity>4.0</velocity>
      <orientation>1.1263458008746632</orientation>
      <time>54</time>
    </ksState>
    <ksState>
      <x>-145.34205241269223</x>
      <y>-12.366263903548072</y>
      <steeringAngle>0.1776666666666672</steeringAngle>
      <velocity>4.0</velocity>
      <orientation>1.1513632073260605</orientation>
      <time>55</time>
    </ksState>
    <ksState>
      <x>-145.16860740725133</x>
      <y>-11.96190675258573</y>
      <steeringAngle>0.14213333333333333</steeringAngle>
      <velocity>4.8000000000000025</velocity>
      <orientation>1.1787881070444128</orientation>
      <time>56</time>
    </ksState>
    <ksState>
      <x>-144.9762919596273</x>
      <y>-11.478791280284879</y>
      <steeringAngle>0.10660000000000003</steeringAngle>
      <velocity>5.600000000000005</velocity>
      <orientation>1.2039043193233308</orientation>
      <time>57</time>
    </ksState>
    <ksState>
      <x>-144.76724512985896</x>
      <y>-10.916397605875465</y>
      <steeringAngle>0.07106666666666671</steeringAngle>
      <velocity>6.400000000000004</velocity>
      <orientation>1.2245360889227903</orientation>
      <time>58</time>
    </ksState>
    <ksState>
      <x>-144.5414443971583</x>
      <y>-10.274987855515246</y>
      <steeringAngle>0.035533333333333375</steeringAngle>
      <velocity>7.200000000000006</velocity>
      <orientation>1.2385127570155825</orientation>
      <time>59</time>
    </ksState>
    <ksState>
      <x>-144.29600719200337</x>
      <y>-9.555710977909275</y>
      <steeringAngle>2.6346112791397758e-17</steeringAngle>
      <velocity>8.000000000000007</velocity>
      <orientation>1.243657769795151</orientation>
      <time>60</time>
    </ksState>
    <ksState>
      <x>-144.03893946461196</x>
      <y>-8.798138417995824</y>
      <steeringAngle>0.0</steeringAngle>
      <velocity>8.0</velocity>
      <orientation>1.243657769795151</orientation>
      <time>61</time>
    </ksState>
    <ksState>
      <x>-143.78187173722057</x>
      <y>-8.040565858082374</y>
      <steeringAngle>0.0</steeringAngle>
      <velocity>8.0</velocity>
      <orientation>1.243657769795151</orientation>
      <time>62</time>
    </ksState>
    <ksState>
      <x>-143.52480400982915</x>
      <y>-7.282993298168922</y>
      <steeringAngle>0.0</steeringAngle>
      <velocity>8.0</velocity>
      <orientation>1.243657769795151</orientation>
      <time>63</time>
    </ksState>
    <ksState>
      <x>-143.26773628243777</x>
      <y>-6.525420738255471</y>
      <steeringAngle>0.0</steeringAngle>
      <velocity>8.0</velocity>
      <orientation>1.243657769795151</orientation>
      <time>64</time>
    </ksState>
    <ksState>
      <x>-143.01066855504635</x>
      <y>-5.767848178342021</y>
      <steeringAngle>0.0</steeringAngle>
      <velocity>8.0</velocity>
      <orientation>1.243657769795151</orientation>
      <time>65</time>
    </ksState>
    <ksState>
      <x>-142.75360082765494</x>
      <y>-5.010275618428571</y>
      <steeringAngle>0.0</steeringAngle>
      <velocity>8.0</velocity>
      <orientation>1.243657769795151</orientation>
      <time>66</time>
    </ksState>
    <ksState>
      <x>-142.49653310026355</x>
      <y>-4.252703058515119</y>
      <steeringAngle>0.0</steeringAngle>
      <velocity>8.0</velocity>
      <orientation>1.243657769795151</orientation>
      <time>67</time>
    </ksState>
    <ksState>
      <x>-142.23946537287213</x>
      <y>-3.4951304986016685</y>
      <steeringAngle>0.0</steeringAngle>
      <velocity>8.0</velocity>
      <orientation>1.243657769795151</orientation>
      <time>68</time>
    </ksState>
    <ksState>
      <x>-141.98239764548075</x>
      <y>-2.7375579386882176</y>
      <steeringAngle>0.0</steeringAngle>
      <velocity>8.0</velocity>
      <orientation>1.243657769795151</orientation>
      <time>69</time>
    </ksState>
    <ksState>
      <x>-141.72532991808933</x>
      <y>-1.9799853787747668</y>
      <steeringAngle>0.0</steeringAngle>
      <velocity>8.0</velocity>
      <orientation>1.243657769795151</orientation>
      <time>70</time>
    </ksState>
    <ksState>
      <x>-141.4682621906979</x>
      <y>-1.222412818861316</y>
      <steeringAngle>0.0</steeringAngle>
      <velocity>8.0</velocity>
      <orientation>1.243657769795151</orientation>
      <time>71</time>
    </ksState>
    <ksState>
      <x>-141.21119446330653</x>
      <y>-0.4648402589478653</y>
      <steeringAngle>0.0</steeringAngle>
      <velocity>8.0</velocity>
      <orientation>1.243657769795151</orientation>
      <time>72</time>
    </ksState>
    <ksState>
      <x>-140.9541267359151</x>
      <y>0.2927323009655858</y>
      <steeringAngle>0.0</steeringAngle>
      <velocity>8.0</velocity>
      <orientation>1.243657769795151</orientation>
      <time>73</time>
    </ksState>
    <ksState>
      <x>-140.69705900852372</x>
      <y>1.0503048608790366</y>
      <steeringAngle>0.0</steeringAngle>
      <velocity>8.0</velocity>
      <orientation>1.243657769795151</orientation>
      <time>74</time>
    </ksState>
    <ksState>
      <x>-140.4399912811323</x>
      <y>1.8078774207924875</y>
      <steeringAngle>0.0</steeringAngle>
      <velocity>8.0</velocity>
      <orientation>1.243657769795151</orientation>
      <time>75</time>
    </ksState>
    <ksState>
      <x>-140.181532404943</x>
      <y>2.564975304870991</y>
      <steeringAngle>-0.03553333333333333</steeringAngle>
      <velocity>8.0</velocity>
      <orientation>1.238145234792312</orientation>
      <time>76</time>
    </ksState>
    <ksState>
      <x>-139.91474155204486</x>
      <y>3.319168861628482</y>
      <steeringAngle>-0.07106666666666667</steeringAngle>
      <velocity>8.0</velocity>
      <orientation>1.2215937139120425</orientation>
      <time>77</time>
    </ksState>
    <ksState>
      <x>-139.63136479499937</x>
      <y>4.067270982559522</y>
      <steeringAngle>-0.10659999999999997</steeringAngle>
      <velocity>8.0</velocity>
      <orientation>1.1939612346213477</orientation>
      <time>78</time>
    </ksState>
    <ksState>
      <x>-139.323320475912</x>
      <y>4.80553135013141</y>
      <steeringAngle>-0.1421333333333333</steeringAngle>
      <velocity>8.0</velocity>
      <orientation>1.1551773823486127</orientation>
      <time>79</time>
    </ksState>
    <ksState>
      <x>-138.9828260870429</x>
      <y>5.529361410133025</y>
      <steeringAngle>-0.17766666666666667</steeringAngle>
      <velocity>8.0</velocity>
      <orientation>1.1051425700994582</orientation>
      <time>80</time>
    </ksState>
    <ksState>
      <x>-138.62494129280066</x>
      <y>6.199741246832017</y>
      <steeringAngle>-0.1421333333333334</steeringAngle>
      <velocity>7.2</velocity>
      <orientation>1.0575152483538213</orientation>
      <time>81</time>
    </ksState>
    <ksState>
      <x>-138.28084037406913</x>
      <y>6.786215737622388</y>
      <steeringAngle>-0.10660000000000011</steeringAngle>
      <velocity>6.4</velocity>
      <orientation>1.0244556779058533</orientation>
      <time>82</time>
    </ksState>
    <ksState>
      <x>-137.96343532888832</x>
      <y>7.295372857293129</y>
      <steeringAngle>-0.07106666666666674</steeringAngle>
      <velocity>5.600000000000001</velocity>
      <orientation>1.0036387296119649</orientation>
      <time>83</time>
    </ksState>
    <ksState>
      <x>-137.6814368699974</x>
      <y>7.732264360561121</y>
      <steeringAngle>-0.03553333333333339</steeringAngle>
      <velocity>4.800000000000001</velocity>
      <orientation>0.9927881199543019</orientation>
      <time>84</time>
    </ksState>
    <ksState>
      <x>-137.44027895384897</x>
      <y>8.10028975269847</y>
      <steeringAngle>-5.5294310796760726e-17</steeringAngle>
      <velocity>4.0</velocity>
      <orientation>0.9896643441171363</orientation>
      <time>85</time>
    </ksState>
    <ksState>
      <x>-137.2209981147383</x>
      <y>8.434827927385712</y>
      <steeringAngle>0.035533333333333326</steeringAngle>
      <velocity>4.0</velocity>
      <orientation>0.9924206186497367</orientation>
      <time>86</time>
    </ksState>
    <ksState>
      <x>-137.00356607272386</x>
      <y>8.770569471156385</y>
      <steeringAngle>0.07106666666666711</steeringAngle>
      <velocity>4.0</velocity>
      <orientation>1.0006963791930221</orientation>
      <time>87</time>
    </ksState>
    <ksState>
      <x>-136.78985612031835</x>
      <y>9.108690014652835</y>
      <steeringAngle>0.10660000000000043</steeringAngle>
      <velocity>4.0</velocity>
      <orientation>1.014512619012159</orientation>
      <time>88</time>
    </ksState>
    <ksState>
      <x>-136.58178994743258</x>
      <y>9.450308873463154</y>
      <steeringAngle>0.14213333333333378</steeringAngle>
      <velocity>4.0</velocity>
      <orientation>1.033904545397705</orientation>
      <time>89</time>
    </ksState>
    <ksState>
      <x>-136.381360410054</x>
      <y>9.796458619159605</y>
      <steeringAngle>0.1776666666666672</steeringAngle>
      <velocity>4.0</velocity>
      <orientation>1.0589219518491022</orientation>
      <time>90</time>
    </ksState>
    <ksState>
      <x>-136.17132988556023</x>
      <y>10.183078657734493</y>
      <steeringAngle>0.14213333333333333</steeringAngle>
      <velocity>4.8000000000000025</velocity>
      <orientation>1.0863468515674546</orientation>
      <time>91</time>
    </ksState>
    <ksState>
      <x>-135.93523933569298</x>
      <y>10.64637882310753</y>
      <steeringAngle>0.10660000000000003</steeringAngle>
      <velocity>5.600000000000005</velocity>
      <orientation>1.1114630638463725</orientation>
      <time>92</time>
    </ksState>
    <ksState>
      <x>-135.675170697437</x>
      <y>11.187074232231389</y>
      <steeringAngle>0.07106666666666671</steeringAngle>
      <velocity>6.400000000000004</velocity>
      <orientation>1.132094833445832</orientation>
      <time>93</time>
    </ksState>
    <ksState>
      <x>-135.39112574293526</x>
      <y>11.804901799249405</y>
      <steeringAngle>0.035533333333333375</steeringAngle>
      <velocity>7.200000000000006</velocity>
      <orientation>1.1460715015386242</orientation>
      <time>94</time>
    </ksState>
    <ksState>
      <x>-135.0803402692892</x>
      <y>12.498451392071324</y>
      <steeringAngle>2.6346112791397758e-17</steeringAngle>
      <velocity>8.000000000000007</velocity>
      <orientation>1.1512165143181927</orientation>
      <time>95</time>
    </ksState>
    <ksState>
      <x>-134.77073394072997</x>
      <y>13.192529140029865</y>
      <steeringAngle>0.0</steeringAngle>
      <velocity>7.200000000000001</velocity>
      <orientation>1.1512165143181927</orientation>
      <time>96</time>
    </ksState>
    <ksState>
      <x>-134.4937177521701</x>
      <y>13.813546072075168</y>
      <steeringAngle>0.0</steeringAngle>
      <velocity>6.400000000000001</velocity>
      <orientation>1.1512165143181927</orientation>
      <time>97</time>
    </ksState>
    <ksState>
      <x>-134.24929170352817</x>
      <y>14.361502188390011</y>
      <steeringAngle>0.0</steeringAngle>
      <velocity>5.600000000000001</velocity>
      <orientation>1.1512165143181927</orientation>
      <time>98</time>
    </ksState>
    <ksState>
      <x>-134.03745579478104</x>
      <y>14.836397489026044</y>
      <steeringAngle>0.0</steeringAngle>
      <velocity>4.800000000000001</velocity>
      <orientation>1.1512165143181927</orientation>
      <time>99</time>
    </ksState>
  </ksTrajectory>
</CommonRoadSolution>
