<?xml version="1.0" ?>
<CommonRoadSolution benchmark_id="KS2:SM1:BEL_Putte-4_2_T-1:2020a" computation_time="1.9360775260000196" date="2020-12-29">
  <ksTrajectory planningProblem="1">
    <ksState>
      <x>-716.88753</x>
      <y>-779.29154</y>
      <steeringAngle>0.0</steeringAngle>
      <velocity>12.0</velocity>
      <orientation>-0.16572116</orientation>
      <time>0</time>
    </ksState>
    <ksState>
      <x>-715.7434224103778</x>
      <y>-779.4828978381864</y>
      <steeringAngle>0.0</steeringAngle>
      <velocity>11.200000000000001</velocity>
      <orientation>-0.16572116</orientation>
      <time>1</time>
    </ksState>
    <ksState>
      <x>-714.6782187929316</x>
      <y>-779.6610585840042</y>
      <steeringAngle>0.0</steeringAngle>
      <velocity>10.4</velocity>
      <orientation>-0.16572116</orientation>
      <time>2</time>
    </ksState>
    <ksState>
      <x>-713.6919191473561</x>
      <y>-779.8260222375044</y>
      <steeringAngle>0.0</steeringAngle>
      <velocity>9.599999999999998</velocity>
      <orientation>-0.16572116</orientation>
      <time>3</time>
    </ksState>
    <ksState>
      <x>-712.7845234735644</x>
      <y>-779.9777887987016</y>
      <steeringAngle>0.0</steeringAngle>
      <velocity>8.799999999999999</velocity>
      <orientation>-0.16572116</orientation>
      <time>4</time>
    </ksState>
    <ksState>
      <x>-711.9560317715282</x>
      <y>-780.1163582676004</y>
      <steeringAngle>0.0</steeringAngle>
      <velocity>7.999999999999997</velocity>
      <orientation>-0.16572116</orientation>
      <time>5</time>
    </ksState>
    <ksState>
      <x>-711.2064440407976</x>
      <y>-780.2417306442761</y>
      <steeringAngle>0.0</steeringAngle>
      <velocity>7.200000000000001</velocity>
      <orientation>-0.16572116</orientation>
      <time>6</time>
    </ksState>
    <ksState>
      <x>-710.5357602820886</x>
      <y>-780.353905928609</y>
      <steeringAngle>0.0</steeringAngle>
      <velocity>6.400000000000001</velocity>
      <orientation>-0.16572116</orientation>
      <time>7</time>
    </ksState>
    <ksState>
      <x>-709.9439804952038</x>
      <y>-780.4528841206321</y>
      <steeringAngle>0.0</steeringAngle>
      <velocity>5.600000000000001</velocity>
      <orientation>-0.16572116</orientation>
      <time>8</time>
    </ksState>
    <ksState>
      <x>-709.4311046800874</x>
      <y>-780.5386652203547</y>
      <steeringAngle>0.0</steeringAngle>
      <velocity>4.800000000000001</velocity>
      <orientation>-0.16572116</orientation>
      <time>9</time>
    </ksState>
    <ksState>
      <x>-708.9971328367191</x>
      <y>-780.6112492277803</y>
      <steeringAngle>0.0</steeringAngle>
      <velocity>4.000000000000001</velocity>
      <orientation>-0.16572116</orientation>
      <time>10</time>
    </ksState>
    <ksState>
      <x>-708.6026129780624</x>
      <y>-780.6772346892517</y>
      <steeringAngle>0.0</steeringAngle>
      <velocity>4.0</velocity>
      <orientation>-0.16572116</orientation>
      <time>11</time>
    </ksState>
    <ksState>
      <x>-708.2080931194059</x>
      <y>-780.743220150723</y>
      <steeringAngle>0.0</steeringAngle>
      <velocity>4.0</velocity>
      <orientation>-0.16572116</orientation>
      <time>12</time>
    </ksState>
    <ksState>
      <x>-707.8135732607493</x>
      <y>-780.8092056121944</y>
      <steeringAngle>0.0</steeringAngle>
      <velocity>4.0</velocity>
      <orientation>-0.16572116</orientation>
      <time>13</time>
    </ksState>
    <ksState>
      <x>-707.4190534020927</x>
      <y>-780.8751910736659</y>
      <steeringAngle>0.0</steeringAngle>
      <velocity>4.0</velocity>
      <orientation>-0.16572116</orientation>
      <time>14</time>
    </ksState>
    <ksState>
      <x>-707.0245335434362</x>
      <y>-780.9411765351372</y>
      <steeringAngle>0.0</steeringAngle>
      <velocity>4.0</velocity>
      <orientation>-0.16572116</orientation>
      <time>15</time>
    </ksState>
    <ksState>
      <x>-706.6300136847796</x>
      <y>-781.0071619966086</y>
      <steeringAngle>0.0</steeringAngle>
      <velocity>4.0</velocity>
      <orientation>-0.16572116</orientation>
      <time>16</time>
    </ksState>
    <ksState>
      <x>-706.235493826123</x>
      <y>-781.0731474580799</y>
      <steeringAngle>0.0</steeringAngle>
      <velocity>4.0</velocity>
      <orientation>-0.16572116</orientation>
      <time>17</time>
    </ksState>
    <ksState>
      <x>-705.8409739674664</x>
      <y>-781.1391329195513</y>
      <steeringAngle>0.0</steeringAngle>
      <velocity>4.0</velocity>
      <orientation>-0.16572116</orientation>
      <time>18</time>
    </ksState>
    <ksState>
      <x>-705.4464541088098</x>
      <y>-781.2051183810228</y>
      <steeringAngle>0.0</steeringAngle>
      <velocity>4.0</velocity>
      <orientation>-0.16572116</orientation>
      <time>19</time>
    </ksState>
    <ksState>
      <x>-705.0519342501533</x>
      <y>-781.2711038424941</y>
      <steeringAngle>0.0</steeringAngle>
      <velocity>4.0</velocity>
      <orientation>-0.16572116</orientation>
      <time>20</time>
    </ksState>
    <ksState>
      <x>-704.6574143914967</x>
      <y>-781.3370893039655</y>
      <steeringAngle>0.0</steeringAngle>
      <velocity>4.0</velocity>
      <orientation>-0.16572116</orientation>
      <time>21</time>
    </ksState>
    <ksState>
      <x>-704.2628945328402</x>
      <y>-781.4030747654368</y>
      <steeringAngle>0.0</steeringAngle>
      <velocity>4.0</velocity>
      <orientation>-0.16572116</orientation>
      <time>22</time>
    </ksState>
    <ksState>
      <x>-703.8683746741835</x>
      <y>-781.4690602269083</y>
      <steeringAngle>0.0</steeringAngle>
      <velocity>4.0</velocity>
      <orientation>-0.16572116</orientation>
      <time>23</time>
    </ksState>
    <ksState>
      <x>-703.4738548155269</x>
      <y>-781.5350456883797</y>
      <steeringAngle>0.0</steeringAngle>
      <velocity>4.0</velocity>
      <orientation>-0.16572116</orientation>
      <time>24</time>
    </ksState>
    <ksState>
      <x>-703.0793349568704</x>
      <y>-781.601031149851</y>
      <steeringAngle>0.0</steeringAngle>
      <velocity>4.0</velocity>
      <orientation>-0.16572116</orientation>
      <time>25</time>
    </ksState>
    <ksState>
      <x>-702.6848760389545</x>
      <y>-781.6673790119169</y>
      <steeringAngle>-0.035533333333333326</steeringAngle>
      <velocity>4.0</velocity>
      <orientation>-0.16847743453260042</orientation>
      <time>26</time>
    </ksState>
    <ksState>
      <x>-702.2907900010225</x>
      <y>-781.735901065412</y>
      <steeringAngle>-0.07106666666666711</steeringAngle>
      <velocity>4.0</velocity>
      <orientation>-0.17675319507588583</orientation>
      <time>27</time>
    </ksState>
    <ksState>
      <x>-701.8974867189077</x>
      <y>-781.808770633609</y>
      <steeringAngle>-0.10660000000000043</steeringAngle>
      <velocity>4.0</velocity>
      <orientation>-0.19056943489502268</orientation>
      <time>28</time>
    </ksState>
    <ksState>
      <x>-701.5054502720774</x>
      <y>-781.8881582985885</y>
      <steeringAngle>-0.14213333333333378</steeringAngle>
      <velocity>4.0</velocity>
      <orientation>-0.2099613612805685</orientation>
      <time>29</time>
    </ksState>
    <ksState>
      <x>-701.1152767408379</x>
      <y>-781.9762279381904</y>
      <steeringAngle>-0.1776666666666672</steeringAngle>
      <velocity>4.0</velocity>
      <orientation>-0.23497876773196583</orientation>
      <time>30</time>
    </ksState>
    <ksState>
      <x>-700.7662568497848</x>
      <y>-782.0644227777013</y>
      <steeringAngle>-0.17766666666666667</steeringAngle>
      <velocity>3.2000000000000006</velocity>
      <orientation>-0.2600442070001434</orientation>
      <time>31</time>
    </ksState>
    <ksState>
      <x>-700.4963897390403</x>
      <y>-782.1390502439652</y>
      <steeringAngle>-0.17766666666666667</steeringAngle>
      <velocity>2.4000000000000012</velocity>
      <orientation>-0.2795395486301732</orientation>
      <time>32</time>
    </ksState>
    <ksState>
      <x>-700.3045436484548</x>
      <y>-782.1955695378376</y>
      <steeringAngle>-0.17766666666666667</steeringAngle>
      <velocity>1.6000000000000005</velocity>
      <orientation>-0.29346479262915415</orientation>
      <time>33</time>
    </ksState>
  </ksTrajectory>
</CommonRoadSolution>
