<?xml version="1.0" ?>
<CommonRoadSolution benchmark_id="KS2:SM1:DEU_Flensburg-81_1_T-1:2020a" computation_time="6.64561327499996" date="2020-12-29">
  <ksTrajectory planningProblem="123">
    <ksState>
      <x>-166.04441</x>
      <y>-82.076895</y>
      <steeringAngle>0.0</steeringAngle>
      <velocity>20.0</velocity>
      <orientation>-1.6704326</orientation>
      <time>0</time>
    </ksState>
    <ksState>
      <x>-166.23937414071133</x>
      <y>-84.02717420639637</y>
      <steeringAngle>0.0</steeringAngle>
      <velocity>19.2</velocity>
      <orientation>-1.6704326</orientation>
      <time>1</time>
    </ksState>
    <ksState>
      <x>-166.4263805613329</x>
      <y>-85.89785017927126</y>
      <steeringAngle>0.0</steeringAngle>
      <velocity>18.400000000000002</velocity>
      <orientation>-1.6704326</orientation>
      <time>2</time>
    </ksState>
    <ksState>
      <x>-166.60542926190433</x>
      <y>-87.68892291902084</y>
      <steeringAngle>0.0</steeringAngle>
      <velocity>17.6</velocity>
      <orientation>-1.6704326</orientation>
      <time>3</time>
    </ksState>
    <ksState>
      <x>-166.77652024243858</x>
      <y>-89.40039242577468</y>
      <steeringAngle>0.0</steeringAngle>
      <velocity>16.8</velocity>
      <orientation>-1.6704326</orientation>
      <time>4</time>
    </ksState>
    <ksState>
      <x>-166.93965350293965</x>
      <y>-91.03225869957288</y>
      <steeringAngle>0.0</steeringAngle>
      <velocity>16.0</velocity>
      <orientation>-1.6704326</orientation>
      <time>5</time>
    </ksState>
    <ksState>
      <x>-167.0948290434914</x>
      <y>-92.58452174125419</y>
      <steeringAngle>0.0</steeringAngle>
      <velocity>15.2</velocity>
      <orientation>-1.6704326</orientation>
      <time>6</time>
    </ksState>
    <ksState>
      <x>-167.24204686395873</x>
      <y>-94.05718154946787</y>
      <steeringAngle>0.0</steeringAngle>
      <velocity>14.400000000000002</velocity>
      <orientation>-1.6704326</orientation>
      <time>7</time>
    </ksState>
    <ksState>
      <x>-167.38130696437855</x>
      <y>-95.45023812458227</y>
      <steeringAngle>0.0</steeringAngle>
      <velocity>13.600000000000001</velocity>
      <orientation>-1.6704326</orientation>
      <time>8</time>
    </ksState>
    <ksState>
      <x>-167.51260934476198</x>
      <y>-96.7636914667089</y>
      <steeringAngle>0.0</steeringAngle>
      <velocity>12.800000000000004</velocity>
      <orientation>-1.6704326</orientation>
      <time>9</time>
    </ksState>
    <ksState>
      <x>-167.63595400511252</x>
      <y>-97.997541575883</y>
      <steeringAngle>0.0</steeringAngle>
      <velocity>12.000000000000002</velocity>
      <orientation>-1.6704326</orientation>
      <time>10</time>
    </ksState>
    <ksState>
      <x>-167.75531980556255</x>
      <y>-99.19159006974031</y>
      <steeringAngle>0.0</steeringAngle>
      <velocity>12.0</velocity>
      <orientation>-1.6704326</orientation>
      <time>11</time>
    </ksState>
    <ksState>
      <x>-167.87468560601258</x>
      <y>-100.38563856359764</y>
      <steeringAngle>0.0</steeringAngle>
      <velocity>12.0</velocity>
      <orientation>-1.6704326</orientation>
      <time>12</time>
    </ksState>
    <ksState>
      <x>-167.9940514064626</x>
      <y>-101.57968705745495</y>
      <steeringAngle>0.0</steeringAngle>
      <velocity>12.0</velocity>
      <orientation>-1.6704326</orientation>
      <time>13</time>
    </ksState>
    <ksState>
      <x>-168.11341720691263</x>
      <y>-102.77373555131227</y>
      <steeringAngle>0.0</steeringAngle>
      <velocity>12.0</velocity>
      <orientation>-1.6704326</orientation>
      <time>14</time>
    </ksState>
    <ksState>
      <x>-168.23278300736266</x>
      <y>-103.96778404516958</y>
      <steeringAngle>0.0</steeringAngle>
      <velocity>12.0</velocity>
      <orientation>-1.6704326</orientation>
      <time>15</time>
    </ksState>
    <ksState>
      <x>-168.34514680750488</x>
      <y>-105.12232591152124</y>
      <steeringAngle>0.03553333333333333</steeringAngle>
      <velocity>11.200000000000001</velocity>
      <orientation>-1.662531326227656</orientation>
      <time>16</time>
    </ksState>
    <ksState>
      <x>-168.43344656587746</x>
      <y>-106.19868772158637</y>
      <steeringAngle>0.07106666666666667</steeringAngle>
      <velocity>10.400000000000007</velocity>
      <orientation>-1.640278895429166</orientation>
      <time>17</time>
    </ksState>
    <ksState>
      <x>-168.48683410312773</x>
      <y>-107.19721200259069</y>
      <steeringAngle>0.10660000000000001</steeringAngle>
      <velocity>9.60000000000001</velocity>
      <orientation>-1.6058308845444944</orientation>
      <time>18</time>
    </ksState>
    <ksState>
      <x>-168.49957742257922</x>
      <y>-108.11704775970428</y>
      <steeringAngle>0.14213333333333344</steeringAngle>
      <velocity>8.800000000000008</velocity>
      <orientation>-1.5613227524236495</orientation>
      <time>19</time>
    </ksState>
    <ksState>
      <x>-168.4704339640878</x>
      <y>-108.95644573171496</y>
      <steeringAngle>0.17766666666666675</steeringAngle>
      <velocity>8.000000000000009</velocity>
      <orientation>-1.508880454608668</orientation>
      <time>20</time>
    </ksState>
    <ksState>
      <x>-168.39872655326346</x>
      <y>-109.75312168151954</y>
      <steeringAngle>0.17766666666666667</steeringAngle>
      <velocity>8.0</velocity>
      <orientation>-1.4531794782981562</orientation>
      <time>21</time>
    </ksState>
    <ksState>
      <x>-168.28277766531093</x>
      <y>-110.54456999743161</y>
      <steeringAngle>0.17766666666666667</steeringAngle>
      <velocity>8.0</velocity>
      <orientation>-1.3974785019876446</orientation>
      <time>22</time>
    </ksState>
    <ksState>
      <x>-168.12294695271132</x>
      <y>-111.32833573302234</y>
      <steeringAngle>0.17766666666666667</steeringAngle>
      <velocity>8.0</velocity>
      <orientation>-1.341777525677133</orientation>
      <time>23</time>
    </ksState>
    <ksState>
      <x>-167.919730177812</x>
      <y>-112.10198780646111</y>
      <steeringAngle>0.17766666666666667</steeringAngle>
      <velocity>8.0</velocity>
      <orientation>-1.286076549366621</orientation>
      <time>24</time>
    </ksState>
    <ksState>
      <x>-167.67375767702626</x>
      <y>-112.86312650686118</y>
      <steeringAngle>0.17766666666666667</steeringAngle>
      <velocity>8.0</velocity>
      <orientation>-1.2303755730561092</orientation>
      <time>25</time>
    </ksState>
    <ksState>
      <x>-167.4024100319777</x>
      <y>-113.5729582523678</y>
      <steeringAngle>0.1421333333333334</steeringAngle>
      <velocity>7.2</velocity>
      <orientation>-1.1827482513104723</orientation>
      <time>26</time>
    </ksState>
    <ksState>
      <x>-167.134258041266</x>
      <y>-114.19782006148807</y>
      <steeringAngle>0.10660000000000011</steeringAngle>
      <velocity>6.4</velocity>
      <orientation>-1.1496886808625044</orientation>
      <time>27</time>
    </ksState>
    <ksState>
      <x>-166.8829354608088</x>
      <y>-114.74263553095453</y>
      <steeringAngle>0.07106666666666674</steeringAngle>
      <velocity>5.600000000000001</velocity>
      <orientation>-1.128871732568616</orientation>
      <time>28</time>
    </ksState>
    <ksState>
      <x>-166.65771578023384</x>
      <y>-115.21132883358038</y>
      <steeringAngle>0.03553333333333339</steeringAngle>
      <velocity>4.800000000000001</velocity>
      <orientation>-1.118021122910953</orientation>
      <time>29</time>
    </ksState>
    <ksState>
      <x>-166.4644150187732</x>
      <y>-115.60659411841785</y>
      <steeringAngle>5.5294310796760726e-17</steeringAngle>
      <velocity>4.0</velocity>
      <orientation>-1.1148973470737875</orientation>
      <time>30</time>
    </ksState>
    <ksState>
      <x>-166.27111427715704</x>
      <y>-116.00185941492438</y>
      <steeringAngle>-0.035533333333333326</steeringAngle>
      <velocity>4.799999999999999</velocity>
      <orientation>-1.1180211257429784</orientation>
      <time>31</time>
    </ksState>
    <ksState>
      <x>-166.04589460487966</x>
      <y>-116.47055272351275</y>
      <steeringAngle>-0.07106666666666667</steeringAngle>
      <velocity>5.599999999999998</velocity>
      <orientation>-1.1288717368041512</orientation>
      <time>32</time>
    </ksState>
    <ksState>
      <x>-165.79457203133276</x>
      <y>-117.01536819629018</y>
      <steeringAngle>-0.10659999999999999</steeringAngle>
      <velocity>6.3999999999999995</velocity>
      <orientation>-1.149688685804479</orientation>
      <time>33</time>
    </ksState>
    <ksState>
      <x>-165.5264200522601</x>
      <y>-117.64023000379377</y>
      <steeringAngle>-0.14213333333333333</steeringAngle>
      <velocity>7.199999999999999</velocity>
      <orientation>-1.1827482567856442</orientation>
      <time>34</time>
    </ksState>
    <ksState>
      <x>-165.25507242657463</x>
      <y>-118.35006173364015</y>
      <steeringAngle>-0.17766666666666664</steeringAngle>
      <velocity>7.9999999999999964</velocity>
      <orientation>-1.2303755788671908</orientation>
      <time>35</time>
    </ksState>
    <ksState>
      <x>-165.00909993617867</x>
      <y>-119.1112003910033</y>
      <steeringAngle>-0.17766666666666667</steeringAngle>
      <velocity>8.0</velocity>
      <orientation>-1.2860765551777027</orientation>
      <time>36</time>
    </ksState>
    <ksState>
      <x>-164.8058831588647</x>
      <y>-119.88485245931022</y>
      <steeringAngle>-0.17766666666666667</steeringAngle>
      <velocity>8.0</velocity>
      <orientation>-1.3417775314882143</orientation>
      <time>37</time>
    </ksState>
    <ksState>
      <x>-164.64605244293634</x>
      <y>-120.66861819422213</y>
      <steeringAngle>-0.17766666666666667</steeringAngle>
      <velocity>8.0</velocity>
      <orientation>-1.3974785077987262</orientation>
      <time>38</time>
    </ksState>
    <ksState>
      <x>-164.53010355075253</x>
      <y>-121.46006651391075</y>
      <steeringAngle>-0.17766666666666667</steeringAngle>
      <velocity>8.0</velocity>
      <orientation>-1.4531794841092378</orientation>
      <time>39</time>
    </ksState>
    <ksState>
      <x>-164.45839613263638</x>
      <y>-122.25674250738402</y>
      <steeringAngle>-0.17766666666666667</steeringAngle>
      <velocity>8.0</velocity>
      <orientation>-1.5088804604197497</orientation>
      <time>40</time>
    </ksState>
    <ksState>
      <x>-164.43115262409506</x>
      <y>-123.05617500172393</y>
      <steeringAngle>-0.17766666666666667</steeringAngle>
      <velocity>8.0</velocity>
      <orientation>-1.5645814367302615</orientation>
      <time>41</time>
    </ksState>
    <ksState>
      <x>-164.44845751371398</x>
      <y>-123.85588440030115</y>
      <steeringAngle>-0.17766666666666667</steeringAngle>
      <velocity>8.0</velocity>
      <orientation>-1.6202824130407731</orientation>
      <time>42</time>
    </ksState>
    <ksState>
      <x>-164.5102571269408</x>
      <y>-124.65339013243177</y>
      <steeringAngle>-0.17766666666666667</steeringAngle>
      <velocity>8.0</velocity>
      <orientation>-1.675983389351285</orientation>
      <time>43</time>
    </ksState>
    <ksState>
      <x>-164.61635977395093</x>
      <y>-125.4462184976118</y>
      <steeringAngle>-0.17766666666666667</steeringAngle>
      <velocity>8.0</velocity>
      <orientation>-1.7316843656617966</orientation>
      <time>44</time>
    </ksState>
    <ksState>
      <x>-164.76643634653774</x>
      <y>-126.23191030407924</y>
      <steeringAngle>-0.17766666666666667</steeringAngle>
      <velocity>8.0</velocity>
      <orientation>-1.7873853419723085</orientation>
      <time>45</time>
    </ksState>
    <ksState>
      <x>-164.95855851897733</x>
      <y>-127.00841237455478</y>
      <steeringAngle>-0.14213333333333336</steeringAngle>
      <velocity>8.0</velocity>
      <orientation>-1.8374201535210568</orientation>
      <time>46</time>
    </ksState>
    <ksState>
      <x>-165.1849659429892</x>
      <y>-127.77565376406433</y>
      <steeringAngle>-0.1066000000000001</steeringAngle>
      <velocity>8.0</velocity>
      <orientation>-1.8762040055280542</orientation>
      <time>47</time>
    </ksState>
    <ksState>
      <x>-165.43672492724238</x>
      <y>-128.53498016446878</y>
      <steeringAngle>-0.07106666666666674</steeringAngle>
      <velocity>8.0</velocity>
      <orientation>-1.9038364845577411</orientation>
      <time>48</time>
    </ksState>
    <ksState>
      <x>-165.7051980998497</x>
      <y>-129.28857649858188</y>
      <steeringAngle>-0.035533333333333354</steeringAngle>
      <velocity>8.0</velocity>
      <orientation>-1.9203880051867706</orientation>
      <time>49</time>
    </ksState>
    <ksState>
      <x>-165.98196951832082</x>
      <y>-130.03917349287707</y>
      <steeringAngle>-2.0816681711721685e-17</steeringAngle>
      <velocity>8.0</velocity>
      <orientation>-1.9259005316451754</orientation>
      <time>50</time>
    </ksState>
    <ksState>
      <x>-166.2587409201645</x>
      <y>-130.78977044722652</y>
      <steeringAngle>0.03553333333333333</steeringAngle>
      <velocity>8.0</velocity>
      <orientation>-1.9203879966423365</orientation>
      <time>51</time>
    </ksState>
    <ksState>
      <x>-166.52721408949034</x>
      <y>-131.54336678320274</y>
      <steeringAngle>0.07106666666666667</steeringAngle>
      <velocity>8.0</velocity>
      <orientation>-1.903836475762067</orientation>
      <time>52</time>
    </ksState>
    <ksState>
      <x>-166.7789730690099</x>
      <y>-132.30269318601407</y>
      <steeringAngle>0.10659999999999997</steeringAngle>
      <velocity>8.0</velocity>
      <orientation>-1.8762039964713721</orientation>
      <time>53</time>
    </ksState>
    <ksState>
      <x>-167.00538048705374</x>
      <y>-133.0699345782135</y>
      <steeringAngle>0.1421333333333333</steeringAngle>
      <velocity>8.0</velocity>
      <orientation>-1.837420144198637</orientation>
      <time>54</time>
    </ksState>
    <ksState>
      <x>-167.19750262263656</x>
      <y>-133.84643665138032</y>
      <steeringAngle>0.17766666666666667</steeringAngle>
      <velocity>8.0</velocity>
      <orientation>-1.7873853319494826</orientation>
      <time>55</time>
    </ksState>
    <ksState>
      <x>-167.34757918691975</x>
      <y>-134.6321284144892</y>
      <steeringAngle>0.17766666666666667</steeringAngle>
      <velocity>8.0</velocity>
      <orientation>-1.7316843556389707</orientation>
      <time>56</time>
    </ksState>
    <ksState>
      <x>-167.45368183362072</x>
      <y>-135.4249567753218</y>
      <steeringAngle>0.17766666666666667</steeringAngle>
      <velocity>8.0</velocity>
      <orientation>-1.675983379328459</orientation>
      <time>57</time>
    </ksState>
    <ksState>
      <x>-167.51548144687575</x>
      <y>-136.22246250745022</y>
      <steeringAngle>0.17766666666666667</steeringAngle>
      <velocity>8.0</velocity>
      <orientation>-1.6202824030179475</orientation>
      <time>58</time>
    </ksState>
    <ksState>
      <x>-167.5327863368589</x>
      <y>-137.0221719103706</y>
      <steeringAngle>0.17766666666666667</steeringAngle>
      <velocity>8.0</velocity>
      <orientation>-1.5645814267074356</orientation>
      <time>59</time>
    </ksState>
    <ksState>
      <x>-167.50554282679278</x>
      <y>-137.8216044488307</y>
      <steeringAngle>0.17766666666666667</steeringAngle>
      <velocity>8.0</velocity>
      <orientation>-1.5088804503969238</orientation>
      <time>60</time>
    </ksState>
    <ksState>
      <x>-167.4353399152941</x>
      <y>-138.61843438414488</y>
      <steeringAngle>0.14213333333333336</steeringAngle>
      <velocity>8.0</velocity>
      <orientation>-1.4588456388481754</orientation>
      <time>61</time>
    </ksState>
    <ksState>
      <x>-167.3298343775507</x>
      <y>-139.41139608115787</y>
      <steeringAngle>0.1066000000000001</steeringAngle>
      <velocity>8.0</velocity>
      <orientation>-1.420061786841178</orientation>
      <time>62</time>
    </ksState>
    <ksState>
      <x>-167.19806056739094</x>
      <y>-140.20044286776775</y>
      <steeringAngle>0.07106666666666674</steeringAngle>
      <velocity>8.0</velocity>
      <orientation>-1.392429307811491</orientation>
      <time>63</time>
    </ksState>
    <ksState>
      <x>-167.04888934620655</x>
      <y>-140.98640293416352</y>
      <steeringAngle>0.035533333333333354</steeringAngle>
      <velocity>8.0</velocity>
      <orientation>-1.3758777871824617</orientation>
      <time>64</time>
    </ksState>
    <ksState>
      <x>-166.8910568743854</x>
      <y>-141.77067787113802</y>
      <steeringAngle>2.0816681711721685e-17</steeringAngle>
      <velocity>8.0</velocity>
      <orientation>-1.3703652607240568</orientation>
      <time>65</time>
    </ksState>
    <ksState>
      <x>-166.7410136581114</x>
      <y>-142.51571859383873</y>
      <steeringAngle>-0.03553333333333333</steeringAngle>
      <velocity>7.199999999999999</velocity>
      <orientation>-1.3755102737065492</orientation>
      <time>66</time>
    </ksState>
    <ksState>
      <x>-166.61320490284618</x>
      <y>-143.18359384963028</y>
      <steeringAngle>-0.07106666666666664</steeringAngle>
      <velocity>6.400000000000001</velocity>
      <orientation>-1.3894869458275123</orientation>
      <time>67</time>
    </ksState>
    <ksState>
      <x>-166.51069967902166</x>
      <y>-143.77476209817993</y>
      <steeringAngle>-0.10659999999999997</steeringAngle>
      <velocity>5.600000000000004</velocity>
      <orientation>-1.4101187136933937</orientation>
      <time>68</time>
    </ksState>
    <ksState>
      <x>-166.43364939476456</x>
      <y>-144.2890081893429</y>
      <steeringAngle>-0.1421333333333333</steeringAngle>
      <velocity>4.800000000000003</velocity>
      <orientation>-1.4352349212020419</orientation>
      <time>69</time>
    </ksState>
    <ksState>
      <x>-166.37994411483183</x>
      <y>-144.72570444120555</y>
      <steeringAngle>-0.17766666666666653</steeringAngle>
      <velocity>4.000000000000006</velocity>
      <orientation>-1.4626598177871917</orientation>
      <time>70</time>
    </ksState>
    <ksState>
      <x>-166.34231654838854</x>
      <y>-145.12391771654754</y>
      <steeringAngle>-0.17766666666666667</steeringAngle>
      <velocity>4.0</velocity>
      <orientation>-1.4905103059424476</orientation>
      <time>71</time>
    </ksState>
    <ksState>
      <x>-166.3157925684261</x>
      <y>-145.52302441090268</y>
      <steeringAngle>-0.17766666666666667</steeringAngle>
      <velocity>4.0</velocity>
      <orientation>-1.5183607940977035</orientation>
      <time>72</time>
    </ksState>
    <ksState>
      <x>-166.30039275334855</x>
      <y>-145.92271494357337</y>
      <steeringAngle>-0.17766666666666667</steeringAngle>
      <velocity>4.0</velocity>
      <orientation>-1.5462112822529592</orientation>
      <time>73</time>
    </ksState>
    <ksState>
      <x>-166.2961290469899</x>
      <y>-146.32267931447282</y>
      <steeringAngle>-0.17766666666666667</steeringAngle>
      <velocity>4.0</velocity>
      <orientation>-1.5740617704082152</orientation>
      <time>74</time>
    </ksState>
    <ksState>
      <x>-166.30300475733773</x>
      <y>-146.7226073112883</y>
      <steeringAngle>-0.17766666666666667</steeringAngle>
      <velocity>4.0</velocity>
      <orientation>-1.601912258563471</orientation>
      <time>75</time>
    </ksState>
    <ksState>
      <x>-166.32063692592183</x>
      <y>-147.12220805339322</y>
      <steeringAngle>-0.1421333333333333</steeringAngle>
      <velocity>4.0</velocity>
      <orientation>-1.6269296649079943</orientation>
      <time>76</time>
    </ksState>
    <ksState>
      <x>-166.34713539144127</x>
      <y>-147.52132308524168</y>
      <steeringAngle>-0.10659999999999999</steeringAngle>
      <velocity>4.0</velocity>
      <orientation>-1.646321591198745</orientation>
      <time>77</time>
    </ksState>
    <ksState>
      <x>-166.38025568450436</x>
      <y>-147.91994633089098</y>
      <steeringAngle>-0.07106666666666664</steeringAngle>
      <velocity>4.0</velocity>
      <orientation>-1.6601378309336978</orientation>
      <time>78</time>
    </ksState>
    <ksState>
      <x>-166.41777631982603</x>
      <y>-148.31818153652594</y>
      <steeringAngle>-0.03553333333333332</steeringAngle>
      <velocity>4.0</velocity>
      <orientation>-1.6684135913959632</orientation>
      <time>79</time>
    </ksState>
    <ksState>
      <x>-166.457492680745</x>
      <y>-148.71620477494906</y>
      <steeringAngle>2.2985086056692694e-17</steeringAngle>
      <velocity>4.0</velocity>
      <orientation>-1.6711698546908036</orientation>
      <time>80</time>
    </ksState>
    <ksState>
      <x>-166.4972090380388</x>
      <y>-149.11422800000943</y>
      <steeringAngle>0.035533333333333326</steeringAngle>
      <velocity>4.0</velocity>
      <orientation>-1.6684135801582032</orientation>
      <time>81</time>
    </ksState>
    <ksState>
      <x>-166.53472966950227</x>
      <y>-149.51246320604056</y>
      <steeringAngle>0.07106666666666711</steeringAngle>
      <velocity>4.0</velocity>
      <orientation>-1.6601378196149177</orientation>
      <time>82</time>
    </ksState>
    <ksState>
      <x>-166.56784995827223</x>
      <y>-149.91108645192986</y>
      <steeringAngle>0.10660000000000043</steeringAngle>
      <velocity>4.0</velocity>
      <orientation>-1.6463215797957809</orientation>
      <time>83</time>
    </ksState>
    <ksState>
      <x>-166.5943484191995</x>
      <y>-150.31020148367216</y>
      <steeringAngle>0.14213333333333378</steeringAngle>
      <velocity>4.0</velocity>
      <orientation>-1.626929653410235</orientation>
      <time>84</time>
    </ksState>
    <ksState>
      <x>-166.61198058305496</x>
      <y>-150.70980222528473</y>
      <steeringAngle>0.1776666666666672</steeringAngle>
      <velocity>4.0</velocity>
      <orientation>-1.6019122469588378</orientation>
      <time>85</time>
    </ksState>
    <ksState>
      <x>-166.61847576678065</x>
      <y>-151.10973375893667</y>
      <steeringAngle>0.21319999999999995</steeringAngle>
      <velocity>4.0</velocity>
      <orientation>-1.5712044643213376</orientation>
      <time>86</time>
    </ksState>
    <ksState>
      <x>-166.61153786181967</x>
      <y>-151.5096513935014</y>
      <steeringAngle>0.24873333333333336</steeringAngle>
      <velocity>4.0</velocity>
      <orientation>-1.5347256231986435</orientation>
      <time>87</time>
    </ksState>
    <ksState>
      <x>-166.58885142184081</x>
      <y>-151.90897758413172</y>
      <steeringAngle>0.2842666666666667</steeringAngle>
      <velocity>4.0</velocity>
      <orientation>-1.4923783893531954</orientation>
      <time>88</time>
    </ksState>
    <ksState>
      <x>-166.5480945085712</x>
      <y>-152.3068566120646</y>
      <steeringAngle>0.31980000000000003</steeringAngle>
      <velocity>4.0</velocity>
      <orientation>-1.4440477079860603</orientation>
      <time>89</time>
    </ksState>
    <ksState>
      <x>-166.4869599656594</x>
      <y>-152.70210720498008</y>
      <steeringAngle>0.35533333333333333</steeringAngle>
      <velocity>4.0</velocity>
      <orientation>-1.389599506807782</orientation>
      <time>90</time>
    </ksState>
    <ksState>
      <x>-166.40400220700164</x>
      <y>-153.0933596630694</y>
      <steeringAngle>0.31979999999999986</steeringAngle>
      <velocity>4.0</velocity>
      <orientation>-1.3351513076144024</orientation>
      <time>91</time>
    </ksState>
    <ksState>
      <x>-166.30105851045522</x>
      <y>-153.479845694922</y>
      <steeringAngle>0.28426666666666656</steeringAngle>
      <velocity>4.0</velocity>
      <orientation>-1.2868206281331451</orientation>
      <time>92</time>
    </ksState>
    <ksState>
      <x>-166.1807049940157</x>
      <y>-153.86127866577675</y>
      <steeringAngle>0.2487333333333332</steeringAngle>
      <velocity>4.0</velocity>
      <orientation>-1.24447339441027</orientation>
      <time>93</time>
    </ksState>
    <ksState>
      <x>-166.04541612176325</x>
      <y>-154.23768159943745</y>
      <steeringAngle>0.21319999999999986</steeringAngle>
      <velocity>4.0</velocity>
      <orientation>-1.2079945533366423</orientation>
      <time>94</time>
    </ksState>
    <ksState>
      <x>-165.897561701445</x>
      <y>-154.60933531898914</y>
      <steeringAngle>0.1776666666666665</steeringAngle>
      <velocity>4.0</velocity>
      <orientation>-1.1772867706878145</orientation>
      <time>95</time>
    </ksState>
    <ksState>
      <x>-165.75563934542416</x>
      <y>-154.94017139363717</y>
      <steeringAngle>0.1421333333333333</steeringAngle>
      <velocity>3.1999999999999993</velocity>
      <orientation>-1.1546768557143723</orientation>
      <time>96</time>
    </ksState>
    <ksState>
      <x>-165.64062971122576</x>
      <y>-155.19545860086376</y>
      <steeringAngle>0.10659999999999997</steeringAngle>
      <velocity>2.3999999999999977</velocity>
      <orientation>-1.1410092148436648</orientation>
      <time>97</time>
    </ksState>
    <ksState>
      <x>-165.55661684516932</x>
      <y>-155.37695701201625</y>
      <steeringAngle>0.07106666666666664</steeringAngle>
      <velocity>1.5999999999999976</velocity>
      <orientation>-1.1340085089904457</orientation>
      <time>98</time>
    </ksState>
    <ksState>
      <x>-165.50569850561382</x>
      <y>-155.48561847849987</y>
      <steeringAngle>0.0355333333333333</steeringAngle>
      <velocity>0.7999999999999972</velocity>
      <orientation>-1.1314336645164784</orientation>
      <time>99</time>
    </ksState>
  </ksTrajectory>
</CommonRoadSolution>
