<?xml version="1.0" ?>
<CommonRoadSolution benchmark_id="KS2:SM1:ESP_Requena-6_2_T-1:2020a" computation_time="1.6846615110002858" date="2020-12-29">
  <ksTrajectory planningProblem="1">
    <ksState>
      <x>229.9301</x>
      <y>-657.23014</y>
      <steeringAngle>0.0</steeringAngle>
      <velocity>8.0</velocity>
      <orientation>-2.7931633</orientation>
      <time>0</time>
    </ksState>
    <ksState>
      <x>229.17867608456018</x>
      <y>-657.5046582982285</y>
      <steeringAngle>0.03553333333333333</steeringAngle>
      <velocity>8.0</velocity>
      <orientation>-2.787650764997161</orientation>
      <time>1</time>
    </ksState>
    <ksState>
      <x>228.43033321922286</x>
      <y>-657.7874448540322</y>
      <steeringAngle>0.07106666666666667</steeringAngle>
      <velocity>8.0</velocity>
      <orientation>-2.7710992441168916</orientation>
      <time>2</time>
    </ksState>
    <ksState>
      <x>227.68843350957965</x>
      <y>-658.0866838732234</y>
      <steeringAngle>0.10659999999999997</steeringAngle>
      <velocity>8.0</velocity>
      <orientation>-2.7434667648261963</orientation>
      <time>3</time>
    </ksState>
    <ksState>
      <x>226.95689847512483</x>
      <y>-658.4103753408505</y>
      <steeringAngle>0.1421333333333333</steeringAngle>
      <velocity>8.0</velocity>
      <orientation>-2.7046829125534617</orientation>
      <time>4</time>
    </ksState>
    <ksState>
      <x>226.24048131338878</x>
      <y>-658.7662023142285</y>
      <steeringAngle>0.17766666666666667</steeringAngle>
      <velocity>8.0</velocity>
      <orientation>-2.654648100304307</orientation>
      <time>5</time>
    </ksState>
    <ksState>
      <x>225.54349575425903</x>
      <y>-659.1587294151532</y>
      <steeringAngle>0.14213333333333336</steeringAngle>
      <velocity>8.0</velocity>
      <orientation>-2.6046132887555586</orientation>
      <time>6</time>
    </ksState>
    <ksState>
      <x>224.86459119306278</x>
      <y>-659.5818231024272</y>
      <steeringAngle>0.1066000000000001</steeringAngle>
      <velocity>8.0</velocity>
      <orientation>-2.5658294367485612</orientation>
      <time>7</time>
    </ksState>
    <ksState>
      <x>224.20008486147992</x>
      <y>-660.0272335915153</y>
      <steeringAngle>0.07106666666666674</steeringAngle>
      <velocity>8.0</velocity>
      <orientation>-2.538196957718874</orientation>
      <time>8</time>
    </ksState>
    <ksState>
      <x>223.54556438370264</x>
      <y>-660.487220790651</y>
      <steeringAngle>0.035533333333333354</steeringAngle>
      <velocity>8.0</velocity>
      <orientation>-2.521645437089845</orientation>
      <time>9</time>
    </ksState>
    <ksState>
      <x>222.89615054408614</x>
      <y>-660.9544037642727</y>
      <steeringAngle>2.0816681711721685e-17</steeringAngle>
      <velocity>8.0</velocity>
      <orientation>-2.5161329106314403</orientation>
      <time>10</time>
    </ksState>
    <ksState>
      <x>222.24759531251857</x>
      <y>-661.4227798008142</y>
      <steeringAngle>0.0</steeringAngle>
      <velocity>8.0</velocity>
      <orientation>-2.5161329106314403</orientation>
      <time>11</time>
    </ksState>
    <ksState>
      <x>221.59904008095097</x>
      <y>-661.8911558373557</y>
      <steeringAngle>0.0</steeringAngle>
      <velocity>8.0</velocity>
      <orientation>-2.5161329106314403</orientation>
      <time>12</time>
    </ksState>
    <ksState>
      <x>220.9504848493834</x>
      <y>-662.3595318738971</y>
      <steeringAngle>0.0</steeringAngle>
      <velocity>8.0</velocity>
      <orientation>-2.5161329106314403</orientation>
      <time>13</time>
    </ksState>
    <ksState>
      <x>220.30192961781583</x>
      <y>-662.8279079104387</y>
      <steeringAngle>0.0</steeringAngle>
      <velocity>8.0</velocity>
      <orientation>-2.5161329106314403</orientation>
      <time>14</time>
    </ksState>
    <ksState>
      <x>219.65337438624826</x>
      <y>-663.2962839469802</y>
      <steeringAngle>0.0</steeringAngle>
      <velocity>8.0</velocity>
      <orientation>-2.5161329106314403</orientation>
      <time>15</time>
    </ksState>
    <ksState>
      <x>219.03724691684835</x>
      <y>-663.7412411812691</y>
      <steeringAngle>0.0</steeringAngle>
      <velocity>7.200000000000001</velocity>
      <orientation>-2.5161329106314403</orientation>
      <time>16</time>
    </ksState>
    <ksState>
      <x>218.48597497084378</x>
      <y>-664.1393608117314</y>
      <steeringAngle>0.0</steeringAngle>
      <velocity>6.400000000000001</velocity>
      <orientation>-2.5161329106314403</orientation>
      <time>17</time>
    </ksState>
    <ksState>
      <x>217.99955854807232</x>
      <y>-664.4906428384846</y>
      <steeringAngle>0.0</steeringAngle>
      <velocity>5.600000000000001</velocity>
      <orientation>-2.5161329106314403</orientation>
      <time>18</time>
    </ksState>
    <ksState>
      <x>217.5779976484881</x>
      <y>-664.7950872615615</y>
      <steeringAngle>0.0</steeringAngle>
      <velocity>4.800000000000001</velocity>
      <orientation>-2.5161329106314403</orientation>
      <time>19</time>
    </ksState>
    <ksState>
      <x>217.2212922720743</x>
      <y>-665.0526940809744</y>
      <steeringAngle>0.0</steeringAngle>
      <velocity>4.000000000000001</velocity>
      <orientation>-2.5161329106314403</orientation>
      <time>20</time>
    </ksState>
    <ksState>
      <x>216.8970146562905</x>
      <y>-665.2868820992452</y>
      <steeringAngle>0.0</steeringAngle>
      <velocity>4.0</velocity>
      <orientation>-2.5161329106314403</orientation>
      <time>21</time>
    </ksState>
    <ksState>
      <x>216.57273704050672</x>
      <y>-665.5210701175159</y>
      <steeringAngle>0.0</steeringAngle>
      <velocity>4.0</velocity>
      <orientation>-2.5161329106314403</orientation>
      <time>22</time>
    </ksState>
    <ksState>
      <x>216.24845942472294</x>
      <y>-665.7552581357867</y>
      <steeringAngle>0.0</steeringAngle>
      <velocity>4.0</velocity>
      <orientation>-2.5161329106314403</orientation>
      <time>23</time>
    </ksState>
    <ksState>
      <x>215.92418180893912</x>
      <y>-665.9894461540574</y>
      <steeringAngle>0.0</steeringAngle>
      <velocity>4.0</velocity>
      <orientation>-2.5161329106314403</orientation>
      <time>24</time>
    </ksState>
    <ksState>
      <x>215.59990419315534</x>
      <y>-666.2236341723282</y>
      <steeringAngle>0.0</steeringAngle>
      <velocity>4.0</velocity>
      <orientation>-2.5161329106314403</orientation>
      <time>25</time>
    </ksState>
    <ksState>
      <x>215.2754116855896</x>
      <y>-666.457524080742</y>
      <steeringAngle>-0.035533333333333326</steeringAngle>
      <velocity>4.0</velocity>
      <orientation>-2.5188891851640407</orientation>
      <time>26</time>
    </ksState>
    <ksState>
      <x>214.94963506482893</x>
      <y>-666.6896203333482</y>
      <steeringAngle>-0.07106666666666711</steeringAngle>
      <velocity>4.0</velocity>
      <orientation>-2.527164945707326</orientation>
      <time>27</time>
    </ksState>
    <ksState>
      <x>214.62131684340014</x>
      <y>-666.9181035738044</y>
      <steeringAngle>-0.10660000000000043</steeringAngle>
      <velocity>4.0</velocity>
      <orientation>-2.540981185526463</orientation>
      <time>28</time>
    </ksState>
    <ksState>
      <x>214.28925364891958</x>
      <y>-667.1411036004088</y>
      <steeringAngle>-0.14213333333333378</steeringAngle>
      <velocity>4.0</velocity>
      <orientation>-2.560373111912009</orientation>
      <time>29</time>
    </ksState>
    <ksState>
      <x>213.9523256142097</x>
      <y>-667.3566752713817</y>
      <steeringAngle>-0.1776666666666672</steeringAngle>
      <velocity>4.0</velocity>
      <orientation>-2.5853905183634063</orientation>
      <time>30</time>
    </ksState>
    <ksState>
      <x>213.64423979394056</x>
      <y>-667.5428911176897</y>
      <steeringAngle>-0.17766666666666667</steeringAngle>
      <velocity>3.2000000000000006</velocity>
      <orientation>-2.610455957631584</orientation>
      <time>31</time>
    </ksState>
    <ksState>
      <x>213.40144774861315</x>
      <y>-667.6823527213958</y>
      <steeringAngle>-0.17766666666666667</steeringAngle>
      <velocity>2.4000000000000012</velocity>
      <orientation>-2.629951299261614</orientation>
      <time>32</time>
    </ksState>
    <ksState>
      <x>213.22638318756086</x>
      <y>-667.7790571810464</y>
      <steeringAngle>-0.17766666666666667</steeringAngle>
      <velocity>1.6000000000000005</velocity>
      <orientation>-2.6438765432605944</orientation>
      <time>33</time>
    </ksState>
  </ksTrajectory>
</CommonRoadSolution>
