<?xml version="1.0" ?>
<CommonRoadSolution benchmark_id="KS2:SM1:ESP_Ceuta-1_2_T-1:2020a" computation_time="2.8228483180000694" date="2020-12-29">
  <ksTrajectory planningProblem="1">
    <ksState>
      <x>322.6044</x>
      <y>-13.991175</y>
      <steeringAngle>0.0</steeringAngle>
      <velocity>4.0</velocity>
      <orientation>-0.5130816</orientation>
      <time>0</time>
    </ksState>
    <ksState>
      <x>322.9530745053772</x>
      <y>-14.187200421882302</y>
      <steeringAngle>0.035533333333333326</steeringAngle>
      <velocity>4.0</velocity>
      <orientation>-0.5103253254673996</orientation>
      <time>1</time>
    </ksState>
    <ksState>
      <x>323.3028238803292</x>
      <y>-14.381299499233918</y>
      <steeringAngle>0.07106666666666711</steeringAngle>
      <velocity>4.0</velocity>
      <orientation>-0.5020495649241142</orientation>
      <time>2</time>
    </ksState>
    <ksState>
      <x>323.6546936545552</x>
      <y>-14.571523334958115</y>
      <steeringAngle>0.10660000000000043</steeringAngle>
      <velocity>4.0</velocity>
      <orientation>-0.48823332510497736</orientation>
      <time>3</time>
    </ksState>
    <ksState>
      <x>324.00966988212315</x>
      <y>-14.755878575881322</y>
      <steeringAngle>0.14213333333333378</steeringAngle>
      <velocity>4.0</velocity>
      <orientation>-0.46884139871943153</orientation>
      <time>4</time>
    </ksState>
    <ksState>
      <x>324.368647234715</x>
      <y>-14.932306765878382</y>
      <steeringAngle>0.1776666666666672</steeringAngle>
      <velocity>4.0</velocity>
      <orientation>-0.4438239922680342</orientation>
      <time>5</time>
    </ksState>
    <ksState>
      <x>324.7686540570226</x>
      <y>-15.115561827347774</y>
      <steeringAngle>0.14213333333333333</steeringAngle>
      <velocity>4.8000000000000025</velocity>
      <orientation>-0.41639909254968177</orientation>
      <time>6</time>
    </ksState>
    <ksState>
      <x>325.2469355536698</x>
      <y>-15.319602511860078</y>
      <steeringAngle>0.10660000000000003</steeringAngle>
      <velocity>5.600000000000005</velocity>
      <orientation>-0.3912828802707639</orientation>
      <time>7</time>
    </ksState>
    <ksState>
      <x>325.8040636191602</x>
      <y>-15.542303074712587</y>
      <steeringAngle>0.07106666666666671</steeringAngle>
      <velocity>6.400000000000004</velocity>
      <orientation>-0.3706511106713044</orientation>
      <time>8</time>
    </ksState>
    <ksState>
      <x>326.4397756560564</x>
      <y>-15.783679637142725</y>
      <steeringAngle>0.035533333333333375</steeringAngle>
      <velocity>7.200000000000006</velocity>
      <orientation>-0.3566744425785121</orientation>
      <time>9</time>
    </ksState>
    <ksState>
      <x>327.1528527559841</x>
      <y>-16.046585890190393</y>
      <steeringAngle>2.6346112791397758e-17</steeringAngle>
      <velocity>8.000000000000007</velocity>
      <orientation>-0.35152942979894364</orientation>
      <time>10</time>
    </ksState>
    <ksState>
      <x>327.8659298590599</x>
      <y>-16.309492128802635</y>
      <steeringAngle>-0.03553333333333333</steeringAngle>
      <velocity>7.199999999999999</velocity>
      <orientation>-0.35667444278143595</orientation>
      <time>11</time>
    </ksState>
    <ksState>
      <x>328.50164190070313</x>
      <y>-16.550868671430347</y>
      <steeringAngle>-0.07106666666666664</steeringAngle>
      <velocity>6.400000000000001</velocity>
      <orientation>-0.37065111490239905</orientation>
      <time>12</time>
    </ksState>
    <ksState>
      <x>329.0587699680879</x>
      <y>-16.77356922270186</y>
      <steeringAngle>-0.10659999999999997</steeringAngle>
      <velocity>5.600000000000004</velocity>
      <orientation>-0.39128288276828044</orientation>
      <time>13</time>
    </ksState>
    <ksState>
      <x>329.53705146926126</x>
      <y>-16.97760989074592</y>
      <steeringAngle>-0.1421333333333333</steeringAngle>
      <velocity>4.800000000000003</velocity>
      <orientation>-0.4163990902769287</orientation>
      <time>14</time>
    </ksState>
    <ksState>
      <x>329.9370582947977</x>
      <y>-17.16086493981101</y>
      <steeringAngle>-0.17766666666666653</steeringAngle>
      <velocity>4.000000000000006</velocity>
      <orientation>-0.4438239868620785</orientation>
      <time>15</time>
    </ksState>
    <ksState>
      <x>330.2960356489451</x>
      <y>-17.337293128230733</y>
      <steeringAngle>-0.1421333333333333</steeringAngle>
      <velocity>4.0</velocity>
      <orientation>-0.46884139320660184</orientation>
      <time>16</time>
    </ksState>
    <ksState>
      <x>330.65101187790435</x>
      <y>-17.52164836736476</y>
      <steeringAngle>-0.10659999999999999</steeringAngle>
      <velocity>4.0</velocity>
      <orientation>-0.4882333194973524</orientation>
      <time>17</time>
    </ksState>
    <ksState>
      <x>331.0028816534245</x>
      <y>-17.711872200939887</y>
      <steeringAngle>-0.07106666666666664</steeringAngle>
      <velocity>4.0</velocity>
      <orientation>-0.5020495592323053</orientation>
      <time>18</time>
    </ksState>
    <ksState>
      <x>331.35263102976785</x>
      <y>-17.905971275717395</y>
      <steeringAngle>-0.03553333333333332</steeringAngle>
      <velocity>4.0</velocity>
      <orientation>-0.5103253196945707</orientation>
      <time>19</time>
    </ksState>
    <ksState>
      <x>331.7013055492663</x>
      <y>-18.10199670034901</y>
      <steeringAngle>2.2985086056692694e-17</steeringAngle>
      <velocity>4.0</velocity>
      <orientation>-0.5130815829894111</orientation>
      <time>20</time>
    </ksState>
    <ksState>
      <x>332.04979995225517</x>
      <y>-18.298342444090597</y>
      <steeringAngle>0.0</steeringAngle>
      <velocity>4.0</velocity>
      <orientation>-0.5130815829894111</orientation>
      <time>21</time>
    </ksState>
    <ksState>
      <x>332.398294355244</x>
      <y>-18.494688187832185</y>
      <steeringAngle>0.0</steeringAngle>
      <velocity>4.0</velocity>
      <orientation>-0.5130815829894111</orientation>
      <time>22</time>
    </ksState>
    <ksState>
      <x>332.74678875823287</x>
      <y>-18.691033931573774</y>
      <steeringAngle>0.0</steeringAngle>
      <velocity>4.0</velocity>
      <orientation>-0.5130815829894111</orientation>
      <time>23</time>
    </ksState>
    <ksState>
      <x>333.09528316122174</x>
      <y>-18.887379675315362</y>
      <steeringAngle>0.0</steeringAngle>
      <velocity>4.0</velocity>
      <orientation>-0.5130815829894111</orientation>
      <time>24</time>
    </ksState>
    <ksState>
      <x>333.4437775642106</x>
      <y>-19.083725419056947</y>
      <steeringAngle>0.0</steeringAngle>
      <velocity>4.0</velocity>
      <orientation>-0.5130815829894111</orientation>
      <time>25</time>
    </ksState>
    <ksState>
      <x>333.7922719671995</x>
      <y>-19.280071162798535</y>
      <steeringAngle>0.0</steeringAngle>
      <velocity>4.0</velocity>
      <orientation>-0.5130815829894111</orientation>
      <time>26</time>
    </ksState>
    <ksState>
      <x>334.1407663701883</x>
      <y>-19.476416906540123</y>
      <steeringAngle>0.0</steeringAngle>
      <velocity>4.0</velocity>
      <orientation>-0.5130815829894111</orientation>
      <time>27</time>
    </ksState>
    <ksState>
      <x>334.4892607731772</x>
      <y>-19.67276265028171</y>
      <steeringAngle>0.0</steeringAngle>
      <velocity>4.0</velocity>
      <orientation>-0.5130815829894111</orientation>
      <time>28</time>
    </ksState>
    <ksState>
      <x>334.83775517616607</x>
      <y>-19.8691083940233</y>
      <steeringAngle>0.0</steeringAngle>
      <velocity>4.0</velocity>
      <orientation>-0.5130815829894111</orientation>
      <time>29</time>
    </ksState>
    <ksState>
      <x>335.18624957915495</x>
      <y>-20.065454137764885</y>
      <steeringAngle>0.0</steeringAngle>
      <velocity>4.0</velocity>
      <orientation>-0.5130815829894111</orientation>
      <time>30</time>
    </ksState>
    <ksState>
      <x>335.4998945409496</x>
      <y>-20.242165306627868</y>
      <steeringAngle>0.0</steeringAngle>
      <velocity>3.2</velocity>
      <orientation>-0.5130815829894111</orientation>
      <time>31</time>
    </ksState>
    <ksState>
      <x>335.7438406220577</x>
      <y>-20.37960732669252</y>
      <steeringAngle>0.0</steeringAngle>
      <velocity>2.4000000000000004</velocity>
      <orientation>-0.5130815829894111</orientation>
      <time>32</time>
    </ksState>
    <ksState>
      <x>335.918087822568</x>
      <y>-20.47778019800885</y>
      <steeringAngle>0.0</steeringAngle>
      <velocity>1.6</velocity>
      <orientation>-0.5130815829894111</orientation>
      <time>33</time>
    </ksState>
  </ksTrajectory>
</CommonRoadSolution>
