<?xml version="1.0" ?>
<CommonRoadSolution benchmark_id="KS2:SM1:BEL_Beringen-1_1_T-1:2020a" computation_time="0.9747538830000053" date="2020-12-29">
  <ksTrajectory planningProblem="1">
    <ksState>
      <x>-372.76765</x>
      <y>718.10163</y>
      <steeringAngle>0.0</steeringAngle>
      <velocity>4.0</velocity>
      <orientation>0.42575386</orientation>
      <time>0</time>
    </ksState>
    <ksState>
      <x>-372.36692983659947</x>
      <y>718.2833532829018</y>
      <steeringAngle>0.0</steeringAngle>
      <velocity>4.8</velocity>
      <orientation>0.42575386</orientation>
      <time>1</time>
    </ksState>
    <ksState>
      <x>-371.8933514618005</x>
      <y>718.4981171626362</y>
      <steeringAngle>0.0</steeringAngle>
      <velocity>5.6</velocity>
      <orientation>0.42575386</orientation>
      <time>2</time>
    </ksState>
    <ksState>
      <x>-371.3469148756177</x>
      <y>718.7459216391967</y>
      <steeringAngle>0.0</steeringAngle>
      <velocity>6.4</velocity>
      <orientation>0.42575386</orientation>
      <time>3</time>
    </ksState>
    <ksState>
      <x>-370.72762007805966</x>
      <y>719.0267667125795</y>
      <steeringAngle>0.0</steeringAngle>
      <velocity>7.199999999999999</velocity>
      <orientation>0.42575386</orientation>
      <time>4</time>
    </ksState>
    <ksState>
      <x>-370.03546706913164</x>
      <y>719.3406523827822</y>
      <steeringAngle>0.0</steeringAngle>
      <velocity>7.999999999999998</velocity>
      <orientation>0.42575386</orientation>
      <time>5</time>
    </ksState>
    <ksState>
      <x>-369.3068849555596</x>
      <y>719.6710583509227</y>
      <steeringAngle>0.0</steeringAngle>
      <velocity>8.0</velocity>
      <orientation>0.42575386</orientation>
      <time>6</time>
    </ksState>
    <ksState>
      <x>-368.5783028419875</x>
      <y>720.0014643190632</y>
      <steeringAngle>0.0</steeringAngle>
      <velocity>8.0</velocity>
      <orientation>0.42575386</orientation>
      <time>7</time>
    </ksState>
    <ksState>
      <x>-367.8497207284155</x>
      <y>720.3318702872037</y>
      <steeringAngle>0.0</steeringAngle>
      <velocity>8.0</velocity>
      <orientation>0.42575386</orientation>
      <time>8</time>
    </ksState>
    <ksState>
      <x>-367.1211386148434</x>
      <y>720.6622762553443</y>
      <steeringAngle>0.0</steeringAngle>
      <velocity>8.0</velocity>
      <orientation>0.42575386</orientation>
      <time>9</time>
    </ksState>
    <ksState>
      <x>-366.3925565012713</x>
      <y>720.9926822234847</y>
      <steeringAngle>0.0</steeringAngle>
      <velocity>8.0</velocity>
      <orientation>0.42575386</orientation>
      <time>10</time>
    </ksState>
    <ksState>
      <x>-365.69987169561426</x>
      <y>721.3053904025337</y>
      <steeringAngle>-0.03553333333333333</steeringAngle>
      <velocity>7.199999999999999</velocity>
      <orientation>0.42060884701750767</orientation>
      <time>11</time>
    </ksState>
    <ksState>
      <x>-365.07743412550246</x>
      <y>721.5791857760051</y>
      <steeringAngle>-0.07106666666666664</steeringAngle>
      <velocity>6.400000000000001</velocity>
      <orientation>0.4066321748965446</orientation>
      <time>12</time>
    </ksState>
    <ksState>
      <x>-364.52411122538433</x>
      <y>721.8111792828311</y>
      <steeringAngle>-0.10659999999999997</steeringAngle>
      <velocity>5.600000000000004</velocity>
      <orientation>0.3860004070306632</orientation>
      <time>13</time>
    </ksState>
    <ksState>
      <x>-364.0400788790913</x>
      <y>722.0011752731114</y>
      <steeringAngle>-0.1421333333333333</steeringAngle>
      <velocity>4.800000000000003</velocity>
      <orientation>0.3608841995220149</orientation>
      <time>14</time>
    </ksState>
    <ksState>
      <x>-363.6264203058771</x>
      <y>722.151090109902</y>
      <steeringAngle>-0.17766666666666653</steeringAngle>
      <velocity>4.000000000000006</velocity>
      <orientation>0.3334593029368651</orientation>
      <time>15</time>
    </ksState>
    <ksState>
      <x>-363.24679641062284</x>
      <y>722.27709544555</y>
      <steeringAngle>-0.1421333333333333</steeringAngle>
      <velocity>4.0</velocity>
      <orientation>0.3084418965923418</orientation>
      <time>16</time>
    </ksState>
    <ksState>
      <x>-362.86446500231125</x>
      <y>722.3946440378033</y>
      <steeringAngle>-0.10659999999999999</steeringAngle>
      <velocity>4.0</velocity>
      <orientation>0.2890499703015912</orientation>
      <time>17</time>
    </ksState>
    <ksState>
      <x>-362.4802320286709</x>
      <y>722.5058306725762</y>
      <steeringAngle>-0.07106666666666664</steeringAngle>
      <velocity>4.0</velocity>
      <orientation>0.2752337305666383</orientation>
      <time>18</time>
    </ksState>
    <ksState>
      <x>-362.0947926382896</x>
      <y>722.6127678196513</y>
      <steeringAngle>-0.03553333333333332</steeringAngle>
      <velocity>4.0</velocity>
      <orientation>0.26695797010437294</orientation>
      <time>19</time>
    </ksState>
    <ksState>
      <x>-361.7087683922333</x>
      <y>722.717577977108</y>
      <steeringAngle>2.2985086056692694e-17</steeringAngle>
      <velocity>4.0</velocity>
      <orientation>0.2642017068095326</orientation>
      <time>20</time>
    </ksState>
    <ksState>
      <x>-361.322744159954</x>
      <y>722.8223881331871</y>
      <steeringAngle>0.035533333333333326</steeringAngle>
      <velocity>4.0</velocity>
      <orientation>0.266957981342133</orientation>
      <time>21</time>
    </ksState>
    <ksState>
      <x>-360.93730477057824</x>
      <y>722.9293252840081</y>
      <steeringAngle>0.07106666666666711</steeringAngle>
      <velocity>4.0</velocity>
      <orientation>0.2752337418854184</orientation>
      <time>22</time>
    </ksState>
    <ksState>
      <x>-360.55307179824445</x>
      <y>723.0405119228774</y>
      <steeringAngle>0.10660000000000043</steeringAngle>
      <velocity>4.0</velocity>
      <orientation>0.28904998170455526</orientation>
      <time>23</time>
    </ksState>
    <ksState>
      <x>-360.17074039166937</x>
      <y>723.1580605193833</y>
      <steeringAngle>0.14213333333333378</steeringAngle>
      <velocity>4.0</velocity>
      <orientation>0.3084419080901011</orientation>
      <time>24</time>
    </ksState>
    <ksState>
      <x>-359.7911164985611</x>
      <y>723.2840658592735</y>
      <steeringAngle>0.1776666666666672</steeringAngle>
      <velocity>4.0</velocity>
      <orientation>0.3334593145414984</orientation>
      <time>25</time>
    </ksState>
    <ksState>
      <x>-359.41489122800516</x>
      <y>723.4198826191188</y>
      <steeringAngle>0.1421333333333333</steeringAngle>
      <velocity>4.0</velocity>
      <orientation>0.3584767208860217</orientation>
      <time>26</time>
    </ksState>
    <ksState>
      <x>-359.0417696483823</x>
      <y>723.5640188884684</y>
      <steeringAngle>0.10659999999999999</steeringAngle>
      <velocity>4.0</velocity>
      <orientation>0.37786864717677227</orientation>
      <time>27</time>
    </ksState>
    <ksState>
      <x>-358.6710892510695</x>
      <y>723.7143301948714</y>
      <steeringAngle>0.07106666666666664</steeringAngle>
      <velocity>4.0</velocity>
      <orientation>0.3916848869117252</orientation>
      <time>28</time>
    </ksState>
    <ksState>
      <x>-358.302089530404</x>
      <y>723.8687267078853</y>
      <steeringAngle>0.03553333333333332</steeringAngle>
      <velocity>4.0</velocity>
      <orientation>0.39996064737399056</orientation>
      <time>29</time>
    </ksState>
    <ksState>
      <x>-357.9339459575126</x>
      <y>724.0251562363901</y>
      <steeringAngle>-2.2985086056692694e-17</steeringAngle>
      <velocity>4.0</velocity>
      <orientation>0.4027169106688309</orientation>
      <time>30</time>
    </ksState>
    <ksState>
      <x>-357.60274610929656</x>
      <y>724.1662471992536</y>
      <steeringAngle>0.0</steeringAngle>
      <velocity>3.2</velocity>
      <orientation>0.4027169106688309</orientation>
      <time>31</time>
    </ksState>
    <ksState>
      <x>-357.3451462276546</x>
      <y>724.2759846146846</y>
      <steeringAngle>0.0</steeringAngle>
      <velocity>2.4000000000000004</velocity>
      <orientation>0.4027169106688309</orientation>
      <time>32</time>
    </ksState>
    <ksState>
      <x>-357.1611463124929</x>
      <y>724.3543684827232</y>
      <steeringAngle>0.0</steeringAngle>
      <velocity>1.6</velocity>
      <orientation>0.4027169106688309</orientation>
      <time>33</time>
    </ksState>
  </ksTrajectory>
</CommonRoadSolution>
