<?xml version="1.0" ?>
<CommonRoadSolution benchmark_id="KS2:SM1:HRV_Pula-9_2_T-1:2020a" computation_time="0.7023172859999249" date="2020-12-29">
  <ksTrajectory planningProblem="1">
    <ksState>
      <x>-826.66129</x>
      <y>939.34698</y>
      <steeringAngle>0.0</steeringAngle>
      <velocity>12.0</velocity>
      <orientation>1.2257517</orientation>
      <time>0</time>
    </ksState>
    <ksState>
      <x>-826.2660771089141</x>
      <y>940.4375758534035</y>
      <steeringAngle>-0.03553333333333333</steeringAngle>
      <velocity>11.200000000000001</velocity>
      <orientation>1.217850426227656</orientation>
      <time>1</time>
    </ksState>
    <ksState>
      <x>-825.8827711547035</x>
      <y>941.4472431941459</y>
      <steeringAngle>-0.07106666666666667</steeringAngle>
      <velocity>10.400000000000007</velocity>
      <orientation>1.195597995429166</orientation>
      <time>2</time>
    </ksState>
    <ksState>
      <x>-825.5014316205065</x>
      <y>942.3716246784625</y>
      <steeringAngle>-0.10660000000000001</steeringAngle>
      <velocity>9.60000000000001</velocity>
      <orientation>1.1611499845444944</orientation>
      <time>3</time>
    </ksState>
    <ksState>
      <x>-825.117250030216</x>
      <y>943.2074863404241</y>
      <steeringAngle>-0.14213333333333344</steeringAngle>
      <velocity>8.800000000000008</velocity>
      <orientation>1.1166418524236494</orientation>
      <time>4</time>
    </ksState>
    <ksState>
      <x>-824.7298571445815</x>
      <y>943.9527145261151</y>
      <steeringAngle>-0.17766666666666675</steeringAngle>
      <velocity>8.000000000000009</velocity>
      <orientation>1.064199554608668</orientation>
      <time>5</time>
    </ksState>
    <ksState>
      <x>-824.3224174622766</x>
      <y>944.641065764254</y>
      <steeringAngle>-0.17766666666666667</steeringAngle>
      <velocity>8.0</velocity>
      <orientation>1.0084985782981561</orientation>
      <time>6</time>
    </ksState>
    <ksState>
      <x>-823.8772876463368</x>
      <y>945.3056664175331</y>
      <steeringAngle>-0.17766666666666667</steeringAngle>
      <velocity>8.0</velocity>
      <orientation>0.9527976019876445</orientation>
      <time>7</time>
    </ksState>
    <ksState>
      <x>-823.3958484162135</x>
      <y>945.9444549996747</y>
      <steeringAngle>-0.17766666666666667</steeringAngle>
      <velocity>8.0</velocity>
      <orientation>0.8970966256771328</orientation>
      <time>8</time>
    </ksState>
    <ksState>
      <x>-822.8795930984344</x>
      <y>946.5554501184779</y>
      <steeringAngle>-0.17766666666666667</steeringAngle>
      <velocity>8.0</velocity>
      <orientation>0.8413956493666209</orientation>
      <time>9</time>
    </ksState>
    <ksState>
      <x>-822.3301230111595</x>
      <y>947.1367565915018</y>
      <steeringAngle>-0.17766666666666667</steeringAngle>
      <velocity>8.0</velocity>
      <orientation>0.7856946730561092</orientation>
      <time>10</time>
    </ksState>
    <ksState>
      <x>-821.7789124877681</x>
      <y>947.6598552322358</y>
      <steeringAngle>-0.17766666666666667</steeringAngle>
      <velocity>7.2</velocity>
      <orientation>0.7327787456117318</orientation>
      <time>11</time>
    </ksState>
    <ksState>
      <x>-821.2628784941251</x>
      <y>948.1025995623523</y>
      <steeringAngle>-0.17766666666666667</steeringAngle>
      <velocity>6.4</velocity>
      <orientation>0.6854329158189206</orientation>
      <time>12</time>
    </ksState>
    <ksState>
      <x>-820.7905943902437</x>
      <y>948.4725933032236</y>
      <steeringAngle>-0.17766666666666667</steeringAngle>
      <velocity>5.599999999999999</velocity>
      <orientation>0.6436571836637359</orientation>
      <time>13</time>
    </ksState>
    <ksState>
      <x>-820.3690853145013</x>
      <y>948.7770609712112</y>
      <steeringAngle>-0.17766666666666667</steeringAngle>
      <velocity>4.799999999999999</velocity>
      <orientation>0.6074515491422214</orientation>
      <time>14</time>
    </ksState>
    <ksState>
      <x>-820.0040088636324</x>
      <y>949.0226297871482</y>
      <steeringAngle>-0.17766666666666667</steeringAngle>
      <velocity>4.0</velocity>
      <orientation>0.5768160122528914</orientation>
      <time>15</time>
    </ksState>
    <ksState>
      <x>-819.6318339481544</x>
      <y>949.257307667946</y>
      <steeringAngle>-0.14213333333333333</steeringAngle>
      <velocity>4.8000000000000025</velocity>
      <orientation>0.549391112534539</orientation>
      <time>16</time>
    </ksState>
    <ksState>
      <x>-819.1848317364525</x>
      <y>949.5229668738938</y>
      <steeringAngle>-0.10660000000000003</steeringAngle>
      <velocity>5.600000000000005</velocity>
      <orientation>0.5242749002556211</orientation>
      <time>17</time>
    </ksState>
    <ksState>
      <x>-818.6621535096359</x>
      <y>949.817576264891</y>
      <steeringAngle>-0.07106666666666671</steeringAngle>
      <velocity>6.400000000000004</velocity>
      <orientation>0.5036431306561615</orientation>
      <time>18</time>
    </ksState>
    <ksState>
      <x>-818.06406168398</x>
      <y>950.1411169993108</y>
      <steeringAngle>-0.035533333333333375</steeringAngle>
      <velocity>7.200000000000006</velocity>
      <orientation>0.48966646256336926</orientation>
      <time>19</time>
    </ksState>
    <ksState>
      <x>-817.3921428047722</x>
      <y>950.4962559412717</y>
      <steeringAngle>-2.6346112791397758e-17</steeringAngle>
      <velocity>8.000000000000007</velocity>
      <orientation>0.48452144978380085</orientation>
      <time>20</time>
    </ksState>
    <ksState>
      <x>-816.6835419782108</x>
      <y>950.8675820315933</y>
      <steeringAngle>-0.03553333333333333</steeringAngle>
      <velocity>8.0</velocity>
      <orientation>0.4790089147809621</orientation>
      <time>21</time>
    </ksState>
    <ksState>
      <x>-815.9708959139967</x>
      <y>951.2310663743166</y>
      <steeringAngle>-0.07106666666666667</steeringAngle>
      <velocity>8.0</velocity>
      <orientation>0.4624573939006924</orientation>
      <time>22</time>
    </ksState>
    <ksState>
      <x>-815.2504106307392</x>
      <y>951.5787158046118</y>
      <steeringAngle>-0.10659999999999997</steeringAngle>
      <velocity>8.0</velocity>
      <orientation>0.4348249146099975</orientation>
      <time>23</time>
    </ksState>
    <ksState>
      <x>-814.5188047707203</x>
      <y>951.9022471607972</y>
      <steeringAngle>-0.1421333333333333</steeringAngle>
      <velocity>8.0</velocity>
      <orientation>0.3960410623372626</orientation>
      <time>24</time>
    </ksState>
    <ksState>
      <x>-813.7735909431923</x>
      <y>952.1929751021347</y>
      <steeringAngle>-0.17766666666666667</steeringAngle>
      <velocity>8.0</velocity>
      <orientation>0.3460062500881079</orientation>
      <time>25</time>
    </ksState>
    <ksState>
      <x>-813.052148293825</x>
      <y>952.4316919484381</y>
      <steeringAngle>-0.17766666666666667</steeringAngle>
      <velocity>7.2</velocity>
      <orientation>0.2930903226437306</orientation>
      <time>26</time>
    </ksState>
    <ksState>
      <x>-812.396739753642</x>
      <y>952.612670593313</y>
      <steeringAngle>-0.17766666666666667</steeringAngle>
      <velocity>6.4</velocity>
      <orientation>0.24574449285091937</orientation>
      <time>27</time>
    </ksState>
    <ksState>
      <x>-811.8118866404255</x>
      <y>952.7464408404684</y>
      <steeringAngle>-0.17766666666666667</steeringAngle>
      <velocity>5.599999999999999</velocity>
      <orientation>0.2039687606957346</orientation>
      <time>28</time>
    </ksState>
    <ksState>
      <x>-811.3008707219301</x>
      <y>952.8425303447195</y>
      <steeringAngle>-0.17766666666666667</steeringAngle>
      <velocity>4.799999999999999</velocity>
      <orientation>0.16776312617422012</orientation>
      <time>29</time>
    </ksState>
    <ksState>
      <x>-810.8659905422519</x>
      <y>952.9093441730987</y>
      <steeringAngle>-0.17766666666666667</steeringAngle>
      <velocity>4.0</velocity>
      <orientation>0.1371275892848901</orientation>
      <time>30</time>
    </ksState>
    <ksState>
      <x>-810.5088249697701</x>
      <y>952.95436880259</y>
      <steeringAngle>-0.1421333333333333</steeringAngle>
      <velocity>3.1999999999999993</velocity>
      <orientation>0.1145176743114478</orientation>
      <time>31</time>
    </ksState>
    <ksState>
      <x>-810.23043921713</x>
      <y>952.9843712501397</y>
      <steeringAngle>-0.10659999999999997</steeringAngle>
      <velocity>2.3999999999999977</velocity>
      <orientation>0.10085003344074045</orientation>
      <time>32</time>
    </ksState>
    <ksState>
      <x>-810.031382115852</x>
      <y>953.0037646857479</y>
      <steeringAngle>-0.07106666666666664</steeringAngle>
      <velocity>1.5999999999999976</velocity>
      <orientation>0.09384932758752132</orientation>
      <time>33</time>
    </ksState>
  </ksTrajectory>
</CommonRoadSolution>
