<?xml version="1.0" ?>
<CommonRoadSolution benchmark_id="KS2:SM1:DEU_Muehlhausen-14_3_T-1:2020a" computation_time="0.7984811709998212" date="2020-12-29">
  <ksTrajectory planningProblem="1">
    <ksState>
      <x>-102.32194</x>
      <y>188.1976</y>
      <steeringAngle>0.0</steeringAngle>
      <velocity>8.0</velocity>
      <orientation>-1.8026654</orientation>
      <time>0</time>
    </ksState>
    <ksState>
      <x>-102.50434644973204</x>
      <y>187.4186737622513</y>
      <steeringAngle>0.03553333333333333</steeringAngle>
      <velocity>8.0</velocity>
      <orientation>-1.797152864997161</orientation>
      <time>1</time>
    </ksState>
    <ksState>
      <x>-102.67814890513093</x>
      <y>186.63779093701953</y>
      <steeringAngle>0.07106666666666667</steeringAngle>
      <velocity>8.0</velocity>
      <orientation>-1.7806013441168915</orientation>
      <time>2</time>
    </ksState>
    <ksState>
      <x>-102.83465956898785</x>
      <y>185.8532760666224</y>
      <steeringAngle>0.10659999999999997</steeringAngle>
      <velocity>8.0</velocity>
      <orientation>-1.7529688648261967</orientation>
      <time>3</time>
    </ksState>
    <ksState>
      <x>-102.96503799590893</x>
      <y>185.06402253407222</y>
      <steeringAngle>0.1421333333333333</steeringAngle>
      <velocity>8.0</velocity>
      <orientation>-1.7141850125534617</orientation>
      <time>4</time>
    </ksState>
    <ksState>
      <x>-103.0602527998112</x>
      <y>184.26979301703628</y>
      <steeringAngle>0.17766666666666667</steeringAngle>
      <velocity>8.0</velocity>
      <orientation>-1.6641502003043072</orientation>
      <time>5</time>
    </ksState>
    <ksState>
      <x>-103.11261127113421</x>
      <y>183.47161188956903</y>
      <steeringAngle>0.17766666666666667</steeringAngle>
      <velocity>8.0</velocity>
      <orientation>-1.6084492239937953</orientation>
      <time>6</time>
    </ksState>
    <ksState>
      <x>-103.12045206103402</x>
      <y>182.67175371252063</y>
      <steeringAngle>0.17766666666666667</steeringAngle>
      <velocity>8.0</velocity>
      <orientation>-1.5527482476832837</orientation>
      <time>7</time>
    </ksState>
    <ksState>
      <x>-103.08375084618693</x>
      <y>181.87269951798504</y>
      <steeringAngle>0.17766666666666667</steeringAngle>
      <velocity>8.0</velocity>
      <orientation>-1.497047271372772</orientation>
      <time>8</time>
    </ksState>
    <ksState>
      <x>-103.0026214662928</x>
      <y>181.07692780948153</y>
      <steeringAngle>0.17766666666666667</steeringAngle>
      <velocity>8.0</velocity>
      <orientation>-1.4413462950622602</orientation>
      <time>9</time>
    </ksState>
    <ksState>
      <x>-102.87731556758135</x>
      <y>180.2869069084051</y>
      <steeringAngle>0.17766666666666667</steeringAngle>
      <velocity>8.0</velocity>
      <orientation>-1.3856453187517483</orientation>
      <time>10</time>
    </ksState>
    <ksState>
      <x>-102.71900534494742</x>
      <y>179.54365155200867</y>
      <steeringAngle>0.1421333333333334</steeringAngle>
      <velocity>7.2</velocity>
      <orientation>-1.3380179970061115</orientation>
      <time>11</time>
    </ksState>
    <ksState>
      <x>-102.55071202021985</x>
      <y>178.88483812813826</y>
      <steeringAngle>0.10660000000000011</steeringAngle>
      <velocity>6.4</velocity>
      <orientation>-1.3049584265581435</orientation>
      <time>12</time>
    </ksState>
    <ksState>
      <x>-102.38666675072913</x>
      <y>178.30771068573463</y>
      <steeringAngle>0.07106666666666674</steeringAngle>
      <velocity>5.600000000000001</velocity>
      <orientation>-1.284141478264255</orientation>
      <time>13</time>
    </ksState>
    <ksState>
      <x>-102.23663832465039</x>
      <y>177.8098263740588</y>
      <steeringAngle>0.03553333333333339</steeringAngle>
      <velocity>4.800000000000001</velocity>
      <orientation>-1.273290868606592</orientation>
      <time>14</time>
    </ksState>
    <ksState>
      <x>-102.10678943464615</x>
      <y>177.38942288270366</y>
      <steeringAngle>5.5294310796760726e-17</steeringAngle>
      <velocity>4.0</velocity>
      <orientation>-1.2701670927694266</orientation>
      <time>15</time>
    </ksState>
    <ksState>
      <x>-101.98869202577848</x>
      <y>177.00725423047942</y>
      <steeringAngle>-0.035533333333333326</steeringAngle>
      <velocity>4.0</velocity>
      <orientation>-1.272923367302027</orientation>
      <time>16</time>
    </ksState>
    <ksState>
      <x>-101.8727042955553</x>
      <y>176.62444105993043</y>
      <steeringAngle>-0.07106666666666711</steeringAngle>
      <velocity>4.0</velocity>
      <orientation>-1.2811991278453125</orientation>
      <time>17</time>
    </ksState>
    <ksState>
      <x>-101.76095178159173</x>
      <y>176.24037228833564</y>
      <steeringAngle>-0.10660000000000043</steeringAngle>
      <velocity>4.0</velocity>
      <orientation>-1.2950153676644494</orientation>
      <time>18</time>
    </ksState>
    <ksState>
      <x>-101.65559093716449</x>
      <y>175.8545043453088</y>
      <steeringAngle>-0.14213333333333378</steeringAngle>
      <velocity>4.0</velocity>
      <orientation>-1.3144072940499951</orientation>
      <time>19</time>
    </ksState>
    <ksState>
      <x>-101.55882258609098</x>
      <y>175.46639671573934</y>
      <steeringAngle>-0.1776666666666672</steeringAngle>
      <velocity>4.0</velocity>
      <orientation>-1.3394247005013924</orientation>
      <time>20</time>
    </ksState>
    <ksState>
      <x>-101.46403223586572</x>
      <y>175.0367425932746</y>
      <steeringAngle>-0.14213333333333333</steeringAngle>
      <velocity>4.8000000000000025</velocity>
      <orientation>-1.3668496002197448</orientation>
      <time>21</time>
    </ksState>
    <ksState>
      <x>-101.36542841338958</x>
      <y>174.5261908552848</y>
      <steeringAngle>-0.10660000000000003</steeringAngle>
      <velocity>5.600000000000005</velocity>
      <orientation>-1.3919658124986627</orientation>
      <time>22</time>
    </ksState>
    <ksState>
      <x>-101.26520965811899</x>
      <y>173.93463069507797</y>
      <steeringAngle>-0.07106666666666671</steeringAngle>
      <velocity>6.400000000000004</velocity>
      <orientation>-1.4125975820981223</orientation>
      <time>23</time>
    </ksState>
    <ksState>
      <x>-101.16330484056674</x>
      <y>173.26231540676085</y>
      <steeringAngle>-0.035533333333333375</steeringAngle>
      <velocity>7.200000000000006</velocity>
      <orientation>-1.4265742501909144</orientation>
      <time>24</time>
    </ksState>
    <ksState>
      <x>-101.0566674136399</x>
      <y>172.50983477078987</y>
      <steeringAngle>-2.6346112791397758e-17</steeringAngle>
      <velocity>8.000000000000007</velocity>
      <orientation>-1.431719262970483</orientation>
      <time>25</time>
    </ksState>
    <ksState>
      <x>-100.95130926036596</x>
      <y>171.757173054988</y>
      <steeringAngle>0.0</steeringAngle>
      <velocity>7.200000000000001</velocity>
      <orientation>-1.431719262970483</orientation>
      <time>26</time>
    </ksState>
    <ksState>
      <x>-100.857041439067</x>
      <y>171.08373888858512</y>
      <steeringAngle>0.0</steeringAngle>
      <velocity>6.400000000000001</velocity>
      <orientation>-1.431719262970483</orientation>
      <time>27</time>
    </ksState>
    <ksState>
      <x>-100.77386394971528</x>
      <y>170.48953227138307</y>
      <steeringAngle>0.0</steeringAngle>
      <velocity>5.600000000000001</velocity>
      <orientation>-1.431719262970483</orientation>
      <time>28</time>
    </ksState>
    <ksState>
      <x>-100.70177679230295</x>
      <y>169.9745532033258</y>
      <steeringAngle>0.0</steeringAngle>
      <velocity>4.800000000000001</velocity>
      <orientation>-1.431719262970483</orientation>
      <time>29</time>
    </ksState>
    <ksState>
      <x>-100.64077996682713</x>
      <y>169.5388016843928</y>
      <steeringAngle>0.0</steeringAngle>
      <velocity>4.000000000000001</velocity>
      <orientation>-1.431719262970483</orientation>
      <time>30</time>
    </ksState>
    <ksState>
      <x>-100.59087347326579</x>
      <y>169.18227771442656</y>
      <steeringAngle>0.0</steeringAngle>
      <velocity>3.2</velocity>
      <orientation>-1.431719262970483</orientation>
      <time>31</time>
    </ksState>
    <ksState>
      <x>-100.55205731165275</x>
      <y>168.90498129366878</y>
      <steeringAngle>0.0</steeringAngle>
      <velocity>2.4000000000000004</velocity>
      <orientation>-1.431719262970483</orientation>
      <time>32</time>
    </ksState>
    <ksState>
      <x>-100.52433148197389</x>
      <y>168.70691242201855</y>
      <steeringAngle>0.0</steeringAngle>
      <velocity>1.6</velocity>
      <orientation>-1.431719262970483</orientation>
      <time>33</time>
    </ksState>
  </ksTrajectory>
</CommonRoadSolution>
