<?xml version="1.0" ?>
<CommonRoadSolution benchmark_id="KS2:SM1:DEU_Ibbenbueren-15_4_T-1:2020a" computation_time="0.974981439999965" date="2020-12-29">
  <ksTrajectory planningProblem="1">
    <ksState>
      <x>-222.26603</x>
      <y>-785.41566</y>
      <steeringAngle>0.0</steeringAngle>
      <velocity>12.0</velocity>
      <orientation>1.3481593</orientation>
      <time>0</time>
    </ksState>
    <ksState>
      <x>-222.0098992984133</x>
      <y>-784.2842904482746</y>
      <steeringAngle>0.0</steeringAngle>
      <velocity>11.200000000000001</velocity>
      <orientation>1.3481593</orientation>
      <time>1</time>
    </ksState>
    <ksState>
      <x>-221.77143278324994</x>
      <y>-783.2309463833478</y>
      <steeringAngle>0.0</steeringAngle>
      <velocity>10.4</velocity>
      <orientation>1.3481593</orientation>
      <time>2</time>
    </ksState>
    <ksState>
      <x>-221.55063045444155</x>
      <y>-782.2556278049176</y>
      <steeringAngle>0.0</steeringAngle>
      <velocity>9.599999999999998</velocity>
      <orientation>1.3481593</orientation>
      <time>3</time>
    </ksState>
    <ksState>
      <x>-221.34749231196864</x>
      <y>-781.3583347128979</y>
      <steeringAngle>0.0</steeringAngle>
      <velocity>8.799999999999999</velocity>
      <orientation>1.3481593</orientation>
      <time>4</time>
    </ksState>
    <ksState>
      <x>-221.1620183558249</x>
      <y>-780.5390671072608</y>
      <steeringAngle>0.0</steeringAngle>
      <velocity>7.999999999999997</velocity>
      <orientation>1.3481593</orientation>
      <time>5</time>
    </ksState>
    <ksState>
      <x>-220.99294890391639</x>
      <y>-779.7981122060262</y>
      <steeringAngle>-0.03553333333333333</steeringAngle>
      <velocity>7.199999999999999</velocity>
      <orientation>1.3430142870175077</orientation>
      <time>6</time>
    </ksState>
    <ksState>
      <x>-220.83528637530029</x>
      <y>-779.1366479497799</y>
      <steeringAngle>-0.07106666666666664</steeringAngle>
      <velocity>6.400000000000001</velocity>
      <orientation>1.3290376148965446</orientation>
      <time>7</time>
    </ksState>
    <ksState>
      <x>-220.68604406325503</x>
      <y>-778.5555163370622</y>
      <steeringAngle>-0.10659999999999997</steeringAngle>
      <velocity>5.600000000000004</velocity>
      <orientation>1.3084058470306632</orientation>
      <time>8</time>
    </ksState>
    <ksState>
      <x>-220.54517224080087</x>
      <y>-778.0549757111197</y>
      <steeringAngle>-0.1421333333333333</steeringAngle>
      <velocity>4.800000000000003</velocity>
      <orientation>1.283289639522015</orientation>
      <time>9</time>
    </ksState>
    <ksState>
      <x>-220.41485251884995</x>
      <y>-777.6347321584574</y>
      <steeringAngle>-0.17766666666666653</steeringAngle>
      <velocity>4.000000000000006</velocity>
      <orientation>1.2558647429368652</orientation>
      <time>10</time>
    </ksState>
    <ksState>
      <x>-220.28602927139787</x>
      <y>-777.2560552283762</y>
      <steeringAngle>-0.1421333333333333</steeringAngle>
      <velocity>4.0</velocity>
      <orientation>1.230847336592342</orientation>
      <time>11</time>
    </ksState>
    <ksState>
      <x>-220.14883044128823</x>
      <y>-776.880327323718</y>
      <steeringAngle>-0.10659999999999999</steeringAngle>
      <velocity>4.0</velocity>
      <orientation>1.2114554103015913</orientation>
      <time>12</time>
    </ksState>
    <ksState>
      <x>-220.00541240698746</x>
      <y>-776.5069257795034</y>
      <steeringAngle>-0.07106666666666664</steeringAngle>
      <velocity>4.0</velocity>
      <orientation>1.1976391705666385</orientation>
      <time>13</time>
    </ksState>
    <ksState>
      <x>-219.8578787298915</x>
      <y>-776.1351289381981</y>
      <steeringAngle>-0.03553333333333332</steeringAngle>
      <velocity>4.0</velocity>
      <orientation>1.189363410104373</orientation>
      <time>14</time>
    </ksState>
    <ksState>
      <x>-219.70829652467026</x>
      <y>-775.7641504327148</y>
      <steeringAngle>2.2985086056692694e-17</steeringAngle>
      <velocity>4.0</velocity>
      <orientation>1.1866071468095327</orientation>
      <time>15</time>
    </ksState>
    <ksState>
      <x>-219.558714326671</x>
      <y>-775.3931719390446</y>
      <steeringAngle>0.035533333333333326</steeringAngle>
      <velocity>4.0</velocity>
      <orientation>1.1893634213421331</orientation>
      <time>16</time>
    </ksState>
    <ksState>
      <x>-219.41118065316792</x>
      <y>-775.0213750962786</y>
      <steeringAngle>0.07106666666666711</steeringAngle>
      <velocity>4.0</velocity>
      <orientation>1.1976391818854186</orientation>
      <time>17</time>
    </ksState>
    <ksState>
      <x>-219.26776262292137</x>
      <y>-774.6479735506314</y>
      <steeringAngle>0.10660000000000043</steeringAngle>
      <velocity>4.0</velocity>
      <orientation>1.2114554217045554</orientation>
      <time>18</time>
    </ksState>
    <ksState>
      <x>-219.1305637972499</x>
      <y>-774.2722456447892</y>
      <steeringAngle>0.14213333333333378</steeringAngle>
      <velocity>4.0</velocity>
      <orientation>1.2308473480901012</orientation>
      <time>19</time>
    </ksState>
    <ksState>
      <x>-219.00174055447513</x>
      <y>-773.8935687138566</y>
      <steeringAngle>0.1776666666666672</steeringAngle>
      <velocity>4.0</velocity>
      <orientation>1.2558647545414985</orientation>
      <time>20</time>
    </ksState>
    <ksState>
      <x>-218.88279001245192</x>
      <y>-773.5116755154199</y>
      <steeringAngle>0.1421333333333333</steeringAngle>
      <velocity>4.0</velocity>
      <orientation>1.2808821608860217</orientation>
      <time>21</time>
    </ksState>
    <ksState>
      <x>-218.77234492356575</x>
      <y>-773.1272319439257</y>
      <steeringAngle>0.10659999999999999</steeringAngle>
      <velocity>4.0</velocity>
      <orientation>1.3002740871767724</orientation>
      <time>22</time>
    </ksState>
    <ksState>
      <x>-218.6682959299098</x>
      <y>-772.7410049993663</y>
      <steeringAngle>0.07106666666666664</steeringAngle>
      <velocity>4.0</velocity>
      <orientation>1.3140903269117252</orientation>
      <time>23</time>
    </ksState>
    <ksState>
      <x>-218.56851804548268</x>
      <y>-772.3536505739864</y>
      <steeringAngle>0.03553333333333332</steeringAngle>
      <velocity>4.0</velocity>
      <orientation>1.3223660873739906</orientation>
      <time>24</time>
    </ksState>
    <ksState>
      <x>-218.47087762103985</x>
      <y>-771.9657507993486</y>
      <steeringAngle>-2.2985086056692694e-17</steeringAngle>
      <velocity>4.0</velocity>
      <orientation>1.325122350668831</orientation>
      <time>25</time>
    </ksState>
    <ksState>
      <x>-218.37359357342174</x>
      <y>-771.5777613483592</y>
      <steeringAngle>0.0</steeringAngle>
      <velocity>4.0</velocity>
      <orientation>1.325122350668831</orientation>
      <time>26</time>
    </ksState>
    <ksState>
      <x>-218.27630952580364</x>
      <y>-771.1897718973698</y>
      <steeringAngle>0.0</steeringAngle>
      <velocity>4.0</velocity>
      <orientation>1.325122350668831</orientation>
      <time>27</time>
    </ksState>
    <ksState>
      <x>-218.17902547818554</x>
      <y>-770.8017824463805</y>
      <steeringAngle>0.0</steeringAngle>
      <velocity>4.0</velocity>
      <orientation>1.325122350668831</orientation>
      <time>28</time>
    </ksState>
    <ksState>
      <x>-218.08174143056743</x>
      <y>-770.4137929953911</y>
      <steeringAngle>0.0</steeringAngle>
      <velocity>4.0</velocity>
      <orientation>1.325122350668831</orientation>
      <time>29</time>
    </ksState>
    <ksState>
      <x>-217.98445738294933</x>
      <y>-770.0258035444017</y>
      <steeringAngle>0.0</steeringAngle>
      <velocity>4.0</velocity>
      <orientation>1.325122350668831</orientation>
      <time>30</time>
    </ksState>
    <ksState>
      <x>-217.89690174034297</x>
      <y>-769.6766130395081</y>
      <steeringAngle>0.0</steeringAngle>
      <velocity>3.2</velocity>
      <orientation>1.325122350668831</orientation>
      <time>31</time>
    </ksState>
    <ksState>
      <x>-217.82880290728502</x>
      <y>-769.4050204249112</y>
      <steeringAngle>0.0</steeringAngle>
      <velocity>2.4000000000000004</velocity>
      <orientation>1.325122350668831</orientation>
      <time>32</time>
    </ksState>
    <ksState>
      <x>-217.7801608837507</x>
      <y>-769.2110257005121</y>
      <steeringAngle>0.0</steeringAngle>
      <velocity>1.6</velocity>
      <orientation>1.325122350668831</orientation>
      <time>33</time>
    </ksState>
  </ksTrajectory>
</CommonRoadSolution>
