<?xml version="1.0" ?>
<CommonRoadSolution benchmark_id="KS2:SM1:DEU_Backnang-6_1_T-1:2020a" computation_time="1.5369283779999705" date="2020-12-29">
  <ksTrajectory planningProblem="1">
    <ksState>
      <x>592.07521</x>
      <y>184.39103</y>
      <steeringAngle>0.0</steeringAngle>
      <velocity>16.0</velocity>
      <orientation>-0.66836123</orientation>
      <time>0</time>
    </ksState>
    <ksState>
      <x>593.299557694898</x>
      <y>183.4242969856919</y>
      <steeringAngle>0.0</steeringAngle>
      <velocity>15.2</velocity>
      <orientation>-0.66836123</orientation>
      <time>1</time>
    </ksState>
    <ksState>
      <x>594.4611183280767</x>
      <y>182.50714002374895</y>
      <steeringAngle>0.0</steeringAngle>
      <velocity>14.400000000000002</velocity>
      <orientation>-0.66836123</orientation>
      <time>2</time>
    </ksState>
    <ksState>
      <x>595.5598918998268</x>
      <y>181.6395591139417</y>
      <steeringAngle>0.0</steeringAngle>
      <velocity>13.600000000000001</velocity>
      <orientation>-0.66836123</orientation>
      <time>3</time>
    </ksState>
    <ksState>
      <x>596.5958784102362</x>
      <y>180.8215542562007</y>
      <steeringAngle>0.0</steeringAngle>
      <velocity>12.800000000000004</velocity>
      <orientation>-0.66836123</orientation>
      <time>4</time>
    </ksState>
    <ksState>
      <x>597.5690778593325</x>
      <y>180.053125450504</y>
      <steeringAngle>0.0</steeringAngle>
      <velocity>12.000000000000002</velocity>
      <orientation>-0.66836123</orientation>
      <time>5</time>
    </ksState>
    <ksState>
      <x>598.4794902476584</x>
      <y>179.33427269642337</y>
      <steeringAngle>0.0</steeringAngle>
      <velocity>11.200000000000001</velocity>
      <orientation>-0.66836123</orientation>
      <time>6</time>
    </ksState>
    <ksState>
      <x>599.32711557434</x>
      <y>178.66499599464862</y>
      <steeringAngle>0.0</steeringAngle>
      <velocity>10.4</velocity>
      <orientation>-0.66836123</orientation>
      <time>7</time>
    </ksState>
    <ksState>
      <x>600.1119538396206</x>
      <y>178.04529534498786</y>
      <steeringAngle>0.0</steeringAngle>
      <velocity>9.599999999999998</velocity>
      <orientation>-0.66836123</orientation>
      <time>8</time>
    </ksState>
    <ksState>
      <x>600.834005043569</x>
      <y>177.4751707473865</y>
      <steeringAngle>0.0</steeringAngle>
      <velocity>8.799999999999999</velocity>
      <orientation>-0.66836123</orientation>
      <time>9</time>
    </ksState>
    <ksState>
      <x>601.493269186208</x>
      <y>176.95462220182674</y>
      <steeringAngle>0.0</steeringAngle>
      <velocity>7.999999999999997</velocity>
      <orientation>-0.66836123</orientation>
      <time>10</time>
    </ksState>
    <ksState>
      <x>602.0905453663066</x>
      <y>176.48466495917694</y>
      <steeringAngle>0.03553333333333333</steeringAngle>
      <velocity>7.199999999999999</velocity>
      <orientation>-0.6632162170175077</orientation>
      <time>11</time>
    </ksState>
    <ksState>
      <x>602.628979705087</x>
      <y>176.06935676272136</y>
      <steeringAngle>0.07106666666666664</steeringAngle>
      <velocity>6.400000000000001</velocity>
      <orientation>-0.6492395448965446</orientation>
      <time>12</time>
    </ksState>
    <ksState>
      <x>603.1103656528051</x>
      <y>175.71122998580552</y>
      <steeringAngle>0.10659999999999997</steeringAngle>
      <velocity>5.600000000000004</velocity>
      <orientation>-0.6286077770306633</orientation>
      <time>13</time>
    </ksState>
    <ksState>
      <x>603.5345794782527</x>
      <y>175.41051680205797</y>
      <steeringAngle>0.1421333333333333</steeringAngle>
      <velocity>4.800000000000003</velocity>
      <orientation>-0.603491569522015</orientation>
      <time>14</time>
    </ksState>
    <ksState>
      <x>603.9001093079349</x>
      <y>175.16561719590058</y>
      <steeringAngle>0.17766666666666653</steeringAngle>
      <velocity>4.000000000000006</velocity>
      <orientation>-0.5760666729368652</orientation>
      <time>15</time>
    </ksState>
    <ksState>
      <x>604.2383450547015</x>
      <y>174.95210320088145</y>
      <steeringAngle>0.1421333333333333</steeringAngle>
      <velocity>4.0</velocity>
      <orientation>-0.5510492665923419</orientation>
      <time>16</time>
    </ksState>
    <ksState>
      <x>604.5812406258456</x>
      <y>174.74614785472104</y>
      <steeringAngle>0.10659999999999999</steeringAngle>
      <velocity>4.0</velocity>
      <orientation>-0.5316573403015913</orientation>
      <time>17</time>
    </ksState>
    <ksState>
      <x>604.927510436154</x>
      <y>174.54591133394229</y>
      <steeringAngle>0.07106666666666664</steeringAngle>
      <velocity>4.0</velocity>
      <orientation>-0.5178411005666383</orientation>
      <time>18</time>
    </ksState>
    <ksState>
      <x>605.2759722065153</x>
      <y>174.34951003130223</y>
      <steeringAngle>0.03553333333333332</steeringAngle>
      <velocity>4.0</velocity>
      <orientation>-0.509565340104373</orientation>
      <time>19</time>
    </ksState>
    <ksState>
      <x>605.6255126811795</x>
      <y>174.1550329266833</y>
      <steeringAngle>-2.2985086056692694e-17</steeringAngle>
      <velocity>4.0</velocity>
      <orientation>-0.5068090768095327</orientation>
      <time>20</time>
    </ksState>
    <ksState>
      <x>605.9752318003659</x>
      <y>173.96087696443772</y>
      <steeringAngle>0.0</steeringAngle>
      <velocity>4.0</velocity>
      <orientation>-0.5068090768095327</orientation>
      <time>21</time>
    </ksState>
    <ksState>
      <x>606.3249509195523</x>
      <y>173.7667210021921</y>
      <steeringAngle>0.0</steeringAngle>
      <velocity>4.0</velocity>
      <orientation>-0.5068090768095327</orientation>
      <time>22</time>
    </ksState>
    <ksState>
      <x>606.6746700387387</x>
      <y>173.5725650399465</y>
      <steeringAngle>0.0</steeringAngle>
      <velocity>4.0</velocity>
      <orientation>-0.5068090768095327</orientation>
      <time>23</time>
    </ksState>
    <ksState>
      <x>607.024389157925</x>
      <y>173.3784090777009</y>
      <steeringAngle>0.0</steeringAngle>
      <velocity>4.0</velocity>
      <orientation>-0.5068090768095327</orientation>
      <time>24</time>
    </ksState>
    <ksState>
      <x>607.3741082771113</x>
      <y>173.1842531154553</y>
      <steeringAngle>0.0</steeringAngle>
      <velocity>4.0</velocity>
      <orientation>-0.5068090768095327</orientation>
      <time>25</time>
    </ksState>
    <ksState>
      <x>607.7236487387329</x>
      <y>172.98977601548336</y>
      <steeringAngle>-0.035533333333333326</steeringAngle>
      <velocity>4.0</velocity>
      <orientation>-0.5095653513421331</orientation>
      <time>26</time>
    </ksState>
    <ksState>
      <x>608.0721105072183</x>
      <y>172.79337470944873</y>
      <steeringAngle>-0.07106666666666711</steeringAngle>
      <velocity>4.0</velocity>
      <orientation>-0.5178411118854185</orientation>
      <time>27</time>
    </ksState>
    <ksState>
      <x>608.4183803152742</x>
      <y>172.59313818500726</y>
      <steeringAngle>-0.10660000000000043</steeringAngle>
      <velocity>4.0</velocity>
      <orientation>-0.5316573517045553</orientation>
      <time>28</time>
    </ksState>
    <ksState>
      <x>608.7612758837112</x>
      <y>172.38718283513606</y>
      <steeringAngle>-0.14213333333333378</steeringAngle>
      <velocity>4.0</velocity>
      <orientation>-0.5510492780901012</orientation>
      <time>29</time>
    </ksState>
    <ksState>
      <x>609.0995116273754</x>
      <y>172.17366883651442</y>
      <steeringAngle>-0.1776666666666672</steeringAngle>
      <velocity>4.0</velocity>
      <orientation>-0.5760666845414986</orientation>
      <time>30</time>
    </ksState>
    <ksState>
      <x>609.398922657565</x>
      <y>171.97380325901818</y>
      <steeringAngle>-0.17766666666666667</steeringAngle>
      <velocity>3.2000000000000006</velocity>
      <orientation>-0.6011321238096762</orientation>
      <time>31</time>
    </ksState>
    <ksState>
      <x>609.6282792524977</x>
      <y>171.81320105310746</y>
      <steeringAngle>-0.17766666666666667</steeringAngle>
      <velocity>2.4000000000000012</velocity>
      <orientation>-0.6206274654397059</orientation>
      <time>32</time>
    </ksState>
    <ksState>
      <x>609.7901669273189</x>
      <y>171.69576284044334</y>
      <steeringAngle>-0.17766666666666667</steeringAngle>
      <velocity>1.6000000000000005</velocity>
      <orientation>-0.6345527094386869</orientation>
      <time>33</time>
    </ksState>
  </ksTrajectory>
</CommonRoadSolution>
