<?xml version="1.0" ?>
<CommonRoadSolution benchmark_id="KS2:SM1:HRV_Pula-27_2_T-1:2020a" computation_time="0.9454534520000379" date="2020-12-29">
  <ksTrajectory planningProblem="1">
    <ksState>
      <x>-632.31015</x>
      <y>-25.38328</y>
      <steeringAngle>0.0</steeringAngle>
      <velocity>4.0</velocity>
      <orientation>1.1588998</orientation>
      <time>0</time>
    </ksState>
    <ksState>
      <x>-632.1503477005728</x>
      <y>-25.016587892337586</y>
      <steeringAngle>0.035533333333333326</steeringAngle>
      <velocity>4.0</velocity>
      <orientation>1.1616560745326003</orientation>
      <time>1</time>
    </ksState>
    <ksState>
      <x>-631.9925704679877</x>
      <y>-24.6490209977648</y>
      <steeringAngle>0.07106666666666711</steeringAngle>
      <velocity>4.0</velocity>
      <orientation>1.1699318350758858</orientation>
      <time>2</time>
    </ksState>
    <ksState>
      <x>-631.838862842606</x>
      <y>-24.2797359972692</y>
      <steeringAngle>0.10660000000000043</steeringAngle>
      <velocity>4.0</velocity>
      <orientation>1.1837480748950227</orientation>
      <time>3</time>
    </ksState>
    <ksState>
      <x>-631.6913075856978</x>
      <y>-23.907953233880505</y>
      <steeringAngle>0.14213333333333378</steeringAngle>
      <velocity>4.0</velocity>
      <orientation>1.2031400012805684</orientation>
      <time>4</time>
    </ksState>
    <ksState>
      <x>-631.5520429977302</x>
      <y>-23.532990541819387</y>
      <steeringAngle>0.1776666666666672</steeringAngle>
      <velocity>4.0</velocity>
      <orientation>1.2281574077319657</orientation>
      <time>5</time>
    </ksState>
    <ksState>
      <x>-631.4225582182974</x>
      <y>-23.154539305389914</y>
      <steeringAngle>0.1421333333333333</steeringAngle>
      <velocity>4.0</velocity>
      <orientation>1.253174814076489</orientation>
      <time>6</time>
    </ksState>
    <ksState>
      <x>-631.3015049723749</x>
      <y>-22.77330304140924</y>
      <steeringAngle>0.10659999999999999</steeringAngle>
      <velocity>4.0</velocity>
      <orientation>1.2725667403672396</orientation>
      <time>7</time>
    </ksState>
    <ksState>
      <x>-631.186795960494</x>
      <y>-22.39010689271005</y>
      <steeringAngle>0.07106666666666664</steeringAngle>
      <velocity>4.0</velocity>
      <orientation>1.2863829801021924</orientation>
      <time>8</time>
    </ksState>
    <ksState>
      <x>-631.0763251829827</x>
      <y>-22.00566536998115</y>
      <steeringAngle>0.03553333333333332</steeringAngle>
      <velocity>4.0</velocity>
      <orientation>1.2946587405644578</orientation>
      <time>9</time>
    </ksState>
    <ksState>
      <x>-630.9679759367996</x>
      <y>-21.62061949154456</y>
      <steeringAngle>-2.2985086056692694e-17</steeringAngle>
      <velocity>4.0</velocity>
      <orientation>1.2974150038592982</orientation>
      <time>10</time>
    </ksState>
    <ksState>
      <x>-630.8599804462793</x>
      <y>-21.235474098183452</y>
      <steeringAngle>0.0</steeringAngle>
      <velocity>4.0</velocity>
      <orientation>1.2974150038592982</orientation>
      <time>11</time>
    </ksState>
    <ksState>
      <x>-630.751984955759</x>
      <y>-20.850328704822346</y>
      <steeringAngle>0.0</steeringAngle>
      <velocity>4.0</velocity>
      <orientation>1.2974150038592982</orientation>
      <time>12</time>
    </ksState>
    <ksState>
      <x>-630.6439894652387</x>
      <y>-20.465183311461235</y>
      <steeringAngle>0.0</steeringAngle>
      <velocity>4.0</velocity>
      <orientation>1.2974150038592982</orientation>
      <time>13</time>
    </ksState>
    <ksState>
      <x>-630.5359939747184</x>
      <y>-20.08003791810013</y>
      <steeringAngle>0.0</steeringAngle>
      <velocity>4.0</velocity>
      <orientation>1.2974150038592982</orientation>
      <time>14</time>
    </ksState>
    <ksState>
      <x>-630.4279984841982</x>
      <y>-19.69489252473902</y>
      <steeringAngle>0.0</steeringAngle>
      <velocity>4.0</velocity>
      <orientation>1.2974150038592982</orientation>
      <time>15</time>
    </ksState>
    <ksState>
      <x>-630.3087556101117</x>
      <y>-19.2713586201796</y>
      <steeringAngle>-0.035533333333333326</steeringAngle>
      <velocity>4.799999999999999</velocity>
      <orientation>1.2942912251901073</orientation>
      <time>16</time>
    </ksState>
    <ksState>
      <x>-630.1643856997596</x>
      <y>-18.771804171414324</y>
      <steeringAngle>-0.07106666666666667</steeringAngle>
      <velocity>5.599999999999998</velocity>
      <orientation>1.2834406141289345</orientation>
      <time>17</time>
    </ksState>
    <ksState>
      <x>-629.9887568037751</x>
      <y>-18.198095685990562</y>
      <steeringAngle>-0.10659999999999999</steeringAngle>
      <velocity>6.3999999999999995</velocity>
      <orientation>1.2626236651286067</orientation>
      <time>18</time>
    </ksState>
    <ksState>
      <x>-629.772339296575</x>
      <y>-17.553486327592417</y>
      <steeringAngle>-0.14213333333333333</steeringAngle>
      <velocity>7.199999999999999</velocity>
      <orientation>1.2295640941474415</orientation>
      <time>19</time>
    </ksState>
    <ksState>
      <x>-629.5016863594896</x>
      <y>-16.84338942835337</y>
      <steeringAngle>-0.17766666666666664</steeringAngle>
      <velocity>7.9999999999999964</velocity>
      <orientation>1.1819367720658949</orientation>
      <time>20</time>
    </ksState>
    <ksState>
      <x>-629.1938610654596</x>
      <y>-16.148637437393184</y>
      <steeringAngle>-0.21320000000000014</steeringAngle>
      <velocity>7.200000000000003</velocity>
      <orientation>1.123687444994402</orientation>
      <time>21</time>
    </ksState>
    <ksState>
      <x>-628.8815645755511</x>
      <y>-15.54471422607478</y>
      <steeringAngle>-0.24873333333333347</steeringAngle>
      <velocity>6.400000000000004</velocity>
      <orientation>1.0617703575086226</orientation>
      <time>22</time>
    </ksState>
    <ksState>
      <x>-628.5731359676064</x>
      <y>-15.030174439869361</y>
      <steeringAngle>-0.2842666666666668</steeringAngle>
      <velocity>5.600000000000001</velocity>
      <orientation>0.9983482147447016</orientation>
      <time>23</time>
    </ksState>
    <ksState>
      <x>-628.278216185882</x>
      <y>-14.601999592453993</y>
      <steeringAngle>-0.3198</steeringAngle>
      <velocity>4.800000000000002</velocity>
      <orientation>0.9356191150027489</orientation>
      <time>24</time>
    </ksState>
    <ksState>
      <x>-628.0069217606747</x>
      <y>-14.255673596259834</y>
      <steeringAngle>-0.3553333333333332</steeringAngle>
      <velocity>4.000000000000001</velocity>
      <orientation>0.8758292809545342</orientation>
      <time>25</time>
    </ksState>
    <ksState>
      <x>-627.7417689662128</x>
      <y>-13.956266115082204</y>
      <steeringAngle>-0.39086666666666653</steeringAngle>
      <velocity>4.0</velocity>
      <orientation>0.815108914648547</orientation>
      <time>26</time>
    </ksState>
    <ksState>
      <x>-627.4580397157058</x>
      <y>-13.674419411715121</y>
      <steeringAngle>-0.42639999999999995</steeringAngle>
      <velocity>4.0</velocity>
      <orientation>0.7479393011921434</orientation>
      <time>27</time>
    </ksState>
    <ksState>
      <x>-627.1551793313205</x>
      <y>-13.41326248032689</y>
      <steeringAngle>-0.4619333333333333</steeringAngle>
      <velocity>4.0</velocity>
      <orientation>0.6741187175597994</orientation>
      <time>28</time>
    </ksState>
    <ksState>
      <x>-626.833084431021</x>
      <y>-13.176264454498575</y>
      <steeringAngle>-0.49746666666666667</steeringAngle>
      <velocity>4.0</velocity>
      <orientation>0.5934181757465791</orientation>
      <time>29</time>
    </ksState>
    <ksState>
      <x>-626.492206181666</x>
      <y>-12.967220977573287</y>
      <steeringAngle>-0.533</steeringAngle>
      <velocity>4.0</velocity>
      <orientation>0.5055783091467704</orientation>
      <time>30</time>
    </ksState>
    <ksState>
      <x>-626.1705863248326</x>
      <y>-12.805687895462356</y>
      <steeringAngle>-0.4974666666666667</steeringAngle>
      <velocity>3.1999999999999993</velocity>
      <orientation>0.4264011060375309</orientation>
      <time>31</time>
    </ksState>
    <ksState>
      <x>-625.9124726056037</x>
      <y>-12.697261179827212</y>
      <steeringAngle>-0.4619333333333334</steeringAngle>
      <velocity>2.3999999999999986</velocity>
      <orientation>0.36979399863532203</orientation>
      <time>32</time>
    </ksState>
    <ksState>
      <x>-625.7246776818333</x>
      <y>-12.62849716915315</y>
      <steeringAngle>-0.4264000000000001</steeringAngle>
      <velocity>1.5999999999999979</velocity>
      <orientation>0.33277103842126343</orientation>
      <time>33</time>
    </ksState>
  </ksTrajectory>
</CommonRoadSolution>
