<?xml version="1.0" ?>
<CommonRoadSolution benchmark_id="KS2:SM1:DEU_Ibbenbueren-3_3_T-1:2020a" computation_time="3.857134115000008" date="2020-12-29">
  <ksTrajectory planningProblem="1">
    <ksState>
      <x>-661.52354</x>
      <y>61.957774</y>
      <steeringAngle>0.0</steeringAngle>
      <velocity>4.0</velocity>
      <orientation>1.3195928</orientation>
      <time>0</time>
    </ksState>
    <ksState>
      <x>-661.4244680780974</x>
      <y>62.34531061893385</y>
      <steeringAngle>0.035533333333333326</steeringAngle>
      <velocity>4.0</velocity>
      <orientation>1.3223490745326003</orientation>
      <time>1</time>
    </ksState>
    <ksState>
      <x>-661.3275351013019</x>
      <y>62.73338673919589</y>
      <steeringAngle>0.07106666666666711</steeringAngle>
      <velocity>4.0</velocity>
      <orientation>1.3306248350758858</orientation>
      <time>2</time>
    </ksState>
    <ksState>
      <x>-661.2348942024184</x>
      <y>63.12250768382053</y>
      <steeringAngle>0.10660000000000043</steeringAngle>
      <velocity>4.0</velocity>
      <orientation>1.3444410748950226</orientation>
      <time>3</time>
    </ksState>
    <ksState>
      <x>-661.1487260566729</x>
      <y>63.513109818547115</y>
      <steeringAngle>0.14213333333333378</steeringAngle>
      <velocity>4.0</velocity>
      <orientation>1.3638330012805684</orientation>
      <time>4</time>
    </ksState>
    <ksState>
      <x>-661.0712505641404</x>
      <y>63.90552438753809</y>
      <steeringAngle>0.1776666666666672</steeringAngle>
      <velocity>4.0</velocity>
      <orientation>1.3888504077319657</orientation>
      <time>5</time>
    </ksState>
    <ksState>
      <x>-661.0039870585182</x>
      <y>64.29981776469675</y>
      <steeringAngle>0.1421333333333333</steeringAngle>
      <velocity>4.0</velocity>
      <orientation>1.4138678140764889</orientation>
      <time>6</time>
    </ksState>
    <ksState>
      <x>-660.9454920707755</x>
      <y>64.6955112239948</y>
      <steeringAngle>0.10659999999999999</steeringAngle>
      <velocity>4.0</velocity>
      <orientation>1.4332597403672396</orientation>
      <time>7</time>
    </ksState>
    <ksState>
      <x>-660.8935731681112</x>
      <y>65.09212422596362</y>
      <steeringAngle>0.07106666666666664</steeringAngle>
      <velocity>4.0</velocity>
      <orientation>1.4470759801021924</orientation>
      <time>8</time>
    </ksState>
    <ksState>
      <x>-660.8460371598424</x>
      <y>65.48928843004039</y>
      <steeringAngle>0.03553333333333332</steeringAngle>
      <velocity>4.0</velocity>
      <orientation>1.4553517405644578</orientation>
      <time>9</time>
    </ksState>
    <ksState>
      <x>-660.8006920487607</x>
      <y>65.8867097537643</y>
      <steeringAngle>-2.2985086056692694e-17</steeringAngle>
      <velocity>4.0</velocity>
      <orientation>1.4581080038592982</orientation>
      <time>10</time>
    </ksState>
    <ksState>
      <x>-660.7553469369614</x>
      <y>66.28413106366105</y>
      <steeringAngle>-0.035533333333333326</steeringAngle>
      <velocity>4.0</velocity>
      <orientation>1.4553517293266978</orientation>
      <time>11</time>
    </ksState>
    <ksState>
      <x>-660.7078109248379</x>
      <y>66.68129526730922</y>
      <steeringAngle>-0.07106666666666711</steeringAngle>
      <velocity>4.0</velocity>
      <orientation>1.4470759687834123</orientation>
      <time>12</time>
    </ksState>
    <ksState>
      <x>-660.6558920179268</x>
      <y>67.07790826860477</y>
      <steeringAngle>-0.10660000000000043</steeringAngle>
      <velocity>4.0</velocity>
      <orientation>1.4332597289642754</orientation>
      <time>13</time>
    </ksState>
    <ksState>
      <x>-660.5973970257181</x>
      <y>67.47360172682805</y>
      <steeringAngle>-0.14213333333333378</steeringAngle>
      <velocity>4.0</velocity>
      <orientation>1.4138678025787297</orientation>
      <time>14</time>
    </ksState>
    <ksState>
      <x>-660.5301335155783</x>
      <y>67.8678951025056</y>
      <steeringAngle>-0.1776666666666672</steeringAngle>
      <velocity>4.0</velocity>
      <orientation>1.3888503961273324</orientation>
      <time>15</time>
    </ksState>
    <ksState>
      <x>-660.4526580182968</x>
      <y>68.26030967127282</y>
      <steeringAngle>-0.1421333333333333</steeringAngle>
      <velocity>4.0</velocity>
      <orientation>1.3638329897828092</orientation>
      <time>16</time>
    </ksState>
    <ksState>
      <x>-660.3664898679954</x>
      <y>68.65091180541434</y>
      <steeringAngle>-0.10659999999999999</steeringAngle>
      <velocity>4.0</velocity>
      <orientation>1.3444410634920585</orientation>
      <time>17</time>
    </ksState>
    <ksState>
      <x>-660.2738489649036</x>
      <y>69.04003274915665</y>
      <steeringAngle>-0.07106666666666664</steeringAngle>
      <velocity>4.0</velocity>
      <orientation>1.3306248237571057</orientation>
      <time>18</time>
    </ksState>
    <ksState>
      <x>-660.1769159843532</x>
      <y>69.42810886844728</y>
      <steeringAngle>-0.03553333333333332</steeringAngle>
      <velocity>4.0</velocity>
      <orientation>1.3223490632948403</orientation>
      <time>19</time>
    </ksState>
    <ksState>
      <x>-660.0778440568587</x>
      <y>69.81564550004745</y>
      <steeringAngle>2.2985086056692694e-17</steeringAngle>
      <velocity>4.0</velocity>
      <orientation>1.3195928</orientation>
      <time>20</time>
    </ksState>
    <ksState>
      <x>-659.9784161001166</x>
      <y>70.20309108515342</y>
      <steeringAngle>0.0</steeringAngle>
      <velocity>4.0</velocity>
      <orientation>1.3195928</orientation>
      <time>21</time>
    </ksState>
    <ksState>
      <x>-659.8789881433746</x>
      <y>70.5905366702594</y>
      <steeringAngle>0.0</steeringAngle>
      <velocity>4.0</velocity>
      <orientation>1.3195928</orientation>
      <time>22</time>
    </ksState>
    <ksState>
      <x>-659.7795601866327</x>
      <y>70.97798225536536</y>
      <steeringAngle>0.0</steeringAngle>
      <velocity>4.0</velocity>
      <orientation>1.3195928</orientation>
      <time>23</time>
    </ksState>
    <ksState>
      <x>-659.6801322298907</x>
      <y>71.36542784047134</y>
      <steeringAngle>0.0</steeringAngle>
      <velocity>4.0</velocity>
      <orientation>1.3195928</orientation>
      <time>24</time>
    </ksState>
    <ksState>
      <x>-659.5807042731486</x>
      <y>71.7528734255773</y>
      <steeringAngle>0.0</steeringAngle>
      <velocity>4.0</velocity>
      <orientation>1.3195928</orientation>
      <time>25</time>
    </ksState>
    <ksState>
      <x>-659.4812763164066</x>
      <y>72.14031901068327</y>
      <steeringAngle>0.0</steeringAngle>
      <velocity>4.0</velocity>
      <orientation>1.3195928</orientation>
      <time>26</time>
    </ksState>
    <ksState>
      <x>-659.3818483596646</x>
      <y>72.52776459578925</y>
      <steeringAngle>0.0</steeringAngle>
      <velocity>4.0</velocity>
      <orientation>1.3195928</orientation>
      <time>27</time>
    </ksState>
    <ksState>
      <x>-659.2824204029226</x>
      <y>72.91521018089522</y>
      <steeringAngle>0.0</steeringAngle>
      <velocity>4.0</velocity>
      <orientation>1.3195928</orientation>
      <time>28</time>
    </ksState>
    <ksState>
      <x>-659.1829924461806</x>
      <y>73.3026557660012</y>
      <steeringAngle>0.0</steeringAngle>
      <velocity>4.0</velocity>
      <orientation>1.3195928</orientation>
      <time>29</time>
    </ksState>
    <ksState>
      <x>-659.0835644894386</x>
      <y>73.69010135110716</y>
      <steeringAngle>0.0</steeringAngle>
      <velocity>4.0</velocity>
      <orientation>1.3195928</orientation>
      <time>30</time>
    </ksState>
    <ksState>
      <x>-658.9940793286262</x>
      <y>74.03880237670712</y>
      <steeringAngle>0.0</steeringAngle>
      <velocity>3.2</velocity>
      <orientation>1.3195928</orientation>
      <time>31</time>
    </ksState>
    <ksState>
      <x>-658.9244797591875</x>
      <y>74.3100142851872</y>
      <steeringAngle>0.0</steeringAngle>
      <velocity>2.4000000000000004</velocity>
      <orientation>1.3195928</orientation>
      <time>32</time>
    </ksState>
    <ksState>
      <x>-658.8747657810974</x>
      <y>74.50373707664608</y>
      <steeringAngle>0.0</steeringAngle>
      <velocity>1.6</velocity>
      <orientation>1.3195928</orientation>
      <time>33</time>
    </ksState>
  </ksTrajectory>
</CommonRoadSolution>
