<?xml version="1.0" ?>
<CommonRoadSolution benchmark_id="KS2:SM1:DEU_Flensburg-41_1_T-1:2020a" computation_time="71.60130588799996" date="2020-12-29">
  <ksTrajectory planningProblem="123">
    <ksState>
      <x>-374.20142</x>
      <y>379.83207</y>
      <steeringAngle>0.0</steeringAngle>
      <velocity>8.0</velocity>
      <orientation>1.8520831</orientation>
      <time>0</time>
    </ksState>
    <ksState>
      <x>-374.42490510764975</x>
      <y>380.6002188159308</y>
      <steeringAngle>0.03553333333333333</steeringAngle>
      <velocity>8.0</velocity>
      <orientation>1.8575956350028389</orientation>
      <time>1</time>
    </ksState>
    <ksState>
      <x>-374.6568465569581</x>
      <y>381.36584825915867</y>
      <steeringAngle>0.07106666666666667</steeringAngle>
      <velocity>8.0</velocity>
      <orientation>1.8741471558831084</orientation>
      <time>2</time>
    </ksState>
    <ksState>
      <x>-374.9056356838229</x>
      <y>382.12615289555714</y>
      <steeringAngle>0.10659999999999997</steeringAngle>
      <velocity>8.0</velocity>
      <orientation>1.9017796351738032</orientation>
      <time>3</time>
    </ksState>
    <ksState>
      <x>-375.17951755074535</x>
      <y>382.8777567778119</y>
      <steeringAngle>0.1421333333333333</steeringAngle>
      <velocity>8.0</velocity>
      <orientation>1.9405634874465383</orientation>
      <time>4</time>
    </ksState>
    <ksState>
      <x>-375.48647680566256</x>
      <y>383.616432891162</y>
      <steeringAngle>0.17766666666666667</steeringAngle>
      <velocity>8.0</velocity>
      <orientation>1.990598299695693</orientation>
      <time>5</time>
    </ksState>
    <ksState>
      <x>-375.8313572026759</x>
      <y>384.33818347574896</y>
      <steeringAngle>0.14213333333333336</steeringAngle>
      <velocity>8.0</velocity>
      <orientation>2.0406331112444414</orientation>
      <time>6</time>
    </ksState>
    <ksState>
      <x>-376.20794840582073</x>
      <y>385.0439445806125</y>
      <steeringAngle>0.1066000000000001</steeringAngle>
      <velocity>8.0</velocity>
      <orientation>2.0794169632514388</orientation>
      <time>7</time>
    </ksState>
    <ksState>
      <x>-376.607772134289</x>
      <y>385.7368371802678</y>
      <steeringAngle>0.07106666666666674</steeringAngle>
      <velocity>8.0</velocity>
      <orientation>2.107049442281126</orientation>
      <time>8</time>
    </ksState>
    <ksState>
      <x>-377.0228097006635</x>
      <y>386.4207444091347</y>
      <steeringAngle>0.035533333333333354</steeringAngle>
      <velocity>8.0</velocity>
      <orientation>2.123600962910155</orientation>
      <time>9</time>
    </ksState>
    <ksState>
      <x>-377.4453694431894</x>
      <y>387.1000392861388</y>
      <steeringAngle>2.0816681711721685e-17</steeringAngle>
      <velocity>8.0</velocity>
      <orientation>2.1291134893685597</orientation>
      <time>10</time>
    </ksState>
    <ksState>
      <x>-377.8691771662609</x>
      <y>387.77855753487273</y>
      <steeringAngle>0.0</steeringAngle>
      <velocity>8.0</velocity>
      <orientation>2.1291134893685597</orientation>
      <time>11</time>
    </ksState>
    <ksState>
      <x>-378.2929848893324</x>
      <y>388.4570757836066</y>
      <steeringAngle>0.0</steeringAngle>
      <velocity>8.0</velocity>
      <orientation>2.1291134893685597</orientation>
      <time>12</time>
    </ksState>
    <ksState>
      <x>-378.7167926124039</x>
      <y>389.1355940323406</y>
      <steeringAngle>0.0</steeringAngle>
      <velocity>8.0</velocity>
      <orientation>2.1291134893685597</orientation>
      <time>13</time>
    </ksState>
    <ksState>
      <x>-379.1406003354753</x>
      <y>389.81411228107453</y>
      <steeringAngle>0.0</steeringAngle>
      <velocity>8.0</velocity>
      <orientation>2.1291134893685597</orientation>
      <time>14</time>
    </ksState>
    <ksState>
      <x>-379.5644080585468</x>
      <y>390.4926305298085</y>
      <steeringAngle>0.0</steeringAngle>
      <velocity>8.0</velocity>
      <orientation>2.1291134893685597</orientation>
      <time>15</time>
    </ksState>
    <ksState>
      <x>-379.9869677767257</x>
      <y>391.17192537104444</y>
      <steeringAngle>-0.03553333333333333</steeringAngle>
      <velocity>8.0</velocity>
      <orientation>2.123600954365721</orientation>
      <time>16</time>
    </ksState>
    <ksState>
      <x>-380.40200534026224</x>
      <y>391.85583260239844</y>
      <steeringAngle>-0.07106666666666667</steeringAngle>
      <velocity>8.0</velocity>
      <orientation>2.1070494334854515</orientation>
      <time>17</time>
    </ksState>
    <ksState>
      <x>-380.8018290645801</x>
      <y>392.5487252053664</y>
      <steeringAngle>-0.10659999999999997</steeringAngle>
      <velocity>8.0</velocity>
      <orientation>2.0794169541947563</orientation>
      <time>18</time>
    </ksState>
    <ksState>
      <x>-381.1784202624225</x>
      <y>393.2544863140689</y>
      <steeringAngle>-0.1421333333333333</steeringAngle>
      <velocity>8.0</velocity>
      <orientation>2.0406331019220216</orientation>
      <time>19</time>
    </ksState>
    <ksState>
      <x>-381.52330062388063</x>
      <y>393.97623690873013</y>
      <steeringAngle>-0.17766666666666667</steeringAngle>
      <velocity>8.0</velocity>
      <orientation>1.990598289672867</orientation>
      <time>20</time>
    </ksState>
    <ksState>
      <x>-381.8302598475566</x>
      <y>394.71491304181956</y>
      <steeringAngle>-0.14213333333333336</steeringAngle>
      <velocity>8.0</velocity>
      <orientation>1.9405634781241186</orientation>
      <time>21</time>
    </ksState>
    <ksState>
      <x>-382.10414170808065</x>
      <y>395.4665169254578</y>
      <steeringAngle>-0.1066000000000001</steeringAngle>
      <velocity>8.0</velocity>
      <orientation>1.9017796261171211</orientation>
      <time>22</time>
    </ksState>
    <ksState>
      <x>-382.352930829708</x>
      <y>396.22682156273373</y>
      <steeringAngle>-0.07106666666666674</steeringAngle>
      <velocity>8.0</velocity>
      <orientation>1.8741471470874342</orientation>
      <time>23</time>
    </ksState>
    <ksState>
      <x>-382.58487227527</x>
      <y>396.9924510064133</y>
      <steeringAngle>-0.035533333333333354</steeringAngle>
      <velocity>8.0</velocity>
      <orientation>1.8575956264584048</orientation>
      <time>24</time>
    </ksState>
    <ksState>
      <x>-382.8083573932869</x>
      <y>397.760599864352</y>
      <steeringAngle>-2.0816681711721685e-17</steeringAngle>
      <velocity>8.0</velocity>
      <orientation>1.8520831</orientation>
      <time>25</time>
    </ksState>
    <ksState>
      <x>-383.0304310571402</x>
      <y>398.5291590929237</y>
      <steeringAngle>0.0</steeringAngle>
      <velocity>8.0</velocity>
      <orientation>1.8520831</orientation>
      <time>26</time>
    </ksState>
    <ksState>
      <x>-383.2525047209936</x>
      <y>399.29771832149544</y>
      <steeringAngle>0.0</steeringAngle>
      <velocity>8.0</velocity>
      <orientation>1.8520831</orientation>
      <time>27</time>
    </ksState>
    <ksState>
      <x>-383.47457838484695</x>
      <y>400.0662775500671</y>
      <steeringAngle>0.0</steeringAngle>
      <velocity>8.0</velocity>
      <orientation>1.8520831</orientation>
      <time>28</time>
    </ksState>
    <ksState>
      <x>-383.69665204870034</x>
      <y>400.8348367786389</y>
      <steeringAngle>0.0</steeringAngle>
      <velocity>8.0</velocity>
      <orientation>1.8520831</orientation>
      <time>29</time>
    </ksState>
    <ksState>
      <x>-383.9187257125537</x>
      <y>401.60339600721056</y>
      <steeringAngle>0.0</steeringAngle>
      <velocity>8.0</velocity>
      <orientation>1.8520831</orientation>
      <time>30</time>
    </ksState>
    <ksState>
      <x>-384.140799376407</x>
      <y>402.37195523578225</y>
      <steeringAngle>0.0</steeringAngle>
      <velocity>8.0</velocity>
      <orientation>1.8520831</orientation>
      <time>31</time>
    </ksState>
    <ksState>
      <x>-384.3628730402604</x>
      <y>403.140514464354</y>
      <steeringAngle>0.0</steeringAngle>
      <velocity>8.0</velocity>
      <orientation>1.8520831</orientation>
      <time>32</time>
    </ksState>
    <ksState>
      <x>-384.58494670411375</x>
      <y>403.9090736929257</y>
      <steeringAngle>0.0</steeringAngle>
      <velocity>8.0</velocity>
      <orientation>1.8520831</orientation>
      <time>33</time>
    </ksState>
    <ksState>
      <x>-384.80702036796714</x>
      <y>404.67763292149743</y>
      <steeringAngle>0.0</steeringAngle>
      <velocity>8.0</velocity>
      <orientation>1.8520831</orientation>
      <time>34</time>
    </ksState>
    <ksState>
      <x>-385.0290940318205</x>
      <y>405.4461921500691</y>
      <steeringAngle>0.0</steeringAngle>
      <velocity>8.0</velocity>
      <orientation>1.8520831</orientation>
      <time>35</time>
    </ksState>
    <ksState>
      <x>-385.2511676956738</x>
      <y>406.2147513786408</y>
      <steeringAngle>0.0</steeringAngle>
      <velocity>8.0</velocity>
      <orientation>1.8520831</orientation>
      <time>36</time>
    </ksState>
    <ksState>
      <x>-385.4732413595272</x>
      <y>406.98331060721256</y>
      <steeringAngle>0.0</steeringAngle>
      <velocity>8.0</velocity>
      <orientation>1.8520831</orientation>
      <time>37</time>
    </ksState>
    <ksState>
      <x>-385.69531502338054</x>
      <y>407.75186983578425</y>
      <steeringAngle>0.0</steeringAngle>
      <velocity>8.0</velocity>
      <orientation>1.8520831</orientation>
      <time>38</time>
    </ksState>
    <ksState>
      <x>-385.91738868723394</x>
      <y>408.520429064356</y>
      <steeringAngle>0.0</steeringAngle>
      <velocity>8.0</velocity>
      <orientation>1.8520831</orientation>
      <time>39</time>
    </ksState>
    <ksState>
      <x>-386.1394623510873</x>
      <y>409.2889882929277</y>
      <steeringAngle>0.0</steeringAngle>
      <velocity>8.0</velocity>
      <orientation>1.8520831</orientation>
      <time>40</time>
    </ksState>
    <ksState>
      <x>-386.34919054694586</x>
      <y>410.01947630042275</y>
      <steeringAngle>-0.03553333333333333</steeringAngle>
      <velocity>7.199999999999999</velocity>
      <orientation>1.8469380870175076</orientation>
      <time>41</time>
    </ksState>
    <ksState>
      <x>-386.53052445045716</x>
      <y>410.674846768676</y>
      <steeringAngle>-0.07106666666666664</steeringAngle>
      <velocity>6.400000000000001</velocity>
      <orientation>1.8329614148965445</orientation>
      <time>42</time>
    </ksState>
    <ksState>
      <x>-386.68044204667484</x>
      <y>411.25580454110775</y>
      <steeringAngle>-0.10659999999999997</steeringAngle>
      <velocity>5.600000000000004</velocity>
      <orientation>1.8123296470306631</orientation>
      <time>43</time>
    </ksState>
    <ksState>
      <x>-386.7987750449606</x>
      <y>411.7621473993542</y>
      <steeringAngle>-0.1421333333333333</steeringAngle>
      <velocity>4.800000000000003</velocity>
      <orientation>1.787213439522015</orientation>
      <time>44</time>
    </ksState>
    <ksState>
      <x>-386.8875757909264</x>
      <y>412.1930792976856</y>
      <steeringAngle>-0.17766666666666653</steeringAngle>
      <velocity>4.000000000000006</velocity>
      <orientation>1.7597885429368652</orientation>
      <time>45</time>
    </ksState>
    <ksState>
      <x>-386.95686794044065</x>
      <y>412.5870158624222</y>
      <steeringAngle>-0.21319999999999995</steeringAngle>
      <velocity>4.0</velocity>
      <orientation>1.729080760299365</orientation>
      <time>46</time>
    </ksState>
    <ksState>
      <x>-387.01289187796556</x>
      <y>412.98305066819734</y>
      <steeringAngle>-0.24873333333333336</steeringAngle>
      <velocity>4.0</velocity>
      <orientation>1.6926019191766708</orientation>
      <time>47</time>
    </ksState>
    <ksState>
      <x>-387.0532701511116</x>
      <y>413.3809773902706</y>
      <steeringAngle>-0.2842666666666667</steeringAngle>
      <velocity>4.0</velocity>
      <orientation>1.6502546853312228</orientation>
      <time>48</time>
    </ksState>
    <ksState>
      <x>-387.0755751614287</x>
      <y>413.7803160101946</y>
      <steeringAngle>-0.31980000000000003</steeringAngle>
      <velocity>4.0</velocity>
      <orientation>1.6019240039640876</orientation>
      <time>49</time>
    </ksState>
    <ksState>
      <x>-387.0773427246076</x>
      <y>414.18026268071145</y>
      <steeringAngle>-0.35533333333333333</steeringAngle>
      <velocity>4.0</velocity>
      <orientation>1.5474758027858093</orientation>
      <time>50</time>
    </ksState>
    <ksState>
      <x>-387.0560956182908</x>
      <y>414.5796364463361</y>
      <steeringAngle>-0.39086666666666653</steeringAngle>
      <velocity>4.0</velocity>
      <orientation>1.4867554364798221</orientation>
      <time>51</time>
    </ksState>
    <ksState>
      <x>-387.0093792510628</x>
      <y>414.97682334544686</y>
      <steeringAngle>-0.42639999999999995</steeringAngle>
      <velocity>4.0</velocity>
      <orientation>1.4195858230234184</orientation>
      <time>52</time>
    </ksState>
    <ksState>
      <x>-386.93481232503734</x>
      <y>415.36971916978865</y>
      <steeringAngle>-0.4619333333333333</steeringAngle>
      <velocity>4.0</velocity>
      <orientation>1.3457652393910746</orientation>
      <time>53</time>
    </ksState>
    <ksState>
      <x>-386.8301551553379</x>
      <y>415.755672620189</y>
      <steeringAngle>-0.49746666666666667</steeringAngle>
      <velocity>4.0</velocity>
      <orientation>1.2650646975778541</orientation>
      <time>54</time>
    </ksState>
    <ksState>
      <x>-386.6933989778306</x>
      <y>416.131431723927</y>
      <steeringAngle>-0.533</steeringAngle>
      <velocity>4.0</velocity>
      <orientation>1.1772248309780455</orientation>
      <time>55</time>
    </ksState>
    <ksState>
      <x>-386.52287959768086</x>
      <y>416.49309753308785</y>
      <steeringAngle>-0.5685333333333333</steeringAngle>
      <velocity>4.0</velocity>
      <orientation>1.0819521913288157</orientation>
      <time>56</time>
    </ksState>
    <ksState>
      <x>-386.3174188170691</x>
      <y>416.83609078416424</y>
      <steeringAngle>-0.6040666666666665</steeringAngle>
      <velocity>4.0</velocity>
      <orientation>0.978914838110353</orientation>
      <time>57</time>
    </ksState>
    <ksState>
      <x>-386.07649660343054</x>
      <y>417.1551389954641</y>
      <steeringAngle>-0.6396</steeringAngle>
      <velocity>4.0</velocity>
      <orientation>0.8677370553348625</orientation>
      <time>58</time>
    </ksState>
    <ksState>
      <x>-385.80045638081606</x>
      <y>417.4442941799506</y>
      <steeringAngle>-0.6751333333333333</steeringAngle>
      <velocity>4.0</velocity>
      <orientation>0.7479930064549319</orientation>
      <time>59</time>
    </ksState>
    <ksState>
      <x>-385.49074411354803</x>
      <y>417.696994162439</y>
      <steeringAngle>-0.7106666666666664</steeringAngle>
      <velocity>4.0</velocity>
      <orientation>0.6191990687706213</orientation>
      <time>60</time>
    </ksState>
    <ksState>
      <x>-385.15017924943265</x>
      <y>417.9061839928528</y>
      <steeringAngle>-0.7461999999999996</steeringAngle>
      <velocity>4.0</velocity>
      <orientation>0.4808045154194045</orientation>
      <time>61</time>
    </ksState>
    <ksState>
      <x>-384.7832513341689</x>
      <y>418.0645179127746</y>
      <steeringAngle>-0.7817333333333332</steeringAngle>
      <velocity>4.0</velocity>
      <orientation>0.33218011325423086</orientation>
      <time>62</time>
    </ksState>
    <ksState>
      <x>-384.3964295406971</x>
      <y>418.1646663006591</y>
      <steeringAngle>-0.8172666666666665</steeringAngle>
      <velocity>4.0</velocity>
      <orientation>0.17260406005338558</orientation>
      <time>63</time>
    </ksState>
    <ksState>
      <x>-383.99846267048457</x>
      <y>418.1997558957636</y>
      <steeringAngle>-0.8527999999999999</steeringAngle>
      <velocity>4.0</velocity>
      <orientation>0.0012444966338747143</orientation>
      <time>64</time>
    </ksState>
    <ksState>
      <x>-383.6006332157339</x>
      <y>418.1639738122881</y>
      <steeringAngle>-0.888333333333333</steeringAngle>
      <velocity>4.0</velocity>
      <orientation>-0.18286245196376116</orientation>
      <time>65</time>
    </ksState>
    <ksState>
      <x>-383.2166051218293</x>
      <y>418.054258591915</y>
      <steeringAngle>-0.8883333333333333</steeringAngle>
      <velocity>4.0</velocity>
      <orientation>-0.37370272146168027</orientation>
      <time>66</time>
    </ksState>
    <ksState>
      <x>-382.86036020292977</x>
      <y>417.87369125517915</y>
      <steeringAngle>-0.8883333333333333</steeringAngle>
      <velocity>4.0</velocity>
      <orientation>-0.5645429909595994</orientation>
      <time>67</time>
    </ksState>
    <ksState>
      <x>-382.5448335708966</x>
      <y>417.6288281312431</y>
      <steeringAngle>-0.8883333333333333</steeringAngle>
      <velocity>4.0</velocity>
      <orientation>-0.7553832604575182</orientation>
      <time>68</time>
    </ksState>
    <ksState>
      <x>-382.2814818736409</x>
      <y>417.3285601035524</y>
      <steeringAngle>-0.8883333333333333</steeringAngle>
      <velocity>4.0</velocity>
      <orientation>-0.9462235299554368</orientation>
      <time>69</time>
    </ksState>
    <ksState>
      <x>-382.07986730480604</x>
      <y>416.9837897815555</y>
      <steeringAngle>-0.8883333333333333</steeringAngle>
      <velocity>4.0</velocity>
      <orientation>-1.1370637994533555</orientation>
      <time>70</time>
    </ksState>
    <ksState>
      <x>-381.94644538985807</x>
      <y>416.607296451876</y>
      <steeringAngle>-0.8527999999999999</steeringAngle>
      <velocity>4.0</velocity>
      <orientation>-1.3211707476990144</orientation>
      <time>71</time>
    </ksState>
    <ksState>
      <x>-381.8816425252203</x>
      <y>416.21307633019956</y>
      <steeringAngle>-0.8172666666666666</steeringAngle>
      <velocity>4.0</velocity>
      <orientation>-1.4925303103037117</orientation>
      <time>72</time>
    </ksState>
    <ksState>
      <x>-381.88262863590603</x>
      <y>415.81350176532305</y>
      <steeringAngle>-0.7817333333333335</steeringAngle>
      <velocity>4.0</velocity>
      <orientation>-1.6521063627546375</orientation>
      <time>73</time>
    </ksState>
    <ksState>
      <x>-381.9449174804057</x>
      <y>415.4187539573228</y>
      <steeringAngle>-0.7461999999999999</steeringAngle>
      <velocity>4.0</velocity>
      <orientation>-1.800730764117907</orientation>
      <time>74</time>
    </ksState>
    <ksState>
      <x>-382.0630148346354</x>
      <y>415.0369191266816</y>
      <steeringAngle>-0.7106666666666667</steeringAngle>
      <velocity>4.0</velocity>
      <orientation>-1.93912531626502</orientation>
      <time>75</time>
    </ksState>
    <ksState>
      <x>-382.23206081984034</x>
      <y>414.6747475282582</y>
      <steeringAngle>-0.7461999999999996</steeringAngle>
      <velocity>4.0</velocity>
      <orientation>-2.0775198696162365</orientation>
      <time>76</time>
    </ksState>
    <ksState>
      <x>-382.45112031268195</x>
      <y>414.3405041082877</y>
      <steeringAngle>-0.7817333333333332</steeringAngle>
      <velocity>4.0</velocity>
      <orientation>-2.2261442717814104</orientation>
      <time>77</time>
    </ksState>
    <ksState>
      <x>-382.7188305315386</x>
      <y>414.0438695886843</y>
      <steeringAngle>-0.8172666666666665</steeringAngle>
      <velocity>4.0</velocity>
      <orientation>-2.3857203249822554</orientation>
      <time>78</time>
    </ksState>
    <ksState>
      <x>-383.0316746209676</x>
      <y>413.7953992983462</y>
      <steeringAngle>-0.8527999999999999</steeringAngle>
      <velocity>4.0</velocity>
      <orientation>-2.5570798884017663</orientation>
      <time>79</time>
    </ksState>
    <ksState>
      <x>-383.3834369306585</x>
      <y>413.60615894840475</y>
      <steeringAngle>-0.888333333333333</steeringAngle>
      <velocity>4.0</velocity>
      <orientation>-2.741186836999402</orientation>
      <time>80</time>
    </ksState>
    <ksState>
      <x>-383.7643987278247</x>
      <y>413.48622932074994</y>
      <steeringAngle>-0.8883333333333333</steeringAngle>
      <velocity>4.0</velocity>
      <orientation>-2.9320271064973213</orientation>
      <time>81</time>
    </ksState>
    <ksState>
      <x>-384.16119296542405</x>
      <y>413.44073934003404</y>
      <steeringAngle>-0.8883333333333333</steeringAngle>
      <velocity>4.0</velocity>
      <orientation>-3.1228673759952406</orientation>
      <time>82</time>
    </ksState>
    <ksState>
      <x>-384.55941220150993</x>
      <y>413.4713407288441</y>
      <steeringAngle>-0.8883333333333333</steeringAngle>
      <velocity>4.0</velocity>
      <orientation>-3.3137076454931593</orientation>
      <time>83</time>
    </ksState>
    <ksState>
      <x>-384.944597252395</x>
      <y>413.5769223630208</y>
      <steeringAngle>-0.8883333333333333</steeringAngle>
      <velocity>4.0</velocity>
      <orientation>-3.5045479149910777</orientation>
      <time>84</time>
    </ksState>
    <ksState>
      <x>-385.3027622053031</x>
      <y>413.7536506171416</y>
      <steeringAngle>-0.8883333333333333</steeringAngle>
      <velocity>4.0</velocity>
      <orientation>-3.6953881844889964</orientation>
      <time>85</time>
    </ksState>
    <ksState>
      <x>-385.62090222113017</x>
      <y>413.9951085572038</y>
      <steeringAngle>-0.8883333333333333</steeringAngle>
      <velocity>4.0</velocity>
      <orientation>-3.8862284539869156</orientation>
      <time>86</time>
    </ksState>
    <ksState>
      <x>-385.8874657646693</x>
      <y>414.2925289374629</y>
      <steeringAngle>-0.8883333333333333</steeringAngle>
      <velocity>4.0</velocity>
      <orientation>-4.077068723484834</orientation>
      <time>87</time>
    </ksState>
    <ksState>
      <x>-386.09277401952295</x>
      <y>414.6351125410911</y>
      <steeringAngle>-0.8883333333333333</steeringAngle>
      <velocity>4.0</velocity>
      <orientation>-4.267908992982753</orientation>
      <time>88</time>
    </ksState>
    <ksState>
      <x>-386.229372323605</x>
      <y>415.0104202924401</y>
      <steeringAngle>-0.8883333333333333</steeringAngle>
      <velocity>4.0</velocity>
      <orientation>-4.458749262480672</orientation>
      <time>89</time>
    </ksState>
    <ksState>
      <x>-386.29230084728215</x>
      <y>415.4048249199536</y>
      <steeringAngle>-0.8883333333333333</steeringAngle>
      <velocity>4.0</velocity>
      <orientation>-4.649589531978591</orientation>
      <time>90</time>
    </ksState>
    <ksState>
      <x>-386.27927467501195</x>
      <y>415.80400573778627</y>
      <steeringAngle>-0.8883333333333333</steeringAngle>
      <velocity>4.0</velocity>
      <orientation>-4.8404298014765095</orientation>
      <time>91</time>
    </ksState>
    <ksState>
      <x>-386.1907667864642</x>
      <y>416.1934686487321</y>
      <steeringAngle>-0.8883333333333333</steeringAngle>
      <velocity>4.0</velocity>
      <orientation>-5.031270070974429</orientation>
      <time>92</time>
    </ksState>
    <ksState>
      <x>-386.0299908686906</x>
      <y>416.55907240862797</y>
      <steeringAngle>-0.8883333333333333</steeringAngle>
      <velocity>4.0</velocity>
      <orientation>-5.222110340472348</orientation>
      <time>93</time>
    </ksState>
    <ksState>
      <x>-385.80278463176114</x>
      <y>416.88754208881335</y>
      <steeringAngle>-0.8883333333333333</steeringAngle>
      <velocity>4.0</velocity>
      <orientation>-5.412950609970267</orientation>
      <time>94</time>
    </ksState>
    <ksState>
      <x>-385.5173978410805</x>
      <y>417.16695108831277</y>
      <steeringAngle>-0.8883333333333333</steeringAngle>
      <velocity>4.0</velocity>
      <orientation>-5.603790879468185</orientation>
      <time>95</time>
    </ksState>
    <ksState>
      <x>-385.21969526584445</x>
      <y>417.36863406251365</y>
      <steeringAngle>-0.8527999999999998</steeringAngle>
      <velocity>3.1999999999999997</velocity>
      <orientation>-5.769708415179629</orientation>
      <time>96</time>
    </ksState>
    <ksState>
      <x>-384.9680497662331</x>
      <y>417.4910277390604</y>
      <steeringAngle>-0.8172666666666667</steeringAngle>
      <velocity>2.3999999999999986</velocity>
      <orientation>-5.889864089960041</orientation>
      <time>97</time>
    </ksState>
    <ksState>
      <x>-384.780422387652</x>
      <y>417.5601264540813</y>
      <steeringAngle>-0.7817333333333332</steeringAngle>
      <velocity>1.5999999999999996</velocity>
      <orientation>-5.969841207397393</orientation>
      <time>98</time>
    </ksState>
    <ksState>
      <x>-384.66546689839276</x>
      <y>417.59451869357036</y>
      <steeringAngle>-0.7461999999999998</steeringAngle>
      <velocity>0.7999999999999996</velocity>
      <orientation>-6.01460472854699</orientation>
      <time>99</time>
    </ksState>
  </ksTrajectory>
</CommonRoadSolution>
