<?xml version="1.0" ?>
<CommonRoadSolution benchmark_id="KS2:SM1:DEU_Lohmar-69_1_T-1:2020a" computation_time="1.10753162900005" date="2020-12-29">
  <ksTrajectory planningProblem="123">
    <ksState>
      <x>212.03733</x>
      <y>-5.2045794</y>
      <steeringAngle>0.0</steeringAngle>
      <velocity>16.0</velocity>
      <orientation>3.1044328</orientation>
      <time>0</time>
    </ksState>
    <ksState>
      <x>210.4784069430816</x>
      <y>-5.146623368704667</y>
      <steeringAngle>0.0</steeringAngle>
      <velocity>15.2</velocity>
      <orientation>3.1044328</orientation>
      <time>1</time>
    </ksState>
    <ksState>
      <x>208.9994286588762</x>
      <y>-5.091639441599266</y>
      <steeringAngle>0.0</steeringAngle>
      <velocity>14.400000000000002</velocity>
      <orientation>3.1044328</orientation>
      <time>2</time>
    </ksState>
    <ksState>
      <x>207.60039514701384</x>
      <y>-5.039627618670046</y>
      <steeringAngle>0.0</steeringAngle>
      <velocity>13.600000000000001</velocity>
      <orientation>3.1044328</orientation>
      <time>3</time>
    </ksState>
    <ksState>
      <x>206.2813064073825</x>
      <y>-4.9905878999128435</y>
      <steeringAngle>0.0</steeringAngle>
      <velocity>12.800000000000004</velocity>
      <orientation>3.1044328</orientation>
      <time>4</time>
    </ksState>
    <ksState>
      <x>205.0421624399468</x>
      <y>-4.944520285326342</y>
      <steeringAngle>0.0</steeringAngle>
      <velocity>12.000000000000002</velocity>
      <orientation>3.1044328</orientation>
      <time>5</time>
    </ksState>
    <ksState>
      <x>203.84299085744448</x>
      <y>-4.899938722781901</y>
      <steeringAngle>0.0</steeringAngle>
      <velocity>12.0</velocity>
      <orientation>3.1044328</orientation>
      <time>6</time>
    </ksState>
    <ksState>
      <x>202.64381927494216</x>
      <y>-4.855357160237459</y>
      <steeringAngle>0.0</steeringAngle>
      <velocity>12.0</velocity>
      <orientation>3.1044328</orientation>
      <time>7</time>
    </ksState>
    <ksState>
      <x>201.44464769243987</x>
      <y>-4.810775597693017</y>
      <steeringAngle>0.0</steeringAngle>
      <velocity>12.0</velocity>
      <orientation>3.1044328</orientation>
      <time>8</time>
    </ksState>
    <ksState>
      <x>200.24547610993756</x>
      <y>-4.766194035148575</y>
      <steeringAngle>0.0</steeringAngle>
      <velocity>12.0</velocity>
      <orientation>3.1044328</orientation>
      <time>9</time>
    </ksState>
    <ksState>
      <x>199.04630452743524</x>
      <y>-4.721612472604134</y>
      <steeringAngle>0.0</steeringAngle>
      <velocity>12.0</velocity>
      <orientation>3.1044328</orientation>
      <time>10</time>
    </ksState>
    <ksState>
      <x>197.88699966972123</x>
      <y>-4.681552622106522</y>
      <steeringAngle>0.03553333333333333</steeringAngle>
      <velocity>11.200000000000001</velocity>
      <orientation>3.112334073772344</orientation>
      <time>11</time>
    </ksState>
    <ksState>
      <x>196.80722479499505</x>
      <y>-4.660628630962864</y>
      <steeringAngle>0.07106666666666667</steeringAngle>
      <velocity>10.400000000000007</velocity>
      <orientation>3.134586504570834</orientation>
      <time>12</time>
    </ksState>
    <ksState>
      <x>195.80731535888452</x>
      <y>-4.66968889950178</y>
      <steeringAngle>0.10660000000000001</steeringAngle>
      <velocity>9.60000000000001</velocity>
      <orientation>3.1690345154555057</orientation>
      <time>13</time>
    </ksState>
    <ksState>
      <x>194.88847857761783</x>
      <y>-4.714401108649166</y>
      <steeringAngle>0.14213333333333344</steeringAngle>
      <velocity>8.800000000000008</velocity>
      <orientation>3.2135426475763507</orientation>
      <time>14</time>
    </ksState>
    <ksState>
      <x>194.05253787978532</x>
      <y>-4.795896177799227</y>
      <steeringAngle>0.17766666666666675</steeringAngle>
      <velocity>8.000000000000009</velocity>
      <orientation>3.2659849453913323</orientation>
      <time>15</time>
    </ksState>
    <ksState>
      <x>193.26189336648937</x>
      <y>-4.917204773369387</y>
      <steeringAngle>0.17766666666666667</steeringAngle>
      <velocity>8.0</velocity>
      <orientation>3.321685921701844</orientation>
      <time>16</time>
    </ksState>
    <ksState>
      <x>192.47922853917146</x>
      <y>-5.082342138786407</y>
      <steeringAngle>0.17766666666666667</steeringAngle>
      <velocity>8.0</velocity>
      <orientation>3.377386898012356</orientation>
      <time>17</time>
    </ksState>
    <ksState>
      <x>191.7069710994343</x>
      <y>-5.2907960467535515</y>
      <steeringAngle>0.17766666666666667</steeringAngle>
      <velocity>8.0</velocity>
      <orientation>3.4330878743228674</orientation>
      <time>18</time>
    </ksState>
    <ksState>
      <x>190.94751643271653</x>
      <y>-5.541919915665276</y>
      <steeringAngle>0.17766666666666667</steeringAngle>
      <velocity>8.0</velocity>
      <orientation>3.4887888506333793</orientation>
      <time>19</time>
    </ksState>
    <ksState>
      <x>190.20322021248091</x>
      <y>-5.834934811075854</y>
      <steeringAngle>0.17766666666666667</steeringAngle>
      <velocity>8.0</velocity>
      <orientation>3.544489826943891</orientation>
      <time>20</time>
    </ksState>
    <ksState>
      <x>189.47639114149214</x>
      <y>-6.168931851975589</y>
      <steeringAngle>0.17766666666666667</steeringAngle>
      <velocity>8.0</velocity>
      <orientation>3.600190803254403</orientation>
      <time>21</time>
    </ksState>
    <ksState>
      <x>188.76928361702403</x>
      <y>-6.542875069881777</y>
      <steeringAngle>0.17766666666666667</steeringAngle>
      <velocity>8.0</velocity>
      <orientation>3.655891779564915</orientation>
      <time>22</time>
    </ksState>
    <ksState>
      <x>188.08409097465116</x>
      <y>-6.955604554913129</y>
      <steeringAngle>0.17766666666666667</steeringAngle>
      <velocity>8.0</velocity>
      <orientation>3.7115927558754263</orientation>
      <time>23</time>
    </ksState>
    <ksState>
      <x>187.4229385425269</x>
      <y>-7.405840104190145</y>
      <steeringAngle>0.17766666666666667</steeringAngle>
      <velocity>8.0</velocity>
      <orientation>3.767293732185938</orientation>
      <time>24</time>
    </ksState>
    <ksState>
      <x>186.7878770807911</x>
      <y>-7.892185179427344</y>
      <steeringAngle>0.17766666666666667</steeringAngle>
      <velocity>8.0</velocity>
      <orientation>3.82299470849645</orientation>
      <time>25</time>
    </ksState>
    <ksState>
      <x>186.20965443080948</x>
      <y>-8.385286810382485</y>
      <steeringAngle>0.1421333333333334</steeringAngle>
      <velocity>7.2</velocity>
      <orientation>3.870622030242087</orientation>
      <time>26</time>
    </ksState>
    <ksState>
      <x>185.71044107435893</x>
      <y>-8.846961799266495</y>
      <steeringAngle>0.10660000000000011</steeringAngle>
      <velocity>6.4</velocity>
      <orientation>3.9036816006900548</orientation>
      <time>27</time>
    </ksState>
    <ksState>
      <x>185.2810375887662</x>
      <y>-9.266007837045708</y>
      <steeringAngle>0.07106666666666674</steeringAngle>
      <velocity>5.600000000000001</velocity>
      <orientation>3.9244985489839435</orientation>
      <time>28</time>
    </ksState>
    <ksState>
      <x>184.91464456102665</x>
      <y>-9.634997627783155</y>
      <steeringAngle>0.03553333333333339</steeringAngle>
      <velocity>4.800000000000001</velocity>
      <orientation>3.935349158641606</orientation>
      <time>29</time>
    </ksState>
    <ksState>
      <x>184.60677800547924</x>
      <y>-9.9493509540806</y>
      <steeringAngle>5.5294310796760726e-17</steeringAngle>
      <velocity>4.0</velocity>
      <orientation>3.9384729344787717</orientation>
      <time>30</time>
    </ksState>
    <ksState>
      <x>184.29891143229833</x>
      <y>-10.263704265578337</y>
      <steeringAngle>-0.035533333333333326</steeringAngle>
      <velocity>4.799999999999999</velocity>
      <orientation>3.935349155809581</orientation>
      <time>31</time>
    </ksState>
    <ksState>
      <x>183.93251839616474</x>
      <y>-10.632694050489858</y>
      <steeringAngle>-0.07106666666666667</steeringAngle>
      <velocity>5.599999999999998</velocity>
      <orientation>3.924498544748408</orientation>
      <time>32</time>
    </ksState>
    <ksState>
      <x>183.5031149051408</x>
      <y>-11.051740082863866</y>
      <steeringAngle>-0.10659999999999999</steeringAngle>
      <velocity>6.3999999999999995</velocity>
      <orientation>3.90368159574808</orientation>
      <time>33</time>
    </ksState>
    <ksState>
      <x>183.00390154632157</x>
      <y>-11.513415060238291</y>
      <steeringAngle>-0.14213333333333333</steeringAngle>
      <velocity>7.199999999999999</velocity>
      <orientation>3.8706220247669147</orientation>
      <time>34</time>
    </ksState>
    <ksState>
      <x>182.42567890462337</x>
      <y>-12.00651666770815</y>
      <steeringAngle>-0.17766666666666664</steeringAngle>
      <velocity>7.9999999999999964</velocity>
      <orientation>3.822994702685368</orientation>
      <time>35</time>
    </ksState>
    <ksState>
      <x>181.79061747997224</x>
      <y>-12.492861718761672</y>
      <steeringAngle>-0.17766666666666667</steeringAngle>
      <velocity>8.0</velocity>
      <orientation>3.7672937263748563</orientation>
      <time>36</time>
    </ksState>
    <ksState>
      <x>181.12946505349186</x>
      <y>-12.943097268598168</y>
      <steeringAngle>-0.17766666666666667</steeringAngle>
      <velocity>8.0</velocity>
      <orientation>3.7115927500643444</orientation>
      <time>37</time>
    </ksState>
    <ksState>
      <x>180.4442724128719</x>
      <y>-13.355826756539612</y>
      <steeringAngle>-0.17766666666666667</steeringAngle>
      <velocity>8.0</velocity>
      <orientation>3.655891773753833</orientation>
      <time>38</time>
    </ksState>
    <ksState>
      <x>179.73716488625965</x>
      <y>-13.72976997969642</y>
      <steeringAngle>-0.17766666666666667</steeringAngle>
      <velocity>8.0</velocity>
      <orientation>3.600190797443321</orientation>
      <time>39</time>
    </ksState>
    <ksState>
      <x>179.01033577655483</x>
      <y>-14.063767042071472</y>
      <steeringAngle>-0.17766666666666667</steeringAngle>
      <velocity>8.0</velocity>
      <orientation>3.5444898211328093</orientation>
      <time>40</time>
    </ksState>
    <ksState>
      <x>178.26657635176198</x>
      <y>-14.35819583249033</y>
      <steeringAngle>-0.14213333333333336</steeringAngle>
      <velocity>8.0</velocity>
      <orientation>3.494455009584061</orientation>
      <time>41</time>
    </ksState>
    <ksState>
      <x>177.5104501629939</x>
      <y>-14.619333455370151</y>
      <steeringAngle>-0.1066000000000001</steeringAngle>
      <velocity>8.0</velocity>
      <orientation>3.4556711575770636</orientation>
      <time>42</time>
    </ksState>
    <ksState>
      <x>176.74604863118716</x>
      <y>-14.855234847216096</y>
      <steeringAngle>-0.07106666666666674</steeringAngle>
      <velocity>8.0</velocity>
      <orientation>3.4280386785473764</orientation>
      <time>43</time>
    </ksState>
    <ksState>
      <x>175.97660784675014</x>
      <y>-15.074200959762056</y>
      <steeringAngle>-0.035533333333333354</steeringAngle>
      <velocity>8.0</velocity>
      <orientation>3.4114871579183474</orientation>
      <time>44</time>
    </ksState>
    <ksState>
      <x>175.20479095371255</x>
      <y>-15.284669364871444</y>
      <steeringAngle>-2.0816681711721685e-17</steeringAngle>
      <velocity>8.0</velocity>
      <orientation>3.4059746314599426</orientation>
      <time>45</time>
    </ksState>
    <ksState>
      <x>174.43297410285203</x>
      <y>-15.495137760325314</y>
      <steeringAngle>0.03553333333333333</steeringAngle>
      <velocity>8.0</velocity>
      <orientation>3.4114871664627815</orientation>
      <time>46</time>
    </ksState>
    <ksState>
      <x>173.6635333188034</x>
      <y>-15.714103876624756</y>
      <steeringAngle>0.07106666666666667</steeringAngle>
      <velocity>8.0</velocity>
      <orientation>3.428038687343051</orientation>
      <time>47</time>
    </ksState>
    <ksState>
      <x>172.89913178778542</x>
      <y>-15.950005273722194</y>
      <steeringAngle>0.10659999999999997</steeringAngle>
      <velocity>8.0</velocity>
      <orientation>3.455671166633746</orientation>
      <time>48</time>
    </ksState>
    <ksState>
      <x>172.14300560029247</x>
      <y>-16.211142903022843</y>
      <steeringAngle>0.1421333333333333</steeringAngle>
      <velocity>8.0</velocity>
      <orientation>3.4944550189064807</orientation>
      <time>49</time>
    </ksState>
    <ksState>
      <x>171.3992461947081</x>
      <y>-16.50557172501222</y>
      <steeringAngle>0.17766666666666667</steeringAngle>
      <velocity>8.0</velocity>
      <orientation>3.5444898311556354</orientation>
      <time>50</time>
    </ksState>
    <ksState>
      <x>170.6717688809083</x>
      <y>-16.838202379796673</y>
      <steeringAngle>0.14213333333333336</steeringAngle>
      <velocity>8.0</velocity>
      <orientation>3.5945246427043838</orientation>
      <time>51</time>
    </ksState>
    <ksState>
      <x>169.95974272305682</x>
      <y>-17.202809595796985</y>
      <steeringAngle>0.1066000000000001</steeringAngle>
      <velocity>8.0</velocity>
      <orientation>3.633308494711381</orientation>
      <time>52</time>
    </ksState>
    <ksState>
      <x>169.2601905093472</x>
      <y>-17.590863546681877</y>
      <steeringAngle>0.07106666666666674</steeringAngle>
      <velocity>8.0</velocity>
      <orientation>3.6609409737410683</orientation>
      <time>53</time>
    </ksState>
    <ksState>
      <x>168.56936520800562</x>
      <y>-17.99428105029918</y>
      <steeringAngle>0.035533333333333354</steeringAngle>
      <velocity>8.0</velocity>
      <orientation>3.6774924943700973</orientation>
      <time>54</time>
    </ksState>
    <ksState>
      <x>167.88302444470995</x>
      <y>-18.405297622430062</y>
      <steeringAngle>2.0816681711721685e-17</steeringAngle>
      <velocity>8.0</velocity>
      <orientation>3.683005020828502</orientation>
      <time>55</time>
    </ksState>
    <ksState>
      <x>167.23105424174042</x>
      <y>-18.795852995805145</y>
      <steeringAngle>-0.03553333333333333</steeringAngle>
      <velocity>7.199999999999999</velocity>
      <orientation>3.67786000784601</orientation>
      <time>56</time>
    </ksState>
    <ksState>
      <x>166.64437138334017</x>
      <y>-19.13964895110473</y>
      <steeringAngle>-0.07106666666666664</steeringAngle>
      <velocity>6.400000000000001</velocity>
      <orientation>3.6638833357250467</orientation>
      <time>57</time>
    </ksState>
    <ksState>
      <x>166.12151747060014</x>
      <y>-19.433946428051144</y>
      <steeringAngle>-0.10659999999999997</steeringAngle>
      <velocity>5.600000000000004</velocity>
      <orientation>3.6432515678591653</orientation>
      <time>58</time>
    </ksState>
    <ksState>
      <x>165.66264463411414</x>
      <y>-19.67853078674109</y>
      <steeringAngle>-0.1421333333333333</steeringAngle>
      <velocity>4.800000000000003</velocity>
      <orientation>3.618135360350517</orientation>
      <time>59</time>
    </ksState>
    <ksState>
      <x>165.2690500060263</x>
      <y>-19.87518058263202</y>
      <steeringAngle>-0.17766666666666653</steeringAngle>
      <velocity>4.000000000000006</velocity>
      <orientation>3.590710463765367</orientation>
      <time>60</time>
    </ksState>
    <ksState>
      <x>164.8700189030977</x>
      <y>-20.06055062967941</y>
      <steeringAngle>-0.14213333333333333</steeringAngle>
      <velocity>4.8000000000000025</velocity>
      <orientation>3.5632855640470145</orientation>
      <time>61</time>
    </ksState>
    <ksState>
      <x>164.39282425742113</x>
      <y>-20.267120378454262</y>
      <steeringAngle>-0.10660000000000003</steeringAngle>
      <velocity>5.600000000000005</velocity>
      <orientation>3.5381693517680968</orientation>
      <time>62</time>
    </ksState>
    <ksState>
      <x>163.83688292925356</x>
      <y>-20.4927671415315</y>
      <steeringAngle>-0.07106666666666671</steeringAngle>
      <velocity>6.400000000000004</velocity>
      <orientation>3.517537582168637</orientation>
      <time>63</time>
    </ksState>
    <ksState>
      <x>163.20245759769548</x>
      <y>-20.737505649786126</y>
      <steeringAngle>-0.035533333333333375</steeringAngle>
      <velocity>7.200000000000006</velocity>
      <orientation>3.503560914075845</orientation>
      <time>64</time>
    </ksState>
    <ksState>
      <x>162.49078226089165</x>
      <y>-21.004183101622655</y>
      <steeringAngle>-2.6346112791397758e-17</steeringAngle>
      <velocity>8.000000000000007</velocity>
      <orientation>3.4984159012962763</orientation>
      <time>65</time>
    </ksState>
    <ksState>
      <x>161.74168906747565</x>
      <y>-21.284999027693452</y>
      <steeringAngle>0.03553333333333333</steeringAngle>
      <velocity>8.0</velocity>
      <orientation>3.503928436299115</orientation>
      <time>66</time>
    </ksState>
    <ksState>
      <x>160.9957462176849</x>
      <y>-21.57405705835632</y>
      <steeringAngle>0.07106666666666667</steeringAngle>
      <velocity>8.0</velocity>
      <orientation>3.5204799571793846</orientation>
      <time>67</time>
    </ksState>
    <ksState>
      <x>160.25638439521938</x>
      <y>-21.87951289027907</y>
      <steeringAngle>0.10659999999999997</steeringAngle>
      <velocity>8.0</velocity>
      <orientation>3.54811243647008</orientation>
      <time>68</time>
    </ksState>
    <ksState>
      <x>159.52759213166289</x>
      <y>-22.209333310249647</y>
      <steeringAngle>0.1421333333333333</steeringAngle>
      <velocity>8.0</velocity>
      <orientation>3.5868962887428144</orientation>
      <time>69</time>
    </ksState>
    <ksState>
      <x>158.81418694710996</x>
      <y>-22.571161207552088</y>
      <steeringAngle>0.17766666666666667</steeringAngle>
      <velocity>8.0</velocity>
      <orientation>3.636931100991969</orientation>
      <time>70</time>
    </ksState>
    <ksState>
      <x>158.1205207339839</x>
      <y>-22.9695248346104</y>
      <steeringAngle>0.14213333333333336</steeringAngle>
      <velocity>8.0</velocity>
      <orientation>3.6869659125407175</orientation>
      <time>71</time>
    </ksState>
    <ksState>
      <x>157.44519145150093</x>
      <y>-23.39830220300254</y>
      <steeringAngle>0.1066000000000001</steeringAngle>
      <velocity>8.0</velocity>
      <orientation>3.725749764547715</orientation>
      <time>72</time>
    </ksState>
    <ksState>
      <x>156.7844472140747</x>
      <y>-23.84927473122505</y>
      <steeringAngle>0.07106666666666674</steeringAngle>
      <velocity>8.0</velocity>
      <orientation>3.753382243577402</orientation>
      <time>73</time>
    </ksState>
    <ksState>
      <x>156.1338108325911</x>
      <y>-24.314739636764056</y>
      <steeringAngle>0.035533333333333354</steeringAngle>
      <velocity>8.0</velocity>
      <orientation>3.769933764206431</orientation>
      <time>74</time>
    </ksState>
    <ksState>
      <x>155.48834130922882</x>
      <y>-24.78735719921595</y>
      <steeringAngle>2.0816681711721685e-17</steeringAngle>
      <velocity>8.0</velocity>
      <orientation>3.775446290664836</orientation>
      <time>75</time>
    </ksState>
    <ksState>
      <x>154.84374037799418</x>
      <y>-25.261160575577325</y>
      <steeringAngle>0.0</steeringAngle>
      <velocity>8.0</velocity>
      <orientation>3.775446290664836</orientation>
      <time>76</time>
    </ksState>
    <ksState>
      <x>154.19913944675955</x>
      <y>-25.734963951938695</y>
      <steeringAngle>0.0</steeringAngle>
      <velocity>8.0</velocity>
      <orientation>3.775446290664836</orientation>
      <time>77</time>
    </ksState>
    <ksState>
      <x>153.5545385155249</x>
      <y>-26.20876732830007</y>
      <steeringAngle>0.0</steeringAngle>
      <velocity>8.0</velocity>
      <orientation>3.775446290664836</orientation>
      <time>78</time>
    </ksState>
    <ksState>
      <x>152.90993758429025</x>
      <y>-26.68257070466144</y>
      <steeringAngle>0.0</steeringAngle>
      <velocity>8.0</velocity>
      <orientation>3.775446290664836</orientation>
      <time>79</time>
    </ksState>
    <ksState>
      <x>152.2653366530556</x>
      <y>-27.156374081022815</y>
      <steeringAngle>0.0</steeringAngle>
      <velocity>8.0</velocity>
      <orientation>3.775446290664836</orientation>
      <time>80</time>
    </ksState>
    <ksState>
      <x>151.62073572182098</x>
      <y>-27.63017745738419</y>
      <steeringAngle>0.0</steeringAngle>
      <velocity>8.0</velocity>
      <orientation>3.775446290664836</orientation>
      <time>81</time>
    </ksState>
    <ksState>
      <x>150.97613479058634</x>
      <y>-28.10398083374556</y>
      <steeringAngle>0.0</steeringAngle>
      <velocity>8.0</velocity>
      <orientation>3.775446290664836</orientation>
      <time>82</time>
    </ksState>
    <ksState>
      <x>150.3315338593517</x>
      <y>-28.577784210106934</y>
      <steeringAngle>0.0</steeringAngle>
      <velocity>8.0</velocity>
      <orientation>3.775446290664836</orientation>
      <time>83</time>
    </ksState>
    <ksState>
      <x>149.68693292811705</x>
      <y>-29.051587586468305</y>
      <steeringAngle>0.0</steeringAngle>
      <velocity>8.0</velocity>
      <orientation>3.775446290664836</orientation>
      <time>84</time>
    </ksState>
    <ksState>
      <x>149.0423319968824</x>
      <y>-29.52539096282968</y>
      <steeringAngle>0.0</steeringAngle>
      <velocity>8.0</velocity>
      <orientation>3.775446290664836</orientation>
      <time>85</time>
    </ksState>
    <ksState>
      <x>148.39773106564778</x>
      <y>-29.999194339191053</y>
      <steeringAngle>0.0</steeringAngle>
      <velocity>8.0</velocity>
      <orientation>3.775446290664836</orientation>
      <time>86</time>
    </ksState>
    <ksState>
      <x>147.75313013441314</x>
      <y>-30.472997715552424</y>
      <steeringAngle>0.0</steeringAngle>
      <velocity>8.0</velocity>
      <orientation>3.775446290664836</orientation>
      <time>87</time>
    </ksState>
    <ksState>
      <x>147.1085292031785</x>
      <y>-30.946801091913798</y>
      <steeringAngle>0.0</steeringAngle>
      <velocity>8.0</velocity>
      <orientation>3.775446290664836</orientation>
      <time>88</time>
    </ksState>
    <ksState>
      <x>146.46392827194384</x>
      <y>-31.42060446827517</y>
      <steeringAngle>0.0</steeringAngle>
      <velocity>8.0</velocity>
      <orientation>3.775446290664836</orientation>
      <time>89</time>
    </ksState>
    <ksState>
      <x>145.8193273407092</x>
      <y>-31.894407844636543</y>
      <steeringAngle>0.0</steeringAngle>
      <velocity>8.0</velocity>
      <orientation>3.775446290664836</orientation>
      <time>90</time>
    </ksState>
    <ksState>
      <x>145.17385785117568</x>
      <y>-32.367025380111606</y>
      <steeringAngle>-0.03553333333333333</steeringAngle>
      <velocity>8.0</velocity>
      <orientation>3.769933755661997</orientation>
      <time>91</time>
    </ksState>
    <ksState>
      <x>144.52322146699794</x>
      <y>-32.832490283008426</y>
      <steeringAngle>-0.07106666666666667</steeringAngle>
      <velocity>8.0</velocity>
      <orientation>3.7533822347817276</orientation>
      <time>92</time>
    </ksState>
    <ksState>
      <x>143.86247722595525</x>
      <y>-33.2834628073423</y>
      <steeringAngle>-0.10659999999999997</steeringAngle>
      <velocity>8.0</velocity>
      <orientation>3.7257497554910324</orientation>
      <time>93</time>
    </ksState>
    <ksState>
      <x>143.1871479392441</x>
      <y>-33.71224017073689</y>
      <steeringAngle>-0.1421333333333333</steeringAngle>
      <velocity>8.0</velocity>
      <orientation>3.6869659032182978</orientation>
      <time>94</time>
    </ksState>
    <ksState>
      <x>142.4934817133894</x>
      <y>-34.11060376310162</y>
      <steeringAngle>-0.17766666666666667</steeringAngle>
      <velocity>8.0</velocity>
      <orientation>3.636931090969143</orientation>
      <time>95</time>
    </ksState>
    <ksState>
      <x>141.78007650679575</x>
      <y>-34.47243163074146</y>
      <steeringAngle>-0.14213333333333336</steeringAngle>
      <velocity>8.0</velocity>
      <orientation>3.5868962794203947</orientation>
      <time>96</time>
    </ksState>
    <ksState>
      <x>141.05128424137686</x>
      <y>-34.80225204443634</y>
      <steeringAngle>-0.1066000000000001</steeringAngle>
      <velocity>8.0</velocity>
      <orientation>3.5481124274133973</orientation>
      <time>97</time>
    </ksState>
    <ksState>
      <x>140.3119224176412</x>
      <y>-35.10770787120283</y>
      <steeringAngle>-0.07106666666666674</steeringAngle>
      <velocity>8.0</velocity>
      <orientation>3.52047994838371</orientation>
      <time>98</time>
    </ksState>
    <ksState>
      <x>139.56597956711724</x>
      <y>-35.39676589816409</y>
      <steeringAngle>-0.035533333333333354</steeringAngle>
      <velocity>8.0</velocity>
      <orientation>3.503928427754681</orientation>
      <time>99</time>
    </ksState>
    <ksState>
      <x>138.81688633259554</x>
      <y>-35.67758183774253</y>
      <steeringAngle>-2.0816681711721685e-17</steeringAngle>
      <velocity>8.0</velocity>
      <orientation>3.4984159012962763</orientation>
      <time>100</time>
    </ksState>
  </ksTrajectory>
</CommonRoadSolution>
