<?xml version="1.0" ?>
<CommonRoadSolution benchmark_id="KS2:SM1:HRV_Pula-12_3_T-1:2020a" computation_time="0.642030880999755" date="2020-12-29">
  <ksTrajectory planningProblem="1">
    <ksState>
      <x>-615.16892</x>
      <y>-916.18946</y>
      <steeringAngle>0.0</steeringAngle>
      <velocity>4.0</velocity>
      <orientation>2.8405222</orientation>
      <time>0</time>
    </ksState>
    <ksState>
      <x>-615.550818556039</x>
      <y>-916.0704920647422</y>
      <steeringAngle>-0.035533333333333326</steeringAngle>
      <velocity>4.0</velocity>
      <orientation>2.8377659254673997</orientation>
      <time>1</time>
    </ksState>
    <ksState>
      <x>-615.9320542647534</x>
      <y>-915.9494201377358</y>
      <steeringAngle>-0.07106666666666711</steeringAngle>
      <velocity>4.0</velocity>
      <orientation>2.829490164924114</orientation>
      <time>2</time>
    </ksState>
    <ksState>
      <x>-616.3119277384703</x>
      <y>-915.8241460795364</y>
      <steeringAngle>-0.10660000000000043</steeringAngle>
      <velocity>4.0</velocity>
      <orientation>2.8156739251049774</orientation>
      <time>3</time>
    </ksState>
    <ksState>
      <x>-616.6896664344159</x>
      <y>-915.6925844795938</y>
      <steeringAngle>-0.14213333333333378</steeringAngle>
      <velocity>4.0</velocity>
      <orientation>2.7962819987194316</orientation>
      <time>4</time>
    </ksState>
    <ksState>
      <x>-617.0643877379549</x>
      <y>-915.5526716832754</y>
      <steeringAngle>-0.1776666666666672</steeringAngle>
      <velocity>4.0</velocity>
      <orientation>2.771264592268034</orientation>
      <time>5</time>
    </ksState>
    <ksState>
      <x>-617.4353510757492</x>
      <y>-915.4030794091691</y>
      <steeringAngle>-0.1421333333333333</steeringAngle>
      <velocity>4.0</velocity>
      <orientation>2.7462471859235107</orientation>
      <time>6</time>
    </ksState>
    <ksState>
      <x>-617.8029061713978</x>
      <y>-915.2452876825641</y>
      <steeringAngle>-0.10659999999999999</steeringAngle>
      <velocity>4.0</velocity>
      <orientation>2.72685525963276</orientation>
      <time>7</time>
    </ksState>
    <ksState>
      <x>-618.1677941294005</x>
      <y>-915.0814150982516</y>
      <steeringAngle>-0.07106666666666664</steeringAngle>
      <velocity>4.0</velocity>
      <orientation>2.713039019897807</orientation>
      <time>8</time>
    </ksState>
    <ksState>
      <x>-618.5308519705738</x>
      <y>-914.9135220339381</y>
      <steeringAngle>-0.03553333333333332</steeringAngle>
      <velocity>4.0</velocity>
      <orientation>2.7047632594355417</orientation>
      <time>9</time>
    </ksState>
    <ksState>
      <x>-618.8929793080366</x>
      <y>-914.7436288936657</y>
      <steeringAngle>2.2985086056692694e-17</steeringAngle>
      <velocity>4.0</velocity>
      <orientation>2.7020069961407014</orientation>
      <time>10</time>
    </ksState>
    <ksState>
      <x>-619.2549505361949</x>
      <y>-914.5734030731048</y>
      <steeringAngle>0.0</steeringAngle>
      <velocity>4.0</velocity>
      <orientation>2.7020069961407014</orientation>
      <time>11</time>
    </ksState>
    <ksState>
      <x>-619.6169217643532</x>
      <y>-914.4031772525441</y>
      <steeringAngle>0.0</steeringAngle>
      <velocity>4.0</velocity>
      <orientation>2.7020069961407014</orientation>
      <time>12</time>
    </ksState>
    <ksState>
      <x>-619.9788929925114</x>
      <y>-914.2329514319832</y>
      <steeringAngle>0.0</steeringAngle>
      <velocity>4.0</velocity>
      <orientation>2.7020069961407014</orientation>
      <time>13</time>
    </ksState>
    <ksState>
      <x>-620.3408642206696</x>
      <y>-914.0627256114224</y>
      <steeringAngle>0.0</steeringAngle>
      <velocity>4.0</velocity>
      <orientation>2.7020069961407014</orientation>
      <time>14</time>
    </ksState>
    <ksState>
      <x>-620.7028354488278</x>
      <y>-913.8924997908616</y>
      <steeringAngle>0.0</steeringAngle>
      <velocity>4.0</velocity>
      <orientation>2.7020069961407014</orientation>
      <time>15</time>
    </ksState>
    <ksState>
      <x>-621.0648066769861</x>
      <y>-913.7222739703008</y>
      <steeringAngle>0.0</steeringAngle>
      <velocity>4.0</velocity>
      <orientation>2.7020069961407014</orientation>
      <time>16</time>
    </ksState>
    <ksState>
      <x>-621.4267779051444</x>
      <y>-913.55204814974</y>
      <steeringAngle>0.0</steeringAngle>
      <velocity>4.0</velocity>
      <orientation>2.7020069961407014</orientation>
      <time>17</time>
    </ksState>
    <ksState>
      <x>-621.7887491333026</x>
      <y>-913.3818223291792</y>
      <steeringAngle>0.0</steeringAngle>
      <velocity>4.0</velocity>
      <orientation>2.7020069961407014</orientation>
      <time>18</time>
    </ksState>
    <ksState>
      <x>-622.1507203614608</x>
      <y>-913.2115965086183</y>
      <steeringAngle>0.0</steeringAngle>
      <velocity>4.0</velocity>
      <orientation>2.7020069961407014</orientation>
      <time>19</time>
    </ksState>
    <ksState>
      <x>-622.5126915896191</x>
      <y>-913.0413706880576</y>
      <steeringAngle>0.0</steeringAngle>
      <velocity>4.0</velocity>
      <orientation>2.7020069961407014</orientation>
      <time>20</time>
    </ksState>
    <ksState>
      <x>-622.8745061354567</x>
      <y>-912.870812454177</y>
      <steeringAngle>-0.035533333333333326</steeringAngle>
      <velocity>4.0</velocity>
      <orientation>2.699250721608101</orientation>
      <time>21</time>
    </ksState>
    <ksState>
      <x>-623.2353736788511</x>
      <y>-912.69826190149</y>
      <steeringAngle>-0.07106666666666711</steeringAngle>
      <velocity>4.0</velocity>
      <orientation>2.6909749610648155</orientation>
      <time>22</time>
    </ksState>
    <ksState>
      <x>-623.5943118350337</x>
      <y>-912.521737552666</y>
      <steeringAngle>-0.10660000000000043</steeringAngle>
      <velocity>4.0</velocity>
      <orientation>2.6771587212456787</orientation>
      <time>23</time>
    </ksState>
    <ksState>
      <x>-623.9502675223205</x>
      <y>-912.3392806380742</y>
      <steeringAngle>-0.14213333333333378</steeringAngle>
      <velocity>4.0</velocity>
      <orientation>2.657766794860133</orientation>
      <time>24</time>
    </ksState>
    <ksState>
      <x>-624.3020816453213</x>
      <y>-912.1489691335436</y>
      <steeringAngle>-0.1776666666666672</steeringAngle>
      <velocity>4.0</velocity>
      <orientation>2.6327493884087354</orientation>
      <time>25</time>
    </ksState>
    <ksState>
      <x>-624.6488373244463</x>
      <y>-911.9495897327661</y>
      <steeringAngle>-0.1421333333333333</steeringAngle>
      <velocity>4.0</velocity>
      <orientation>2.607731982064212</orientation>
      <time>26</time>
    </ksState>
    <ksState>
      <x>-624.9910852847527</x>
      <y>-911.7425599982147</y>
      <steeringAngle>-0.10659999999999999</steeringAngle>
      <velocity>4.0</velocity>
      <orientation>2.5883400557734615</orientation>
      <time>27</time>
    </ksState>
    <ksState>
      <x>-625.3298520526005</x>
      <y>-911.5298759066928</y>
      <steeringAngle>-0.07106666666666664</steeringAngle>
      <velocity>4.0</velocity>
      <orientation>2.5745238160385084</orientation>
      <time>28</time>
    </ksState>
    <ksState>
      <x>-625.6662511138006</x>
      <y>-911.3134625320929</y>
      <steeringAngle>-0.03553333333333332</steeringAngle>
      <velocity>4.0</velocity>
      <orientation>2.566248055576243</orientation>
      <time>29</time>
    </ksState>
    <ksState>
      <x>-626.0014524276909</x>
      <y>-911.0951967152189</y>
      <steeringAngle>2.2985086056692694e-17</steeringAngle>
      <velocity>4.0</velocity>
      <orientation>2.5634917922814027</orientation>
      <time>30</time>
    </ksState>
    <ksState>
      <x>-626.3029531159802</x>
      <y>-910.8984803350644</y>
      <steeringAngle>0.0</steeringAngle>
      <velocity>3.2</velocity>
      <orientation>2.5634917922814027</orientation>
      <time>31</time>
    </ksState>
    <ksState>
      <x>-626.5374536510399</x>
      <y>-910.7454787062358</y>
      <steeringAngle>0.0</steeringAngle>
      <velocity>2.4000000000000004</velocity>
      <orientation>2.5634917922814027</orientation>
      <time>32</time>
    </ksState>
    <ksState>
      <x>-626.704954032955</x>
      <y>-910.6361918286774</y>
      <steeringAngle>0.0</steeringAngle>
      <velocity>1.6</velocity>
      <orientation>2.5634917922814027</orientation>
      <time>33</time>
    </ksState>
  </ksTrajectory>
</CommonRoadSolution>
