<?xml version="1.0" ?>
<CommonRoadSolution benchmark_id="KS2:SM1:ARG_Carcarana-7_1_T-1:2020a" computation_time="1.6847402120000083" date="2020-12-29">
  <ksTrajectory planningProblem="1">
    <ksState>
      <x>369.30293</x>
      <y>632.30164</y>
      <steeringAngle>0.0</steeringAngle>
      <velocity>4.0</velocity>
      <orientation>-1.7789648</orientation>
      <time>0</time>
    </ksState>
    <ksState>
      <x>369.2124512413018</x>
      <y>631.871043407403</y>
      <steeringAngle>0.035533333333333326</steeringAngle>
      <velocity>4.799999999999999</velocity>
      <orientation>-1.7758410213308091</orientation>
      <time>1</time>
    </ksState>
    <ksState>
      <x>369.109032862404</x>
      <y>631.361433794854</y>
      <steeringAngle>0.07106666666666667</steeringAngle>
      <velocity>5.599999999999998</velocity>
      <orientation>-1.7649904102696363</orientation>
      <time>2</time>
    </ksState>
    <ksState>
      <x>368.9989739554147</x>
      <y>630.7716253748189</y>
      <steeringAngle>0.10659999999999999</steeringAngle>
      <velocity>6.3999999999999995</velocity>
      <orientation>-1.7441734612693085</orientation>
      <time>3</time>
    </ksState>
    <ksState>
      <x>368.89222713312427</x>
      <y>630.1000876779707</y>
      <steeringAngle>0.14213333333333333</steeringAngle>
      <velocity>7.199999999999999</velocity>
      <orientation>-1.7111138902881433</orientation>
      <time>4</time>
    </ksState>
    <ksState>
      <x>368.8032172202442</x>
      <y>629.345390484342</y>
      <steeringAngle>0.17766666666666664</steeringAngle>
      <velocity>7.9999999999999964</velocity>
      <orientation>-1.6634865682065967</orientation>
      <time>5</time>
    </ksState>
    <ksState>
      <x>368.75138845902785</x>
      <y>628.5471747858777</y>
      <steeringAngle>0.17766666666666667</steeringAngle>
      <velocity>8.0</velocity>
      <orientation>-1.6077855918960848</orientation>
      <time>6</time>
    </ksState>
    <ksState>
      <x>368.7440784823755</x>
      <y>627.7473115815616</y>
      <steeringAngle>0.17766666666666667</steeringAngle>
      <velocity>8.0</velocity>
      <orientation>-1.5520846155855732</orientation>
      <time>7</time>
    </ksState>
    <ksState>
      <x>368.78130996711326</x>
      <y>626.9482819190831</y>
      <steeringAngle>0.17766666666666667</steeringAngle>
      <velocity>8.0</velocity>
      <orientation>-1.4963836392750616</orientation>
      <time>8</time>
    </ksState>
    <ksState>
      <x>368.86296742875186</x>
      <y>626.1525642258682</y>
      <steeringAngle>0.17766666666666667</steeringAngle>
      <velocity>8.0</velocity>
      <orientation>-1.4406826629645497</orientation>
      <time>9</time>
    </ksState>
    <ksState>
      <x>368.9887975830598</x>
      <y>625.3626266557677</y>
      <steeringAngle>0.17766666666666667</steeringAngle>
      <velocity>8.0</velocity>
      <orientation>-1.3849816866540379</orientation>
      <time>10</time>
    </ksState>
    <ksState>
      <x>369.156936192638</x>
      <y>624.580580747547</y>
      <steeringAngle>0.14213333333333336</steeringAngle>
      <velocity>8.0</velocity>
      <orientation>-1.3349468751052895</orientation>
      <time>11</time>
    </ksState>
    <ksState>
      <x>369.3596287666247</x>
      <y>623.806736194762</y>
      <steeringAngle>0.1066000000000001</steeringAngle>
      <velocity>8.0</velocity>
      <orientation>-1.2961630230982921</orientation>
      <time>12</time>
    </ksState>
    <ksState>
      <x>369.587904437446</x>
      <y>623.0400228281025</y>
      <steeringAngle>0.07106666666666674</steeringAngle>
      <velocity>8.0</velocity>
      <orientation>-1.2685305440686052</orientation>
      <time>13</time>
    </ksState>
    <ksState>
      <x>369.8330626939348</x>
      <y>622.2785225270691</y>
      <steeringAngle>0.035533333333333354</steeringAngle>
      <velocity>8.0</velocity>
      <orientation>-1.2519790234395758</orientation>
      <time>14</time>
    </ksState>
    <ksState>
      <x>370.08660755535976</x>
      <y>621.5197648126618</y>
      <steeringAngle>2.0816681711721685e-17</steeringAngle>
      <velocity>8.0</velocity>
      <orientation>-1.246466496981171</orientation>
      <time>15</time>
    </ksState>
    <ksState>
      <x>370.3415464569081</x>
      <y>620.7614732088066</y>
      <steeringAngle>0.0</steeringAngle>
      <velocity>8.0</velocity>
      <orientation>-1.246466496981171</orientation>
      <time>16</time>
    </ksState>
    <ksState>
      <x>370.59648535845645</x>
      <y>620.0031816049514</y>
      <steeringAngle>0.0</steeringAngle>
      <velocity>8.0</velocity>
      <orientation>-1.246466496981171</orientation>
      <time>17</time>
    </ksState>
    <ksState>
      <x>370.85142426000476</x>
      <y>619.2448900010962</y>
      <steeringAngle>0.0</steeringAngle>
      <velocity>8.0</velocity>
      <orientation>-1.246466496981171</orientation>
      <time>18</time>
    </ksState>
    <ksState>
      <x>371.10636316155313</x>
      <y>618.486598397241</y>
      <steeringAngle>0.0</steeringAngle>
      <velocity>8.0</velocity>
      <orientation>-1.246466496981171</orientation>
      <time>19</time>
    </ksState>
    <ksState>
      <x>371.36130206310145</x>
      <y>617.7283067933857</y>
      <steeringAngle>0.0</steeringAngle>
      <velocity>8.0</velocity>
      <orientation>-1.246466496981171</orientation>
      <time>20</time>
    </ksState>
    <ksState>
      <x>371.6176334411935</x>
      <y>616.9704859561408</y>
      <steeringAngle>0.03553333333333333</steeringAngle>
      <velocity>8.0</velocity>
      <orientation>-1.240953961978332</orientation>
      <time>21</time>
    </ksState>
    <ksState>
      <x>371.88230492058153</x>
      <y>616.2155460325421</y>
      <steeringAngle>0.07106666666666667</steeringAngle>
      <velocity>8.0</velocity>
      <orientation>-1.2244024410980625</orientation>
      <time>22</time>
    </ksState>
    <ksState>
      <x>372.1635793478532</x>
      <y>615.4666509355237</y>
      <steeringAngle>0.10659999999999997</steeringAngle>
      <velocity>8.0</velocity>
      <orientation>-1.1967699618073677</orientation>
      <time>23</time>
    </ksState>
    <ksState>
      <x>372.46954888263014</x>
      <y>614.727528268683</y>
      <steeringAngle>0.1421333333333333</steeringAngle>
      <velocity>8.0</velocity>
      <orientation>-1.1579861095346327</orientation>
      <time>24</time>
    </ksState>
    <ksState>
      <x>372.8080088899343</x>
      <y>614.0027447092193</y>
      <steeringAngle>0.17766666666666667</steeringAngle>
      <velocity>8.0</velocity>
      <orientation>-1.107951297285478</orientation>
      <time>25</time>
    </ksState>
    <ksState>
      <x>373.18495171197014</x>
      <y>613.2972316826352</y>
      <steeringAngle>0.17766666666666667</steeringAngle>
      <velocity>8.0</velocity>
      <orientation>-1.052250320974966</orientation>
      <time>26</time>
    </ksState>
    <ksState>
      <x>373.6005873978749</x>
      <y>612.6137980296886</y>
      <steeringAngle>0.17766666666666667</steeringAngle>
      <velocity>8.0</velocity>
      <orientation>-0.9965493446644544</orientation>
      <time>27</time>
    </ksState>
    <ksState>
      <x>374.0536267143283</x>
      <y>611.9545636535191</y>
      <steeringAngle>0.17766666666666667</steeringAngle>
      <velocity>8.0</velocity>
      <orientation>-0.9408483683539427</orientation>
      <time>28</time>
    </ksState>
    <ksState>
      <x>374.54266442555604</x>
      <y>611.3215733650204</y>
      <steeringAngle>0.17766666666666667</steeringAngle>
      <velocity>8.0</velocity>
      <orientation>-0.8851473920434308</orientation>
      <time>29</time>
    </ksState>
    <ksState>
      <x>375.0661836368707</x>
      <y>610.7167905711398</y>
      <steeringAngle>0.17766666666666667</steeringAngle>
      <velocity>8.0</velocity>
      <orientation>-0.8294464157329191</orientation>
      <time>30</time>
    </ksState>
    <ksState>
      <x>375.59398750047404</x>
      <y>610.1700837844611</y>
      <steeringAngle>0.17766666666666667</steeringAngle>
      <velocity>7.2</velocity>
      <orientation>-0.7765304882885418</orientation>
      <time>31</time>
    </ksState>
    <ksState>
      <x>376.09016301629214</x>
      <y>609.7051929564723</y>
      <steeringAngle>0.17766666666666667</steeringAngle>
      <velocity>6.4</velocity>
      <orientation>-0.7291846584957306</orientation>
      <time>32</time>
    </ksState>
    <ksState>
      <x>376.54581245869434</x>
      <y>609.3148966220012</y>
      <steeringAngle>0.17766666666666667</steeringAngle>
      <velocity>5.599999999999999</velocity>
      <orientation>-0.6874089263405458</orientation>
      <time>33</time>
    </ksState>
  </ksTrajectory>
</CommonRoadSolution>
