<?xml version="1.0" ?>
<CommonRoadSolution benchmark_id="KS2:SM1:HRV_Pula-6_2_T-1:2020a" computation_time="0.6286894049999319" date="2020-12-29">
  <ksTrajectory planningProblem="1">
    <ksState>
      <x>470.79735</x>
      <y>-763.35268</y>
      <steeringAngle>0.0</steeringAngle>
      <velocity>0.0</velocity>
      <orientation>2.6257308</orientation>
      <time>0</time>
    </ksState>
    <ksState>
      <x>470.7625581885001</x>
      <y>-763.3329434883976</y>
      <steeringAngle>-0.03553333333333333</steeringAngle>
      <velocity>0.8</velocity>
      <orientation>2.625363268221758</orientation>
      <time>1</time>
    </ksState>
    <ksState>
      <x>470.6582641583748</x>
      <y>-763.2735907516914</y>
      <steeringAngle>-0.0710666666666667</steeringAngle>
      <velocity>1.6</velocity>
      <orientation>2.6227884216297723</orientation>
      <time>2</time>
    </ksState>
    <ksState>
      <x>470.48490725538875</x>
      <y>-763.1738550026067</y>
      <steeringAngle>-0.10660000000000003</steeringAngle>
      <velocity>2.4000000000000004</velocity>
      <orientation>2.615787717392935</orientation>
      <time>3</time>
    </ksState>
    <ksState>
      <x>470.2436512843142</x>
      <y>-763.0317482434103</y>
      <steeringAngle>-0.14213333333333342</steeringAngle>
      <velocity>3.2000000000000015</velocity>
      <orientation>2.602120076452115</orientation>
      <time>4</time>
    </ksState>
    <ksState>
      <x>469.93681571534086</x>
      <y>-762.8434761052068</y>
      <steeringAngle>-0.17766666666666683</steeringAngle>
      <velocity>4.0000000000000036</velocity>
      <orientation>2.5795101605788946</orientation>
      <time>5</time>
    </ksState>
    <ksState>
      <x>469.5681609298092</x>
      <y>-762.6033126030371</y>
      <steeringAngle>-0.17766666666666667</steeringAngle>
      <velocity>4.800000000000002</velocity>
      <orientation>2.5488746235365602</orientation>
      <time>6</time>
    </ksState>
    <ksState>
      <x>469.1422118868814</x>
      <y>-762.3050880631836</y>
      <steeringAngle>-0.17766666666666667</steeringAngle>
      <velocity>5.600000000000001</velocity>
      <orientation>2.51266898886002</orientation>
      <time>7</time>
    </ksState>
    <ksState>
      <x>468.6645279283194</x>
      <y>-761.942092633588</y>
      <steeringAngle>-0.17766666666666667</steeringAngle>
      <velocity>6.3999999999999995</velocity>
      <orientation>2.4708932565503803</orientation>
      <time>8</time>
    </ksState>
    <ksState>
      <x>468.14202699637417</x>
      <y>-761.5069990758553</y>
      <steeringAngle>-0.17766666666666667</steeringAngle>
      <velocity>7.200000000000002</velocity>
      <orientation>2.4235474266082835</orientation>
      <time>9</time>
    </ksState>
    <ksState>
      <x>467.5831694953536</x>
      <y>-760.9920781830887</y>
      <steeringAngle>-0.17766666666666667</steeringAngle>
      <velocity>8.0</velocity>
      <orientation>2.3706314990341335</orientation>
      <time>10</time>
    </ksState>
    <ksState>
      <x>467.02409822213644</x>
      <y>-760.4199718065651</y>
      <steeringAngle>-0.14213333333333336</steeringAngle>
      <velocity>8.0</velocity>
      <orientation>2.320596687485385</orientation>
      <time>11</time>
    </ksState>
    <ksState>
      <x>466.4909487528557</x>
      <y>-759.823589953362</y>
      <steeringAngle>-0.1066000000000001</steeringAngle>
      <velocity>8.0</velocity>
      <orientation>2.2818128354783878</orientation>
      <time>12</time>
    </ksState>
    <ksState>
      <x>465.9778741577359</x>
      <y>-759.209819940779</y>
      <steeringAngle>-0.07106666666666674</steeringAngle>
      <velocity>8.0</velocity>
      <orientation>2.2541803564487006</orientation>
      <time>13</time>
    </ksState>
    <ksState>
      <x>465.4784699521223</x>
      <y>-758.5848553668919</y>
      <steeringAngle>-0.035533333333333354</steeringAngle>
      <velocity>8.0</velocity>
      <orientation>2.2376288358196716</orientation>
      <time>14</time>
    </ksState>
    <ksState>
      <x>464.98598415465824</x>
      <y>-757.9544142473385</y>
      <steeringAngle>-2.0816681711721685e-17</steeringAngle>
      <velocity>8.0</velocity>
      <orientation>2.232116309361267</orientation>
      <time>15</time>
    </ksState>
    <ksState>
      <x>464.49581842034206</x>
      <y>-757.322167658056</y>
      <steeringAngle>-0.03553333333333333</steeringAngle>
      <velocity>8.0</velocity>
      <orientation>2.226603774358428</orientation>
      <time>16</time>
    </ksState>
    <ksState>
      <x>464.0126607229297</x>
      <y>-756.6845596909823</y>
      <steeringAngle>-0.07106666666666667</steeringAngle>
      <velocity>8.0</velocity>
      <orientation>2.2100522534781586</orientation>
      <time>17</time>
    </ksState>
    <ksState>
      <x>463.5437123469144</x>
      <y>-756.0364496768583</y>
      <steeringAngle>-0.10659999999999997</steeringAngle>
      <velocity>8.0</velocity>
      <orientation>2.1824197741874634</orientation>
      <time>18</time>
    </ksState>
    <ksState>
      <x>463.09655021281185</x>
      <y>-755.3731505748883</y>
      <steeringAngle>-0.1421333333333333</steeringAngle>
      <velocity>8.0</velocity>
      <orientation>2.1436359219147287</orientation>
      <time>19</time>
    </ksState>
    <ksState>
      <x>462.6792867930011</x>
      <y>-754.6906861999198</y>
      <steeringAngle>-0.17766666666666667</steeringAngle>
      <velocity>8.0</velocity>
      <orientation>2.093601109665574</orientation>
      <time>20</time>
    </ksState>
    <ksState>
      <x>462.3185903042947</x>
      <y>-754.0218552918252</y>
      <steeringAngle>-0.21320000000000014</steeringAngle>
      <velocity>7.200000000000003</velocity>
      <orientation>2.035351782594081</orientation>
      <time>21</time>
    </ksState>
    <ksState>
      <x>462.0324344557318</x>
      <y>-753.4051161467148</y>
      <steeringAngle>-0.24873333333333347</steeringAngle>
      <velocity>6.400000000000004</velocity>
      <orientation>1.9734346951083017</orientation>
      <time>22</time>
    </ksState>
    <ksState>
      <x>461.8145695507447</x>
      <y>-752.8461758270365</y>
      <steeringAngle>-0.2842666666666668</steeringAngle>
      <velocity>5.600000000000001</velocity>
      <orientation>1.9100125523443807</orientation>
      <time>23</time>
    </ksState>
    <ksState>
      <x>461.6567049909103</x>
      <y>-752.3508071175283</y>
      <steeringAngle>-0.3198</steeringAngle>
      <velocity>4.800000000000002</velocity>
      <orientation>1.847283452602428</orientation>
      <time>24</time>
    </ksState>
    <ksState>
      <x>461.5490750243037</x>
      <y>-751.9242415878888</y>
      <steeringAngle>-0.3553333333333332</steeringAngle>
      <velocity>4.000000000000001</velocity>
      <orientation>1.7874936185542132</orientation>
      <time>25</time>
    </ksState>
    <ksState>
      <x>461.47395038882553</x>
      <y>-751.5314098620485</y>
      <steeringAngle>-0.31979999999999986</steeringAngle>
      <velocity>4.0</velocity>
      <orientation>1.7330454193608336</orientation>
      <time>26</time>
    </ksState>
    <ksState>
      <x>461.41909725472226</x>
      <y>-751.1352280967501</y>
      <steeringAngle>-0.28426666666666656</steeringAngle>
      <velocity>4.0</velocity>
      <orientation>1.6847147398795763</orientation>
      <time>27</time>
    </ksState>
    <ksState>
      <x>461.3822518174689</x>
      <y>-750.7369587231749</y>
      <steeringAngle>-0.2487333333333332</steeringAngle>
      <velocity>4.0</velocity>
      <orientation>1.6423675061567011</orientation>
      <time>28</time>
    </ksState>
    <ksState>
      <x>461.36112399932443</x>
      <y>-750.3375393161299</y>
      <steeringAngle>-0.21319999999999986</steeringAngle>
      <velocity>4.0</velocity>
      <orientation>1.6058886650830735</orientation>
      <time>29</time>
    </ksState>
    <ksState>
      <x>461.3534203115199</x>
      <y>-749.9376292386644</y>
      <steeringAngle>-0.1776666666666665</steeringAngle>
      <velocity>4.0</velocity>
      <orientation>1.5751808824342457</orientation>
      <time>30</time>
    </ksState>
    <ksState>
      <x>461.35635355410034</x>
      <y>-749.5776506140836</y>
      <steeringAngle>-0.17766666666666667</steeringAngle>
      <velocity>3.2000000000000006</velocity>
      <orientation>1.5501154431660682</orientation>
      <time>31</time>
    </ksState>
    <ksState>
      <x>461.36487211086376</x>
      <y>-749.2977846633622</y>
      <steeringAngle>-0.17766666666666667</steeringAngle>
      <velocity>2.4000000000000012</velocity>
      <orientation>1.5306201015360383</orientation>
      <time>32</time>
    </ksState>
    <ksState>
      <x>461.37429632246227</x>
      <y>-749.0980084453369</y>
      <steeringAngle>-0.17766666666666667</steeringAngle>
      <velocity>1.6000000000000005</velocity>
      <orientation>1.5166948575370574</orientation>
      <time>33</time>
    </ksState>
  </ksTrajectory>
</CommonRoadSolution>
