<?xml version="1.0" ?>
<CommonRoadSolution benchmark_id="KS2:SM1:DEU_Guetersloh-8_1_T-1:2020a" computation_time="0.34726386099987394" date="2020-12-29">
  <ksTrajectory planningProblem="1">
    <ksState>
      <x>843.88805</x>
      <y>106.52272</y>
      <steeringAngle>0.0</steeringAngle>
      <velocity>4.0</velocity>
      <orientation>-0.68178509</orientation>
      <time>0</time>
    </ksState>
    <ksState>
      <x>844.2299804111359</x>
      <y>106.24580227707101</y>
      <steeringAngle>0.035533333333333326</steeringAngle>
      <velocity>4.799999999999999</velocity>
      <orientation>-0.6786613113308092</orientation>
      <time>1</time>
    </ksState>
    <ksState>
      <x>844.6363245866776</x>
      <y>105.92133081561468</y>
      <steeringAngle>0.07106666666666667</steeringAngle>
      <velocity>5.599999999999998</velocity>
      <orientation>-0.6678107002696364</orientation>
      <time>2</time>
    </ksState>
    <ksState>
      <x>845.1110108529572</x>
      <y>105.55437048539149</y>
      <steeringAngle>0.10659999999999999</steeringAngle>
      <velocity>6.3999999999999995</velocity>
      <orientation>-0.6469937512693084</orientation>
      <time>3</time>
    </ksState>
    <ksState>
      <x>845.6599406762923</x>
      <y>105.15308030184542</y>
      <steeringAngle>0.14213333333333333</steeringAngle>
      <velocity>7.199999999999999</velocity>
      <orientation>-0.6139341802881433</orientation>
      <time>4</time>
    </ksState>
    <ksState>
      <x>846.2909661192743</x>
      <y>104.72964493609136</y>
      <steeringAngle>0.17766666666666664</steeringAngle>
      <velocity>7.9999999999999964</velocity>
      <orientation>-0.5663068582065967</orientation>
      <time>5</time>
    </ksState>
    <ksState>
      <x>846.9434781718838</x>
      <y>104.34020333355373</y>
      <steeringAngle>0.21320000000000014</steeringAngle>
      <velocity>7.200000000000003</velocity>
      <orientation>-0.5080575311351038</orientation>
      <time>6</time>
    </ksState>
    <ksState>
      <x>847.5471893936431</x>
      <y>104.02749723591523</y>
      <steeringAngle>0.24873333333333347</steeringAngle>
      <velocity>6.400000000000004</velocity>
      <orientation>-0.4461404436493245</orientation>
      <time>7</time>
    </ksState>
    <ksState>
      <x>848.0961263323337</x>
      <y>103.7855310499966</y>
      <steeringAngle>0.2842666666666668</steeringAngle>
      <velocity>5.600000000000001</velocity>
      <orientation>-0.3827183008854033</orientation>
      <time>8</time>
    </ksState>
    <ksState>
      <x>848.5841611201591</x>
      <y>103.60627306974564</y>
      <steeringAngle>0.3198</steeringAngle>
      <velocity>4.800000000000002</velocity>
      <orientation>-0.3199892011434507</orientation>
      <time>9</time>
    </ksState>
    <ksState>
      <x>849.0056424403366</x>
      <y>103.48019429464861</y>
      <steeringAngle>0.3553333333333332</steeringAngle>
      <velocity>4.000000000000001</velocity>
      <orientation>-0.26019936709523594</orientation>
      <time>10</time>
    </ksState>
    <ksState>
      <x>849.3948354745293</x>
      <y>103.3880571261533</y>
      <steeringAngle>0.31979999999999986</steeringAngle>
      <velocity>4.0</velocity>
      <orientation>-0.20575116790185632</orientation>
      <time>11</time>
    </ksState>
    <ksState>
      <x>849.7882569530868</x>
      <y>103.31602659314517</y>
      <steeringAngle>0.28426666666666656</steeringAngle>
      <velocity>4.0</velocity>
      <orientation>-0.15742048842059905</orientation>
      <time>12</time>
    </ksState>
    <ksState>
      <x>850.1845471900348</x>
      <y>103.26189593386437</y>
      <steeringAngle>0.2487333333333332</steeringAngle>
      <velocity>4.0</velocity>
      <orientation>-0.11507325469772398</orientation>
      <time>13</time>
    </ksState>
    <ksState>
      <x>850.5826699058579</x>
      <y>103.22341801072155</y>
      <steeringAngle>0.21319999999999986</steeringAngle>
      <velocity>4.0</velocity>
      <orientation>-0.07859441362409622</orientation>
      <time>14</time>
    </ksState>
    <ksState>
      <x>850.9818666212522</x>
      <y>103.19833017935468</y>
      <steeringAngle>0.1776666666666665</steeringAngle>
      <velocity>4.0</velocity>
      <orientation>-0.047886630975268435</orientation>
      <time>15</time>
    </ksState>
    <ksState>
      <x>851.3820710973938</x>
      <y>103.18436933094277</y>
      <steeringAngle>0.1421333333333333</steeringAngle>
      <velocity>4.0</velocity>
      <orientation>-0.022869224630745127</orientation>
      <time>16</time>
    </ksState>
    <ksState>
      <x>851.7824910321445</x>
      <y>103.17929563731032</y>
      <steeringAngle>0.10659999999999999</steeringAngle>
      <velocity>4.0</velocity>
      <orientation>-0.00347729833999455</orientation>
      <time>17</time>
    </ksState>
    <ksState>
      <x>852.1829431060168</x>
      <y>103.18086953917377</y>
      <steeringAngle>0.07106666666666664</steeringAngle>
      <velocity>4.0</velocity>
      <orientation>0.010338941394958369</orientation>
      <time>18</time>
    </ksState>
    <ksState>
      <x>852.5833554200323</x>
      <y>103.18686574285638</y>
      <steeringAngle>0.03553333333333332</steeringAngle>
      <velocity>4.0</velocity>
      <orientation>0.018614701857223734</orientation>
      <time>19</time>
    </ksState>
    <ksState>
      <x>852.983729591257</x>
      <y>103.19507007806048</y>
      <steeringAngle>-2.2985086056692694e-17</steeringAngle>
      <velocity>4.0</velocity>
      <orientation>0.02137096515206409</orientation>
      <time>20</time>
    </ksState>
    <ksState>
      <x>853.383729591257</x>
      <y>103.2036184641213</y>
      <steeringAngle>0.0</steeringAngle>
      <velocity>4.0</velocity>
      <orientation>0.02137096515206409</orientation>
      <time>21</time>
    </ksState>
    <ksState>
      <x>853.7837295912569</x>
      <y>103.21216685018213</y>
      <steeringAngle>0.0</steeringAngle>
      <velocity>4.0</velocity>
      <orientation>0.02137096515206409</orientation>
      <time>22</time>
    </ksState>
    <ksState>
      <x>854.183729591257</x>
      <y>103.22071523624295</y>
      <steeringAngle>0.0</steeringAngle>
      <velocity>4.0</velocity>
      <orientation>0.02137096515206409</orientation>
      <time>23</time>
    </ksState>
    <ksState>
      <x>854.583729591257</x>
      <y>103.22926362230379</y>
      <steeringAngle>0.0</steeringAngle>
      <velocity>4.0</velocity>
      <orientation>0.02137096515206409</orientation>
      <time>24</time>
    </ksState>
    <ksState>
      <x>854.983729591257</x>
      <y>103.23781200836461</y>
      <steeringAngle>0.0</steeringAngle>
      <velocity>4.0</velocity>
      <orientation>0.02137096515206409</orientation>
      <time>25</time>
    </ksState>
    <ksState>
      <x>855.383729591257</x>
      <y>103.24636039442544</y>
      <steeringAngle>0.0</steeringAngle>
      <velocity>4.0</velocity>
      <orientation>0.02137096515206409</orientation>
      <time>26</time>
    </ksState>
    <ksState>
      <x>855.7837295912569</x>
      <y>103.25490878048626</y>
      <steeringAngle>0.0</steeringAngle>
      <velocity>4.0</velocity>
      <orientation>0.02137096515206409</orientation>
      <time>27</time>
    </ksState>
    <ksState>
      <x>856.183729591257</x>
      <y>103.26345716654708</y>
      <steeringAngle>0.0</steeringAngle>
      <velocity>4.0</velocity>
      <orientation>0.02137096515206409</orientation>
      <time>28</time>
    </ksState>
    <ksState>
      <x>856.583729591257</x>
      <y>103.27200555260792</y>
      <steeringAngle>0.0</steeringAngle>
      <velocity>4.0</velocity>
      <orientation>0.02137096515206409</orientation>
      <time>29</time>
    </ksState>
    <ksState>
      <x>856.983729591257</x>
      <y>103.28055393866875</y>
      <steeringAngle>0.0</steeringAngle>
      <velocity>4.0</velocity>
      <orientation>0.02137096515206409</orientation>
      <time>30</time>
    </ksState>
    <ksState>
      <x>857.3437295902293</x>
      <y>103.28824748610153</y>
      <steeringAngle>0.0</steeringAngle>
      <velocity>3.2</velocity>
      <orientation>0.02137096515206409</orientation>
      <time>31</time>
    </ksState>
    <ksState>
      <x>857.6237295890998</x>
      <y>103.29423135631997</y>
      <steeringAngle>0.0</steeringAngle>
      <velocity>2.4000000000000004</velocity>
      <orientation>0.02137096515206409</orientation>
      <time>32</time>
    </ksState>
    <ksState>
      <x>857.8237295879702</x>
      <y>103.29850554932624</y>
      <steeringAngle>0.0</steeringAngle>
      <velocity>1.6</velocity>
      <orientation>0.02137096515206409</orientation>
      <time>33</time>
    </ksState>
  </ksTrajectory>
</CommonRoadSolution>
