<?xml version="1.0" ?>
<CommonRoadSolution benchmark_id="KS2:SM1:DEU_Ibbenbueren-12_1_T-1:2020a" computation_time="0.7748130239999682" date="2020-12-29">
  <ksTrajectory planningProblem="1">
    <ksState>
      <x>-411.30444</x>
      <y>-536.21685</y>
      <steeringAngle>0.0</steeringAngle>
      <velocity>8.0</velocity>
      <orientation>-1.2788496</orientation>
      <time>0</time>
    </ksState>
    <ksState>
      <x>-411.07277931440433</x>
      <y>-536.982572876442</y>
      <steeringAngle>0.03553333333333333</steeringAngle>
      <velocity>8.0</velocity>
      <orientation>-1.2733370649971611</orientation>
      <time>1</time>
    </ksState>
    <ksState>
      <x>-410.8326896234995</x>
      <y>-537.7456863808211</y>
      <steeringAngle>0.07106666666666667</steeringAngle>
      <velocity>8.0</velocity>
      <orientation>-1.2567855441168916</orientation>
      <time>2</time>
    </ksState>
    <ksState>
      <x>-410.57580997338755</x>
      <y>-538.5032957888498</y>
      <steeringAngle>0.10659999999999997</steeringAngle>
      <velocity>8.0</velocity>
      <orientation>-1.2291530648261968</orientation>
      <time>3</time>
    </ksState>
    <ksState>
      <x>-410.293931756785</x>
      <y>-539.251937454705</y>
      <steeringAngle>0.1421333333333333</steeringAngle>
      <velocity>8.0</velocity>
      <orientation>-1.1903692125534617</orientation>
      <time>4</time>
    </ksState>
    <ksState>
      <x>-409.97911583834457</x>
      <y>-539.9872994894264</y>
      <steeringAngle>0.17766666666666667</steeringAngle>
      <velocity>8.0</velocity>
      <orientation>-1.1403344003043072</orientation>
      <time>5</time>
    </ksState>
    <ksState>
      <x>-409.64266189744956</x>
      <y>-540.6686477749926</y>
      <steeringAngle>0.21320000000000014</steeringAngle>
      <velocity>7.200000000000003</velocity>
      <orientation>-1.0820850732328144</orientation>
      <time>6</time>
    </ksState>
    <ksState>
      <x>-409.30551823214694</x>
      <y>-541.2590599121685</y>
      <steeringAngle>0.24873333333333347</steeringAngle>
      <velocity>6.400000000000004</velocity>
      <orientation>-1.020167985747035</orientation>
      <time>7</time>
    </ksState>
    <ksState>
      <x>-408.9759565920272</x>
      <y>-541.7603268302357</y>
      <steeringAngle>0.2842666666666668</steeringAngle>
      <velocity>5.600000000000001</velocity>
      <orientation>-0.9567458429831139</orientation>
      <time>8</time>
    </ksState>
    <ksState>
      <x>-408.66348403951304</x>
      <y>-542.1758653742203</y>
      <steeringAngle>0.3198</steeringAngle>
      <velocity>4.800000000000002</velocity>
      <orientation>-0.8940167432411612</orientation>
      <time>9</time>
    </ksState>
    <ksState>
      <x>-408.37802052577115</x>
      <y>-542.510608474389</y>
      <steeringAngle>0.3553333333333332</steeringAngle>
      <velocity>4.000000000000001</velocity>
      <orientation>-0.8342269091929465</orientation>
      <time>10</time>
    </ksState>
    <ksState>
      <x>-408.1012392373798</x>
      <y>-542.7993169676462</y>
      <steeringAngle>0.31979999999999986</steeringAngle>
      <velocity>4.0</velocity>
      <orientation>-0.7797787099995669</orientation>
      <time>11</time>
    </ksState>
    <ksState>
      <x>-407.80998896233734</x>
      <y>-543.0734376249552</y>
      <steeringAngle>0.28426666666666656</steeringAngle>
      <velocity>4.0</velocity>
      <orientation>-0.7314480305183096</orientation>
      <time>12</time>
    </ksState>
    <ksState>
      <x>-407.50660976954657</x>
      <y>-543.3340851754061</y>
      <steeringAngle>0.2487333333333332</steeringAngle>
      <velocity>4.0</velocity>
      <orientation>-0.6891007967954346</orientation>
      <time>13</time>
    </ksState>
    <ksState>
      <x>-407.19319208161244</x>
      <y>-543.5825838681868</y>
      <steeringAngle>0.21319999999999986</steeringAngle>
      <velocity>4.0</velocity>
      <orientation>-0.6526219557218068</orientation>
      <time>14</time>
    </ksState>
    <ksState>
      <x>-406.87160146699847</x>
      <y>-543.8204218244858</y>
      <steeringAngle>0.1776666666666665</steeringAngle>
      <velocity>4.0</velocity>
      <orientation>-0.621914173072979</orientation>
      <time>15</time>
    </ksState>
    <ksState>
      <x>-406.54329271506396</x>
      <y>-544.0489016043751</y>
      <steeringAngle>0.17766666666666667</steeringAngle>
      <velocity>4.0</velocity>
      <orientation>-0.5940636849177231</orientation>
      <time>16</time>
    </ksState>
    <ksState>
      <x>-406.20874880244514</x>
      <y>-544.2681504254024</y>
      <steeringAngle>0.17766666666666667</steeringAngle>
      <velocity>4.0</velocity>
      <orientation>-0.5662131967624673</orientation>
      <time>17</time>
    </ksState>
    <ksState>
      <x>-405.86822922746734</x>
      <y>-544.4779982161172</y>
      <steeringAngle>0.17766666666666667</steeringAngle>
      <velocity>4.0</velocity>
      <orientation>-0.5383627086072114</orientation>
      <time>18</time>
    </ksState>
    <ksState>
      <x>-405.52199809733725</x>
      <y>-544.6782822187479</y>
      <steeringAngle>0.17766666666666667</steeringAngle>
      <velocity>4.0</velocity>
      <orientation>-0.5105122204519555</orientation>
      <time>19</time>
    </ksState>
    <ksState>
      <x>-405.17032394835365</x>
      <y>-544.8688470921278</y>
      <steeringAngle>0.17766666666666667</steeringAngle>
      <velocity>4.0</velocity>
      <orientation>-0.4826617322966997</orientation>
      <time>20</time>
    </ksState>
    <ksState>
      <x>-404.81364831960644</x>
      <y>-545.0498833932322</y>
      <steeringAngle>0.1421333333333333</steeringAngle>
      <velocity>4.0</velocity>
      <orientation>-0.45764432595217636</orientation>
      <time>21</time>
    </ksState>
    <ksState>
      <x>-404.4530381679793</x>
      <y>-545.222959376158</y>
      <steeringAngle>0.10659999999999999</steeringAngle>
      <velocity>4.0</velocity>
      <orientation>-0.4382523996614258</orientation>
      <time>22</time>
    </ksState>
    <ksState>
      <x>-404.0896018758984</x>
      <y>-545.3900267499419</y>
      <steeringAngle>0.07106666666666664</steeringAngle>
      <velocity>4.0</velocity>
      <orientation>-0.4244361599264729</orientation>
      <time>23</time>
    </ksState>
    <ksState>
      <x>-403.72434088633065</x>
      <y>-545.5530711812545</y>
      <steeringAngle>0.03553333333333332</steeringAngle>
      <velocity>4.0</velocity>
      <orientation>-0.4161603994642075</orientation>
      <time>24</time>
    </ksState>
    <ksState>
      <x>-403.35818536298314</x>
      <y>-545.7140991923941</y>
      <steeringAngle>-2.2985086056692694e-17</steeringAngle>
      <velocity>4.0</velocity>
      <orientation>-0.41340413616936716</orientation>
      <time>25</time>
    </ksState>
    <ksState>
      <x>-402.9920298530548</x>
      <y>-545.8751272001234</y>
      <steeringAngle>-0.035533333333333326</steeringAngle>
      <velocity>4.0</velocity>
      <orientation>-0.4161604107019676</orientation>
      <time>26</time>
    </ksState>
    <ksState>
      <x>-402.62676886503823</x>
      <y>-546.0381716349908</y>
      <steeringAngle>-0.07106666666666711</steeringAngle>
      <velocity>4.0</velocity>
      <orientation>-0.424436171245253</orientation>
      <time>27</time>
    </ksState>
    <ksState>
      <x>-402.2633325748583</x>
      <y>-546.2052390126315</y>
      <steeringAngle>-0.10660000000000043</steeringAngle>
      <velocity>4.0</velocity>
      <orientation>-0.43825241106438984</orientation>
      <time>28</time>
    </ksState>
    <ksState>
      <x>-401.90272242558046</x>
      <y>-546.3783149995044</y>
      <steeringAngle>-0.14213333333333378</steeringAngle>
      <velocity>4.0</velocity>
      <orientation>-0.45764433744993566</orientation>
      <time>29</time>
    </ksState>
    <ksState>
      <x>-401.54604679958607</x>
      <y>-546.559351304485</y>
      <steeringAngle>-0.1776666666666672</steeringAngle>
      <velocity>4.0</velocity>
      <orientation>-0.482661743901333</orientation>
      <time>30</time>
    </ksState>
    <ksState>
      <x>-401.2292996244571</x>
      <y>-546.7304198320256</y>
      <steeringAngle>-0.17766666666666667</steeringAngle>
      <velocity>3.2000000000000006</velocity>
      <orientation>-0.5077271831695106</orientation>
      <time>31</time>
    </ksState>
    <ksState>
      <x>-400.9859635748709</x>
      <y>-546.8689300596418</y>
      <steeringAngle>-0.17766666666666667</steeringAngle>
      <velocity>2.4000000000000012</velocity>
      <orientation>-0.5272225247995403</orientation>
      <time>32</time>
    </ksState>
    <ksState>
      <x>-400.8138282139158</x>
      <y>-546.9707572198773</y>
      <steeringAngle>-0.17766666666666667</steeringAngle>
      <velocity>1.6000000000000005</velocity>
      <orientation>-0.5411477687985213</orientation>
      <time>33</time>
    </ksState>
  </ksTrajectory>
</CommonRoadSolution>
