<?xml version="1.0" ?>
<CommonRoadSolution benchmark_id="KS2:SM1:HRV_Pula-8_3_T-1:2020a" computation_time="1.8825971060000484" date="2020-12-29">
  <ksTrajectory planningProblem="1">
    <ksState>
      <x>868.24669</x>
      <y>412.04546</y>
      <steeringAngle>0.0</steeringAngle>
      <velocity>0.0</velocity>
      <orientation>-3.5170055</orientation>
      <time>0</time>
    </ksState>
    <ksState>
      <x>868.209475746191</x>
      <y>412.0601262664502</y>
      <steeringAngle>0.0</steeringAngle>
      <velocity>0.8</velocity>
      <orientation>-3.5170055</orientation>
      <time>1</time>
    </ksState>
    <ksState>
      <x>868.0978329858665</x>
      <y>412.1041250653663</y>
      <steeringAngle>0.0</steeringAngle>
      <velocity>1.6</velocity>
      <orientation>-3.5170055</orientation>
      <time>2</time>
    </ksState>
    <ksState>
      <x>867.9117617191896</x>
      <y>412.177456396684</y>
      <steeringAngle>0.0</steeringAngle>
      <velocity>2.4000000000000004</velocity>
      <orientation>-3.5170055</orientation>
      <time>3</time>
    </ksState>
    <ksState>
      <x>867.6512619462094</x>
      <y>412.2801202603841</y>
      <steeringAngle>0.0</steeringAngle>
      <velocity>3.2000000000000006</velocity>
      <orientation>-3.5170055</orientation>
      <time>4</time>
    </ksState>
    <ksState>
      <x>867.3163336669461</x>
      <y>412.4121166564584</y>
      <steeringAngle>0.0</steeringAngle>
      <velocity>4.000000000000001</velocity>
      <orientation>-3.5170055</orientation>
      <time>5</time>
    </ksState>
    <ksState>
      <x>866.9443261781704</x>
      <y>412.55912109523126</y>
      <steeringAngle>-0.035533333333333326</steeringAngle>
      <velocity>4.0</velocity>
      <orientation>-3.5197617745326</orientation>
      <time>6</time>
    </ksState>
    <ksState>
      <x>866.5731359775945</x>
      <y>412.70817448199085</y>
      <steeringAngle>-0.07106666666666711</steeringAngle>
      <velocity>4.0</velocity>
      <orientation>-3.5280375350758857</orientation>
      <time>7</time>
    </ksState>
    <ksState>
      <x>866.2036163581643</x>
      <y>412.861317214589</y>
      <steeringAngle>-0.10660000000000043</steeringAngle>
      <velocity>4.0</velocity>
      <orientation>-3.5418537748950225</orientation>
      <time>8</time>
    </ksState>
    <ksState>
      <x>865.8366926204376</x>
      <y>413.02057156362514</y>
      <steeringAngle>-0.14213333333333378</steeringAngle>
      <velocity>4.0</velocity>
      <orientation>-3.5612457012805683</orientation>
      <time>9</time>
    </ksState>
    <ksState>
      <x>865.4733982169048</x>
      <y>413.1879299284036</y>
      <steeringAngle>-0.1776666666666672</steeringAngle>
      <velocity>4.0</velocity>
      <orientation>-3.5862631077319658</orientation>
      <time>10</time>
    </ksState>
    <ksState>
      <x>865.1145703320332</x>
      <y>413.36466191616563</y>
      <steeringAngle>-0.1421333333333333</steeringAngle>
      <velocity>4.0</velocity>
      <orientation>-3.611280514076489</orientation>
      <time>11</time>
    </ksState>
    <ksState>
      <x>864.7597502809045</x>
      <y>413.5493175649809</y>
      <steeringAngle>-0.10659999999999999</steeringAngle>
      <velocity>4.0</velocity>
      <orientation>-3.6306724403672397</orientation>
      <time>12</time>
    </ksState>
    <ksState>
      <x>864.4080416496748</x>
      <y>413.73983917662395</y>
      <steeringAngle>-0.07106666666666664</steeringAngle>
      <velocity>4.0</velocity>
      <orientation>-3.6444886801021927</orientation>
      <time>13</time>
    </ksState>
    <ksState>
      <x>864.0584566971266</x>
      <y>413.93423423323276</y>
      <steeringAngle>-0.03553333333333332</steeringAngle>
      <velocity>4.0</velocity>
      <orientation>-3.652764440564458</orientation>
      <time>14</time>
    </ksState>
    <ksState>
      <x>863.7099482316302</x>
      <y>414.1305547291745</y>
      <steeringAngle>2.2985086056692694e-17</steeringAngle>
      <velocity>4.0</velocity>
      <orientation>-3.6555207038592985</orientation>
      <time>15</time>
    </ksState>
    <ksState>
      <x>863.3618010929076</x>
      <y>414.3275152493898</y>
      <steeringAngle>-0.035533333333333326</steeringAngle>
      <velocity>4.0</velocity>
      <orientation>-3.658276978391899</orientation>
      <time>16</time>
    </ksState>
    <ksState>
      <x>863.0147463182437</x>
      <y>414.5263922477859</y>
      <steeringAngle>-0.07106666666666711</steeringAngle>
      <velocity>4.0</velocity>
      <orientation>-3.6665527389351844</orientation>
      <time>17</time>
    </ksState>
    <ksState>
      <x>862.6699107510528</x>
      <y>414.7290887630289</y>
      <steeringAngle>-0.10660000000000043</steeringAngle>
      <velocity>4.0</velocity>
      <orientation>-3.6803689787543212</orientation>
      <time>18</time>
    </ksState>
    <ksState>
      <x>862.3284900498012</x>
      <y>414.93747993786843</y>
      <steeringAngle>-0.14213333333333378</steeringAngle>
      <velocity>4.0</velocity>
      <orientation>-3.699760905139867</orientation>
      <time>19</time>
    </ksState>
    <ksState>
      <x>861.9917828646085</x>
      <y>415.1533963970352</y>
      <steeringAngle>-0.1776666666666672</steeringAngle>
      <velocity>4.0</velocity>
      <orientation>-3.7247783115912645</orientation>
      <time>20</time>
    </ksState>
    <ksState>
      <x>861.6612245849459</x>
      <y>415.37860439593254</y>
      <steeringAngle>-0.21319999999999995</steeringAngle>
      <velocity>4.0</velocity>
      <orientation>-3.7554860942287647</orientation>
      <time>21</time>
    </ksState>
    <ksState>
      <x>861.3384203334576</x>
      <y>415.61478158403975</y>
      <steeringAngle>-0.24873333333333336</steeringAngle>
      <velocity>4.0</velocity>
      <orientation>-3.791964935351459</orientation>
      <time>22</time>
    </ksState>
    <ksState>
      <x>861.025176661368</x>
      <y>415.86348719913116</y>
      <steeringAngle>-0.2842666666666667</steeringAngle>
      <velocity>4.0</velocity>
      <orientation>-3.834312169196907</orientation>
      <time>23</time>
    </ksState>
    <ksState>
      <x>860.7235311788837</x>
      <y>416.12612544795434</y>
      <steeringAngle>-0.31980000000000003</steeringAngle>
      <velocity>4.0</velocity>
      <orientation>-3.882642850564042</orientation>
      <time>24</time>
    </ksState>
    <ksState>
      <x>860.4357790107117</x>
      <y>416.4039008126816</y>
      <steeringAngle>-0.35533333333333333</steeringAngle>
      <velocity>4.0</velocity>
      <orientation>-3.9370910517423203</orientation>
      <time>25</time>
    </ksState>
    <ksState>
      <x>860.1644945358138</x>
      <y>416.6977640085321</y>
      <steeringAngle>-0.39086666666666653</steeringAngle>
      <velocity>4.0</velocity>
      <orientation>-3.9978114180483075</orientation>
      <time>26</time>
    </ksState>
    <ksState>
      <x>859.9125465461194</x>
      <y>417.00834743095044</y>
      <steeringAngle>-0.42639999999999995</steeringAngle>
      <velocity>4.0</velocity>
      <orientation>-4.064981031504711</orientation>
      <time>27</time>
    </ksState>
    <ksState>
      <x>859.683103906069</x>
      <y>417.33588892476286</y>
      <steeringAngle>-0.4619333333333333</steeringAngle>
      <velocity>4.0</velocity>
      <orientation>-4.138801615137055</orientation>
      <time>28</time>
    </ksState>
    <ksState>
      <x>859.4796286091506</x>
      <y>417.68014318049455</y>
      <steeringAngle>-0.49746666666666667</steeringAngle>
      <velocity>4.0</velocity>
      <orientation>-4.219502156950275</orientation>
      <time>29</time>
    </ksState>
    <ksState>
      <x>859.3058518543673</x>
      <y>418.0402803705005</y>
      <steeringAngle>-0.533</steeringAngle>
      <velocity>4.0</velocity>
      <orientation>-4.307342023550084</orientation>
      <time>30</time>
    </ksState>
    <ksState>
      <x>859.1777663734172</x>
      <y>418.376614841949</y>
      <steeringAngle>-0.533</steeringAngle>
      <velocity>3.1999999999999997</velocity>
      <orientation>-4.389695892014333</orientation>
      <time>31</time>
    </ksState>
    <ksState>
      <x>859.0975346516501</x>
      <y>418.64482383290425</y>
      <steeringAngle>-0.533</steeringAngle>
      <velocity>2.3999999999999986</velocity>
      <orientation>-4.453748900744224</orientation>
      <time>32</time>
    </ksState>
    <ksState>
      <x>859.0508215556204</x>
      <y>418.83927409731086</y>
      <steeringAngle>-0.533</steeringAngle>
      <velocity>1.5999999999999988</velocity>
      <orientation>-4.499501049763236</orientation>
      <time>33</time>
    </ksState>
  </ksTrajectory>
</CommonRoadSolution>
