<?xml version="1.0" ?>
<CommonRoadSolution benchmark_id="KS2:SM1:ARG_Carcarana-5_2_T-1:2020a" computation_time="1.0097754020000025" date="2020-12-29">
  <ksTrajectory planningProblem="1">
    <ksState>
      <x>494.82773</x>
      <y>-126.8882</y>
      <steeringAngle>0.0</steeringAngle>
      <velocity>4.0</velocity>
      <orientation>2.9600352</orientation>
      <time>0</time>
    </ksState>
    <ksState>
      <x>494.39504641852335</x>
      <y>-126.80829537152117</y>
      <steeringAngle>-0.035533333333333326</steeringAngle>
      <velocity>4.799999999999999</velocity>
      <orientation>2.956911421330809</orientation>
      <time>1</time>
    </ksState>
    <ksState>
      <x>493.8843585352667</x>
      <y>-126.71034025837717</y>
      <steeringAngle>-0.07106666666666667</steeringAngle>
      <velocity>5.599999999999998</velocity>
      <orientation>2.9460608102696364</orientation>
      <time>2</time>
    </ksState>
    <ksState>
      <x>493.29696272606037</x>
      <y>-126.58805739498746</y>
      <steeringAngle>-0.10659999999999999</steeringAngle>
      <velocity>6.3999999999999995</velocity>
      <orientation>2.9252438612693084</orientation>
      <time>3</time>
    </ksState>
    <ksState>
      <x>492.63522463156244</x>
      <y>-126.4316590041789</y>
      <steeringAngle>-0.14213333333333333</steeringAngle>
      <velocity>7.199999999999999</velocity>
      <orientation>2.892184290288143</orientation>
      <time>4</time>
    </ksState>
    <ksState>
      <x>491.9033017738396</x>
      <y>-126.22725854183932</y>
      <steeringAngle>-0.17766666666666664</steeringAngle>
      <velocity>7.9999999999999964</velocity>
      <orientation>2.8445569682065965</orientation>
      <time>5</time>
    </ksState>
    <ksState>
      <x>491.1452501410687</x>
      <y>-125.97193082337236</y>
      <steeringAngle>-0.17766666666666667</steeringAngle>
      <velocity>8.0</velocity>
      <orientation>2.7888559918960847</orientation>
      <time>6</time>
    </ksState>
    <ksState>
      <x>490.4025887839175</x>
      <y>-125.67479669545727</y>
      <steeringAngle>-0.17766666666666667</steeringAngle>
      <velocity>8.0</velocity>
      <orientation>2.733155015585573</orientation>
      <time>7</time>
    </ksState>
    <ksState>
      <x>489.67762132002736</x>
      <y>-125.33677781835594</y>
      <steeringAngle>-0.17766666666666667</steeringAngle>
      <velocity>8.0</velocity>
      <orientation>2.6774540392750614</orientation>
      <time>8</time>
    </ksState>
    <ksState>
      <x>488.9725964509545</x>
      <y>-124.95892265784423</y>
      <steeringAngle>-0.17766666666666667</steeringAngle>
      <velocity>8.0</velocity>
      <orientation>2.6217530629645496</orientation>
      <time>9</time>
    </ksState>
    <ksState>
      <x>488.28970102013005</x>
      <y>-124.54240324299228</y>
      <steeringAngle>-0.17766666666666667</steeringAngle>
      <velocity>8.0</velocity>
      <orientation>2.5660520866540377</orientation>
      <time>10</time>
    </ksState>
    <ksState>
      <x>487.6301799399714</x>
      <y>-124.08974626533468</y>
      <steeringAngle>-0.14213333333333336</steeringAngle>
      <velocity>8.0</velocity>
      <orientation>2.5160172751052894</orientation>
      <time>11</time>
    </ksState>
    <ksState>
      <x>486.99137347934095</x>
      <y>-123.60824239486115</y>
      <steeringAngle>-0.1066000000000001</steeringAngle>
      <velocity>8.0</velocity>
      <orientation>2.477233423098292</orientation>
      <time>12</time>
    </ksState>
    <ksState>
      <x>486.368883371727</x>
      <y>-123.10578320803486</y>
      <steeringAngle>-0.07106666666666674</steeringAngle>
      <velocity>8.0</velocity>
      <orientation>2.449600944068605</orientation>
      <time>13</time>
    </ksState>
    <ksState>
      <x>485.7576297023911</x>
      <y>-122.58968803181058</y>
      <steeringAngle>-0.035533333333333354</steeringAngle>
      <velocity>8.0</velocity>
      <orientation>2.433049423439576</orientation>
      <time>14</time>
    </ksState>
    <ksState>
      <x>485.1520993259294</x>
      <y>-122.06687713950859</y>
      <steeringAngle>-2.0816681711721685e-17</steeringAngle>
      <velocity>8.0</velocity>
      <orientation>2.427536896981171</orientation>
      <time>15</time>
    </ksState>
    <ksState>
      <x>484.5484942681863</x>
      <y>-121.54184463477759</y>
      <steeringAngle>-0.03553333333333333</steeringAngle>
      <velocity>8.0</velocity>
      <orientation>2.422024361978332</orientation>
      <time>16</time>
    </ksState>
    <ksState>
      <x>483.9507227892839</x>
      <y>-121.01019198571484</y>
      <steeringAngle>-0.07106666666666667</steeringAngle>
      <velocity>8.0</velocity>
      <orientation>2.405472841098063</orientation>
      <time>17</time>
    </ksState>
    <ksState>
      <x>483.36485089438617</x>
      <y>-120.46547803092376</y>
      <steeringAngle>-0.10659999999999997</steeringAngle>
      <velocity>8.0</velocity>
      <orientation>2.3778403618073676</orientation>
      <time>18</time>
    </ksState>
    <ksState>
      <x>482.7974011600384</x>
      <y>-119.90163366246905</y>
      <steeringAngle>-0.1421333333333333</steeringAngle>
      <velocity>8.0</velocity>
      <orientation>2.339056509534633</orientation>
      <time>19</time>
    </ksState>
    <ksState>
      <x>482.2555595543354</x>
      <y>-119.31318310469682</y>
      <steeringAngle>-0.17766666666666667</steeringAngle>
      <velocity>8.0</velocity>
      <orientation>2.289021697285478</orientation>
      <time>20</time>
    </ksState>
    <ksState>
      <x>481.77185552448526</x>
      <y>-118.72712239786304</y>
      <steeringAngle>-0.21320000000000014</steeringAngle>
      <velocity>7.200000000000003</velocity>
      <orientation>2.2307723702139852</orientation>
      <time>21</time>
    </ksState>
    <ksState>
      <x>481.3713884681587</x>
      <y>-118.17768770695294</y>
      <steeringAngle>-0.24873333333333347</steeringAngle>
      <velocity>6.400000000000004</velocity>
      <orientation>2.168855282728206</orientation>
      <time>22</time>
    </ksState>
    <ksState>
      <x>481.0491358374145</x>
      <y>-117.67169102735367</y>
      <steeringAngle>-0.2842666666666668</steeringAngle>
      <velocity>5.600000000000001</velocity>
      <orientation>2.1054331399642847</orientation>
      <time>23</time>
    </ksState>
    <ksState>
      <x>480.79808579070186</x>
      <y>-117.21640512634524</y>
      <steeringAngle>-0.3198</steeringAngle>
      <velocity>4.800000000000002</velocity>
      <orientation>2.042704040222332</orientation>
      <time>24</time>
    </ksState>
    <ksState>
      <x>480.6096743182438</x>
      <y>-116.81885830163824</y>
      <steeringAngle>-0.3553333333333332</steeringAngle>
      <velocity>4.000000000000001</velocity>
      <orientation>1.9829142061741174</orientation>
      <time>25</time>
    </ksState>
    <ksState>
      <x>480.46047973156817</x>
      <y>-116.44778981806309</y>
      <steeringAngle>-0.39086666666666653</steeringAngle>
      <velocity>4.0</velocity>
      <orientation>1.9221938398681302</orientation>
      <time>26</time>
    </ksState>
    <ksState>
      <x>480.33530018465433</x>
      <y>-116.06796099763655</y>
      <steeringAngle>-0.42639999999999995</steeringAngle>
      <velocity>4.0</velocity>
      <orientation>1.8550242264117265</orientation>
      <time>27</time>
    </ksState>
    <ksState>
      <x>480.23718233681063</x>
      <y>-115.68027524451084</y>
      <steeringAngle>-0.4619333333333333</steeringAngle>
      <velocity>4.0</velocity>
      <orientation>1.7812036427793827</orientation>
      <time>28</time>
    </ksState>
    <ksState>
      <x>480.16927521621506</x>
      <y>-115.28619173557162</y>
      <steeringAngle>-0.49746666666666667</steeringAngle>
      <velocity>4.0</velocity>
      <orientation>1.7005031009661622</orientation>
      <time>29</time>
    </ksState>
    <ksState>
      <x>480.13477184749325</x>
      <y>-114.88781167372713</y>
      <steeringAngle>-0.533</steeringAngle>
      <velocity>4.0</velocity>
      <orientation>1.6126632343663536</orientation>
      <time>30</time>
    </ksState>
    <ksState>
      <x>480.1341479984551</x>
      <y>-114.52790629763756</y>
      <steeringAngle>-0.4974666666666667</steeringAngle>
      <velocity>3.1999999999999993</velocity>
      <orientation>1.5334860312571141</orientation>
      <time>31</time>
    </ksState>
    <ksState>
      <x>480.15261798084686</x>
      <y>-114.24855364512102</y>
      <steeringAngle>-0.4619333333333334</steeringAngle>
      <velocity>2.3999999999999986</velocity>
      <orientation>1.4768789238549054</orientation>
      <time>32</time>
    </ksState>
    <ksState>
      <x>480.1751106998978</x>
      <y>-114.04983399297858</y>
      <steeringAngle>-0.4264000000000001</steeringAngle>
      <velocity>1.5999999999999979</velocity>
      <orientation>1.4398559636408468</orientation>
      <time>33</time>
    </ksState>
  </ksTrajectory>
</CommonRoadSolution>
