<?xml version="1.0" ?>
<CommonRoadSolution benchmark_id="KS2:SM1:USA_US101-25_2_T-1:2020a" computation_time="25.935440520000157" date="2020-12-29">
  <ksTrajectory planningProblem="452">
    <ksState>
      <x>0.0</x>
      <y>0.0</y>
      <steeringAngle>0.0</steeringAngle>
      <velocity>20.0</velocity>
      <orientation>-0.69188</orientation>
      <time>0</time>
    </ksState>
    <ksState>
      <x>1.5400959257078064</x>
      <y>-1.2759719979757458</y>
      <steeringAngle>0.0</steeringAngle>
      <velocity>20.0</velocity>
      <orientation>-0.69188</orientation>
      <time>1</time>
    </ksState>
    <ksState>
      <x>3.080191851415613</x>
      <y>-2.5519439959514916</y>
      <steeringAngle>0.0</steeringAngle>
      <velocity>20.0</velocity>
      <orientation>-0.69188</orientation>
      <time>2</time>
    </ksState>
    <ksState>
      <x>4.620287777123417</x>
      <y>-3.8279159939272365</y>
      <steeringAngle>0.0</steeringAngle>
      <velocity>20.0</velocity>
      <orientation>-0.69188</orientation>
      <time>3</time>
    </ksState>
    <ksState>
      <x>6.160383702831224</x>
      <y>-5.103887991902982</y>
      <steeringAngle>0.0</steeringAngle>
      <velocity>20.0</velocity>
      <orientation>-0.69188</orientation>
      <time>4</time>
    </ksState>
    <ksState>
      <x>7.70047962853903</x>
      <y>-6.379859989878728</y>
      <steeringAngle>0.0</steeringAngle>
      <velocity>20.0</velocity>
      <orientation>-0.69188</orientation>
      <time>5</time>
    </ksState>
    <ksState>
      <x>9.240575554246837</x>
      <y>-7.655831987854474</y>
      <steeringAngle>0.0</steeringAngle>
      <velocity>20.0</velocity>
      <orientation>-0.69188</orientation>
      <time>6</time>
    </ksState>
    <ksState>
      <x>10.780671479954643</x>
      <y>-8.93180398583022</y>
      <steeringAngle>0.0</steeringAngle>
      <velocity>20.0</velocity>
      <orientation>-0.69188</orientation>
      <time>7</time>
    </ksState>
    <ksState>
      <x>12.320767405662448</x>
      <y>-10.207775983805965</y>
      <steeringAngle>0.0</steeringAngle>
      <velocity>20.0</velocity>
      <orientation>-0.69188</orientation>
      <time>8</time>
    </ksState>
    <ksState>
      <x>13.860863331370254</x>
      <y>-11.483747981781711</y>
      <steeringAngle>0.0</steeringAngle>
      <velocity>20.0</velocity>
      <orientation>-0.69188</orientation>
      <time>9</time>
    </ksState>
    <ksState>
      <x>15.40095925707806</x>
      <y>-12.759719979757456</y>
      <steeringAngle>0.0</steeringAngle>
      <velocity>20.0</velocity>
      <orientation>-0.69188</orientation>
      <time>10</time>
    </ksState>
    <ksState>
      <x>16.941055182785867</x>
      <y>-14.035691977733201</y>
      <steeringAngle>0.0</steeringAngle>
      <velocity>20.0</velocity>
      <orientation>-0.69188</orientation>
      <time>11</time>
    </ksState>
    <ksState>
      <x>18.481151108493673</x>
      <y>-15.311663975708948</y>
      <steeringAngle>0.0</steeringAngle>
      <velocity>20.0</velocity>
      <orientation>-0.69188</orientation>
      <time>12</time>
    </ksState>
    <ksState>
      <x>20.02124703420148</x>
      <y>-16.58763597368469</y>
      <steeringAngle>0.0</steeringAngle>
      <velocity>20.0</velocity>
      <orientation>-0.69188</orientation>
      <time>13</time>
    </ksState>
    <ksState>
      <x>21.561342959909283</x>
      <y>-17.86360797166044</y>
      <steeringAngle>0.0</steeringAngle>
      <velocity>20.0</velocity>
      <orientation>-0.69188</orientation>
      <time>14</time>
    </ksState>
    <ksState>
      <x>23.101438885617092</x>
      <y>-19.139579969636184</y>
      <steeringAngle>0.0</steeringAngle>
      <velocity>20.0</velocity>
      <orientation>-0.69188</orientation>
      <time>15</time>
    </ksState>
    <ksState>
      <x>24.6415348113249</x>
      <y>-20.41555196761193</y>
      <steeringAngle>0.0</steeringAngle>
      <velocity>20.0</velocity>
      <orientation>-0.69188</orientation>
      <time>16</time>
    </ksState>
    <ksState>
      <x>26.181630737032705</x>
      <y>-21.691523965587677</y>
      <steeringAngle>0.0</steeringAngle>
      <velocity>20.0</velocity>
      <orientation>-0.69188</orientation>
      <time>17</time>
    </ksState>
    <ksState>
      <x>27.721726662740508</x>
      <y>-22.967495963563422</y>
      <steeringAngle>0.0</steeringAngle>
      <velocity>20.0</velocity>
      <orientation>-0.69188</orientation>
      <time>18</time>
    </ksState>
    <ksState>
      <x>29.261822588448318</x>
      <y>-24.243467961539167</y>
      <steeringAngle>0.0</steeringAngle>
      <velocity>20.0</velocity>
      <orientation>-0.69188</orientation>
      <time>19</time>
    </ksState>
    <ksState>
      <x>30.80191851415612</x>
      <y>-25.519439959514912</y>
      <steeringAngle>0.0</steeringAngle>
      <velocity>20.0</velocity>
      <orientation>-0.69188</orientation>
      <time>20</time>
    </ksState>
    <ksState>
      <x>32.34201443986393</x>
      <y>-26.795411957490657</y>
      <steeringAngle>0.0</steeringAngle>
      <velocity>20.0</velocity>
      <orientation>-0.69188</orientation>
      <time>21</time>
    </ksState>
    <ksState>
      <x>33.882110365571734</x>
      <y>-28.071383955466402</y>
      <steeringAngle>0.0</steeringAngle>
      <velocity>20.0</velocity>
      <orientation>-0.69188</orientation>
      <time>22</time>
    </ksState>
    <ksState>
      <x>35.42220629127954</x>
      <y>-29.347355953442147</y>
      <steeringAngle>0.0</steeringAngle>
      <velocity>20.0</velocity>
      <orientation>-0.69188</orientation>
      <time>23</time>
    </ksState>
    <ksState>
      <x>36.96230221698735</x>
      <y>-30.623327951417895</y>
      <steeringAngle>0.0</steeringAngle>
      <velocity>20.0</velocity>
      <orientation>-0.69188</orientation>
      <time>24</time>
    </ksState>
    <ksState>
      <x>38.50239814269515</x>
      <y>-31.89929994939364</y>
      <steeringAngle>0.0</steeringAngle>
      <velocity>20.0</velocity>
      <orientation>-0.69188</orientation>
      <time>25</time>
    </ksState>
    <ksState>
      <x>40.011692149705205</x>
      <y>-33.149752507257766</y>
      <steeringAngle>0.0</steeringAngle>
      <velocity>19.2</velocity>
      <orientation>-0.69188</orientation>
      <time>26</time>
    </ksState>
    <ksState>
      <x>41.459382319224424</x>
      <y>-34.34916618481965</y>
      <steeringAngle>0.0</steeringAngle>
      <velocity>18.400000000000002</velocity>
      <orientation>-0.69188</orientation>
      <time>27</time>
    </ksState>
    <ksState>
      <x>42.84546865155939</x>
      <y>-35.49754098233332</y>
      <steeringAngle>0.0</steeringAngle>
      <velocity>17.6</velocity>
      <orientation>-0.69188</orientation>
      <time>28</time>
    </ksState>
    <ksState>
      <x>44.1699511468104</x>
      <y>-36.59487689988185</y>
      <steeringAngle>0.0</steeringAngle>
      <velocity>16.8</velocity>
      <orientation>-0.69188</orientation>
      <time>29</time>
    </ksState>
    <ksState>
      <x>45.43282980500846</x>
      <y>-37.64117393749094</y>
      <steeringAngle>0.0</steeringAngle>
      <velocity>16.0</velocity>
      <orientation>-0.69188</orientation>
      <time>30</time>
    </ksState>
    <ksState>
      <x>46.63410462680269</x>
      <y>-38.63643209569839</y>
      <steeringAngle>0.0</steeringAngle>
      <velocity>15.2</velocity>
      <orientation>-0.69188</orientation>
      <time>31</time>
    </ksState>
    <ksState>
      <x>47.77377561114777</x>
      <y>-39.58065137363813</y>
      <steeringAngle>0.0</steeringAngle>
      <velocity>14.400000000000002</velocity>
      <orientation>-0.69188</orientation>
      <time>32</time>
    </ksState>
    <ksState>
      <x>48.851842758328736</x>
      <y>-40.473831771546344</y>
      <steeringAngle>0.0</steeringAngle>
      <velocity>13.600000000000001</velocity>
      <orientation>-0.69188</orientation>
      <time>33</time>
    </ksState>
    <ksState>
      <x>49.86830606843192</x>
      <y>-41.315973289494536</y>
      <steeringAngle>0.0</steeringAngle>
      <velocity>12.800000000000004</velocity>
      <orientation>-0.69188</orientation>
      <time>34</time>
    </ksState>
    <ksState>
      <x>50.823165541484556</x>
      <y>-42.10707592750528</y>
      <steeringAngle>0.0</steeringAngle>
      <velocity>12.000000000000002</velocity>
      <orientation>-0.69188</orientation>
      <time>35</time>
    </ksState>
    <ksState>
      <x>51.71835351740248</x>
      <y>-42.84479608617872</y>
      <steeringAngle>0.03553333333333333</steeringAngle>
      <velocity>11.200000000000001</velocity>
      <orientation>-0.683978726227656</orientation>
      <time>36</time>
    </ksState>
    <ksState>
      <x>52.56210938784114</x>
      <y>-43.51890855794854</y>
      <steeringAngle>0.07106666666666667</steeringAngle>
      <velocity>10.400000000000007</velocity>
      <orientation>-0.6617262954291661</orientation>
      <time>37</time>
    </ksState>
    <ksState>
      <x>53.360773058645385</x>
      <y>-44.12060392092413</y>
      <steeringAngle>0.10660000000000001</steeringAngle>
      <velocity>9.60000000000001</velocity>
      <orientation>-0.6272782845444943</orientation>
      <time>38</time>
    </ksState>
    <ksState>
      <x>54.11683820594274</x>
      <y>-44.64465134749696</y>
      <steeringAngle>0.14213333333333344</steeringAngle>
      <velocity>8.800000000000008</velocity>
      <orientation>-0.5827701524236495</orientation>
      <time>39</time>
    </ksState>
    <ksState>
      <x>54.829547111656765</x>
      <y>-45.089043417975745</y>
      <steeringAngle>0.17766666666666675</steeringAngle>
      <velocity>8.000000000000009</velocity>
      <orientation>-0.530327854608668</orientation>
      <time>40</time>
    </ksState>
    <ksState>
      <x>55.53057019216649</x>
      <y>-45.47427213232194</y>
      <steeringAngle>0.17766666666666667</steeringAngle>
      <velocity>8.0</velocity>
      <orientation>-0.47462687829815625</orientation>
      <time>41</time>
    </ksState>
    <ksState>
      <x>56.25195261114346</x>
      <y>-45.81987593289191</y>
      <steeringAngle>0.17766666666666667</steeringAngle>
      <velocity>8.0</velocity>
      <orientation>-0.4189259019876445</orientation>
      <time>42</time>
    </ksState>
    <ksState>
      <x>56.99145675677562</x>
      <y>-46.12478280977241</y>
      <steeringAngle>0.17766666666666667</steeringAngle>
      <velocity>8.0</velocity>
      <orientation>-0.3632249256771328</orientation>
      <time>43</time>
    </ksState>
    <ksState>
      <x>57.74678883767838</x>
      <y>-46.38804700387348</y>
      <steeringAngle>0.17766666666666667</steeringAngle>
      <velocity>8.0</velocity>
      <orientation>-0.307523949366621</orientation>
      <time>44</time>
    </ksState>
    <ksState>
      <x>58.51560596815724</x>
      <y>-46.60885192291232</y>
      <steeringAngle>0.17766666666666667</steeringAngle>
      <velocity>8.0</velocity>
      <orientation>-0.2518229730561092</orientation>
      <time>45</time>
    </ksState>
    <ksState>
      <x>59.295205545136454</x>
      <y>-46.78799123788683</y>
      <steeringAngle>0.14213333333333336</steeringAngle>
      <velocity>8.0</velocity>
      <orientation>-0.20178816150736073</orientation>
      <time>46</time>
    </ksState>
    <ksState>
      <x>60.082020701768286</x>
      <y>-46.93235737213814</y>
      <steeringAngle>0.1066000000000001</steeringAngle>
      <velocity>8.0</velocity>
      <orientation>-0.1630043095003634</orientation>
      <time>47</time>
    </ksState>
    <ksState>
      <x>60.87321888785658</x>
      <y>-47.050529275879924</y>
      <steeringAngle>0.07106666666666674</steeringAngle>
      <velocity>8.0</velocity>
      <orientation>-0.1353718304706765</orientation>
      <time>48</time>
    </ksState>
    <ksState>
      <x>61.6668501668389</x>
      <y>-47.15120038503948</y>
      <steeringAngle>0.035533333333333354</steeringAngle>
      <velocity>8.0</velocity>
      <orientation>-0.11882030984164715</orientation>
      <time>49</time>
    </ksState>
    <ksState>
      <x>62.46155158401582</x>
      <y>-47.243112971035636</y>
      <steeringAngle>2.0816681711721685e-17</steeringAngle>
      <velocity>8.0</velocity>
      <orientation>-0.11330778338324232</orientation>
      <time>50</time>
    </ksState>
    <ksState>
      <x>63.25642161452262</x>
      <y>-47.33356535962832</y>
      <steeringAngle>0.0</steeringAngle>
      <velocity>8.0</velocity>
      <orientation>-0.11330778338324232</orientation>
      <time>51</time>
    </ksState>
    <ksState>
      <x>64.05129164502942</x>
      <y>-47.42401774822099</y>
      <steeringAngle>0.0</steeringAngle>
      <velocity>8.0</velocity>
      <orientation>-0.11330778338324232</orientation>
      <time>52</time>
    </ksState>
    <ksState>
      <x>64.84616167553622</x>
      <y>-47.51447013681367</y>
      <steeringAngle>0.0</steeringAngle>
      <velocity>8.0</velocity>
      <orientation>-0.11330778338324232</orientation>
      <time>53</time>
    </ksState>
    <ksState>
      <x>65.64103170604302</x>
      <y>-47.60492252540635</y>
      <steeringAngle>0.0</steeringAngle>
      <velocity>8.0</velocity>
      <orientation>-0.11330778338324232</orientation>
      <time>54</time>
    </ksState>
    <ksState>
      <x>66.43590173654982</x>
      <y>-47.69537491399903</y>
      <steeringAngle>0.0</steeringAngle>
      <velocity>8.0</velocity>
      <orientation>-0.11330778338324232</orientation>
      <time>55</time>
    </ksState>
    <ksState>
      <x>67.23077176705662</x>
      <y>-47.78582730259171</y>
      <steeringAngle>0.0</steeringAngle>
      <velocity>8.0</velocity>
      <orientation>-0.11330778338324232</orientation>
      <time>56</time>
    </ksState>
    <ksState>
      <x>68.02564179756342</x>
      <y>-47.876279691184386</y>
      <steeringAngle>0.0</steeringAngle>
      <velocity>8.0</velocity>
      <orientation>-0.11330778338324232</orientation>
      <time>57</time>
    </ksState>
    <ksState>
      <x>68.82051182807022</x>
      <y>-47.96673207977707</y>
      <steeringAngle>0.0</steeringAngle>
      <velocity>8.0</velocity>
      <orientation>-0.11330778338324232</orientation>
      <time>58</time>
    </ksState>
    <ksState>
      <x>69.61538185857702</x>
      <y>-48.05718446836975</y>
      <steeringAngle>0.0</steeringAngle>
      <velocity>8.0</velocity>
      <orientation>-0.11330778338324232</orientation>
      <time>59</time>
    </ksState>
    <ksState>
      <x>70.41025188908382</x>
      <y>-48.14763685696243</y>
      <steeringAngle>0.0</steeringAngle>
      <velocity>8.0</velocity>
      <orientation>-0.11330778338324232</orientation>
      <time>60</time>
    </ksState>
    <ksState>
      <x>71.1655225230201</x>
      <y>-48.23228267638525</y>
      <steeringAngle>0.03553333333333333</steeringAngle>
      <velocity>7.199999999999999</velocity>
      <orientation>-0.10816277040075</orientation>
      <time>61</time>
    </ksState>
    <ksState>
      <x>71.84198567625943</x>
      <y>-48.301492773412804</y>
      <steeringAngle>0.07106666666666664</steeringAngle>
      <velocity>6.400000000000001</velocity>
      <orientation>-0.09418609827978688</orientation>
      <time>62</time>
    </ksState>
    <ksState>
      <x>72.43983102025484</x>
      <y>-48.35216982608531</y>
      <steeringAngle>0.10659999999999997</steeringAngle>
      <velocity>5.600000000000004</velocity>
      <orientation>-0.07355433041390552</orientation>
      <time>63</time>
    </ksState>
    <ksState>
      <x>72.95883104639866</x>
      <y>-48.38418172142431</y>
      <steeringAngle>0.1421333333333333</steeringAngle>
      <velocity>4.800000000000003</velocity>
      <orientation>-0.04843812290525726</orientation>
      <time>64</time>
    </ksState>
    <ksState>
      <x>73.39854404549068</x>
      <y>-48.399685008593885</y>
      <steeringAngle>0.17766666666666653</steeringAngle>
      <velocity>4.000000000000006</velocity>
      <orientation>-0.02101322632010745</orientation>
      <time>65</time>
    </ksState>
    <ksState>
      <x>73.7586003142174</x>
      <y>-48.403027155971934</y>
      <steeringAngle>0.1421333333333333</steeringAngle>
      <velocity>3.1999999999999993</velocity>
      <orientation>0.0015966886533348643</orientation>
      <time>66</time>
    </ksState>
    <ksState>
      <x>74.03864919285301</x>
      <y>-48.40057417187482</y>
      <steeringAngle>0.10659999999999997</steeringAngle>
      <velocity>2.3999999999999977</velocity>
      <orientation>0.015264329524042206</orientation>
      <time>67</time>
    </ksState>
  </ksTrajectory>
</CommonRoadSolution>
