<?xml version="1.0" ?>
<CommonRoadSolution benchmark_id="KS2:SM1:DEU_Flensburg-23_1_T-1:2020a" computation_time="1.5221266190000051" date="2020-12-29">
  <ksTrajectory planningProblem="123">
    <ksState>
      <x>523.64737</x>
      <y>-85.020414</y>
      <steeringAngle>0.0</steeringAngle>
      <velocity>8.0</velocity>
      <orientation>-2.632179</orientation>
      <time>0</time>
    </ksState>
    <ksState>
      <x>522.9482308645747</x>
      <y>-85.40926187009057</y>
      <steeringAngle>-0.03553333333333333</steeringAngle>
      <velocity>8.0</velocity>
      <orientation>-2.6376915350028387</orientation>
      <time>1</time>
    </ksState>
    <ksState>
      <x>522.2448525664691</x>
      <y>-85.79037110639774</y>
      <steeringAngle>-0.07106666666666667</steeringAngle>
      <velocity>8.0</velocity>
      <orientation>-2.654243055883108</orientation>
      <time>2</time>
    </ksState>
    <ksState>
      <x>521.5332433527071</x>
      <y>-86.1558454511392</y>
      <steeringAngle>-0.10659999999999997</steeringAngle>
      <velocity>8.0</velocity>
      <orientation>-2.6818755351738033</orientation>
      <time>3</time>
    </ksState>
    <ksState>
      <x>520.8099167172621</x>
      <y>-86.49748598050473</y>
      <steeringAngle>-0.1421333333333333</steeringAngle>
      <velocity>8.0</velocity>
      <orientation>-2.720659387446538</orientation>
      <time>4</time>
    </ksState>
    <ksState>
      <x>520.0721698650219</x>
      <y>-86.80667195467393</y>
      <steeringAngle>-0.17766666666666667</steeringAngle>
      <velocity>8.0</velocity>
      <orientation>-2.7706941996956926</orientation>
      <time>5</time>
    </ksState>
    <ksState>
      <x>519.356459347575</x>
      <y>-87.06200545385413</y>
      <steeringAngle>-0.21320000000000014</steeringAngle>
      <velocity>7.200000000000003</velocity>
      <orientation>-2.8289435267671856</orientation>
      <time>6</time>
    </ksState>
    <ksState>
      <x>518.7035204224691</x>
      <y>-87.25153936337925</y>
      <steeringAngle>-0.24873333333333347</steeringAngle>
      <velocity>6.400000000000004</velocity>
      <orientation>-2.890860614252965</orientation>
      <time>7</time>
    </ksState>
    <ksState>
      <x>518.1180487104464</x>
      <y>-87.38231501940248</y>
      <steeringAngle>-0.2842666666666668</steeringAngle>
      <velocity>5.600000000000001</velocity>
      <orientation>-2.954282757016886</orientation>
      <time>8</time>
    </ksState>
    <ksState>
      <x>517.6044959627594</x>
      <y>-87.46340110300912</y>
      <steeringAngle>-0.3198</steeringAngle>
      <velocity>4.800000000000002</velocity>
      <orientation>-3.0170118567588387</orientation>
      <time>9</time>
    </ksState>
    <ksState>
      <x>517.1665557237027</x>
      <y>-87.50524256334775</y>
      <steeringAngle>-0.3553333333333332</steeringAngle>
      <velocity>4.000000000000001</velocity>
      <orientation>-3.0768016908070535</orientation>
      <time>10</time>
    </ksState>
    <ksState>
      <x>516.7668615585708</x>
      <y>-87.5192217820519</y>
      <steeringAngle>-0.39086666666666653</steeringAngle>
      <velocity>4.0</velocity>
      <orientation>-3.1375220571130407</orientation>
      <time>11</time>
    </ksState>
    <ksState>
      <x>516.3671045446275</x>
      <y>-87.50763810407872</y>
      <steeringAngle>-0.42639999999999995</steeringAngle>
      <velocity>4.0</velocity>
      <orientation>-3.2046916705694444</orientation>
      <time>12</time>
    </ksState>
    <ksState>
      <x>515.969171178951</x>
      <y>-87.4679343042174</y>
      <steeringAngle>-0.4619333333333333</steeringAngle>
      <velocity>4.0</velocity>
      <orientation>-3.278512254201788</orientation>
      <time>13</time>
    </ksState>
    <ksState>
      <x>515.575505388797</x>
      <y>-87.39764607826264</y>
      <steeringAngle>-0.49746666666666667</steeringAngle>
      <velocity>4.0</velocity>
      <orientation>-3.3592127960150084</orientation>
      <time>14</time>
    </ksState>
    <ksState>
      <x>515.1891697652259</x>
      <y>-87.29448628915699</y>
      <steeringAngle>-0.533</steeringAngle>
      <velocity>4.0</velocity>
      <orientation>-3.4470526626148175</orientation>
      <time>15</time>
    </ksState>
    <ksState>
      <x>514.8135396310586</x>
      <y>-87.15737626462992</y>
      <steeringAngle>-0.4974666666666666</steeringAngle>
      <velocity>4.0</velocity>
      <orientation>-3.534892529454267</orientation>
      <time>16</time>
    </ksState>
    <ksState>
      <x>514.4507610341442</x>
      <y>-86.98913571998153</y>
      <steeringAngle>-0.4619333333333334</steeringAngle>
      <velocity>4.0</velocity>
      <orientation>-3.615593071241437</orientation>
      <time>17</time>
    </ksState>
    <ksState>
      <x>514.1020306559764</x>
      <y>-86.7933948626066</y>
      <steeringAngle>-0.42640000000000017</steeringAngle>
      <velocity>4.0</velocity>
      <orientation>-3.6894136544912417</orientation>
      <time>18</time>
    </ksState>
    <ksState>
      <x>513.7679367904807</x>
      <y>-86.57357414652431</y>
      <steeringAngle>-0.3908666666666668</steeringAngle>
      <velocity>4.0</velocity>
      <orientation>-3.7565832673541046</orientation>
      <time>19</time>
    </ksState>
    <ksState>
      <x>513.4485578311078</x>
      <y>-86.3328504189771</y>
      <steeringAngle>-0.3553333333333335</steeringAngle>
      <velocity>4.0</velocity>
      <orientation>-3.81730363523239</orientation>
      <time>20</time>
    </ksState>
    <ksState>
      <x>513.1435497444953</x>
      <y>-86.07414103997544</y>
      <steeringAngle>-0.31979999999999986</steeringAngle>
      <velocity>4.0</velocity>
      <orientation>-3.87175183442577</orientation>
      <time>21</time>
    </ksState>
    <ksState>
      <x>512.8522224708889</x>
      <y>-85.80010221584845</y>
      <steeringAngle>-0.28426666666666656</steeringAngle>
      <velocity>4.0</velocity>
      <orientation>-3.920082513907027</orientation>
      <time>22</time>
    </ksState>
    <ksState>
      <x>512.5736056699395</x>
      <y>-85.5131374821212</y>
      <steeringAngle>-0.2487333333333332</steeringAngle>
      <velocity>4.0</velocity>
      <orientation>-3.962429747629902</orientation>
      <time>23</time>
    </ksState>
    <ksState>
      <x>512.3065046853787</x>
      <y>-85.21541393338784</y>
      <steeringAngle>-0.21319999999999986</steeringAngle>
      <velocity>4.0</velocity>
      <orientation>-3.99890858870353</orientation>
      <time>24</time>
    </ksState>
    <ksState>
      <x>512.0495476164889</x>
      <y>-84.90888419321273</y>
      <steeringAngle>-0.1776666666666665</steeringAngle>
      <velocity>4.0</velocity>
      <orientation>-4.029616371352358</orientation>
      <time>25</time>
    </ksState>
    <ksState>
      <x>511.80122471056353</x>
      <y>-84.59531222244279</y>
      <steeringAngle>-0.1421333333333333</steeringAngle>
      <velocity>4.0</velocity>
      <orientation>-4.054633777696881</orientation>
      <time>26</time>
    </ksState>
    <ksState>
      <x>511.5599211744638</x>
      <y>-84.2763019078947</y>
      <steeringAngle>-0.10659999999999999</steeringAngle>
      <velocity>4.0</velocity>
      <orientation>-4.0740257039876315</orientation>
      <time>27</time>
    </ksState>
    <ksState>
      <x>511.3239445684344</x>
      <y>-83.95332747052942</y>
      <steeringAngle>-0.07106666666666664</steeringAngle>
      <velocity>4.0</velocity>
      <orientation>-4.087841943722585</orientation>
      <time>28</time>
    </ksState>
    <ksState>
      <x>511.0915479155148</x>
      <y>-83.62776507590463</y>
      <steeringAngle>-0.03553333333333332</steeringAngle>
      <velocity>4.0</velocity>
      <orientation>-4.0961177041848496</orientation>
      <time>29</time>
    </ksState>
    <ksState>
      <x>510.86094963055194</x>
      <y>-83.30092517836813</y>
      <steeringAngle>2.2985086056692694e-17</steeringAngle>
      <velocity>4.0</velocity>
      <orientation>-4.09887396747969</orientation>
      <time>30</time>
    </ksState>
    <ksState>
      <x>510.6072417021222</x>
      <y>-82.94143648816544</y>
      <steeringAngle>0.035533333333333326</steeringAngle>
      <velocity>4.799999999999999</velocity>
      <orientation>-4.0957501888104995</orientation>
      <time>31</time>
    </ksState>
    <ksState>
      <x>510.30448481210175</x>
      <y>-82.51866517428361</y>
      <steeringAngle>0.07106666666666667</steeringAngle>
      <velocity>5.599999999999998</velocity>
      <orientation>-4.084899577749327</orientation>
      <time>32</time>
    </ksState>
    <ksState>
      <x>509.94752100147144</x>
      <y>-82.03641651098607</y>
      <steeringAngle>0.10659999999999999</steeringAngle>
      <velocity>6.3999999999999995</velocity>
      <orientation>-4.064082628748999</orientation>
      <time>33</time>
    </ksState>
    <ksState>
      <x>509.52845189430593</x>
      <y>-81.50093649662819</y>
      <steeringAngle>0.14213333333333333</steeringAngle>
      <velocity>7.199999999999999</velocity>
      <orientation>-4.031023057767833</orientation>
      <time>34</time>
    </ksState>
    <ksState>
      <x>509.0364069978479</x>
      <y>-80.92181436915295</y>
      <steeringAngle>0.17766666666666664</steeringAngle>
      <velocity>7.9999999999999964</velocity>
      <orientation>-3.983395735686287</orientation>
      <time>35</time>
    </ksState>
    <ksState>
      <x>508.5144386088719</x>
      <y>-80.36955922748606</y>
      <steeringAngle>0.21320000000000014</steeringAngle>
      <velocity>7.200000000000003</velocity>
      <orientation>-3.925146408614794</orientation>
      <time>36</time>
    </ksState>
    <ksState>
      <x>508.018556851609</x>
      <y>-79.90442094096022</y>
      <steeringAngle>0.24873333333333347</steeringAngle>
      <velocity>6.400000000000004</velocity>
      <orientation>-3.8632293211290145</orientation>
      <time>37</time>
    </ksState>
    <ksState>
      <x>507.55614086950015</x>
      <y>-79.52225493347473</y>
      <steeringAngle>0.2842666666666668</steeringAngle>
      <velocity>5.600000000000001</velocity>
      <orientation>-3.7998071783650933</orientation>
      <time>38</time>
    </ksState>
    <ksState>
      <x>507.1352722711536</x>
      <y>-79.21699930201599</y>
      <steeringAngle>0.3198</steeringAngle>
      <velocity>4.800000000000002</velocity>
      <orientation>-3.737078078623141</orientation>
      <time>39</time>
    </ksState>
    <ksState>
      <x>506.76398138549473</x>
      <y>-78.98102167804477</y>
      <steeringAngle>0.3553333333333332</steeringAngle>
      <velocity>4.000000000000001</velocity>
      <orientation>-3.677288244574926</orientation>
      <time>40</time>
    </ksState>
    <ksState>
      <x>506.3790117903813</x>
      <y>-78.76808793672188</y>
      <steeringAngle>0.31979999999999975</steeringAngle>
      <velocity>4.800000000000001</velocity>
      <orientation>-3.6174984095431775</orientation>
      <time>41</time>
    </ksState>
    <ksState>
      <x>505.909482348089</x>
      <y>-78.54480898216168</y>
      <steeringAngle>0.28426666666666645</steeringAngle>
      <velocity>5.600000000000004</velocity>
      <orientation>-3.5547693094118538</orientation>
      <time>42</time>
    </ksState>
    <ksState>
      <x>505.35253859164015</x>
      <y>-78.32188961489095</y>
      <steeringAngle>0.2487333333333331</steeringAngle>
      <velocity>6.400000000000004</velocity>
      <orientation>-3.491347172719178</orientation>
      <time>43</time>
    </ksState>
    <ksState>
      <x>504.7067292951978</x>
      <y>-78.10932739627573</y>
      <steeringAngle>0.21319999999999992</steeringAngle>
      <velocity>7.200000000000004</velocity>
      <orientation>-3.429430084041379</orientation>
      <time>44</time>
    </ksState>
    <ksState>
      <x>503.971949959206</x>
      <y>-77.91558511551453</y>
      <steeringAngle>0.17766666666666656</steeringAngle>
      <velocity>8.000000000000004</velocity>
      <orientation>-3.371180754440414</orientation>
      <time>45</time>
    </ksState>
    <ksState>
      <x>503.1885602756464</x>
      <y>-77.75382294970264</y>
      <steeringAngle>0.14213333333333336</steeringAngle>
      <velocity>8.0</velocity>
      <orientation>-3.3211459428916656</orientation>
      <time>46</time>
    </ksState>
    <ksState>
      <x>502.398729909537</x>
      <y>-77.62698579349164</y>
      <steeringAngle>0.1066000000000001</steeringAngle>
      <velocity>8.0</velocity>
      <orientation>-3.2823620908846682</orientation>
      <time>47</time>
    </ksState>
    <ksState>
      <x>501.6050999747667</x>
      <y>-77.52643384104996</y>
      <steeringAngle>0.07106666666666674</steeringAngle>
      <velocity>8.0</velocity>
      <orientation>-3.254729611854981</orientation>
      <time>48</time>
    </ksState>
    <ksState>
      <x>500.80942664439374</x>
      <y>-77.44343245231579</y>
      <steeringAngle>0.035533333333333354</steeringAngle>
      <velocity>8.0</velocity>
      <orientation>-3.238178091225952</orientation>
      <time>49</time>
    </ksState>
    <ksState>
      <x>500.01287816894495</x>
      <y>-77.36921121419853</y>
      <steeringAngle>2.0816681711721685e-17</steeringAngle>
      <velocity>8.0</velocity>
      <orientation>-3.2326655647675473</orientation>
      <time>50</time>
    </ksState>
    <ksState>
      <x>499.21632973670637</x>
      <y>-77.294989978319</y>
      <steeringAngle>-0.03553333333333333</steeringAngle>
      <velocity>8.0</velocity>
      <orientation>-3.238178099770386</orientation>
      <time>51</time>
    </ksState>
    <ksState>
      <x>498.42065640606876</x>
      <y>-77.2119885858206</y>
      <steeringAngle>-0.07106666666666667</steeringAngle>
      <velocity>8.0</velocity>
      <orientation>-3.2547296206506555</orientation>
      <time>52</time>
    </ksState>
    <ksState>
      <x>497.62702647116987</x>
      <y>-77.11143662807008</y>
      <steeringAngle>-0.10659999999999997</steeringAngle>
      <velocity>8.0</velocity>
      <orientation>-3.2823620999413508</orientation>
      <time>53</time>
    </ksState>
    <ksState>
      <x>496.8371961052092</x>
      <y>-76.98459946531456</y>
      <steeringAngle>-0.1421333333333333</steeringAngle>
      <velocity>8.0</velocity>
      <orientation>-3.3211459522140854</orientation>
      <time>54</time>
    </ksState>
    <ksState>
      <x>496.05380643512626</x>
      <y>-76.82283726509273</y>
      <steeringAngle>-0.17766666666666667</steeringAngle>
      <velocity>8.0</velocity>
      <orientation>-3.37118076446324</orientation>
      <time>55</time>
    </ksState>
    <ksState>
      <x>495.2798673131951</x>
      <y>-76.62063778403483</y>
      <steeringAngle>-0.14213333333333336</steeringAngle>
      <velocity>8.0</velocity>
      <orientation>-3.4212155760119884</orientation>
      <time>56</time>
    </ksState>
    <ksState>
      <x>494.51563375453696</x>
      <y>-76.3842763251524</y>
      <steeringAngle>-0.1066000000000001</steeringAngle>
      <velocity>8.0</velocity>
      <orientation>-3.459999428018986</orientation>
      <time>57</time>
    </ksState>
    <ksState>
      <x>493.7596440543466</x>
      <y>-76.12266833271056</y>
      <steeringAngle>-0.07106666666666674</steeringAngle>
      <velocity>8.0</velocity>
      <orientation>-3.487631907048673</orientation>
      <time>58</time>
    </ksState>
    <ksState>
      <x>493.00960119954624</x>
      <y>-75.84442204762951</y>
      <steeringAngle>-0.035533333333333354</steeringAngle>
      <velocity>8.0</velocity>
      <orientation>-3.504183427677702</orientation>
      <time>59</time>
    </ksState>
    <ksState>
      <x>492.26266529781253</x>
      <y>-75.5579172053863</y>
      <steeringAngle>-2.0816681711721685e-17</steeringAngle>
      <velocity>8.0</velocity>
      <orientation>-3.509695954136107</orientation>
      <time>60</time>
    </ksState>
    <ksState>
      <x>491.5157294358051</x>
      <y>-75.27141238028835</y>
      <steeringAngle>0.03553333333333333</steeringAngle>
      <velocity>8.0</velocity>
      <orientation>-3.504183419133268</orientation>
      <time>61</time>
    </ksState>
    <ksState>
      <x>490.7656865790991</x>
      <y>-74.99316609846431</y>
      <steeringAngle>0.07106666666666667</steeringAngle>
      <velocity>8.0</velocity>
      <orientation>-3.4876318982529986</orientation>
      <time>62</time>
    </ksState>
    <ksState>
      <x>490.0096968764405</x>
      <y>-74.73155811072441</y>
      <steeringAngle>0.10659999999999997</steeringAngle>
      <velocity>8.0</velocity>
      <orientation>-3.4599994189623033</orientation>
      <time>63</time>
    </ksState>
    <ksState>
      <x>489.2454633150152</x>
      <y>-74.49519665777456</y>
      <steeringAngle>0.1421333333333333</steeringAngle>
      <velocity>8.0</velocity>
      <orientation>-3.4212155666895687</orientation>
      <time>64</time>
    </ksState>
    <ksState>
      <x>488.47152418991385</x>
      <y>-74.2929972135353</y>
      <steeringAngle>0.17766666666666667</steeringAngle>
      <velocity>8.0</velocity>
      <orientation>-3.371180754440414</orientation>
      <time>65</time>
    </ksState>
    <ksState>
      <x>487.6881345063543</x>
      <y>-74.13123504772341</y>
      <steeringAngle>0.14213333333333336</steeringAngle>
      <velocity>8.0</velocity>
      <orientation>-3.3211459428916656</orientation>
      <time>66</time>
    </ksState>
    <ksState>
      <x>486.8983041402449</x>
      <y>-74.00439789151241</y>
      <steeringAngle>0.1066000000000001</steeringAngle>
      <velocity>8.0</velocity>
      <orientation>-3.2823620908846682</orientation>
      <time>67</time>
    </ksState>
    <ksState>
      <x>486.10467420547457</x>
      <y>-73.90384593907073</y>
      <steeringAngle>0.07106666666666674</steeringAngle>
      <velocity>8.0</velocity>
      <orientation>-3.254729611854981</orientation>
      <time>68</time>
    </ksState>
    <ksState>
      <x>485.3090008751016</x>
      <y>-73.82084455033656</y>
      <steeringAngle>0.035533333333333354</steeringAngle>
      <velocity>8.0</velocity>
      <orientation>-3.238178091225952</orientation>
      <time>69</time>
    </ksState>
    <ksState>
      <x>484.51245239965283</x>
      <y>-73.7466233122193</y>
      <steeringAngle>2.0816681711721685e-17</steeringAngle>
      <velocity>8.0</velocity>
      <orientation>-3.2326655647675473</orientation>
      <time>70</time>
    </ksState>
    <ksState>
      <x>483.71590396741425</x>
      <y>-73.67240207633976</y>
      <steeringAngle>-0.03553333333333333</steeringAngle>
      <velocity>8.0</velocity>
      <orientation>-3.238178099770386</orientation>
      <time>71</time>
    </ksState>
    <ksState>
      <x>482.92023063677664</x>
      <y>-73.58940068384138</y>
      <steeringAngle>-0.07106666666666667</steeringAngle>
      <velocity>8.0</velocity>
      <orientation>-3.2547296206506555</orientation>
      <time>72</time>
    </ksState>
    <ksState>
      <x>482.12660070187775</x>
      <y>-73.48884872609085</y>
      <steeringAngle>-0.10659999999999997</steeringAngle>
      <velocity>8.0</velocity>
      <orientation>-3.2823620999413508</orientation>
      <time>73</time>
    </ksState>
    <ksState>
      <x>481.3367703359171</x>
      <y>-73.36201156333533</y>
      <steeringAngle>-0.1421333333333333</steeringAngle>
      <velocity>8.0</velocity>
      <orientation>-3.3211459522140854</orientation>
      <time>74</time>
    </ksState>
    <ksState>
      <x>480.55338066583414</x>
      <y>-73.2002493631135</y>
      <steeringAngle>-0.17766666666666667</steeringAngle>
      <velocity>8.0</velocity>
      <orientation>-3.37118076446324</orientation>
      <time>75</time>
    </ksState>
    <ksState>
      <x>479.779441543903</x>
      <y>-72.9980498820556</y>
      <steeringAngle>-0.14213333333333336</steeringAngle>
      <velocity>8.0</velocity>
      <orientation>-3.4212155760119884</orientation>
      <time>76</time>
    </ksState>
    <ksState>
      <x>479.01520798524484</x>
      <y>-72.76168842317317</y>
      <steeringAngle>-0.1066000000000001</steeringAngle>
      <velocity>8.0</velocity>
      <orientation>-3.459999428018986</orientation>
      <time>77</time>
    </ksState>
    <ksState>
      <x>478.2592182850545</x>
      <y>-72.50008043073133</y>
      <steeringAngle>-0.07106666666666674</steeringAngle>
      <velocity>8.0</velocity>
      <orientation>-3.487631907048673</orientation>
      <time>78</time>
    </ksState>
    <ksState>
      <x>477.5091754302541</x>
      <y>-72.22183414565028</y>
      <steeringAngle>-0.035533333333333354</steeringAngle>
      <velocity>8.0</velocity>
      <orientation>-3.504183427677702</orientation>
      <time>79</time>
    </ksState>
    <ksState>
      <x>476.7622395285204</x>
      <y>-71.93532930340707</y>
      <steeringAngle>-2.0816681711721685e-17</steeringAngle>
      <velocity>8.0</velocity>
      <orientation>-3.509695954136107</orientation>
      <time>80</time>
    </ksState>
    <ksState>
      <x>476.0158302933378</x>
      <y>-71.64745215316049</y>
      <steeringAngle>0.0</steeringAngle>
      <velocity>8.0</velocity>
      <orientation>-3.509695954136107</orientation>
      <time>81</time>
    </ksState>
    <ksState>
      <x>475.26942105815516</x>
      <y>-71.3595750029139</y>
      <steeringAngle>0.0</steeringAngle>
      <velocity>8.0</velocity>
      <orientation>-3.509695954136107</orientation>
      <time>82</time>
    </ksState>
    <ksState>
      <x>474.52301182297253</x>
      <y>-71.07169785266733</y>
      <steeringAngle>0.0</steeringAngle>
      <velocity>8.0</velocity>
      <orientation>-3.509695954136107</orientation>
      <time>83</time>
    </ksState>
    <ksState>
      <x>473.7766025877899</x>
      <y>-70.78382070242074</y>
      <steeringAngle>0.0</steeringAngle>
      <velocity>8.0</velocity>
      <orientation>-3.509695954136107</orientation>
      <time>84</time>
    </ksState>
    <ksState>
      <x>473.0301933526073</x>
      <y>-70.49594355217415</y>
      <steeringAngle>0.0</steeringAngle>
      <velocity>8.0</velocity>
      <orientation>-3.509695954136107</orientation>
      <time>85</time>
    </ksState>
    <ksState>
      <x>472.28378411742466</x>
      <y>-70.20806640192757</y>
      <steeringAngle>0.0</steeringAngle>
      <velocity>8.0</velocity>
      <orientation>-3.509695954136107</orientation>
      <time>86</time>
    </ksState>
    <ksState>
      <x>471.53737488224203</x>
      <y>-69.92018925168098</y>
      <steeringAngle>0.0</steeringAngle>
      <velocity>8.0</velocity>
      <orientation>-3.509695954136107</orientation>
      <time>87</time>
    </ksState>
    <ksState>
      <x>470.7909656470594</x>
      <y>-69.63231210143441</y>
      <steeringAngle>0.0</steeringAngle>
      <velocity>8.0</velocity>
      <orientation>-3.509695954136107</orientation>
      <time>88</time>
    </ksState>
    <ksState>
      <x>470.0445564118768</x>
      <y>-69.34443495118782</y>
      <steeringAngle>0.0</steeringAngle>
      <velocity>8.0</velocity>
      <orientation>-3.509695954136107</orientation>
      <time>89</time>
    </ksState>
    <ksState>
      <x>469.29814717669416</x>
      <y>-69.05655780094123</y>
      <steeringAngle>0.0</steeringAngle>
      <velocity>8.0</velocity>
      <orientation>-3.509695954136107</orientation>
      <time>90</time>
    </ksState>
    <ksState>
      <x>468.58859533440085</x>
      <y>-68.78428068414574</y>
      <steeringAngle>0.03553333333333333</steeringAngle>
      <velocity>7.199999999999999</velocity>
      <orientation>-3.5045509411536147</orientation>
      <time>91</time>
    </ksState>
    <ksState>
      <x>467.9514161261408</x>
      <y>-68.54680417629258</y>
      <steeringAngle>0.07106666666666664</steeringAngle>
      <velocity>6.400000000000001</velocity>
      <orientation>-3.4905742690326513</orientation>
      <time>92</time>
    </ksState>
    <ksState>
      <x>467.3856453316729</x>
      <y>-68.34707779563213</y>
      <steeringAngle>0.10659999999999997</steeringAngle>
      <velocity>5.600000000000004</velocity>
      <orientation>-3.46994250116677</orientation>
      <time>93</time>
    </ksState>
    <ksState>
      <x>466.8914698157062</x>
      <y>-68.18528673283949</y>
      <steeringAngle>0.1421333333333333</steeringAngle>
      <velocity>4.800000000000003</velocity>
      <orientation>-3.4448262936581218</orientation>
      <time>94</time>
    </ksState>
    <ksState>
      <x>466.46986057969184</x>
      <y>-68.0594553949665</y>
      <steeringAngle>0.17766666666666653</steeringAngle>
      <velocity>4.000000000000006</velocity>
      <orientation>-3.4174013970729717</orientation>
      <time>95</time>
    </ksState>
    <ksState>
      <x>466.12234816487637</x>
      <y>-67.9654895236294</y>
      <steeringAngle>0.1421333333333333</steeringAngle>
      <velocity>3.1999999999999993</velocity>
      <orientation>-3.3947914820995293</orientation>
      <time>96</time>
    </ksState>
    <ksState>
      <x>465.850782596173</x>
      <y>-67.89729189884062</y>
      <steeringAngle>0.10659999999999997</steeringAngle>
      <velocity>2.3999999999999977</velocity>
      <orientation>-3.3811238412288223</orientation>
      <time>97</time>
    </ksState>
    <ksState>
      <x>465.6563174994731</x>
      <y>-67.8505675895424</y>
      <steeringAngle>0.07106666666666664</steeringAngle>
      <velocity>1.5999999999999976</velocity>
      <orientation>-3.374123135375603</orientation>
      <time>98</time>
    </ksState>
    <ksState>
      <x>465.5395079475962</x>
      <y>-67.82308086198596</y>
      <steeringAngle>0.0355333333333333</steeringAngle>
      <velocity>0.7999999999999972</velocity>
      <orientation>-3.371548290901636</orientation>
      <time>99</time>
    </ksState>
  </ksTrajectory>
</CommonRoadSolution>
