<?xml version="1.0" ?>
<CommonRoadSolution benchmark_id="KS2:SM1:ESP_Monzon-3_1_T-1:2020a" computation_time="0.6268792949999806" date="2020-12-29">
  <ksTrajectory planningProblem="1">
    <ksState>
      <x>150.44526</x>
      <y>-314.12417</y>
      <steeringAngle>0.0</steeringAngle>
      <velocity>0.0</velocity>
      <orientation>2.3287345</orientation>
      <time>0</time>
    </ksState>
    <ksState>
      <x>150.41776725681402</x>
      <y>-314.09511575573555</y>
      <steeringAngle>-0.03553333333333333</steeringAngle>
      <velocity>0.8</velocity>
      <orientation>2.328366968221758</orientation>
      <time>1</time>
    </ksState>
    <ksState>
      <x>150.3354087756735</x>
      <y>-314.0078399133818</y>
      <steeringAngle>-0.0710666666666667</steeringAngle>
      <velocity>1.6</velocity>
      <orientation>2.3257921216297723</orientation>
      <time>2</time>
    </ksState>
    <ksState>
      <x>150.19882906749697</x>
      <y>-313.8617378299854</y>
      <steeringAngle>-0.10660000000000003</steeringAngle>
      <velocity>2.4000000000000004</velocity>
      <orientation>2.318791417392935</orientation>
      <time>3</time>
    </ksState>
    <ksState>
      <x>150.00972277170027</x>
      <y>-313.6552491293781</y>
      <steeringAngle>-0.14213333333333342</steeringAngle>
      <velocity>3.2000000000000015</velocity>
      <orientation>2.305123776452115</orientation>
      <time>4</time>
    </ksState>
    <ksState>
      <x>149.7714182312079</x>
      <y>-313.385424352177</y>
      <steeringAngle>-0.17766666666666683</steeringAngle>
      <velocity>4.0000000000000036</velocity>
      <orientation>2.2825138605788946</orientation>
      <time>5</time>
    </ksState>
    <ksState>
      <x>149.489186902917</x>
      <y>-313.0478886710988</y>
      <steeringAngle>-0.17766666666666667</steeringAngle>
      <velocity>4.800000000000002</velocity>
      <orientation>2.2518783235365603</orientation>
      <time>6</time>
    </ksState>
    <ksState>
      <x>149.16916119342065</x>
      <y>-312.6380667480597</y>
      <steeringAngle>-0.17766666666666667</steeringAngle>
      <velocity>5.600000000000001</velocity>
      <orientation>2.2156726888600202</orientation>
      <time>7</time>
    </ksState>
    <ksState>
      <x>148.81862068929934</x>
      <y>-312.151169427113</y>
      <steeringAngle>-0.17766666666666667</steeringAngle>
      <velocity>6.3999999999999995</velocity>
      <orientation>2.1738969565503803</orientation>
      <time>8</time>
    </ksState>
    <ksState>
      <x>148.44632477556536</x>
      <y>-311.58221478877965</y>
      <steeringAngle>-0.17766666666666667</steeringAngle>
      <velocity>7.200000000000002</velocity>
      <orientation>2.1265511266082835</orientation>
      <time>9</time>
    </ksState>
    <ksState>
      <x>148.06262540585433</x>
      <y>-310.9262879438206</y>
      <steeringAngle>-0.17766666666666667</steeringAngle>
      <velocity>8.0</velocity>
      <orientation>2.0736351990341335</orientation>
      <time>10</time>
    </ksState>
    <ksState>
      <x>147.6968102145192</x>
      <y>-310.2149414968958</y>
      <steeringAngle>-0.17766666666666667</steeringAngle>
      <velocity>8.0</velocity>
      <orientation>2.0179342227236217</orientation>
      <time>11</time>
    </ksState>
    <ksState>
      <x>147.371164553751</x>
      <y>-309.4843325146075</y>
      <steeringAngle>-0.17766666666666667</steeringAngle>
      <velocity>8.0</velocity>
      <orientation>1.96223324641311</orientation>
      <time>12</time>
    </ksState>
    <ksState>
      <x>147.0866985265341</x>
      <y>-308.7367272281524</y>
      <steeringAngle>-0.17766666666666667</steeringAngle>
      <velocity>8.0</velocity>
      <orientation>1.9065322701025984</orientation>
      <time>13</time>
    </ksState>
    <ksState>
      <x>146.84429448860217</x>
      <y>-307.9744445570055</y>
      <steeringAngle>-0.17766666666666667</steeringAngle>
      <velocity>8.0</velocity>
      <orientation>1.8508312937920866</orientation>
      <time>14</time>
    </ksState>
    <ksState>
      <x>146.644704328298</x>
      <y>-307.199848946187</y>
      <steeringAngle>-0.17766666666666667</steeringAngle>
      <velocity>8.0</velocity>
      <orientation>1.7951303174815747</orientation>
      <time>15</time>
    </ksState>
    <ksState>
      <x>146.48854715464688</x>
      <y>-306.415343076941</y>
      <steeringAngle>-0.17766666666666667</steeringAngle>
      <velocity>8.0</velocity>
      <orientation>1.7394293411710628</orientation>
      <time>16</time>
    </ksState>
    <ksState>
      <x>146.37630730740767</x>
      <y>-305.6233602500633</y>
      <steeringAngle>-0.17766666666666667</steeringAngle>
      <velocity>8.0</velocity>
      <orientation>1.6837283648605512</orientation>
      <time>17</time>
    </ksState>
    <ksState>
      <x>146.30833293905593</x>
      <y>-304.82635706925197</y>
      <steeringAngle>-0.17766666666666667</steeringAngle>
      <velocity>8.0</velocity>
      <orientation>1.6280273885500396</orientation>
      <time>18</time>
    </ksState>
    <ksState>
      <x>146.28483489225135</x>
      <y>-304.026805676199</y>
      <steeringAngle>-0.17766666666666667</steeringAngle>
      <velocity>8.0</velocity>
      <orientation>1.5723264122395277</orientation>
      <time>19</time>
    </ksState>
    <ksState>
      <x>146.3058860536791</x>
      <y>-303.227186116038</y>
      <steeringAngle>-0.17766666666666667</steeringAngle>
      <velocity>8.0</velocity>
      <orientation>1.5166254359290159</orientation>
      <time>20</time>
    </ksState>
    <ksState>
      <x>146.37142113517606</x>
      <y>-302.429978693307</y>
      <steeringAngle>-0.17766666666666667</steeringAngle>
      <velocity>8.0</velocity>
      <orientation>1.460924459618504</orientation>
      <time>21</time>
    </ksState>
    <ksState>
      <x>146.48123685442326</x>
      <y>-301.6376561016919</y>
      <steeringAngle>-0.17766666666666667</steeringAngle>
      <velocity>8.0</velocity>
      <orientation>1.4052234833079924</orientation>
      <time>22</time>
    </ksState>
    <ksState>
      <x>146.63499258305052</x>
      <y>-300.8526759994661</y>
      <steeringAngle>-0.17766666666666667</steeringAngle>
      <velocity>8.0</velocity>
      <orientation>1.3495225069974808</orientation>
      <time>23</time>
    </ksState>
    <ksState>
      <x>146.8322114020746</x>
      <y>-300.0774732351784</y>
      <steeringAngle>-0.17766666666666667</steeringAngle>
      <velocity>8.0</velocity>
      <orientation>1.293821530686969</orientation>
      <time>24</time>
    </ksState>
    <ksState>
      <x>147.07228157951758</x>
      <y>-299.3144523296378</y>
      <steeringAngle>-0.17766666666666667</steeringAngle>
      <velocity>8.0</velocity>
      <orientation>1.238120554376457</orientation>
      <time>25</time>
    </ksState>
    <ksState>
      <x>147.35304995653874</x>
      <y>-298.5654292905658</y>
      <steeringAngle>-0.14213333333333336</steeringAngle>
      <velocity>8.0</velocity>
      <orientation>1.1880857428277087</orientation>
      <time>26</time>
    </ksState>
    <ksState>
      <x>147.66680019862667</x>
      <y>-297.82957573379383</y>
      <steeringAngle>-0.1066000000000001</steeringAngle>
      <velocity>8.0</velocity>
      <orientation>1.1493018908207113</orientation>
      <time>27</time>
    </ksState>
    <ksState>
      <x>148.00481460907005</x>
      <y>-297.10452026913197</y>
      <steeringAngle>-0.07106666666666674</steeringAngle>
      <velocity>8.0</velocity>
      <orientation>1.1216694117910244</orientation>
      <time>28</time>
    </ksState>
    <ksState>
      <x>148.3587670211539</x>
      <y>-296.38709224544004</y>
      <steeringAngle>-0.035533333333333354</steeringAngle>
      <velocity>8.0</velocity>
      <orientation>1.105117891161995</orientation>
      <time>29</time>
    </ksState>
    <ksState>
      <x>148.72061442559217</x>
      <y>-295.67360452877716</y>
      <steeringAngle>-2.0816681711721685e-17</steeringAngle>
      <velocity>8.0</velocity>
      <orientation>1.0996053647035902</orientation>
      <time>30</time>
    </ksState>
    <ksState>
      <x>149.06676505855864</x>
      <y>-294.9970113093837</y>
      <steeringAngle>-0.03553333333333333</steeringAngle>
      <velocity>7.199999999999999</velocity>
      <orientation>1.0944603517210978</orientation>
      <time>31</time>
    </ksState>
    <ksState>
      <x>149.38230440781695</x>
      <y>-294.3946597888488</y>
      <steeringAngle>-0.07106666666666664</steeringAngle>
      <velocity>6.400000000000001</velocity>
      <orientation>1.0804836796001347</orientation>
      <time>32</time>
    </ksState>
    <ksState>
      <x>149.66992026229164</x>
      <y>-293.86810082799127</y>
      <steeringAngle>-0.10659999999999997</steeringAngle>
      <velocity>5.600000000000004</velocity>
      <orientation>1.0598519117342533</orientation>
      <time>33</time>
    </ksState>
  </ksTrajectory>
</CommonRoadSolution>
