<?xml version="1.0" ?>
<CommonRoadSolution benchmark_id="KS2:SM1:DEU_Lohmar-67_1_T-1:2020a" computation_time="2.2526812529999916" date="2020-12-29">
  <ksTrajectory planningProblem="123">
    <ksState>
      <x>100.37655</x>
      <y>685.78307</y>
      <steeringAngle>0.0</steeringAngle>
      <velocity>0.0</velocity>
      <orientation>-0.68304166</orientation>
      <time>0</time>
    </ksState>
    <ksState>
      <x>100.40757997868785</x>
      <y>685.7578283586053</y>
      <steeringAngle>0.03553333333333333</steeringAngle>
      <velocity>0.8</velocity>
      <orientation>-0.682674128221758</orientation>
      <time>1</time>
    </ksState>
    <ksState>
      <x>100.50077374686045</x>
      <y>685.6822313107256</y>
      <steeringAngle>0.0710666666666667</steeringAngle>
      <velocity>1.6</velocity>
      <orientation>-0.6800992816297724</orientation>
      <time>2</time>
    </ksState>
    <ksState>
      <x>100.65668602589193</x>
      <y>685.556966803759</y>
      <steeringAngle>0.10660000000000003</steeringAngle>
      <velocity>2.4000000000000004</velocity>
      <orientation>-0.6730985773929352</orientation>
      <time>3</time>
    </ksState>
    <ksState>
      <x>100.87674601358542</x>
      <y>685.3838414838177</y>
      <steeringAngle>0.14213333333333342</steeringAngle>
      <velocity>3.2000000000000015</velocity>
      <orientation>-0.659430936452115</orientation>
      <time>4</time>
    </ksState>
    <ksState>
      <x>101.16364585242376</x>
      <y>685.1663950607948</y>
      <steeringAngle>0.17766666666666683</steeringAngle>
      <velocity>4.0000000000000036</velocity>
      <orientation>-0.6368210205788949</orientation>
      <time>5</time>
    </ksState>
    <ksState>
      <x>101.52135366042762</x>
      <y>684.9102115664732</y>
      <steeringAngle>0.17766666666666667</steeringAngle>
      <velocity>4.800000000000002</velocity>
      <orientation>-0.6061854835365607</orientation>
      <time>6</time>
    </ksState>
    <ksState>
      <x>101.95397308243761</x>
      <y>684.6217485722403</y>
      <steeringAngle>0.17766666666666667</steeringAngle>
      <velocity>5.600000000000001</velocity>
      <orientation>-0.5699798488600207</orientation>
      <time>7</time>
    </ksState>
    <ksState>
      <x>102.46573514225747</x>
      <y>684.3086236126736</y>
      <steeringAngle>0.17766666666666667</steeringAngle>
      <velocity>6.3999999999999995</velocity>
      <orientation>-0.5282041165503808</orientation>
      <time>8</time>
    </ksState>
    <ksState>
      <x>103.06095235866977</x>
      <y>683.9799442960891</y>
      <steeringAngle>0.17766666666666667</steeringAngle>
      <velocity>7.200000000000002</velocity>
      <orientation>-0.4808582866082839</orientation>
      <time>9</time>
    </ksState>
    <ksState>
      <x>103.74375124177837</x>
      <y>683.6464013191278</y>
      <steeringAngle>0.17766666666666667</steeringAngle>
      <velocity>8.0</velocity>
      <orientation>-0.4279423590341338</orientation>
      <time>10</time>
    </ksState>
    <ksState>
      <x>104.48047615104228</x>
      <y>683.3348392389026</y>
      <steeringAngle>0.17766666666666667</steeringAngle>
      <velocity>8.0</velocity>
      <orientation>-0.372241382723622</orientation>
      <time>11</time>
    </ksState>
    <ksState>
      <x>105.23340384862176</x>
      <y>683.0647754249712</y>
      <steeringAngle>0.17766666666666667</steeringAngle>
      <velocity>8.0</velocity>
      <orientation>-0.31654040641311026</orientation>
      <time>12</time>
    </ksState>
    <ksState>
      <x>106.00019887406545</x>
      <y>682.8370475743886</y>
      <steeringAngle>0.17766666666666667</steeringAngle>
      <velocity>8.0</velocity>
      <orientation>-0.2608394301025986</orientation>
      <time>13</time>
    </ksState>
    <ksState>
      <x>106.77848278523267</x>
      <y>682.6523620526095</y>
      <steeringAngle>0.17766666666666667</steeringAngle>
      <velocity>8.0</velocity>
      <orientation>-0.20513845379208676</orientation>
      <time>14</time>
    </ksState>
    <ksState>
      <x>107.56584150448501</x>
      <y>682.5112917169367</y>
      <steeringAngle>0.17766666666666667</steeringAngle>
      <velocity>8.0</velocity>
      <orientation>-0.14943747748157493</orientation>
      <time>15</time>
    </ksState>
    <ksState>
      <x>108.32015795758123</x>
      <y>682.4194035829037</y>
      <steeringAngle>0.21320000000000014</steeringAngle>
      <velocity>7.200000000000003</velocity>
      <orientation>-0.09118815041008208</orientation>
      <time>16</time>
    </ksState>
    <ksState>
      <x>108.9987826336315</x>
      <y>682.3779199495767</y>
      <steeringAngle>0.24873333333333347</steeringAngle>
      <velocity>6.400000000000004</velocity>
      <orientation>-0.029271062924302732</orientation>
      <time>17</time>
    </ksState>
    <ksState>
      <x>109.59868125608618</x>
      <y>682.3789400299826</y>
      <steeringAngle>0.2842666666666668</steeringAngle>
      <velocity>5.600000000000001</velocity>
      <orientation>0.0341510798396184</orientation>
      <time>18</time>
    </ksState>
    <ksState>
      <x>110.11750277876311</x>
      <y>682.4126387720759</y>
      <steeringAngle>0.3198</steeringAngle>
      <velocity>4.800000000000002</velocity>
      <orientation>0.09688017958157102</orientation>
      <time>19</time>
    </ksState>
    <ksState>
      <x>110.55393814956088</x>
      <y>682.468015011611</y>
      <steeringAngle>0.3553333333333332</steeringAngle>
      <velocity>4.000000000000001</velocity>
      <orientation>0.15667001362978578</orientation>
      <time>20</time>
    </ksState>
    <ksState>
      <x>110.98619225391923</x>
      <y>682.5498609438306</y>
      <steeringAngle>0.31979999999999975</steeringAngle>
      <velocity>4.800000000000001</velocity>
      <orientation>0.21645984866153434</orientation>
      <time>21</time>
    </ksState>
    <ksState>
      <x>111.49013926016414</x>
      <y>682.6777233840764</y>
      <steeringAngle>0.28426666666666645</steeringAngle>
      <velocity>5.600000000000004</velocity>
      <orientation>0.2791889487928579</orientation>
      <time>22</time>
    </ksState>
    <ksState>
      <x>112.06114284518479</x>
      <y>682.8616644019198</y>
      <steeringAngle>0.2487333333333331</steeringAngle>
      <velocity>6.400000000000004</velocity>
      <orientation>0.34261108548553376</orientation>
      <time>23</time>
    </ksState>
    <ksState>
      <x>112.69393803084625</x>
      <y>683.1103059052086</y>
      <steeringAngle>0.21319999999999992</steeringAngle>
      <velocity>7.200000000000004</velocity>
      <orientation>0.40452817416333275</orientation>
      <time>24</time>
    </ksState>
    <ksState>
      <x>113.38320294948433</x>
      <y>683.4302287332313</y>
      <steeringAngle>0.17766666666666656</steeringAngle>
      <velocity>8.000000000000004</velocity>
      <orientation>0.462777503764298</orientation>
      <time>25</time>
    </ksState>
    <ksState>
      <x>114.08874142780482</x>
      <y>683.807123914115</y>
      <steeringAngle>0.17766666666666667</steeringAngle>
      <velocity>8.0</velocity>
      <orientation>0.5184784800748098</orientation>
      <time>26</time>
    </ksState>
    <ksState>
      <x>114.77220314530265</x>
      <y>684.2227134497056</y>
      <steeringAngle>0.17766666666666667</steeringAngle>
      <velocity>8.0</velocity>
      <orientation>0.5741794563853215</orientation>
      <time>27</time>
    </ksState>
    <ksState>
      <x>115.4314681117866</x>
      <y>684.6757082498336</y>
      <steeringAngle>0.17766666666666667</steeringAngle>
      <velocity>8.0</velocity>
      <orientation>0.6298804326958332</orientation>
      <time>28</time>
    </ksState>
    <ksState>
      <x>116.06449142147805</x>
      <y>685.1647032168056</y>
      <steeringAngle>0.17766666666666667</steeringAngle>
      <velocity>8.0</velocity>
      <orientation>0.685581409006345</orientation>
      <time>29</time>
    </ksState>
    <ksState>
      <x>116.66930956500461</x>
      <y>685.6881815885179</y>
      <steeringAngle>0.17766666666666667</steeringAngle>
      <velocity>8.0</velocity>
      <orientation>0.7412823853168569</orientation>
      <time>30</time>
    </ksState>
    <ksState>
      <x>117.24511155368116</x>
      <y>686.2434459079477</y>
      <steeringAngle>0.14213333333333336</steeringAngle>
      <velocity>8.0</velocity>
      <orientation>0.7913171968656053</orientation>
      <time>31</time>
    </ksState>
    <ksState>
      <x>117.79572351443328</x>
      <y>686.8237442278668</y>
      <steeringAngle>0.1066000000000001</steeringAngle>
      <velocity>8.0</velocity>
      <orientation>0.8301010488726026</orientation>
      <time>32</time>
    </ksState>
    <ksState>
      <x>118.3267854250576</x>
      <y>687.422018759823</y>
      <steeringAngle>0.07106666666666674</steeringAngle>
      <velocity>8.0</velocity>
      <orientation>0.8577335279022895</orientation>
      <time>33</time>
    </ksState>
    <ksState>
      <x>118.84451515840327</x>
      <y>688.0318885839727</y>
      <steeringAngle>0.035533333333333354</steeringAngle>
      <velocity>8.0</velocity>
      <orientation>0.8742850485313189</orientation>
      <time>34</time>
    </ksState>
    <ksState>
      <x>119.35549204361901</x>
      <y>688.6474378417114</y>
      <steeringAngle>2.0816681711721685e-17</steeringAngle>
      <velocity>8.0</velocity>
      <orientation>0.8797975749897238</orientation>
      <time>35</time>
    </ksState>
    <ksState>
      <x>119.86533776199427</x>
      <y>689.2639257519371</y>
      <steeringAngle>0.0</steeringAngle>
      <velocity>8.0</velocity>
      <orientation>0.8797975749897238</orientation>
      <time>36</time>
    </ksState>
    <ksState>
      <x>120.37518348036954</x>
      <y>689.8804136621627</y>
      <steeringAngle>0.0</steeringAngle>
      <velocity>8.0</velocity>
      <orientation>0.8797975749897238</orientation>
      <time>37</time>
    </ksState>
    <ksState>
      <x>120.8850291987448</x>
      <y>690.4969015723884</y>
      <steeringAngle>0.0</steeringAngle>
      <velocity>8.0</velocity>
      <orientation>0.8797975749897238</orientation>
      <time>38</time>
    </ksState>
    <ksState>
      <x>121.39487491712006</x>
      <y>691.113389482614</y>
      <steeringAngle>0.0</steeringAngle>
      <velocity>8.0</velocity>
      <orientation>0.8797975749897238</orientation>
      <time>39</time>
    </ksState>
    <ksState>
      <x>121.90472063549532</x>
      <y>691.7298773928397</y>
      <steeringAngle>0.0</steeringAngle>
      <velocity>8.0</velocity>
      <orientation>0.8797975749897238</orientation>
      <time>40</time>
    </ksState>
    <ksState>
      <x>122.41343205553146</x>
      <y>692.3473001717215</y>
      <steeringAngle>0.03553333333333333</steeringAngle>
      <velocity>8.0</velocity>
      <orientation>0.8853101099925625</orientation>
      <time>41</time>
    </ksState>
    <ksState>
      <x>122.91529762061533</x>
      <y>692.9702899267156</y>
      <steeringAngle>0.07106666666666667</steeringAngle>
      <velocity>8.0</velocity>
      <orientation>0.9018616308728322</orientation>
      <time>42</time>
    </ksState>
    <ksState>
      <x>123.40327176391203</x>
      <y>693.6041987571076</y>
      <steeringAngle>0.10659999999999997</steeringAngle>
      <velocity>8.0</velocity>
      <orientation>0.9294941101635271</orientation>
      <time>43</time>
    </ksState>
    <ksState>
      <x>123.86991998682973</x>
      <y>694.2539364802676</y>
      <steeringAngle>0.1421333333333333</steeringAngle>
      <velocity>8.0</velocity>
      <orientation>0.9682779624362621</orientation>
      <time>44</time>
    </ksState>
    <ksState>
      <x>124.30725138053702</x>
      <y>694.9237182631576</y>
      <steeringAngle>0.17766666666666667</steeringAngle>
      <velocity>8.0</velocity>
      <orientation>1.0183127746854166</orientation>
      <time>45</time>
    </ksState>
    <ksState>
      <x>124.70923406066409</x>
      <y>695.6152935081408</y>
      <steeringAngle>0.14213333333333336</steeringAngle>
      <velocity>8.0</velocity>
      <orientation>1.068347586234165</orientation>
      <time>46</time>
    </ksState>
    <ksState>
      <x>125.08014035057697</x>
      <y>696.3240587693715</y>
      <steeringAngle>0.1066000000000001</steeringAngle>
      <velocity>8.0</velocity>
      <orientation>1.1071314382411623</orientation>
      <time>47</time>
    </ksState>
    <ksState>
      <x>125.42732549474101</x>
      <y>697.0447678952851</y>
      <steeringAngle>0.07106666666666674</steeringAngle>
      <velocity>8.0</velocity>
      <orientation>1.1347639172708492</orientation>
      <time>48</time>
    </ksState>
    <ksState>
      <x>125.75851547473032</x>
      <y>697.772983849761</y>
      <steeringAngle>0.035533333333333354</steeringAngle>
      <velocity>8.0</velocity>
      <orientation>1.1513154378998787</orientation>
      <time>49</time>
    </ksState>
    <ksState>
      <x>126.08165675229573</x>
      <y>698.5048157844706</y>
      <steeringAngle>2.0816681711721685e-17</steeringAngle>
      <velocity>8.0</velocity>
      <orientation>1.1568279643582835</orientation>
      <time>50</time>
    </ksState>
    <ksState>
      <x>126.40479801402785</x>
      <y>699.2366476789131</y>
      <steeringAngle>-0.03553333333333333</steeringAngle>
      <velocity>8.0</velocity>
      <orientation>1.1513154293554446</orientation>
      <time>51</time>
    </ksState>
    <ksState>
      <x>126.73598799767083</x>
      <y>699.9648636324456</y>
      <steeringAngle>-0.07106666666666667</steeringAngle>
      <velocity>8.0</velocity>
      <orientation>1.134763908475175</orientation>
      <time>52</time>
    </ksState>
    <ksState>
      <x>127.08317314691017</x>
      <y>700.6855727567965</y>
      <steeringAngle>-0.10659999999999997</steeringAngle>
      <velocity>8.0</velocity>
      <orientation>1.1071314291844803</orientation>
      <time>53</time>
    </ksState>
    <ksState>
      <x>127.45407944298215</x>
      <y>701.3943380158095</y>
      <steeringAngle>-0.1421333333333333</steeringAngle>
      <velocity>8.0</velocity>
      <orientation>1.0683475769117452</orientation>
      <time>54</time>
    </ksState>
    <ksState>
      <x>127.85606215146456</x>
      <y>702.0859132370938</y>
      <steeringAngle>-0.17766666666666667</steeringAngle>
      <velocity>8.0</velocity>
      <orientation>1.0183127646625905</orientation>
      <time>55</time>
    </ksState>
    <ksState>
      <x>128.29464810223763</x>
      <y>702.7548503683316</y>
      <steeringAngle>-0.17766666666666667</steeringAngle>
      <velocity>8.0</velocity>
      <orientation>0.9626117883520787</orientation>
      <time>56</time>
    </ksState>
    <ksState>
      <x>128.76979505780338</x>
      <y>703.3983330425305</y>
      <steeringAngle>-0.17766666666666667</steeringAngle>
      <velocity>8.0</velocity>
      <orientation>0.906910812041567</orientation>
      <time>57</time>
    </ksState>
    <ksState>
      <x>129.28002919028035</x>
      <y>704.014365277914</y>
      <steeringAngle>-0.17766666666666667</steeringAngle>
      <velocity>8.0</velocity>
      <orientation>0.8512098357310552</orientation>
      <time>58</time>
    </ksState>
    <ksState>
      <x>129.82376785721294</x>
      <y>704.6010362678384</y>
      <steeringAngle>-0.17766666666666667</steeringAngle>
      <velocity>8.0</velocity>
      <orientation>0.7955088594205434</orientation>
      <time>59</time>
    </ksState>
    <ksState>
      <x>130.39932449268795</x>
      <y>705.1565262783248</y>
      <steeringAngle>-0.17766666666666667</steeringAngle>
      <velocity>8.0</velocity>
      <orientation>0.7398078831100316</orientation>
      <time>60</time>
    </ksState>
    <ksState>
      <x>130.9730915921228</x>
      <y>705.6548052835101</y>
      <steeringAngle>-0.1421333333333334</steeringAngle>
      <velocity>7.2</velocity>
      <orientation>0.6921805613643948</orientation>
      <time>61</time>
    </ksState>
    <ksState>
      <x>131.50400830891542</x>
      <y>706.0796407933841</y>
      <steeringAngle>-0.10660000000000011</steeringAngle>
      <velocity>6.4</velocity>
      <orientation>0.6591209909164267</orientation>
      <time>62</time>
    </ksState>
    <ksState>
      <x>131.98236841459595</x>
      <y>706.441798969477</y>
      <steeringAngle>-0.07106666666666674</steeringAngle>
      <velocity>5.600000000000001</velocity>
      <orientation>0.6383040426225383</orientation>
      <time>63</time>
    </ksState>
    <ksState>
      <x>132.4018408660672</x>
      <y>706.7491101780283</y>
      <steeringAngle>-0.03553333333333339</steeringAngle>
      <velocity>4.800000000000001</velocity>
      <orientation>0.6274534329648754</orientation>
      <time>64</time>
    </ksState>
    <ksState>
      <x>132.75856483870717</x>
      <y>707.0066909170654</y>
      <steeringAngle>-5.5294310796760726e-17</steeringAngle>
      <velocity>4.0</velocity>
      <orientation>0.6243296571277098</orientation>
      <time>65</time>
    </ksState>
    <ksState>
      <x>133.08289182119333</x>
      <y>707.2408102993377</y>
      <steeringAngle>0.035533333333333326</steeringAngle>
      <velocity>4.0</velocity>
      <orientation>0.6270859316603102</orientation>
      <time>66</time>
    </ksState>
    <ksState>
      <x>133.40592193728943</x>
      <y>707.4767141382276</y>
      <steeringAngle>0.07106666666666711</steeringAngle>
      <velocity>4.0</velocity>
      <orientation>0.6353616922035956</orientation>
      <time>67</time>
    </ksState>
    <ksState>
      <x>133.726325531894</x>
      <y>707.7161697338106</y>
      <steeringAngle>0.10660000000000043</steeringAngle>
      <velocity>4.0</velocity>
      <orientation>0.6491779320227324</orientation>
      <time>68</time>
    </ksState>
    <ksState>
      <x>134.04270762730619</x>
      <y>707.9609090782095</y>
      <steeringAngle>0.14213333333333378</steeringAngle>
      <velocity>4.0</velocity>
      <orientation>0.6685698584082783</orientation>
      <time>69</time>
    </ksState>
    <ksState>
      <x>134.35357578607483</x>
      <y>708.2126085691968</y>
      <steeringAngle>0.1776666666666672</steeringAngle>
      <velocity>4.0</velocity>
      <orientation>0.6935872648596757</orientation>
      <time>70</time>
    </ksState>
    <ksState>
      <x>134.68755579996673</x>
      <y>708.499038681075</y>
      <steeringAngle>0.17766666666666667</steeringAngle>
      <velocity>4.800000000000002</velocity>
      <orientation>0.7242228019020099</orientation>
      <time>71</time>
    </ksState>
    <ksState>
      <x>135.07072205985145</x>
      <y>708.8505412850881</y>
      <steeringAngle>0.17766666666666667</steeringAngle>
      <velocity>5.600000000000001</velocity>
      <orientation>0.7604284365785499</orientation>
      <time>72</time>
    </ksState>
    <ksState>
      <x>135.4966833884552</x>
      <y>709.2730393237923</y>
      <steeringAngle>0.17766666666666667</steeringAngle>
      <velocity>6.3999999999999995</velocity>
      <orientation>0.8022041688881898</orientation>
      <time>73</time>
    </ksState>
    <ksState>
      <x>135.95762078313373</x>
      <y>709.7728896474403</y>
      <steeringAngle>0.17766666666666667</steeringAngle>
      <velocity>7.200000000000002</velocity>
      <orientation>0.8495499988302867</orientation>
      <time>74</time>
    </ksState>
    <ksState>
      <x>136.44413338871422</x>
      <y>710.3566453470834</y>
      <steeringAngle>0.17766666666666667</steeringAngle>
      <velocity>8.0</velocity>
      <orientation>0.9024659264044368</orientation>
      <time>75</time>
    </ksState>
    <ksState>
      <x>136.92335941298865</x>
      <y>710.9971208050471</y>
      <steeringAngle>0.14213333333333336</steeringAngle>
      <velocity>8.0</velocity>
      <orientation>0.9525007379531852</orientation>
      <time>76</time>
    </ksState>
    <ksState>
      <x>137.37370430207565</x>
      <y>711.658263113705</y>
      <steeringAngle>0.1066000000000001</steeringAngle>
      <velocity>8.0</velocity>
      <orientation>0.9912845899601825</orientation>
      <time>77</time>
    </ksState>
    <ksState>
      <x>137.80186760846112</x>
      <y>712.3340111078332</y>
      <steeringAngle>0.07106666666666674</steeringAngle>
      <velocity>8.0</velocity>
      <orientation>1.0189170689898694</orientation>
      <time>78</time>
    </ksState>
    <ksState>
      <x>138.21501066074006</x>
      <y>713.019064461633</y>
      <steeringAngle>0.035533333333333354</steeringAngle>
      <velocity>8.0</velocity>
      <orientation>1.0354685896188989</orientation>
      <time>79</time>
    </ksState>
    <ksState>
      <x>138.62057692256258</x>
      <y>713.7086398912987</y>
      <steeringAngle>2.0816681711721685e-17</steeringAngle>
      <velocity>8.0</velocity>
      <orientation>1.0409811160773037</orientation>
      <time>80</time>
    </ksState>
    <ksState>
      <x>139.02614316400354</x>
      <y>714.3982152827974</y>
      <steeringAngle>-0.03553333333333333</steeringAngle>
      <velocity>8.0</velocity>
      <orientation>1.0354685810744648</orientation>
      <time>81</time>
    </ksState>
    <ksState>
      <x>139.4392862198026</x>
      <y>715.0832686352377</y>
      <steeringAngle>-0.07106666666666667</steeringAngle>
      <velocity>8.0</velocity>
      <orientation>1.0189170601941953</orientation>
      <time>82</time>
    </ksState>
    <ksState>
      <x>139.86744953104878</x>
      <y>715.7590166272272</y>
      <steeringAngle>-0.10659999999999997</steeringAngle>
      <velocity>8.0</velocity>
      <orientation>0.9912845809035004</orientation>
      <time>83</time>
    </ksState>
    <ksState>
      <x>140.31779442599722</x>
      <y>716.4201589329704</y>
      <steeringAngle>-0.1421333333333333</steeringAngle>
      <velocity>8.0</velocity>
      <orientation>0.9525007286307654</orientation>
      <time>84</time>
    </ksState>
    <ksState>
      <x>140.79702047569762</x>
      <y>717.0606343641165</y>
      <steeringAngle>-0.17766666666666667</steeringAngle>
      <velocity>8.0</velocity>
      <orientation>0.9024659163816108</orientation>
      <time>85</time>
    </ksState>
    <ksState>
      <x>141.28252187396038</x>
      <y>717.6452530806209</y>
      <steeringAngle>-0.1421333333333334</steeringAngle>
      <velocity>7.2</velocity>
      <orientation>0.8548385946359739</orientation>
      <time>86</time>
    </ksState>
    <ksState>
      <x>141.7376320670012</x>
      <y>718.1504584673796</y>
      <steeringAngle>-0.10660000000000011</steeringAngle>
      <velocity>6.4</velocity>
      <orientation>0.8217790241880059</orientation>
      <time>87</time>
    </ksState>
    <ksState>
      <x>142.151029454672</x>
      <y>718.585302732703</y>
      <steeringAngle>-0.07106666666666674</steeringAngle>
      <velocity>5.600000000000001</velocity>
      <orientation>0.8009620758941174</orientation>
      <time>88</time>
    </ksState>
    <ksState>
      <x>142.51519849859156</x>
      <y>718.9564876244959</y>
      <steeringAngle>-0.03553333333333339</steeringAngle>
      <velocity>4.800000000000001</velocity>
      <orientation>0.7901114662364546</orientation>
      <time>89</time>
    </ksState>
    <ksState>
      <x>142.82550076126472</x>
      <y>719.2684368760719</y>
      <steeringAngle>-5.5294310796760726e-17</steeringAngle>
      <velocity>4.0</velocity>
      <orientation>0.786987690399289</orientation>
      <time>90</time>
    </ksState>
    <ksState>
      <x>143.13580300890897</x>
      <y>719.5803861450863</y>
      <steeringAngle>0.035533333333333326</steeringAngle>
      <velocity>4.799999999999999</velocity>
      <orientation>0.7901114690684797</orientation>
      <time>91</time>
    </ksState>
    <ksState>
      <x>143.49997204689336</x>
      <y>719.9515710451965</y>
      <steeringAngle>0.07106666666666667</steeringAngle>
      <velocity>5.599999999999998</velocity>
      <orientation>0.8009620801296525</orientation>
      <time>92</time>
    </ksState>
    <ksState>
      <x>143.91336942908845</x>
      <y>720.38641531588</y>
      <steeringAngle>0.10659999999999999</steeringAngle>
      <velocity>6.3999999999999995</velocity>
      <orientation>0.8217790291299806</orientation>
      <time>93</time>
    </ksState>
    <ksState>
      <x>144.3684796105897</x>
      <y>720.8916207048567</y>
      <steeringAngle>0.14213333333333333</steeringAngle>
      <velocity>7.199999999999999</velocity>
      <orientation>0.8548386001111457</orientation>
      <time>94</time>
    </ksState>
    <ksState>
      <x>144.85398098547745</x>
      <y>721.4762394127714</y>
      <steeringAngle>0.17766666666666664</steeringAngle>
      <velocity>7.9999999999999964</velocity>
      <orientation>0.9024659221926923</orientation>
      <time>95</time>
    </ksState>
    <ksState>
      <x>145.30893707633444</x>
      <y>722.084910246989</y>
      <steeringAngle>0.17766666666666667</steeringAngle>
      <velocity>7.2</velocity>
      <orientation>0.9553818496370696</orientation>
      <time>96</time>
    </ksState>
    <ksState>
      <x>145.68821063304833</x>
      <y>722.6492374513866</y>
      <steeringAngle>0.17766666666666667</steeringAngle>
      <velocity>6.4</velocity>
      <orientation>1.002727679429881</orientation>
      <time>97</time>
    </ksState>
    <ksState>
      <x>146.00035696657432</x>
      <y>723.1615970024143</y>
      <steeringAngle>0.17766666666666667</steeringAngle>
      <velocity>5.599999999999999</velocity>
      <orientation>1.0445034115850655</orientation>
      <time>98</time>
    </ksState>
    <ksState>
      <x>146.2533735024764</x>
      <y>723.615858044485</y>
      <steeringAngle>0.17766666666666667</steeringAngle>
      <velocity>4.799999999999999</velocity>
      <orientation>1.08070904610658</orientation>
      <time>99</time>
    </ksState>
  </ksTrajectory>
</CommonRoadSolution>
