<?xml version="1.0" ?>
<CommonRoadSolution benchmark_id="KS2:SM1:DEU_Hennigsdorf-18_2_T-1:2020a" computation_time="0.9422300080000241" date="2020-12-29">
  <ksTrajectory planningProblem="1">
    <ksState>
      <x>453.97322</x>
      <y>-143.68247</y>
      <steeringAngle>0.0</steeringAngle>
      <velocity>12.0</velocity>
      <orientation>-1.8004341</orientation>
      <time>0</time>
    </ksState>
    <ksState>
      <x>453.70007021536514</x>
      <y>-144.85096869283362</y>
      <steeringAngle>0.0</steeringAngle>
      <velocity>12.0</velocity>
      <orientation>-1.8004341</orientation>
      <time>1</time>
    </ksState>
    <ksState>
      <x>453.42692043073026</x>
      <y>-146.01946738566727</y>
      <steeringAngle>0.0</steeringAngle>
      <velocity>12.0</velocity>
      <orientation>-1.8004341</orientation>
      <time>2</time>
    </ksState>
    <ksState>
      <x>453.1537706460954</x>
      <y>-147.1879660785009</y>
      <steeringAngle>0.0</steeringAngle>
      <velocity>12.0</velocity>
      <orientation>-1.8004341</orientation>
      <time>3</time>
    </ksState>
    <ksState>
      <x>452.8806208614605</x>
      <y>-148.35646477133454</y>
      <steeringAngle>0.0</steeringAngle>
      <velocity>12.0</velocity>
      <orientation>-1.8004341</orientation>
      <time>4</time>
    </ksState>
    <ksState>
      <x>452.60747107682556</x>
      <y>-149.52496346416817</y>
      <steeringAngle>0.0</steeringAngle>
      <velocity>12.0</velocity>
      <orientation>-1.8004341</orientation>
      <time>5</time>
    </ksState>
    <ksState>
      <x>452.3343212921907</x>
      <y>-150.6934621570018</y>
      <steeringAngle>0.0</steeringAngle>
      <velocity>12.0</velocity>
      <orientation>-1.8004341</orientation>
      <time>6</time>
    </ksState>
    <ksState>
      <x>452.0611715075558</x>
      <y>-151.86196084983544</y>
      <steeringAngle>0.0</steeringAngle>
      <velocity>12.0</velocity>
      <orientation>-1.8004341</orientation>
      <time>7</time>
    </ksState>
    <ksState>
      <x>451.7880217229209</x>
      <y>-153.03045954266906</y>
      <steeringAngle>0.0</steeringAngle>
      <velocity>12.0</velocity>
      <orientation>-1.8004341</orientation>
      <time>8</time>
    </ksState>
    <ksState>
      <x>451.51487193828603</x>
      <y>-154.19895823550272</y>
      <steeringAngle>0.0</steeringAngle>
      <velocity>12.0</velocity>
      <orientation>-1.8004341</orientation>
      <time>9</time>
    </ksState>
    <ksState>
      <x>451.2417221536511</x>
      <y>-155.36745692833634</y>
      <steeringAngle>0.0</steeringAngle>
      <velocity>12.0</velocity>
      <orientation>-1.8004341</orientation>
      <time>10</time>
    </ksState>
    <ksState>
      <x>450.9685723690162</x>
      <y>-156.53595562116996</y>
      <steeringAngle>0.0</steeringAngle>
      <velocity>12.0</velocity>
      <orientation>-1.8004341</orientation>
      <time>11</time>
    </ksState>
    <ksState>
      <x>450.69542258438133</x>
      <y>-157.7044543140036</y>
      <steeringAngle>0.0</steeringAngle>
      <velocity>12.0</velocity>
      <orientation>-1.8004341</orientation>
      <time>12</time>
    </ksState>
    <ksState>
      <x>450.42227279974645</x>
      <y>-158.87295300683724</y>
      <steeringAngle>0.0</steeringAngle>
      <velocity>12.0</velocity>
      <orientation>-1.8004341</orientation>
      <time>13</time>
    </ksState>
    <ksState>
      <x>450.14912301511157</x>
      <y>-160.0414516996709</y>
      <steeringAngle>0.0</steeringAngle>
      <velocity>12.0</velocity>
      <orientation>-1.8004341</orientation>
      <time>14</time>
    </ksState>
    <ksState>
      <x>449.87597323047663</x>
      <y>-161.2099503925045</y>
      <steeringAngle>0.0</steeringAngle>
      <velocity>12.0</velocity>
      <orientation>-1.8004341</orientation>
      <time>15</time>
    </ksState>
    <ksState>
      <x>449.60282344584175</x>
      <y>-162.37844908533813</y>
      <steeringAngle>0.0</steeringAngle>
      <velocity>12.0</velocity>
      <orientation>-1.8004341</orientation>
      <time>16</time>
    </ksState>
    <ksState>
      <x>449.32967366120687</x>
      <y>-163.54694777817178</y>
      <steeringAngle>0.0</steeringAngle>
      <velocity>12.0</velocity>
      <orientation>-1.8004341</orientation>
      <time>17</time>
    </ksState>
    <ksState>
      <x>449.056523876572</x>
      <y>-164.7154464710054</y>
      <steeringAngle>0.0</steeringAngle>
      <velocity>12.0</velocity>
      <orientation>-1.8004341</orientation>
      <time>18</time>
    </ksState>
    <ksState>
      <x>448.7833740919371</x>
      <y>-165.88394516383906</y>
      <steeringAngle>0.0</steeringAngle>
      <velocity>12.0</velocity>
      <orientation>-1.8004341</orientation>
      <time>19</time>
    </ksState>
    <ksState>
      <x>448.51022430730217</x>
      <y>-167.05244385667268</y>
      <steeringAngle>0.0</steeringAngle>
      <velocity>12.0</velocity>
      <orientation>-1.8004341</orientation>
      <time>20</time>
    </ksState>
    <ksState>
      <x>448.2370745226673</x>
      <y>-168.2209425495063</y>
      <steeringAngle>0.0</steeringAngle>
      <velocity>12.0</velocity>
      <orientation>-1.8004341</orientation>
      <time>21</time>
    </ksState>
    <ksState>
      <x>447.9639247380324</x>
      <y>-169.38944124233996</y>
      <steeringAngle>0.0</steeringAngle>
      <velocity>12.0</velocity>
      <orientation>-1.8004341</orientation>
      <time>22</time>
    </ksState>
    <ksState>
      <x>447.6907749533975</x>
      <y>-170.55793993517358</y>
      <steeringAngle>0.0</steeringAngle>
      <velocity>12.0</velocity>
      <orientation>-1.8004341</orientation>
      <time>23</time>
    </ksState>
    <ksState>
      <x>447.41762516876264</x>
      <y>-171.72643862800723</y>
      <steeringAngle>0.0</steeringAngle>
      <velocity>12.0</velocity>
      <orientation>-1.8004341</orientation>
      <time>24</time>
    </ksState>
    <ksState>
      <x>447.1444753841277</x>
      <y>-172.89493732084085</y>
      <steeringAngle>0.0</steeringAngle>
      <velocity>12.0</velocity>
      <orientation>-1.8004341</orientation>
      <time>25</time>
    </ksState>
    <ksState>
      <x>446.8713255994928</x>
      <y>-174.06343601367448</y>
      <steeringAngle>0.0</steeringAngle>
      <velocity>12.0</velocity>
      <orientation>-1.8004341</orientation>
      <time>26</time>
    </ksState>
    <ksState>
      <x>446.59817581485794</x>
      <y>-175.23193470650813</y>
      <steeringAngle>0.0</steeringAngle>
      <velocity>12.0</velocity>
      <orientation>-1.8004341</orientation>
      <time>27</time>
    </ksState>
    <ksState>
      <x>446.32502603022306</x>
      <y>-176.40043339934175</y>
      <steeringAngle>0.0</steeringAngle>
      <velocity>12.0</velocity>
      <orientation>-1.8004341</orientation>
      <time>28</time>
    </ksState>
    <ksState>
      <x>446.0518762455882</x>
      <y>-177.5689320921754</y>
      <steeringAngle>0.0</steeringAngle>
      <velocity>12.0</velocity>
      <orientation>-1.8004341</orientation>
      <time>29</time>
    </ksState>
    <ksState>
      <x>445.77872646095324</x>
      <y>-178.73743078500902</y>
      <steeringAngle>0.0</steeringAngle>
      <velocity>12.0</velocity>
      <orientation>-1.8004341</orientation>
      <time>30</time>
    </ksState>
    <ksState>
      <x>445.5146816692507</x>
      <y>-179.86697952093914</y>
      <steeringAngle>0.0</steeringAngle>
      <velocity>11.200000000000001</velocity>
      <orientation>-1.8004341</orientation>
      <time>31</time>
    </ksState>
    <ksState>
      <x>445.26884686329316</x>
      <y>-180.91862834357457</y>
      <steeringAngle>0.0</steeringAngle>
      <velocity>10.4</velocity>
      <orientation>-1.8004341</orientation>
      <time>32</time>
    </ksState>
    <ksState>
      <x>445.0412220430101</x>
      <y>-181.8923772532169</y>
      <steeringAngle>0.0</steeringAngle>
      <velocity>9.599999999999998</velocity>
      <orientation>-1.8004341</orientation>
      <time>33</time>
    </ksState>
  </ksTrajectory>
</CommonRoadSolution>
