<?xml version="1.0" ?>
<CommonRoadSolution benchmark_id="KS2:SM1:ESP_Monzon-7_3_T-1:2020a" computation_time="1.1123455720003221" date="2020-12-29">
  <ksTrajectory planningProblem="1">
    <ksState>
      <x>861.38823</x>
      <y>87.908439</y>
      <steeringAngle>0.0</steeringAngle>
      <velocity>8.0</velocity>
      <orientation>1.7372566</orientation>
      <time>0</time>
    </ksState>
    <ksState>
      <x>861.2610298060673</x>
      <y>88.65771782386715</y>
      <steeringAngle>0.03553333333333333</steeringAngle>
      <velocity>7.199999999999999</velocity>
      <orientation>1.7424016129824924</orientation>
      <time>1</time>
    </ksState>
    <ksState>
      <x>861.1407553630099</x>
      <y>89.326990932223</y>
      <steeringAngle>0.07106666666666664</steeringAngle>
      <velocity>6.400000000000001</velocity>
      <orientation>1.7563782851034555</orientation>
      <time>2</time>
    </ksState>
    <ksState>
      <x>861.0243773997631</x>
      <y>89.91558535003132</y>
      <steeringAngle>0.10659999999999997</steeringAngle>
      <velocity>5.600000000000004</velocity>
      <orientation>1.777010052969337</orientation>
      <time>3</time>
    </ksState>
    <ksState>
      <x>860.9118317625389</x>
      <y>90.42324593361276</y>
      <steeringAngle>0.1421333333333333</steeringAngle>
      <velocity>4.800000000000003</velocity>
      <orientation>1.802126260477985</orientation>
      <time>4</time>
    </ksState>
    <ksState>
      <x>860.8053131231834</x>
      <y>90.85014364144618</y>
      <steeringAngle>0.17766666666666653</steeringAngle>
      <velocity>4.000000000000006</velocity>
      <orientation>1.8295511570631349</orientation>
      <time>5</time>
    </ksState>
    <ksState>
      <x>860.6972255547944</x>
      <y>91.23524686991951</y>
      <steeringAngle>0.21319999999999995</steeringAngle>
      <velocity>4.0</velocity>
      <orientation>1.860258939700635</orientation>
      <time>6</time>
    </ksState>
    <ksState>
      <x>860.5762692878269</x>
      <y>91.6164972213192</y>
      <steeringAngle>0.24873333333333336</steeringAngle>
      <velocity>4.0</velocity>
      <orientation>1.8967377808233292</orientation>
      <time>7</time>
    </ksState>
    <ksState>
      <x>860.4403905531587</x>
      <y>91.99267942524067</y>
      <steeringAngle>0.2842666666666667</steeringAngle>
      <velocity>4.0</velocity>
      <orientation>1.9390850146687773</orientation>
      <time>8</time>
    </ksState>
    <ksState>
      <x>860.2876088705617</x>
      <y>92.36230978696827</y>
      <steeringAngle>0.31980000000000003</steeringAngle>
      <velocity>4.0</velocity>
      <orientation>1.9874156960359124</orientation>
      <time>9</time>
    </ksState>
    <ksState>
      <x>860.1160509774816</x>
      <y>92.72359686514709</y>
      <steeringAngle>0.35533333333333333</steeringAngle>
      <velocity>4.0</velocity>
      <orientation>2.0418638972141907</orientation>
      <time>10</time>
    </ksState>
    <ksState>
      <x>859.9247230955358</x>
      <y>93.07481491319218</y>
      <steeringAngle>0.31979999999999986</steeringAngle>
      <velocity>4.0</velocity>
      <orientation>2.0963120964075705</orientation>
      <time>11</time>
    </ksState>
    <ksState>
      <x>859.71560545235</x>
      <y>93.41575283831088</y>
      <steeringAngle>0.28426666666666656</steeringAngle>
      <velocity>4.0</velocity>
      <orientation>2.1446427758888276</orientation>
      <time>12</time>
    </ksState>
    <ksState>
      <x>859.4912486207533</x>
      <y>93.74687229151517</y>
      <steeringAngle>0.2487333333333332</steeringAngle>
      <velocity>4.0</velocity>
      <orientation>2.1869900096117028</orientation>
      <time>13</time>
    </ksState>
    <ksState>
      <x>859.2540172513737</x>
      <y>94.06890260810974</y>
      <steeringAngle>0.21319999999999986</steeringAngle>
      <velocity>4.0</velocity>
      <orientation>2.2234688506853306</orientation>
      <time>14</time>
    </ksState>
    <ksState>
      <x>859.0061020183336</x>
      <y>94.38279025375853</y>
      <steeringAngle>0.1776666666666665</steeringAngle>
      <velocity>4.0</velocity>
      <orientation>2.254176633334158</orientation>
      <time>15</time>
    </ksState>
    <ksState>
      <x>858.7230956876473</x>
      <y>94.71967639989873</y>
      <steeringAngle>0.17766666666666667</steeringAngle>
      <velocity>4.800000000000002</velocity>
      <orientation>2.2848121703764925</orientation>
      <time>16</time>
    </ksState>
    <ksState>
      <x>858.3755222877331</x>
      <y>95.10641041057555</y>
      <steeringAngle>0.17766666666666667</steeringAngle>
      <velocity>5.600000000000001</velocity>
      <orientation>2.3210178050530326</orientation>
      <time>17</time>
    </ksState>
    <ksState>
      <x>857.9573939512172</x>
      <y>95.53666189561325</y>
      <steeringAngle>0.17766666666666667</steeringAngle>
      <velocity>6.3999999999999995</velocity>
      <orientation>2.3627935373626725</orientation>
      <time>18</time>
    </ksState>
    <ksState>
      <x>857.4622743521301</x>
      <y>96.00267714264265</y>
      <steeringAngle>0.17766666666666667</steeringAngle>
      <velocity>7.200000000000002</velocity>
      <orientation>2.4101393673047693</orientation>
      <time>19</time>
    </ksState>
    <ksState>
      <x>856.8835147883038</x>
      <y>96.49512267215242</y>
      <steeringAngle>0.17766666666666667</steeringAngle>
      <velocity>8.0</velocity>
      <orientation>2.4630552948789193</orientation>
      <time>20</time>
    </ksState>
    <ksState>
      <x>856.2803136173205</x>
      <y>96.95733366155734</y>
      <steeringAngle>0.1421333333333334</steeringAngle>
      <velocity>7.2</velocity>
      <orientation>2.5106826166245564</orientation>
      <time>21</time>
    </ksState>
    <ksState>
      <x>855.7243795288082</x>
      <y>97.34886279182706</y>
      <steeringAngle>0.10660000000000011</steeringAngle>
      <velocity>6.4</velocity>
      <orientation>2.543742187072524</orientation>
      <time>22</time>
    </ksState>
    <ksState>
      <x>855.2247413022588</x>
      <y>97.68105035599552</y>
      <steeringAngle>0.07106666666666674</steeringAngle>
      <velocity>5.600000000000001</velocity>
      <orientation>2.564559135366413</orientation>
      <time>23</time>
    </ksState>
    <ksState>
      <x>854.7872386303551</x>
      <y>97.9620996906713</y>
      <steeringAngle>0.03553333333333339</steeringAngle>
      <velocity>4.800000000000001</velocity>
      <orientation>2.5754097450240754</orientation>
      <time>24</time>
    </ksState>
    <ksState>
      <x>854.4154117986596</x>
      <y>98.19735409979096</y>
      <steeringAngle>5.5294310796760726e-17</steeringAngle>
      <velocity>4.0</velocity>
      <orientation>2.578533520861241</orientation>
      <time>25</time>
    </ksState>
    <ksState>
      <x>854.0771613266447</x>
      <y>98.41086432947965</y>
      <steeringAngle>0.0</steeringAngle>
      <velocity>4.0</velocity>
      <orientation>2.578533520861241</orientation>
      <time>26</time>
    </ksState>
    <ksState>
      <x>853.7389108546299</x>
      <y>98.62437455916834</y>
      <steeringAngle>0.0</steeringAngle>
      <velocity>4.0</velocity>
      <orientation>2.578533520861241</orientation>
      <time>27</time>
    </ksState>
    <ksState>
      <x>853.400660382615</x>
      <y>98.83788478885704</y>
      <steeringAngle>0.0</steeringAngle>
      <velocity>4.0</velocity>
      <orientation>2.578533520861241</orientation>
      <time>28</time>
    </ksState>
    <ksState>
      <x>853.0624099106002</x>
      <y>99.05139501854573</y>
      <steeringAngle>0.0</steeringAngle>
      <velocity>4.0</velocity>
      <orientation>2.578533520861241</orientation>
      <time>29</time>
    </ksState>
    <ksState>
      <x>852.7241594385853</x>
      <y>99.26490524823443</y>
      <steeringAngle>0.0</steeringAngle>
      <velocity>4.0</velocity>
      <orientation>2.578533520861241</orientation>
      <time>30</time>
    </ksState>
    <ksState>
      <x>852.4197340146409</x>
      <y>99.45706445440571</y>
      <steeringAngle>0.0</steeringAngle>
      <velocity>3.2</velocity>
      <orientation>2.578533520861241</orientation>
      <time>31</time>
    </ksState>
    <ksState>
      <x>852.1829586851857</x>
      <y>99.60652161458486</y>
      <steeringAngle>0.0</steeringAngle>
      <velocity>2.4000000000000004</velocity>
      <orientation>2.578533520861241</orientation>
      <time>32</time>
    </ksState>
    <ksState>
      <x>852.0138334501335</x>
      <y>99.71327672882627</y>
      <steeringAngle>0.0</steeringAngle>
      <velocity>1.6</velocity>
      <orientation>2.578533520861241</orientation>
      <time>33</time>
    </ksState>
  </ksTrajectory>
</CommonRoadSolution>
