<?xml version="1.0" ?>
<CommonRoadSolution benchmark_id="KS2:SM1:FRA_MoissyCramayel-4_1_T-1:2020a" computation_time="2.2968208580000464" date="2020-12-29">
  <ksTrajectory planningProblem="1">
    <ksState>
      <x>-724.51917</x>
      <y>-650.35229</y>
      <steeringAngle>0.0</steeringAngle>
      <velocity>4.0</velocity>
      <orientation>-0.21676464</orientation>
      <time>0</time>
    </ksState>
    <ksState>
      <x>-724.1285306432533</x>
      <y>-650.4383184427413</y>
      <steeringAngle>0.0</steeringAngle>
      <velocity>4.0</velocity>
      <orientation>-0.21676464</orientation>
      <time>1</time>
    </ksState>
    <ksState>
      <x>-723.7378912865065</x>
      <y>-650.5243468854827</y>
      <steeringAngle>0.0</steeringAngle>
      <velocity>4.0</velocity>
      <orientation>-0.21676464</orientation>
      <time>2</time>
    </ksState>
    <ksState>
      <x>-723.3472519297599</x>
      <y>-650.610375328224</y>
      <steeringAngle>0.0</steeringAngle>
      <velocity>4.0</velocity>
      <orientation>-0.21676464</orientation>
      <time>3</time>
    </ksState>
    <ksState>
      <x>-722.9566125730131</x>
      <y>-650.6964037709654</y>
      <steeringAngle>0.0</steeringAngle>
      <velocity>4.0</velocity>
      <orientation>-0.21676464</orientation>
      <time>4</time>
    </ksState>
    <ksState>
      <x>-722.5659732162663</x>
      <y>-650.7824322137067</y>
      <steeringAngle>0.0</steeringAngle>
      <velocity>4.0</velocity>
      <orientation>-0.21676464</orientation>
      <time>5</time>
    </ksState>
    <ksState>
      <x>-722.1753338595196</x>
      <y>-650.868460656448</y>
      <steeringAngle>0.0</steeringAngle>
      <velocity>4.0</velocity>
      <orientation>-0.21676464</orientation>
      <time>6</time>
    </ksState>
    <ksState>
      <x>-721.7846945027728</x>
      <y>-650.9544890991893</y>
      <steeringAngle>0.0</steeringAngle>
      <velocity>4.0</velocity>
      <orientation>-0.21676464</orientation>
      <time>7</time>
    </ksState>
    <ksState>
      <x>-721.3940551460262</x>
      <y>-651.0405175419306</y>
      <steeringAngle>0.0</steeringAngle>
      <velocity>4.0</velocity>
      <orientation>-0.21676464</orientation>
      <time>8</time>
    </ksState>
    <ksState>
      <x>-721.0034157892794</x>
      <y>-651.126545984672</y>
      <steeringAngle>0.0</steeringAngle>
      <velocity>4.0</velocity>
      <orientation>-0.21676464</orientation>
      <time>9</time>
    </ksState>
    <ksState>
      <x>-720.6127764325327</x>
      <y>-651.2125744274133</y>
      <steeringAngle>0.0</steeringAngle>
      <velocity>4.0</velocity>
      <orientation>-0.21676464</orientation>
      <time>10</time>
    </ksState>
    <ksState>
      <x>-720.2221370757859</x>
      <y>-651.2986028701546</y>
      <steeringAngle>0.0</steeringAngle>
      <velocity>4.0</velocity>
      <orientation>-0.21676464</orientation>
      <time>11</time>
    </ksState>
    <ksState>
      <x>-719.8314977190391</x>
      <y>-651.384631312896</y>
      <steeringAngle>0.0</steeringAngle>
      <velocity>4.0</velocity>
      <orientation>-0.21676464</orientation>
      <time>12</time>
    </ksState>
    <ksState>
      <x>-719.4408583622925</x>
      <y>-651.4706597556373</y>
      <steeringAngle>0.0</steeringAngle>
      <velocity>4.0</velocity>
      <orientation>-0.21676464</orientation>
      <time>13</time>
    </ksState>
    <ksState>
      <x>-719.0502190055457</x>
      <y>-651.5566881983787</y>
      <steeringAngle>0.0</steeringAngle>
      <velocity>4.0</velocity>
      <orientation>-0.21676464</orientation>
      <time>14</time>
    </ksState>
    <ksState>
      <x>-718.659579648799</x>
      <y>-651.6427166411199</y>
      <steeringAngle>0.0</steeringAngle>
      <velocity>4.0</velocity>
      <orientation>-0.21676464</orientation>
      <time>15</time>
    </ksState>
    <ksState>
      <x>-718.2689402920522</x>
      <y>-651.7287450838612</y>
      <steeringAngle>0.0</steeringAngle>
      <velocity>4.0</velocity>
      <orientation>-0.21676464</orientation>
      <time>16</time>
    </ksState>
    <ksState>
      <x>-717.8783009353054</x>
      <y>-651.8147735266026</y>
      <steeringAngle>0.0</steeringAngle>
      <velocity>4.0</velocity>
      <orientation>-0.21676464</orientation>
      <time>17</time>
    </ksState>
    <ksState>
      <x>-717.4876615785588</x>
      <y>-651.9008019693439</y>
      <steeringAngle>0.0</steeringAngle>
      <velocity>4.0</velocity>
      <orientation>-0.21676464</orientation>
      <time>18</time>
    </ksState>
    <ksState>
      <x>-717.097022221812</x>
      <y>-651.9868304120853</y>
      <steeringAngle>0.0</steeringAngle>
      <velocity>4.0</velocity>
      <orientation>-0.21676464</orientation>
      <time>19</time>
    </ksState>
    <ksState>
      <x>-716.7063828650653</x>
      <y>-652.0728588548266</y>
      <steeringAngle>0.0</steeringAngle>
      <velocity>4.0</velocity>
      <orientation>-0.21676464</orientation>
      <time>20</time>
    </ksState>
    <ksState>
      <x>-716.276579942563</x>
      <y>-652.1670357051681</y>
      <steeringAngle>0.035533333333333326</steeringAngle>
      <velocity>4.799999999999999</velocity>
      <orientation>-0.2136408613308092</orientation>
      <time>21</time>
    </ksState>
    <ksState>
      <x>-715.7678781491517</x>
      <y>-652.274830898365</y>
      <steeringAngle>0.07106666666666667</steeringAngle>
      <velocity>5.599999999999998</velocity>
      <orientation>-0.2027902502696364</orientation>
      <time>22</time>
    </ksState>
    <ksState>
      <x>-715.1790375937289</x>
      <y>-652.3899557681426</y>
      <steeringAngle>0.10659999999999999</steeringAngle>
      <velocity>6.3999999999999995</velocity>
      <orientation>-0.1819733012693084</orientation>
      <time>23</time>
    </ksState>
    <ksState>
      <x>-714.5084423102476</x>
      <y>-652.5024712254353</y>
      <steeringAngle>0.14213333333333333</steeringAngle>
      <velocity>7.199999999999999</velocity>
      <orientation>-0.14891373028814325</orientation>
      <time>24</time>
    </ksState>
    <ksState>
      <x>-713.7545381349103</x>
      <y>-652.597965272741</y>
      <steeringAngle>0.17766666666666664</steeringAngle>
      <velocity>7.9999999999999964</velocity>
      <orientation>-0.10128640820659664</orientation>
      <time>25</time>
    </ksState>
    <ksState>
      <x>-712.9968371564088</x>
      <y>-652.6561019959055</y>
      <steeringAngle>0.1421333333333334</steeringAngle>
      <velocity>7.2</velocity>
      <orientation>-0.05365908646095971</orientation>
      <time>26</time>
    </ksState>
    <ksState>
      <x>-712.3173170606777</x>
      <y>-652.6808044273117</y>
      <steeringAngle>0.10660000000000011</steeringAngle>
      <velocity>6.4</velocity>
      <orientation>-0.020599516012991745</orientation>
      <time>27</time>
    </ksState>
    <ksState>
      <x>-711.717355006407</x>
      <y>-652.6865025544561</y>
      <steeringAngle>0.07106666666666674</steeringAngle>
      <velocity>5.600000000000001</velocity>
      <orientation>0.00021743228089672606</orientation>
      <time>28</time>
    </ksState>
    <ksState>
      <x>-711.19736771323</x>
      <y>-652.6832573458254</y>
      <steeringAngle>0.03553333333333339</steeringAngle>
      <velocity>4.800000000000001</velocity>
      <orientation>0.011068041938559606</orientation>
      <time>29</time>
    </ksState>
    <ksState>
      <x>-710.757405859589</x>
      <y>-652.6774783217229</y>
      <steeringAngle>5.5294310796760726e-17</steeringAngle>
      <velocity>4.0</velocity>
      <orientation>0.01419181777572516</orientation>
      <time>30</time>
    </ksState>
    <ksState>
      <x>-710.3974058606167</x>
      <y>-652.6723692673382</y>
      <steeringAngle>0.0</steeringAngle>
      <velocity>3.2</velocity>
      <orientation>0.01419181777572516</orientation>
      <time>31</time>
    </ksState>
    <ksState>
      <x>-710.1174058617462</x>
      <y>-652.668395558377</y>
      <steeringAngle>0.0</steeringAngle>
      <velocity>2.4000000000000004</velocity>
      <orientation>0.01419181777572516</orientation>
      <time>32</time>
    </ksState>
    <ksState>
      <x>-709.9174058628757</x>
      <y>-652.6655571948379</y>
      <steeringAngle>0.0</steeringAngle>
      <velocity>1.6</velocity>
      <orientation>0.01419181777572516</orientation>
      <time>33</time>
    </ksState>
  </ksTrajectory>
</CommonRoadSolution>
