<?xml version="1.0" ?>
<CommonRoadSolution benchmark_id="KS2:SM1:ESP_Almansa-6_1_T-1:2020a" computation_time="1.8734508340000957" date="2020-12-29">
  <ksTrajectory planningProblem="1">
    <ksState>
      <x>-1008.6572</x>
      <y>-759.65605</y>
      <steeringAngle>0.0</steeringAngle>
      <velocity>12.0</velocity>
      <orientation>-0.17065052</orientation>
      <time>0</time>
    </ksState>
    <ksState>
      <x>-1007.5135408267394</x>
      <y>-759.8500506189631</y>
      <steeringAngle>0.03553333333333333</steeringAngle>
      <velocity>11.200000000000001</velocity>
      <orientation>-0.16274924622765594</orientation>
      <time>1</time>
    </ksState>
    <ksState>
      <x>-1006.446157206841</x>
      <y>-760.0145006158256</y>
      <steeringAngle>0.07106666666666667</steeringAngle>
      <velocity>10.400000000000007</velocity>
      <orientation>-0.14049681542916598</orientation>
      <time>2</time>
    </ksState>
    <ksState>
      <x>-1005.4539377484571</x>
      <y>-760.1386034574248</y>
      <steeringAngle>0.10660000000000001</steeringAngle>
      <velocity>9.60000000000001</velocity>
      <orientation>-0.10604880454449428</orientation>
      <time>3</time>
    </ksState>
    <ksState>
      <x>-1004.5373245901427</x>
      <y>-760.2165812123318</y>
      <steeringAngle>0.14213333333333344</steeringAngle>
      <velocity>8.800000000000008</velocity>
      <orientation>-0.061540672423649384</orientation>
      <time>4</time>
    </ksState>
    <ksState>
      <x>-1003.6979744188552</x>
      <y>-760.2470703341318</y>
      <steeringAngle>0.17766666666666675</steeringAngle>
      <velocity>8.000000000000009</velocity>
      <orientation>-0.009098374608667942</orientation>
      <time>5</time>
    </ksState>
    <ksState>
      <x>-1002.9381075040958</x>
      <y>-760.2352074434507</y>
      <steeringAngle>0.1421333333333334</steeringAngle>
      <velocity>7.2</velocity>
      <orientation>0.038528947136968986</orientation>
      <time>6</time>
    </ksState>
    <ksState>
      <x>-1002.2591707257035</x>
      <y>-760.1972483109971</y>
      <steeringAngle>0.10660000000000011</steeringAngle>
      <velocity>6.4</velocity>
      <orientation>0.07158851758493695</orientation>
      <time>7</time>
    </ksState>
    <ksState>
      <x>-1001.661207003942</x>
      <y>-760.1476890278639</y>
      <steeringAngle>0.07106666666666674</steeringAngle>
      <velocity>5.600000000000001</velocity>
      <orientation>0.09240546587882542</orientation>
      <time>8</time>
    </ksState>
    <ksState>
      <x>-1001.1437050775295</x>
      <y>-760.096586618845</y>
      <steeringAngle>0.03553333333333339</steeringAngle>
      <velocity>4.800000000000001</velocity>
      <orientation>0.1032560755364883</orientation>
      <time>9</time>
    </ksState>
    <ksState>
      <x>-1000.7061253412938</x>
      <y>-760.0503283169936</y>
      <steeringAngle>5.5294310796760726e-17</steeringAngle>
      <velocity>4.0</velocity>
      <orientation>0.10637985137365386</orientation>
      <time>10</time>
    </ksState>
    <ksState>
      <x>-1000.3083478435942</x>
      <y>-760.0082220342325</y>
      <steeringAngle>-0.035533333333333326</steeringAngle>
      <velocity>4.0</velocity>
      <orientation>0.10362357684105346</orientation>
      <time>11</time>
    </ksState>
    <ksState>
      <x>-999.9103451805871</x>
      <y>-759.9683101644769</y>
      <steeringAngle>-0.07106666666666711</steeringAngle>
      <velocity>4.0</velocity>
      <orientation>0.09534781629776803</orientation>
      <time>12</time>
    </ksState>
    <ksState>
      <x>-999.5119280549987</x>
      <y>-759.9327962273629</y>
      <steeringAngle>-0.10660000000000043</steeringAngle>
      <velocity>4.0</velocity>
      <orientation>0.08153157647863118</orientation>
      <time>13</time>
    </ksState>
    <ksState>
      <x>-999.112979379827</x>
      <y>-759.9039010448405</y>
      <steeringAngle>-0.14213333333333378</steeringAngle>
      <velocity>4.0</velocity>
      <orientation>0.062139650093085357</orientation>
      <time>14</time>
    </ksState>
    <ksState>
      <x>-998.7134917500184</x>
      <y>-759.8838690821474</y>
      <steeringAngle>-0.1776666666666672</steeringAngle>
      <velocity>4.0</velocity>
      <orientation>0.037122243641688035</orientation>
      <time>15</time>
    </ksState>
    <ksState>
      <x>-998.3133431592435</x>
      <y>-759.8742135135674</y>
      <steeringAngle>-0.1421333333333333</steeringAngle>
      <velocity>4.0</velocity>
      <orientation>0.012104837297164727</orientation>
      <time>16</time>
    </ksState>
    <ksState>
      <x>-997.9130746665745</x>
      <y>-759.8734428431576</y>
      <steeringAngle>-0.10659999999999999</steeringAngle>
      <velocity>4.0</velocity>
      <orientation>-0.00728708899358585</orientation>
      <time>17</time>
    </ksState>
    <ksState>
      <x>-997.5128454448909</x>
      <y>-759.8793166946122</y>
      <steeringAngle>-0.07106666666666664</steeringAngle>
      <velocity>4.0</velocity>
      <orientation>-0.02110332872853877</orientation>
      <time>18</time>
    </ksState>
    <ksState>
      <x>-997.1127034570745</x>
      <y>-759.8896101465251</y>
      <steeringAngle>-0.03553333333333332</steeringAngle>
      <velocity>4.0</velocity>
      <orientation>-0.029379089190804134</orientation>
      <time>19</time>
    </ksState>
    <ksState>
      <x>-996.7126233072344</x>
      <y>-759.902110184693</y>
      <steeringAngle>2.2985086056692694e-17</steeringAngle>
      <velocity>4.0</velocity>
      <orientation>-0.03213535248564449</orientation>
      <time>20</time>
    </ksState>
    <ksState>
      <x>-996.3126233072344</x>
      <y>-759.9149643256873</y>
      <steeringAngle>0.0</steeringAngle>
      <velocity>4.0</velocity>
      <orientation>-0.03213535248564449</orientation>
      <time>21</time>
    </ksState>
    <ksState>
      <x>-995.9126233072344</x>
      <y>-759.9278184666815</y>
      <steeringAngle>0.0</steeringAngle>
      <velocity>4.0</velocity>
      <orientation>-0.03213535248564449</orientation>
      <time>22</time>
    </ksState>
    <ksState>
      <x>-995.5126233072343</x>
      <y>-759.9406726076758</y>
      <steeringAngle>0.0</steeringAngle>
      <velocity>4.0</velocity>
      <orientation>-0.03213535248564449</orientation>
      <time>23</time>
    </ksState>
    <ksState>
      <x>-995.1126233072343</x>
      <y>-759.95352674867</y>
      <steeringAngle>0.0</steeringAngle>
      <velocity>4.0</velocity>
      <orientation>-0.03213535248564449</orientation>
      <time>24</time>
    </ksState>
    <ksState>
      <x>-994.7126233072344</x>
      <y>-759.9663808896643</y>
      <steeringAngle>0.0</steeringAngle>
      <velocity>4.0</velocity>
      <orientation>-0.03213535248564449</orientation>
      <time>25</time>
    </ksState>
    <ksState>
      <x>-994.3126233072344</x>
      <y>-759.9792350306585</y>
      <steeringAngle>0.0</steeringAngle>
      <velocity>4.0</velocity>
      <orientation>-0.03213535248564449</orientation>
      <time>26</time>
    </ksState>
    <ksState>
      <x>-993.9126233072344</x>
      <y>-759.9920891716528</y>
      <steeringAngle>0.0</steeringAngle>
      <velocity>4.0</velocity>
      <orientation>-0.03213535248564449</orientation>
      <time>27</time>
    </ksState>
    <ksState>
      <x>-993.5126233072343</x>
      <y>-760.004943312647</y>
      <steeringAngle>0.0</steeringAngle>
      <velocity>4.0</velocity>
      <orientation>-0.03213535248564449</orientation>
      <time>28</time>
    </ksState>
    <ksState>
      <x>-993.1126233072343</x>
      <y>-760.0177974536413</y>
      <steeringAngle>0.0</steeringAngle>
      <velocity>4.0</velocity>
      <orientation>-0.03213535248564449</orientation>
      <time>29</time>
    </ksState>
    <ksState>
      <x>-992.7126233072344</x>
      <y>-760.0306515946355</y>
      <steeringAngle>0.0</steeringAngle>
      <velocity>4.0</velocity>
      <orientation>-0.03213535248564449</orientation>
      <time>30</time>
    </ksState>
    <ksState>
      <x>-992.3526233082621</x>
      <y>-760.0422203214973</y>
      <steeringAngle>0.0</steeringAngle>
      <velocity>3.2</velocity>
      <orientation>-0.03213535248564449</orientation>
      <time>31</time>
    </ksState>
    <ksState>
      <x>-992.0726233093916</x>
      <y>-760.051218220157</y>
      <steeringAngle>0.0</steeringAngle>
      <velocity>2.4000000000000004</velocity>
      <orientation>-0.03213535248564449</orientation>
      <time>32</time>
    </ksState>
    <ksState>
      <x>-991.8726233105211</x>
      <y>-760.0576452906179</y>
      <steeringAngle>0.0</steeringAngle>
      <velocity>1.6</velocity>
      <orientation>-0.03213535248564449</orientation>
      <time>33</time>
    </ksState>
  </ksTrajectory>
</CommonRoadSolution>
