<?xml version="1.0" ?>
<CommonRoadSolution benchmark_id="KS2:SM1:BEL_Aarschot-3_1_T-1:2020a" computation_time="0.4476785040000095" date="2020-12-29">
  <ksTrajectory planningProblem="1">
    <ksState>
      <x>-257.22216</x>
      <y>-211.03686</y>
      <steeringAngle>0.0</steeringAngle>
      <velocity>8.0</velocity>
      <orientation>-4.6162351</orientation>
      <time>0</time>
    </ksState>
    <ksState>
      <x>-257.2975012780751</x>
      <y>-210.24041672607825</y>
      <steeringAngle>-0.03553333333333333</steeringAngle>
      <velocity>8.0</velocity>
      <orientation>-4.621747635002839</orientation>
      <time>1</time>
    </ksState>
    <ksState>
      <x>-257.3640529528401</x>
      <y>-209.44319896735067</y>
      <steeringAngle>-0.07106666666666667</steeringAngle>
      <velocity>8.0</velocity>
      <orientation>-4.638299155883108</orientation>
      <time>2</time>
    </ksState>
    <ksState>
      <x>-257.412980425262</x>
      <y>-208.64472212221517</y>
      <steeringAngle>-0.10659999999999997</steeringAngle>
      <velocity>8.0</velocity>
      <orientation>-4.665931635173803</orientation>
      <time>3</time>
    </ksState>
    <ksState>
      <x>-257.4353748153058</x>
      <y>-207.84508585231245</y>
      <steeringAngle>-0.1421333333333333</steeringAngle>
      <velocity>8.0</velocity>
      <orientation>-4.7047154874465384</orientation>
      <time>4</time>
    </ksState>
    <ksState>
      <x>-257.42225567264614</x>
      <y>-207.0452769546943</y>
      <steeringAngle>-0.17766666666666667</steeringAngle>
      <velocity>8.0</velocity>
      <orientation>-4.754750299695693</orientation>
      <time>5</time>
    </ksState>
    <ksState>
      <x>-257.3686672624849</x>
      <y>-206.28727627996892</y>
      <steeringAngle>-0.21320000000000014</steeringAngle>
      <velocity>7.200000000000003</velocity>
      <orientation>-4.812999626767185</orientation>
      <time>6</time>
    </ksState>
    <ksState>
      <x>-257.2800273686867</x>
      <y>-205.61318777538975</y>
      <steeringAngle>-0.24873333333333347</steeringAngle>
      <velocity>6.400000000000004</velocity>
      <orientation>-4.874916714252965</orientation>
      <time>7</time>
    </ksState>
    <ksState>
      <x>-257.16467030993505</x>
      <y>-205.02448399012653</y>
      <steeringAngle>-0.2842666666666668</steeringAngle>
      <velocity>5.600000000000001</velocity>
      <orientation>-4.938338857016886</orientation>
      <time>8</time>
    </ksState>
    <ksState>
      <x>-257.0326891437992</x>
      <y>-204.5215999583688</y>
      <steeringAngle>-0.3198</steeringAngle>
      <velocity>4.800000000000002</velocity>
      <orientation>-5.001067956758838</orientation>
      <time>9</time>
    </ksState>
    <ksState>
      <x>-256.89513284345793</x>
      <y>-204.10372363094064</y>
      <steeringAngle>-0.3553333333333332</steeringAngle>
      <velocity>4.000000000000001</velocity>
      <orientation>-5.060857790807053</orientation>
      <time>10</time>
    </ksState>
    <ksState>
      <x>-256.74741934168384</x>
      <y>-203.73206307937548</y>
      <steeringAngle>-0.39086666666666653</steeringAngle>
      <velocity>4.0</velocity>
      <orientation>-5.12157815711304</orientation>
      <time>11</time>
    </ksState>
    <ksState>
      <x>-256.57626967550976</x>
      <y>-203.37061094760605</y>
      <steeringAngle>-0.42639999999999995</steeringAngle>
      <velocity>4.0</velocity>
      <orientation>-5.188747770569444</orientation>
      <time>12</time>
    </ksState>
    <ksState>
      <x>-256.380099506908</x>
      <y>-203.02212189441659</y>
      <steeringAngle>-0.4619333333333333</steeringAngle>
      <velocity>4.0</velocity>
      <orientation>-5.262568354201788</orientation>
      <time>13</time>
    </ksState>
    <ksState>
      <x>-256.15763345862973</x>
      <y>-202.68982376560922</y>
      <steeringAngle>-0.49746666666666667</steeringAngle>
      <velocity>4.0</velocity>
      <orientation>-5.343268896015008</orientation>
      <time>14</time>
    </ksState>
    <ksState>
      <x>-255.90800685944774</x>
      <y>-202.37743983979163</y>
      <steeringAngle>-0.533</steeringAngle>
      <velocity>4.0</velocity>
      <orientation>-5.431108762614817</orientation>
      <time>15</time>
    </ksState>
    <ksState>
      <x>-255.63124106443195</x>
      <y>-202.08884137562097</y>
      <steeringAngle>-0.533</steeringAngle>
      <velocity>4.0</velocity>
      <orientation>-5.522613061169636</orientation>
      <time>16</time>
    </ksState>
    <ksState>
      <x>-255.32926196113817</x>
      <y>-201.82674020175517</y>
      <steeringAngle>-0.533</steeringAngle>
      <velocity>4.0</velocity>
      <orientation>-5.614117359724457</orientation>
      <time>17</time>
    </ksState>
    <ksState>
      <x>-255.00459628690996</x>
      <y>-201.59332939369403</y>
      <steeringAngle>-0.533</steeringAngle>
      <velocity>4.0</velocity>
      <orientation>-5.705621658279276</orientation>
      <time>18</time>
    </ksState>
    <ksState>
      <x>-254.65996058264497</x>
      <y>-201.39056194538372</y>
      <steeringAngle>-0.533</steeringAngle>
      <velocity>4.0</velocity>
      <orientation>-5.797125956834096</orientation>
      <time>19</time>
    </ksState>
    <ksState>
      <x>-254.29823848215597</x>
      <y>-201.220134451659</y>
      <steeringAngle>-0.533</steeringAngle>
      <velocity>4.0</velocity>
      <orientation>-5.888630255388916</orientation>
      <time>20</time>
    </ksState>
    <ksState>
      <x>-253.92261407101387</x>
      <y>-201.08300874920127</y>
      <steeringAngle>-0.4974666666666666</steeringAngle>
      <velocity>4.0</velocity>
      <orientation>-5.976470122228365</orientation>
      <time>21</time>
    </ksState>
    <ksState>
      <x>-253.536763742772</x>
      <y>-200.97797201544395</y>
      <steeringAngle>-0.4619333333333334</steeringAngle>
      <velocity>4.0</velocity>
      <orientation>-6.057170664015536</orientation>
      <time>22</time>
    </ksState>
    <ksState>
      <x>-253.14394144393927</x>
      <y>-200.903018687014</y>
      <steeringAngle>-0.42640000000000017</steeringAngle>
      <velocity>4.0</velocity>
      <orientation>-6.1309912472653405</orientation>
      <time>23</time>
    </ksState>
    <ksState>
      <x>-252.74680067719862</x>
      <y>-200.85591168569368</y>
      <steeringAngle>-0.3908666666666668</steeringAngle>
      <velocity>4.0</velocity>
      <orientation>-6.198160860128203</orientation>
      <time>24</time>
    </ksState>
    <ksState>
      <x>-252.34744801818516</x>
      <y>-200.8342717588633</y>
      <steeringAngle>-0.3553333333333335</steeringAngle>
      <velocity>4.0</velocity>
      <orientation>-6.258881228006489</orientation>
      <time>25</time>
    </ksState>
    <ksState>
      <x>-251.9474997875316</x>
      <y>-200.8356459784772</y>
      <steeringAngle>-0.31979999999999986</steeringAngle>
      <velocity>4.0</velocity>
      <orientation>-0.03014412002028255</orientation>
      <time>26</time>
    </ksState>
    <ksState>
      <x>-251.5481394108167</x>
      <y>-200.85755823500085</y>
      <steeringAngle>-0.28426666666666656</steeringAngle>
      <velocity>4.0</velocity>
      <orientation>-0.07847479950153957</orientation>
      <time>27</time>
    </ksState>
    <ksState>
      <x>-251.1501731680038</x>
      <y>-200.89754510479344</y>
      <steeringAngle>-0.2487333333333332</steeringAngle>
      <velocity>4.0</velocity>
      <orientation>-0.12082203322441476</orientation>
      <time>28</time>
    </ksState>
    <ksState>
      <x>-250.75408345280115</x>
      <y>-200.95317949105225</y>
      <steeringAngle>-0.21319999999999986</steeringAngle>
      <velocity>4.0</velocity>
      <orientation>-0.15730087429804218</orientation>
      <time>29</time>
    </ksState>
    <ksState>
      <x>-250.3600789281031</x>
      <y>-201.02208414533422</y>
      <steeringAngle>-0.1776666666666665</steeringAngle>
      <velocity>4.0</velocity>
      <orientation>-0.1880086569468702</orientation>
      <time>30</time>
    </ksState>
    <ksState>
      <x>-250.0073029702462</x>
      <y>-201.09379423963932</y>
      <steeringAngle>-0.17766666666666667</steeringAngle>
      <velocity>3.2000000000000006</velocity>
      <orientation>-0.21307409621504778</orientation>
      <time>31</time>
    </ksState>
    <ksState>
      <x>-249.7342295223917</x>
      <y>-201.15566837203232</y>
      <steeringAngle>-0.17766666666666667</steeringAngle>
      <velocity>2.4000000000000012</velocity>
      <orientation>-0.23256943784507755</orientation>
      <time>32</time>
    </ksState>
    <ksState>
      <x>-249.53994127602414</x>
      <y>-201.20311761202817</y>
      <steeringAngle>-0.17766666666666667</steeringAngle>
      <velocity>1.6000000000000005</velocity>
      <orientation>-0.24649468184405854</orientation>
      <time>33</time>
    </ksState>
  </ksTrajectory>
</CommonRoadSolution>
