<?xml version="1.0" ?>
<CommonRoadSolution benchmark_id="KS2:SM1:DEU_Guetersloh-24_3_T-1:2020a" computation_time="0.9118861340000421" date="2020-12-29">
  <ksTrajectory planningProblem="1">
    <ksState>
      <x>424.97436</x>
      <y>-381.76597</y>
      <steeringAngle>0.0</steeringAngle>
      <velocity>0.0</velocity>
      <orientation>-0.083753866</orientation>
      <time>0</time>
    </ksState>
    <ksState>
      <x>425.01422028044766</x>
      <y>-381.7693103712818</y>
      <steeringAngle>0.03553333333333333</steeringAngle>
      <velocity>0.8</velocity>
      <orientation>-0.08338633422175802</orientation>
      <time>1</time>
    </ksState>
    <ksState>
      <x>425.133814730654</x>
      <y>-381.7791673258906</y>
      <steeringAngle>0.0710666666666667</steeringAngle>
      <velocity>1.6</velocity>
      <orientation>-0.08081148762977237</orientation>
      <time>2</time>
    </ksState>
    <ksState>
      <x>425.3332133650458</x>
      <y>-381.79465990673026</y>
      <steeringAngle>0.10660000000000003</steeringAngle>
      <velocity>2.4000000000000004</velocity>
      <orientation>-0.07381078339293516</orientation>
      <time>3</time>
    </ksState>
    <ksState>
      <x>425.61257727900363</x>
      <y>-381.8134901527885</y>
      <steeringAngle>0.14213333333333342</steeringAngle>
      <velocity>3.2000000000000015</velocity>
      <orientation>-0.06014314245211501</orientation>
      <time>4</time>
    </ksState>
    <ksState>
      <x>425.97213288628905</x>
      <y>-381.83121667756063</y>
      <steeringAngle>0.17766666666666683</steeringAngle>
      <velocity>4.0000000000000036</velocity>
      <orientation>-0.03753322657889486</orientation>
      <time>5</time>
    </ksState>
    <ksState>
      <x>426.3722836107602</x>
      <y>-381.8410366211762</y>
      <steeringAngle>0.1421333333333333</steeringAngle>
      <velocity>4.0</velocity>
      <orientation>-0.01251582023437155</orientation>
      <time>6</time>
    </ksState>
    <ksState>
      <x>426.7725578854686</x>
      <y>-381.84197158046453</y>
      <steeringAngle>0.10659999999999999</steeringAngle>
      <velocity>4.0</velocity>
      <orientation>0.006876106056379026</orientation>
      <time>7</time>
    </ksState>
    <ksState>
      <x>427.1727956156204</x>
      <y>-381.8362619005375</y>
      <steeringAngle>0.07106666666666664</steeringAngle>
      <velocity>4.0</velocity>
      <orientation>0.020692345791331945</orientation>
      <time>8</time>
    </ksState>
    <ksState>
      <x>427.57294792445657</x>
      <y>-381.82613251701474</y>
      <steeringAngle>0.03553333333333332</steeringAngle>
      <velocity>4.0</velocity>
      <orientation>0.02896810625359731</orientation>
      <time>9</time>
    </ksState>
    <ksState>
      <x>427.9730392999957</x>
      <y>-381.8137964882387</y>
      <steeringAngle>-2.2985086056692694e-17</steeringAngle>
      <velocity>4.0</velocity>
      <orientation>0.031724369548437666</orientation>
      <time>10</time>
    </ksState>
    <ksState>
      <x>428.37302731874723</x>
      <y>-381.8007392620778</y>
      <steeringAngle>0.035533333333333326</steeringAngle>
      <velocity>4.0</velocity>
      <orientation>0.03448064408103806</orientation>
      <time>11</time>
    </ksState>
    <ksState>
      <x>428.7729362473736</x>
      <y>-381.7854764090059</y>
      <steeringAngle>0.07106666666666711</steeringAngle>
      <velocity>4.0</velocity>
      <orientation>0.04275640462432349</orientation>
      <time>12</time>
    </ksState>
    <ksState>
      <x>429.17265019709396</x>
      <y>-381.765798217538</y>
      <steeringAngle>0.10660000000000043</steeringAngle>
      <velocity>4.0</velocity>
      <orientation>0.05657264444346033</orientation>
      <time>13</time>
    </ksState>
    <ksState>
      <x>429.5719793373483</x>
      <y>-381.7394877750808</y>
      <steeringAngle>0.14213333333333378</steeringAngle>
      <velocity>4.0</velocity>
      <orientation>0.07596457082900616</orientation>
      <time>14</time>
    </ksState>
    <ksState>
      <x>429.9706218888653</x>
      <y>-381.7043198449258</y>
      <steeringAngle>0.1776666666666672</steeringAngle>
      <velocity>4.0</velocity>
      <orientation>0.10098197728040348</orientation>
      <time>15</time>
    </ksState>
    <ksState>
      <x>430.3680168612596</x>
      <y>-381.658834876249</y>
      <steeringAngle>0.1421333333333333</steeringAngle>
      <velocity>4.0</velocity>
      <orientation>0.1259993836249268</orientation>
      <time>16</time>
    </ksState>
    <ksState>
      <x>430.76430835907956</x>
      <y>-381.6045391482597</y>
      <steeringAngle>0.10659999999999999</steeringAngle>
      <velocity>4.0</velocity>
      <orientation>0.14539130991567736</orientation>
      <time>17</time>
    </ksState>
    <ksState>
      <x>431.1596470058638</x>
      <y>-381.54367207881006</y>
      <steeringAngle>0.07106666666666664</steeringAngle>
      <velocity>4.0</velocity>
      <orientation>0.15920754965063028</orientation>
      <time>18</time>
    </ksState>
    <ksState>
      <x>431.5542913748494</x>
      <y>-381.4784424911217</y>
      <steeringAngle>0.03553333333333332</steeringAngle>
      <velocity>4.0</velocity>
      <orientation>0.16748331011289563</orientation>
      <time>19</time>
    </ksState>
    <ksState>
      <x>431.94857101185494</x>
      <y>-381.41103733188083</y>
      <steeringAngle>-2.2985086056692694e-17</steeringAngle>
      <velocity>4.0</velocity>
      <orientation>0.170239573407736</orientation>
      <time>20</time>
    </ksState>
    <ksState>
      <x>432.38228885015167</x>
      <y>-381.3369517862261</y>
      <steeringAngle>-0.035533333333333326</steeringAngle>
      <velocity>4.799999999999999</velocity>
      <orientation>0.16711579473854518</orientation>
      <time>21</time>
    </ksState>
    <ksState>
      <x>432.8954535489837</x>
      <y>-381.2529320851504</y>
      <steeringAngle>-0.07106666666666667</steeringAngle>
      <velocity>5.599999999999998</velocity>
      <orientation>0.15626518367737238</orientation>
      <time>22</time>
    </ksState>
    <ksState>
      <x>433.4890111826966</x>
      <y>-381.1653177551972</y>
      <steeringAngle>-0.10659999999999999</steeringAngle>
      <velocity>6.3999999999999995</velocity>
      <orientation>0.1354482346770444</orientation>
      <time>23</time>
    </ksState>
    <ksState>
      <x>434.1641137187318</x>
      <y>-381.0841122861939</y>
      <steeringAngle>-0.14213333333333333</steeringAngle>
      <velocity>7.199999999999999</velocity>
      <orientation>0.10238866369587925</orientation>
      <time>24</time>
    </ksState>
    <ksState>
      <x>434.92164336186204</x>
      <y>-381.02378436197324</y>
      <steeringAngle>-0.17766666666666664</steeringAngle>
      <velocity>7.9999999999999964</velocity>
      <orientation>0.05476134161433262</orientation>
      <time>25</time>
    </ksState>
    <ksState>
      <x>435.68122827461684</x>
      <y>-381.0009499204934</y>
      <steeringAngle>-0.1421333333333334</steeringAngle>
      <velocity>7.2</velocity>
      <orientation>0.00713401986869569</orientation>
      <time>26</time>
    </ksState>
    <ksState>
      <x>436.36116193226655</x>
      <y>-381.00787753298044</y>
      <steeringAngle>-0.10660000000000011</steeringAngle>
      <velocity>6.4</velocity>
      <orientation>-0.025925550579272275</orientation>
      <time>27</time>
    </ksState>
    <ksState>
      <x>436.9607397802933</x>
      <y>-381.0300887772781</y>
      <steeringAngle>-0.07106666666666674</steeringAngle>
      <velocity>5.600000000000001</velocity>
      <orientation>-0.046742498873160745</orientation>
      <time>28</time>
    </ksState>
    <ksState>
      <x>437.48001346837253</x>
      <y>-381.05751419091536</y>
      <steeringAngle>-0.03553333333333339</steeringAngle>
      <velocity>4.800000000000001</velocity>
      <orientation>-0.057593108530823625</orientation>
      <time>29</time>
    </ksState>
    <ksState>
      <x>437.91923046869067</x>
      <y>-381.08374883233586</y>
      <steeringAngle>-5.5294310796760726e-17</steeringAngle>
      <velocity>4.0</velocity>
      <orientation>-0.06071688436798918</orientation>
      <time>30</time>
    </ksState>
    <ksState>
      <x>438.27856709429</x>
      <y>-381.10559348300774</y>
      <steeringAngle>0.0</steeringAngle>
      <velocity>3.2</velocity>
      <orientation>-0.06071688436798918</orientation>
      <time>31</time>
    </ksState>
    <ksState>
      <x>438.5580511360931</x>
      <y>-381.1225837668436</y>
      <steeringAngle>0.0</steeringAngle>
      <velocity>2.4000000000000004</velocity>
      <orientation>-0.06071688436798918</orientation>
      <time>32</time>
    </ksState>
    <ksState>
      <x>438.7576825942018</x>
      <y>-381.13471968384965</y>
      <steeringAngle>0.0</steeringAngle>
      <velocity>1.6</velocity>
      <orientation>-0.06071688436798918</orientation>
      <time>33</time>
    </ksState>
  </ksTrajectory>
</CommonRoadSolution>
