<?xml version="1.0" ?>
<CommonRoadSolution benchmark_id="KS2:SM1:DEU_Backnang-1_2_T-1:2020a" computation_time="1.782169850999992" date="2020-12-29">
  <ksTrajectory planningProblem="1">
    <ksState>
      <x>-546.1219</x>
      <y>286.09241</y>
      <steeringAngle>0.0</steeringAngle>
      <velocity>12.0</velocity>
      <orientation>2.8639372</orientation>
      <time>0</time>
    </ksState>
    <ksState>
      <x>-547.2374728404726</x>
      <y>286.4103679161878</y>
      <steeringAngle>0.0</steeringAngle>
      <velocity>11.200000000000001</velocity>
      <orientation>2.8639372</orientation>
      <time>1</time>
    </ksState>
    <ksState>
      <x>-548.2761096225155</x>
      <y>286.7063977000918</y>
      <steeringAngle>0.0</steeringAngle>
      <velocity>10.4</velocity>
      <orientation>2.8639372</orientation>
      <time>2</time>
    </ksState>
    <ksState>
      <x>-549.2378103464265</x>
      <y>286.9804993517971</y>
      <steeringAngle>0.0</steeringAngle>
      <velocity>9.599999999999998</velocity>
      <orientation>2.8639372</orientation>
      <time>3</time>
    </ksState>
    <ksState>
      <x>-550.1225750122902</x>
      <y>287.2326728713276</y>
      <steeringAngle>0.0</steeringAngle>
      <velocity>8.799999999999999</velocity>
      <orientation>2.8639372</orientation>
      <time>4</time>
    </ksState>
    <ksState>
      <x>-550.9304036201345</x>
      <y>287.46291825869133</y>
      <steeringAngle>0.0</steeringAngle>
      <velocity>7.999999999999997</velocity>
      <orientation>2.8639372</orientation>
      <time>5</time>
    </ksState>
    <ksState>
      <x>-551.6993589155521</x>
      <y>287.68361250511913</y>
      <steeringAngle>-0.03553333333333333</steeringAngle>
      <velocity>8.0</velocity>
      <orientation>2.858424664997161</orientation>
      <time>6</time>
    </ksState>
    <ksState>
      <x>-552.4658255624894</x>
      <y>287.9127721860783</y>
      <steeringAngle>-0.07106666666666667</steeringAngle>
      <velocity>8.0</velocity>
      <orientation>2.841873144116892</orientation>
      <time>7</time>
    </ksState>
    <ksState>
      <x>-553.2270286168726</x>
      <y>288.1587987695462</y>
      <steeringAngle>-0.10659999999999997</steeringAngle>
      <velocity>8.0</velocity>
      <orientation>2.8142406648261966</orientation>
      <time>8</time>
    </ksState>
    <ksState>
      <x>-553.9796220940372</x>
      <y>288.4299495227792</y>
      <steeringAngle>-0.1421333333333333</steeringAngle>
      <velocity>8.0</velocity>
      <orientation>2.775456812553462</orientation>
      <time>9</time>
    </ksState>
    <ksState>
      <x>-554.7194080018365</x>
      <y>288.73422439067775</y>
      <steeringAngle>-0.17766666666666667</steeringAngle>
      <velocity>8.0</velocity>
      <orientation>2.7254220003043073</orientation>
      <time>10</time>
    </ksState>
    <ksState>
      <x>-555.4417398726373</x>
      <y>289.0778392771272</y>
      <steeringAngle>-0.17766666666666667</steeringAngle>
      <velocity>8.0</velocity>
      <orientation>2.6697210239937954</orientation>
      <time>11</time>
    </ksState>
    <ksState>
      <x>-556.1438217250055</x>
      <y>289.4611350558056</y>
      <steeringAngle>-0.17766666666666667</steeringAngle>
      <velocity>8.0</velocity>
      <orientation>2.6140200476832836</orientation>
      <time>12</time>
    </ksState>
    <ksState>
      <x>-556.823475812169</x>
      <y>289.8829228066687</y>
      <steeringAngle>-0.17766666666666667</steeringAngle>
      <velocity>8.0</velocity>
      <orientation>2.558319071372772</orientation>
      <time>13</time>
    </ksState>
    <ksState>
      <x>-557.4785939854455</x>
      <y>290.34189422993967</y>
      <steeringAngle>-0.17766666666666667</steeringAngle>
      <velocity>8.0</velocity>
      <orientation>2.5026180950622603</orientation>
      <time>14</time>
    </ksState>
    <ksState>
      <x>-558.1071442017281</x>
      <y>290.8366256904316</y>
      <steeringAngle>-0.17766666666666667</steeringAngle>
      <velocity>8.0</velocity>
      <orientation>2.4469171187517484</orientation>
      <time>15</time>
    </ksState>
    <ksState>
      <x>-558.7071767832293</x>
      <y>291.3655826101342</y>
      <steeringAngle>-0.17766666666666667</steeringAngle>
      <velocity>8.0</velocity>
      <orientation>2.3912161424412366</orientation>
      <time>16</time>
    </ksState>
    <ksState>
      <x>-559.2768306198258</x>
      <y>291.92712431635766</y>
      <steeringAngle>-0.17766666666666667</steeringAngle>
      <velocity>8.0</velocity>
      <orientation>2.3355151661307247</orientation>
      <time>17</time>
    </ksState>
    <ksState>
      <x>-559.8143387347213</x>
      <y>292.5195089982981</y>
      <steeringAngle>-0.17766666666666667</steeringAngle>
      <velocity>8.0</velocity>
      <orientation>2.2798141898202133</orientation>
      <time>18</time>
    </ksState>
    <ksState>
      <x>-560.3180338871156</x>
      <y>293.1408991992114</y>
      <steeringAngle>-0.17766666666666667</steeringAngle>
      <velocity>8.0</velocity>
      <orientation>2.2241132135097015</orientation>
      <time>19</time>
    </ksState>
    <ksState>
      <x>-560.7863537170809</x>
      <y>293.7893674939265</y>
      <steeringAngle>-0.17766666666666667</steeringAngle>
      <velocity>8.0</velocity>
      <orientation>2.1684122371991896</orientation>
      <time>20</time>
    </ksState>
    <ksState>
      <x>-561.2178455565006</x>
      <y>294.46290243309323</y>
      <steeringAngle>-0.17766666666666667</steeringAngle>
      <velocity>8.0</velocity>
      <orientation>2.1127112608886778</orientation>
      <time>21</time>
    </ksState>
    <ksState>
      <x>-561.6111710595774</x>
      <y>295.1594149096555</y>
      <steeringAngle>-0.17766666666666667</steeringAngle>
      <velocity>8.0</velocity>
      <orientation>2.057010284578166</orientation>
      <time>22</time>
    </ksState>
    <ksState>
      <x>-561.9651101913867</x>
      <y>295.8767444545303</y>
      <steeringAngle>-0.17766666666666667</steeringAngle>
      <velocity>8.0</velocity>
      <orientation>2.0013093082676545</orientation>
      <time>23</time>
    </ksState>
    <ksState>
      <x>-562.2785651047608</x>
      <y>296.6126660574325</y>
      <steeringAngle>-0.17766666666666667</steeringAngle>
      <velocity>8.0</velocity>
      <orientation>1.9456083319571427</orientation>
      <time>24</time>
    </ksState>
    <ksState>
      <x>-562.5505635260682</x>
      <y>297.3648970400408</y>
      <steeringAngle>-0.17766666666666667</steeringAngle>
      <velocity>8.0</velocity>
      <orientation>1.8899073556466308</orientation>
      <time>25</time>
    </ksState>
    <ksState>
      <x>-562.7685064681206</x>
      <y>298.0928651812374</y>
      <steeringAngle>-0.21320000000000014</steeringAngle>
      <velocity>7.200000000000003</velocity>
      <orientation>1.831658028575138</orientation>
      <time>26</time>
    </ksState>
    <ksState>
      <x>-562.923987362253</x>
      <y>298.75473981765896</y>
      <steeringAngle>-0.24873333333333347</steeringAngle>
      <velocity>6.400000000000004</velocity>
      <orientation>1.7697409410893585</orientation>
      <time>27</time>
    </ksState>
    <ksState>
      <x>-563.0242811699432</x>
      <y>299.3461961135305</y>
      <steeringAngle>-0.2842666666666668</steeringAngle>
      <velocity>5.600000000000001</velocity>
      <orientation>1.7063187983254375</orientation>
      <time>28</time>
    </ksState>
    <ksState>
      <x>-563.0786748558734</x>
      <y>299.86325771966887</y>
      <steeringAngle>-0.3198</steeringAngle>
      <velocity>4.800000000000002</velocity>
      <orientation>1.6435896985834848</orientation>
      <time>29</time>
    </ksState>
    <ksState>
      <x>-563.0977905596324</x>
      <y>300.3027767188694</y>
      <steeringAngle>-0.3553333333333332</steeringAngle>
      <velocity>4.000000000000001</velocity>
      <orientation>1.58379986453527</orientation>
      <time>30</time>
    </ksState>
    <ksState>
      <x>-563.093466391197</x>
      <y>300.6627145321228</y>
      <steeringAngle>-0.31979999999999975</steeringAngle>
      <velocity>3.2</velocity>
      <orientation>1.5346933044774818</orientation>
      <time>31</time>
    </ksState>
    <ksState>
      <x>-563.078516463937</x>
      <y>300.9423016632739</y>
      <steeringAngle>-0.2842666666666663</steeringAngle>
      <velocity>2.4000000000000004</velocity>
      <orientation>1.5007610491112673</orientation>
      <time>32</time>
    </ksState>
    <ksState>
      <x>-563.0623511417085</x>
      <y>301.14164350618177</y>
      <steeringAngle>-0.24873333333333292</steeringAngle>
      <velocity>1.6000000000000008</velocity>
      <orientation>1.4794887281643285</orientation>
      <time>33</time>
    </ksState>
  </ksTrajectory>
</CommonRoadSolution>
