<?xml version="1.0" ?>
<CommonRoadSolution benchmark_id="KS2:SM1:DEU_Lohmar-40_1_T-1:2020a" computation_time="24.593293501000062" date="2020-12-29">
  <ksTrajectory planningProblem="123">
    <ksState>
      <x>-711.26942</x>
      <y>-726.70649</y>
      <steeringAngle>0.0</steeringAngle>
      <velocity>0.0</velocity>
      <orientation>-3.1277846</orientation>
      <time>0</time>
    </ksState>
    <ksState>
      <x>-711.3094162681592</x>
      <y>-726.7070364165054</y>
      <steeringAngle>-0.03553333333333333</steeringAngle>
      <velocity>0.8</velocity>
      <orientation>-3.128152131778242</orientation>
      <time>1</time>
    </ksState>
    <ksState>
      <x>-711.4294071753332</x>
      <y>-726.7085109570819</y>
      <steeringAngle>-0.0710666666666667</steeringAngle>
      <velocity>1.6</velocity>
      <orientation>-3.1307269783702276</orientation>
      <time>2</time>
    </ksState>
    <ksState>
      <x>-711.6294009957207</x>
      <y>-726.7100299255358</y>
      <steeringAngle>-0.10660000000000003</steeringAngle>
      <velocity>2.4000000000000004</velocity>
      <orientation>-3.137727682607065</orientation>
      <time>3</time>
    </ksState>
    <ksState>
      <x>-711.9093978290704</x>
      <y>-726.709289721093</y>
      <steeringAngle>-0.14213333333333342</steeringAngle>
      <velocity>3.2000000000000015</velocity>
      <orientation>-3.151395323547885</orientation>
      <time>4</time>
    </ksState>
    <ksState>
      <x>-712.269313132375</x>
      <y>-726.7018439935927</y>
      <steeringAngle>-0.17766666666666683</steeringAngle>
      <velocity>4.0000000000000036</velocity>
      <orientation>-3.1740052394211054</orientation>
      <time>5</time>
    </ksState>
    <ksState>
      <x>-712.7087948400504</x>
      <y>-726.6808514404246</y>
      <steeringAngle>-0.17766666666666667</steeringAngle>
      <velocity>4.800000000000002</velocity>
      <orientation>-3.2046407764634397</orientation>
      <time>6</time>
    </ksState>
    <ksState>
      <x>-713.2270552488933</x>
      <y>-726.6387015653588</y>
      <steeringAngle>-0.17766666666666667</steeringAngle>
      <velocity>5.600000000000001</velocity>
      <orientation>-3.2408464111399797</orientation>
      <time>7</time>
    </ksState>
    <ksState>
      <x>-713.8226869348179</x>
      <y>-726.566795092094</y>
      <steeringAngle>-0.17766666666666667</steeringAngle>
      <velocity>6.3999999999999995</velocity>
      <orientation>-3.2826221434496197</orientation>
      <time>8</time>
    </ksState>
    <ksState>
      <x>-714.4934219705059</x>
      <y>-726.4553135251665</y>
      <steeringAngle>-0.17766666666666667</steeringAngle>
      <velocity>7.200000000000002</velocity>
      <orientation>-3.3299679733917165</orientation>
      <time>9</time>
    </ksState>
    <ksState>
      <x>-715.2358644181334</x>
      <y>-726.293312154137</y>
      <steeringAngle>-0.17766666666666667</steeringAngle>
      <velocity>8.0</velocity>
      <orientation>-3.3828839009658664</orientation>
      <time>10</time>
    </ksState>
    <ksState>
      <x>-715.9683260966825</x>
      <y>-726.0909841282862</y>
      <steeringAngle>-0.21320000000000014</steeringAngle>
      <velocity>7.200000000000003</velocity>
      <orientation>-3.4411332280373594</orientation>
      <time>11</time>
    </ksState>
    <ksState>
      <x>-716.6116035790932</x>
      <y>-725.8708786458424</y>
      <steeringAngle>-0.24873333333333347</steeringAngle>
      <velocity>6.400000000000004</velocity>
      <orientation>-3.5030503155231387</orientation>
      <time>12</time>
    </ksState>
    <ksState>
      <x>-717.1659003889374</x>
      <y>-725.6414566669835</y>
      <steeringAngle>-0.2842666666666668</steeringAngle>
      <velocity>5.600000000000001</velocity>
      <orientation>-3.56647245828706</orientation>
      <time>13</time>
    </ksState>
    <ksState>
      <x>-717.6327846663421</x>
      <y>-725.4126981717887</y>
      <steeringAngle>-0.3198</steeringAngle>
      <velocity>4.800000000000002</velocity>
      <orientation>-3.6292015580290125</orientation>
      <time>14</time>
    </ksState>
    <ksState>
      <x>-718.015235949076</x>
      <y>-725.1952737547523</y>
      <steeringAngle>-0.3553333333333332</steeringAngle>
      <velocity>4.000000000000001</velocity>
      <orientation>-3.6889913920772273</orientation>
      <time>15</time>
    </ksState>
    <ksState>
      <x>-718.3503756244409</x>
      <y>-724.9770256340448</y>
      <steeringAngle>-0.39086666666666653</steeringAngle>
      <velocity>4.0</velocity>
      <orientation>-3.7497117583832145</orientation>
      <time>16</time>
    </ksState>
    <ksState>
      <x>-718.6708767383143</x>
      <y>-724.7378209355163</y>
      <steeringAngle>-0.42639999999999995</steeringAngle>
      <velocity>4.0</velocity>
      <orientation>-3.816881371839618</orientation>
      <time>17</time>
    </ksState>
    <ksState>
      <x>-718.9737258599854</x>
      <y>-724.4766509434705</y>
      <steeringAngle>-0.4619333333333333</steeringAngle>
      <velocity>4.0</velocity>
      <orientation>-3.890701955471962</orientation>
      <time>18</time>
    </ksState>
    <ksState>
      <x>-719.2555067606089</x>
      <y>-724.1929033212969</y>
      <steeringAngle>-0.49746666666666667</steeringAngle>
      <velocity>4.0</velocity>
      <orientation>-3.9714024972851822</orientation>
      <time>19</time>
    </ksState>
    <ksState>
      <x>-719.5123987130781</x>
      <y>-723.8864662463778</y>
      <steeringAngle>-0.533</steeringAngle>
      <velocity>4.0</velocity>
      <orientation>-4.059242363884991</orientation>
      <time>20</time>
    </ksState>
    <ksState>
      <x>-719.7410195106514</x>
      <y>-723.5583966082866</y>
      <steeringAngle>-0.4974666666666666</steeringAngle>
      <velocity>4.0</velocity>
      <orientation>-4.14708223072444</orientation>
      <time>21</time>
    </ksState>
    <ksState>
      <x>-719.9412332257452</x>
      <y>-723.2122352881898</y>
      <steeringAngle>-0.4619333333333334</steeringAngle>
      <velocity>4.0</velocity>
      <orientation>-4.227782772511611</orientation>
      <time>22</time>
    </ksState>
    <ksState>
      <x>-720.1141466423613</x>
      <y>-722.8516409035177</y>
      <steeringAngle>-0.42640000000000017</steeringAngle>
      <velocity>4.0</velocity>
      <orientation>-4.301603355761415</orientation>
      <time>23</time>
    </ksState>
    <ksState>
      <x>-720.261243906747</x>
      <y>-722.4797507947611</y>
      <steeringAngle>-0.3908666666666668</steeringAngle>
      <velocity>4.0</velocity>
      <orientation>-4.3687729686242776</orientation>
      <time>24</time>
    </ksState>
    <ksState>
      <x>-720.3842864721564</x>
      <y>-722.09920991681</y>
      <steeringAngle>-0.3553333333333335</steeringAngle>
      <velocity>4.0</velocity>
      <orientation>-4.4294933365025635</orientation>
      <time>25</time>
    </ksState>
    <ksState>
      <x>-720.4941652948689</x>
      <y>-721.6732181191485</y>
      <steeringAngle>-0.31979999999999975</steeringAngle>
      <velocity>4.800000000000001</velocity>
      <orientation>-4.4892831715343124</orientation>
      <time>26</time>
    </ksState>
    <ksState>
      <x>-720.5929107562063</x>
      <y>-721.1627666301761</y>
      <steeringAngle>-0.28426666666666645</steeringAngle>
      <velocity>5.600000000000004</velocity>
      <orientation>-4.552012271665635</orientation>
      <time>27</time>
    </ksState>
    <ksState>
      <x>-720.669444350474</x>
      <y>-720.5677691502653</y>
      <steeringAngle>-0.2487333333333331</steeringAngle>
      <velocity>6.400000000000004</velocity>
      <orientation>-4.615434408358311</orientation>
      <time>28</time>
    </ksState>
    <ksState>
      <x>-720.713723305089</x>
      <y>-719.8893211284301</y>
      <steeringAngle>-0.21319999999999992</steeringAngle>
      <velocity>7.200000000000004</velocity>
      <orientation>-4.677351497036111</orientation>
      <time>29</time>
    </ksState>
    <ksState>
      <x>-720.7175276759357</x>
      <y>-719.1294380645857</y>
      <steeringAngle>-0.17766666666666656</steeringAngle>
      <velocity>8.000000000000004</velocity>
      <orientation>-4.735600826637076</orientation>
      <time>30</time>
    </ksState>
    <ksState>
      <x>-720.6782101704741</x>
      <y>-718.3304884238948</y>
      <steeringAngle>-0.14213333333333336</steeringAngle>
      <velocity>8.0</velocity>
      <orientation>-4.785635638185824</orientation>
      <time>31</time>
    </ksState>
    <ksState>
      <x>-720.6034667981334</x>
      <y>-717.5340381117502</y>
      <steeringAngle>-0.1066000000000001</steeringAngle>
      <velocity>8.0</velocity>
      <orientation>-4.824419490192822</orientation>
      <time>32</time>
    </ksState>
    <ksState>
      <x>-720.5023233408991</x>
      <y>-716.7404833439099</y>
      <steeringAngle>-0.07106666666666674</steeringAngle>
      <velocity>8.0</velocity>
      <orientation>-4.852051969222509</orientation>
      <time>33</time>
    </ksState>
    <ksState>
      <x>-720.3836760630043</x>
      <y>-715.9493398027956</y>
      <steeringAngle>-0.035533333333333354</steeringAngle>
      <velocity>8.0</velocity>
      <orientation>-4.868603489851538</orientation>
      <time>34</time>
    </ksState>
    <ksState>
      <x>-720.2563088159305</x>
      <y>-715.1595449874794</y>
      <steeringAngle>-2.0816681711721685e-17</steeringAngle>
      <velocity>8.0</velocity>
      <orientation>-4.874116016309943</orientation>
      <time>35</time>
    </ksState>
    <ksState>
      <x>-720.1274904598057</x>
      <y>-714.3699844571049</y>
      <steeringAngle>0.0</steeringAngle>
      <velocity>8.0</velocity>
      <orientation>-4.874116016309943</orientation>
      <time>36</time>
    </ksState>
    <ksState>
      <x>-719.9986721036809</x>
      <y>-713.5804239267304</y>
      <steeringAngle>0.0</steeringAngle>
      <velocity>8.0</velocity>
      <orientation>-4.874116016309943</orientation>
      <time>37</time>
    </ksState>
    <ksState>
      <x>-719.869853747556</x>
      <y>-712.7908633963559</y>
      <steeringAngle>0.0</steeringAngle>
      <velocity>8.0</velocity>
      <orientation>-4.874116016309943</orientation>
      <time>38</time>
    </ksState>
    <ksState>
      <x>-719.7410353914312</x>
      <y>-712.0013028659813</y>
      <steeringAngle>0.0</steeringAngle>
      <velocity>8.0</velocity>
      <orientation>-4.874116016309943</orientation>
      <time>39</time>
    </ksState>
    <ksState>
      <x>-719.6122170353063</x>
      <y>-711.2117423356068</y>
      <steeringAngle>0.0</steeringAngle>
      <velocity>8.0</velocity>
      <orientation>-4.874116016309943</orientation>
      <time>40</time>
    </ksState>
    <ksState>
      <x>-719.4833986791815</x>
      <y>-710.4221818052323</y>
      <steeringAngle>0.0</steeringAngle>
      <velocity>8.0</velocity>
      <orientation>-4.874116016309943</orientation>
      <time>41</time>
    </ksState>
    <ksState>
      <x>-719.3545803230567</x>
      <y>-709.6326212748578</y>
      <steeringAngle>0.0</steeringAngle>
      <velocity>8.0</velocity>
      <orientation>-4.874116016309943</orientation>
      <time>42</time>
    </ksState>
    <ksState>
      <x>-719.2257619669318</x>
      <y>-708.8430607444833</y>
      <steeringAngle>0.0</steeringAngle>
      <velocity>8.0</velocity>
      <orientation>-4.874116016309943</orientation>
      <time>43</time>
    </ksState>
    <ksState>
      <x>-719.096943610807</x>
      <y>-708.0535002141087</y>
      <steeringAngle>0.0</steeringAngle>
      <velocity>8.0</velocity>
      <orientation>-4.874116016309943</orientation>
      <time>44</time>
    </ksState>
    <ksState>
      <x>-718.9681252546821</x>
      <y>-707.2639396837342</y>
      <steeringAngle>0.0</steeringAngle>
      <velocity>8.0</velocity>
      <orientation>-4.874116016309943</orientation>
      <time>45</time>
    </ksState>
    <ksState>
      <x>-718.8407580162494</x>
      <y>-706.4741449108145</y>
      <steeringAngle>0.03553333333333333</steeringAngle>
      <velocity>8.0</velocity>
      <orientation>-4.868603481307104</orientation>
      <time>46</time>
    </ksState>
    <ksState>
      <x>-718.722110741933</x>
      <y>-705.6830013685026</y>
      <steeringAngle>0.07106666666666667</steeringAngle>
      <velocity>8.0</velocity>
      <orientation>-4.852051960426834</orientation>
      <time>47</time>
    </ksState>
    <ksState>
      <x>-718.6209672898066</x>
      <y>-704.8894465992099</y>
      <steeringAngle>0.10659999999999997</steeringAngle>
      <velocity>8.0</velocity>
      <orientation>-4.82441948113614</orientation>
      <time>48</time>
    </ksState>
    <ksState>
      <x>-718.5462239238395</x>
      <y>-704.0929962855724</y>
      <steeringAngle>0.1421333333333333</steeringAngle>
      <velocity>8.0</velocity>
      <orientation>-4.785635628863404</orientation>
      <time>49</time>
    </ksState>
    <ksState>
      <x>-718.506906455065</x>
      <y>-703.2940466493234</y>
      <steeringAngle>0.17766666666666667</steeringAngle>
      <velocity>8.0</velocity>
      <orientation>-4.73560081661425</orientation>
      <time>50</time>
    </ksState>
    <ksState>
      <x>-718.5091047370734</x>
      <y>-702.4941331776579</y>
      <steeringAngle>0.14213333333333336</steeringAngle>
      <velocity>8.0</velocity>
      <orientation>-4.6855660050655015</orientation>
      <time>51</time>
    </ksState>
    <ksState>
      <x>-718.546806705004</x>
      <y>-701.6950723332671</y>
      <steeringAngle>0.1066000000000001</steeringAngle>
      <velocity>8.0</velocity>
      <orientation>-4.646782153058504</orientation>
      <time>52</time>
    </ksState>
    <ksState>
      <x>-718.6110146883073</x>
      <y>-700.8976787645801</y>
      <steeringAngle>0.07106666666666674</steeringAngle>
      <velocity>8.0</velocity>
      <orientation>-4.619149674028817</orientation>
      <time>53</time>
    </ksState>
    <ksState>
      <x>-718.692819531727</x>
      <y>-700.1018815248315</y>
      <steeringAngle>0.035533333333333354</steeringAngle>
      <velocity>8.0</velocity>
      <orientation>-4.6025981533997875</orientation>
      <time>54</time>
    </ksState>
    <ksState>
      <x>-718.7833975398867</x>
      <y>-699.3070268900929</y>
      <steeringAngle>2.0816681711721685e-17</steeringAngle>
      <velocity>8.0</velocity>
      <orientation>-4.597085626941383</orientation>
      <time>55</time>
    </ksState>
    <ksState>
      <x>-718.8739755413822</x>
      <y>-698.5121722981062</y>
      <steeringAngle>-0.03553333333333333</steeringAngle>
      <velocity>8.0</velocity>
      <orientation>-4.602598161944222</orientation>
      <time>56</time>
    </ksState>
    <ksState>
      <x>-718.9557803811718</x>
      <y>-697.7163750573271</y>
      <steeringAngle>-0.07106666666666667</steeringAngle>
      <velocity>8.0</velocity>
      <orientation>-4.619149682824491</orientation>
      <time>57</time>
    </ksState>
    <ksState>
      <x>-719.0199883593052</x>
      <y>-696.9189814874263</y>
      <steeringAngle>-0.10659999999999997</steeringAngle>
      <velocity>8.0</velocity>
      <orientation>-4.646782162115186</orientation>
      <time>58</time>
    </ksState>
    <ksState>
      <x>-719.0576903207997</x>
      <y>-696.1199206418402</y>
      <steeringAngle>-0.1421333333333333</steeringAngle>
      <velocity>8.0</velocity>
      <orientation>-4.685566014387922</orientation>
      <time>59</time>
    </ksState>
    <ksState>
      <x>-719.0598885663668</x>
      <y>-695.3200071763142</y>
      <steeringAngle>-0.17766666666666667</steeringAngle>
      <velocity>8.0</velocity>
      <orientation>-4.735600826637076</orientation>
      <time>60</time>
    </ksState>
    <ksState>
      <x>-719.0234863681973</x>
      <y>-694.5609514923418</y>
      <steeringAngle>-0.1421333333333334</steeringAngle>
      <velocity>7.2</velocity>
      <orientation>-4.783228148382713</orientation>
      <time>61</time>
    </ksState>
    <ksState>
      <x>-718.9636169150757</x>
      <y>-693.8836233449844</y>
      <steeringAngle>-0.10660000000000011</steeringAngle>
      <velocity>6.4</velocity>
      <orientation>-4.816287718830681</orientation>
      <time>62</time>
    </ksState>
    <ksState>
      <x>-718.8947695190786</x>
      <y>-693.2875973629316</y>
      <steeringAngle>-0.07106666666666674</steeringAngle>
      <velocity>5.600000000000001</velocity>
      <orientation>-4.837104667124569</orientation>
      <time>63</time>
    </ksState>
    <ksState>
      <x>-718.8269790247227</x>
      <y>-692.7720377007007</y>
      <steeringAngle>-0.03553333333333339</steeringAngle>
      <velocity>4.800000000000001</velocity>
      <orientation>-4.8479552767822325</orientation>
      <time>64</time>
    </ksState>
    <ksState>
      <x>-718.7666116363392</x>
      <y>-692.3361987302097</y>
      <steeringAngle>-5.5294310796760726e-17</steeringAngle>
      <velocity>4.0</velocity>
      <orientation>-4.851079052619398</orientation>
      <time>65</time>
    </ksState>
    <ksState>
      <x>-718.7113132827927</x>
      <y>-691.9400395550099</y>
      <steeringAngle>0.0</steeringAngle>
      <velocity>4.0</velocity>
      <orientation>-4.851079052619398</orientation>
      <time>66</time>
    </ksState>
    <ksState>
      <x>-718.6560149292461</x>
      <y>-691.5438803798099</y>
      <steeringAngle>0.0</steeringAngle>
      <velocity>4.0</velocity>
      <orientation>-4.851079052619398</orientation>
      <time>67</time>
    </ksState>
    <ksState>
      <x>-718.6007165756996</x>
      <y>-691.1477212046101</y>
      <steeringAngle>0.0</steeringAngle>
      <velocity>4.0</velocity>
      <orientation>-4.851079052619398</orientation>
      <time>68</time>
    </ksState>
    <ksState>
      <x>-718.5454182221531</x>
      <y>-690.7515620294103</y>
      <steeringAngle>0.0</steeringAngle>
      <velocity>4.0</velocity>
      <orientation>-4.851079052619398</orientation>
      <time>69</time>
    </ksState>
    <ksState>
      <x>-718.4901198686065</x>
      <y>-690.3554028542104</y>
      <steeringAngle>0.0</steeringAngle>
      <velocity>4.0</velocity>
      <orientation>-4.851079052619398</orientation>
      <time>70</time>
    </ksState>
    <ksState>
      <x>-718.43482151506</x>
      <y>-689.9592436790106</y>
      <steeringAngle>0.0</steeringAngle>
      <velocity>4.0</velocity>
      <orientation>-4.851079052619398</orientation>
      <time>71</time>
    </ksState>
    <ksState>
      <x>-718.3795231615134</x>
      <y>-689.5630845038106</y>
      <steeringAngle>0.0</steeringAngle>
      <velocity>4.0</velocity>
      <orientation>-4.851079052619398</orientation>
      <time>72</time>
    </ksState>
    <ksState>
      <x>-718.3242248079669</x>
      <y>-689.1669253286108</y>
      <steeringAngle>0.0</steeringAngle>
      <velocity>4.0</velocity>
      <orientation>-4.851079052619398</orientation>
      <time>73</time>
    </ksState>
    <ksState>
      <x>-718.2689264544204</x>
      <y>-688.7707661534109</y>
      <steeringAngle>0.0</steeringAngle>
      <velocity>4.0</velocity>
      <orientation>-4.851079052619398</orientation>
      <time>74</time>
    </ksState>
    <ksState>
      <x>-718.2136281008737</x>
      <y>-688.3746069782111</y>
      <steeringAngle>0.0</steeringAngle>
      <velocity>4.0</velocity>
      <orientation>-4.851079052619398</orientation>
      <time>75</time>
    </ksState>
    <ksState>
      <x>-718.1583297473272</x>
      <y>-687.9784478030112</y>
      <steeringAngle>0.0</steeringAngle>
      <velocity>4.0</velocity>
      <orientation>-4.851079052619398</orientation>
      <time>76</time>
    </ksState>
    <ksState>
      <x>-718.1030313937806</x>
      <y>-687.5822886278113</y>
      <steeringAngle>0.0</steeringAngle>
      <velocity>4.0</velocity>
      <orientation>-4.851079052619398</orientation>
      <time>77</time>
    </ksState>
    <ksState>
      <x>-718.0477330402341</x>
      <y>-687.1861294526115</y>
      <steeringAngle>0.0</steeringAngle>
      <velocity>4.0</velocity>
      <orientation>-4.851079052619398</orientation>
      <time>78</time>
    </ksState>
    <ksState>
      <x>-717.9924346866876</x>
      <y>-686.7899702774116</y>
      <steeringAngle>0.0</steeringAngle>
      <velocity>4.0</velocity>
      <orientation>-4.851079052619398</orientation>
      <time>79</time>
    </ksState>
    <ksState>
      <x>-717.937136333141</x>
      <y>-686.3938111022118</y>
      <steeringAngle>0.0</steeringAngle>
      <velocity>4.0</velocity>
      <orientation>-4.851079052619398</orientation>
      <time>80</time>
    </ksState>
    <ksState>
      <x>-717.882201984172</x>
      <y>-685.9976014430318</y>
      <steeringAngle>0.035533333333333326</steeringAngle>
      <velocity>4.0</velocity>
      <orientation>-4.848322778086798</orientation>
      <time>81</time>
    </ksState>
    <ksState>
      <x>-717.8294536290039</x>
      <y>-685.6010958464318</y>
      <steeringAngle>0.07106666666666711</steeringAngle>
      <velocity>4.0</velocity>
      <orientation>-4.840047017543513</orientation>
      <time>82</time>
    </ksState>
    <ksState>
      <x>-717.7810875220176</x>
      <y>-685.2040339301184</y>
      <steeringAngle>0.10660000000000043</steeringAngle>
      <velocity>4.0</velocity>
      <orientation>-4.826230777724375</orientation>
      <time>83</time>
    </ksState>
    <ksState>
      <x>-717.7393195436016</x>
      <y>-684.8062269254374</y>
      <steeringAngle>0.14213333333333378</steeringAngle>
      <velocity>4.0</velocity>
      <orientation>-4.80683885133883</orientation>
      <time>84</time>
    </ksState>
    <ksState>
      <x>-717.7063927483229</x>
      <y>-684.4075949246495</y>
      <steeringAngle>0.1776666666666672</steeringAngle>
      <velocity>4.0</velocity>
      <orientation>-4.7818214448874325</orientation>
      <time>85</time>
    </ksState>
    <ksState>
      <x>-717.6845820870466</x>
      <y>-684.0082057484373</y>
      <steeringAngle>0.21319999999999995</steeringAngle>
      <velocity>4.0</velocity>
      <orientation>-4.751113662249932</orientation>
      <time>86</time>
    </ksState>
    <ksState>
      <x>-717.6761951871526</x>
      <y>-683.6083158775086</y>
      <steeringAngle>0.24873333333333336</steeringAngle>
      <velocity>4.0</velocity>
      <orientation>-4.714634821127238</orientation>
      <time>87</time>
    </ksState>
    <ksState>
      <x>-717.6835679195683</x>
      <y>-683.208413734605</y>
      <steeringAngle>0.2842666666666667</steeringAngle>
      <velocity>4.0</velocity>
      <orientation>-4.67228758728179</orientation>
      <time>88</time>
    </ksState>
    <ksState>
      <x>-717.7090532984529</x>
      <y>-682.8092654635187</y>
      <steeringAngle>0.31980000000000003</steeringAngle>
      <velocity>4.0</velocity>
      <orientation>-4.623956905914655</orientation>
      <time>89</time>
    </ksState>
    <ksState>
      <x>-717.7550020379292</x>
      <y>-682.4119630889</y>
      <steeringAngle>0.35533333333333333</steeringAngle>
      <velocity>4.0</velocity>
      <orientation>-4.569508704736377</orientation>
      <time>90</time>
    </ksState>
    <ksState>
      <x>-717.8229111323791</x>
      <y>-682.0178199289018</y>
      <steeringAngle>0.31979999999999986</steeringAngle>
      <velocity>4.0</velocity>
      <orientation>-4.515060505542997</orientation>
      <time>91</time>
    </ksState>
    <ksState>
      <x>-717.910974083556</x>
      <y>-681.6276740919307</y>
      <steeringAngle>0.28426666666666656</steeringAngle>
      <velocity>4.0</velocity>
      <orientation>-4.46672982606174</orientation>
      <time>92</time>
    </ksState>
    <ksState>
      <x>-718.0166276444729</x>
      <y>-681.2419106861494</y>
      <steeringAngle>0.2487333333333332</steeringAngle>
      <velocity>4.0</velocity>
      <orientation>-4.424382592338865</orientation>
      <time>93</time>
    </ksState>
    <ksState>
      <x>-718.1373982853024</x>
      <y>-680.8606014943675</y>
      <steeringAngle>0.21319999999999986</steeringAngle>
      <velocity>4.0</velocity>
      <orientation>-4.387903751265237</orientation>
      <time>94</time>
    </ksState>
    <ksState>
      <x>-718.2709071801725</x>
      <y>-680.4835566802474</y>
      <steeringAngle>0.1776666666666665</steeringAngle>
      <velocity>4.0</velocity>
      <orientation>-4.357195968616409</orientation>
      <time>95</time>
    </ksState>
    <ksState>
      <x>-718.4000519732463</x>
      <y>-680.1475267919205</y>
      <steeringAngle>0.1421333333333333</steeringAngle>
      <velocity>3.1999999999999993</velocity>
      <orientation>-4.334586053642967</orientation>
      <time>96</time>
    </ksState>
    <ksState>
      <x>-718.5051978613889</x>
      <y>-679.8880212691687</y>
      <steeringAngle>0.10659999999999997</steeringAngle>
      <velocity>2.3999999999999977</velocity>
      <orientation>-4.32091841277226</orientation>
      <time>97</time>
    </ksState>
    <ksState>
      <x>-718.5821963725749</x>
      <y>-679.7034377807711</y>
      <steeringAngle>0.07106666666666664</steeringAngle>
      <velocity>1.5999999999999976</velocity>
      <orientation>-4.313917706919041</orientation>
      <time>98</time>
    </ksState>
    <ksState>
      <x>-718.628914825444</x>
      <y>-679.5929055331554</y>
      <steeringAngle>0.0355333333333333</steeringAngle>
      <velocity>0.7999999999999972</velocity>
      <orientation>-4.311342862445073</orientation>
      <time>99</time>
    </ksState>
  </ksTrajectory>
</CommonRoadSolution>
