<?xml version="1.0" ?>
<CommonRoadSolution benchmark_id="KS2:SM1:ITA_Siderno-8_4_T-1:2020a" computation_time="0.8529917609998847" date="2020-12-29">
  <ksTrajectory planningProblem="1">
    <ksState>
      <x>607.45826</x>
      <y>-654.86799</y>
      <steeringAngle>0.0</steeringAngle>
      <velocity>4.0</velocity>
      <orientation>-2.3090346</orientation>
      <time>0</time>
    </ksState>
    <ksState>
      <x>607.1893376777721</x>
      <y>-655.1640992050775</y>
      <steeringAngle>0.035533333333333326</steeringAngle>
      <velocity>4.0</velocity>
      <orientation>-2.3062783254673995</orientation>
      <time>1</time>
    </ksState>
    <ksState>
      <x>606.9220531030867</x>
      <y>-655.4616862230123</y>
      <steeringAngle>0.07106666666666711</steeringAngle>
      <velocity>4.0</velocity>
      <orientation>-2.298002564924114</orientation>
      <time>2</time>
    </ksState>
    <ksState>
      <x>606.6580725571998</x>
      <y>-655.7622053024147</y>
      <steeringAngle>0.10660000000000043</steeringAngle>
      <velocity>4.0</velocity>
      <orientation>-2.284186325104977</orientation>
      <time>3</time>
    </ksState>
    <ksState>
      <x>606.3991189338101</x>
      <y>-656.0670626427027</y>
      <steeringAngle>0.14213333333333378</steeringAngle>
      <velocity>4.0</velocity>
      <orientation>-2.2647943987194314</orientation>
      <time>4</time>
    </ksState>
    <ksState>
      <x>606.1469989882605</x>
      <y>-656.3775899023042</y>
      <steeringAngle>0.1776666666666672</steeringAngle>
      <velocity>4.0</velocity>
      <orientation>-2.239776992268034</orientation>
      <time>5</time>
    </ksState>
    <ksState>
      <x>605.8790642855379</x>
      <y>-656.7265868514652</y>
      <steeringAngle>0.14213333333333333</steeringAngle>
      <velocity>4.8000000000000025</velocity>
      <orientation>-2.2123520925496813</orientation>
      <time>6</time>
    </ksState>
    <ksState>
      <x>605.5733930747119</x>
      <y>-657.1472421757433</y>
      <steeringAngle>0.10660000000000003</steeringAngle>
      <velocity>5.600000000000005</velocity>
      <orientation>-2.1872358802707637</orientation>
      <time>7</time>
    </ksState>
    <ksState>
      <x>605.2319297642188</x>
      <y>-657.6405879263472</y>
      <steeringAngle>0.07106666666666671</steeringAngle>
      <velocity>6.400000000000004</velocity>
      <orientation>-2.166604110671304</orientation>
      <time>8</time>
    </ksState>
    <ksState>
      <x>604.8547172669981</x>
      <y>-658.206364534812</y>
      <steeringAngle>0.035533333333333375</steeringAngle>
      <velocity>7.200000000000006</velocity>
      <orientation>-2.152627442578512</orientation>
      <time>9</time>
    </ksState>
    <ksState>
      <x>604.4392460539918</x>
      <y>-658.8427467466123</y>
      <steeringAngle>2.6346112791397758e-17</steeringAngle>
      <velocity>8.000000000000007</velocity>
      <orientation>-2.147482429798943</orientation>
      <time>10</time>
    </ksState>
    <ksState>
      <x>604.0248568283496</x>
      <y>-659.4798350988577</y>
      <steeringAngle>0.0</steeringAngle>
      <velocity>7.200000000000001</velocity>
      <orientation>-2.147482429798943</orientation>
      <time>11</time>
    </ksState>
    <ksState>
      <x>603.6540875213982</x>
      <y>-660.049861518977</y>
      <steeringAngle>0.0</steeringAngle>
      <velocity>6.400000000000001</velocity>
      <orientation>-2.147482429798943</orientation>
      <time>12</time>
    </ksState>
    <ksState>
      <x>603.3269381330285</x>
      <y>-660.5528260071378</y>
      <steeringAngle>0.0</steeringAngle>
      <velocity>5.600000000000001</velocity>
      <orientation>-2.147482429798943</orientation>
      <time>13</time>
    </ksState>
    <ksState>
      <x>603.0434086632097</x>
      <y>-660.9887285633877</y>
      <steeringAngle>0.0</steeringAngle>
      <velocity>4.800000000000001</velocity>
      <orientation>-2.147482429798943</orientation>
      <time>14</time>
    </ksState>
    <ksState>
      <x>602.8034991119305</x>
      <y>-661.3575691877439</y>
      <steeringAngle>0.0</steeringAngle>
      <velocity>4.000000000000001</velocity>
      <orientation>-2.147482429798943</orientation>
      <time>15</time>
    </ksState>
    <ksState>
      <x>602.5639797886373</x>
      <y>-661.7266631122413</y>
      <steeringAngle>0.035533333333333326</steeringAngle>
      <velocity>4.799999999999999</velocity>
      <orientation>-2.1443586511297523</orientation>
      <time>16</time>
    </ksState>
    <ksState>
      <x>602.2839264848848</x>
      <y>-662.1648040317565</y>
      <steeringAngle>0.07106666666666667</steeringAngle>
      <velocity>5.599999999999998</velocity>
      <orientation>-2.1335080400685795</orientation>
      <time>17</time>
    </ksState>
    <ksState>
      <x>601.9687882268813</x>
      <y>-662.6753672635843</y>
      <steeringAngle>0.10659999999999999</steeringAngle>
      <velocity>6.3999999999999995</velocity>
      <orientation>-2.1126910910682515</orientation>
      <time>18</time>
    </ksState>
    <ksState>
      <x>601.6272981070443</x>
      <y>-663.2633657843401</y>
      <steeringAngle>0.14213333333333333</steeringAngle>
      <velocity>7.199999999999999</velocity>
      <orientation>-2.0796315200870863</orientation>
      <time>19</time>
    </ksState>
    <ksState>
      <x>601.2723972891243</x>
      <y>-663.9353300900153</y>
      <steeringAngle>0.17766666666666664</steeringAngle>
      <velocity>7.9999999999999964</velocity>
      <orientation>-2.0320041980055397</orientation>
      <time>20</time>
    </ksState>
    <ksState>
      <x>600.9535567289604</x>
      <y>-664.6250963096738</y>
      <steeringAngle>0.21320000000000014</steeringAngle>
      <velocity>7.200000000000003</velocity>
      <orientation>-1.973754870934047</orientation>
      <time>21</time>
    </ksState>
    <ksState>
      <x>600.7059087803113</x>
      <y>-665.2582809875588</y>
      <steeringAngle>0.24873333333333347</steeringAngle>
      <velocity>6.400000000000004</velocity>
      <orientation>-1.9118377834482674</orientation>
      <time>22</time>
    </ksState>
    <ksState>
      <x>600.5228642839323</x>
      <y>-665.8295726032268</y>
      <steeringAngle>0.2842666666666668</steeringAngle>
      <velocity>5.600000000000001</velocity>
      <orientation>-1.8484156406843464</orientation>
      <time>23</time>
    </ksState>
    <ksState>
      <x>600.3957930035427</x>
      <y>-666.333719672356</y>
      <steeringAngle>0.3198</steeringAngle>
      <velocity>4.800000000000002</velocity>
      <orientation>-1.7856865409423937</orientation>
      <time>24</time>
    </ksState>
    <ksState>
      <x>600.3146256630713</x>
      <y>-666.7661017067066</y>
      <steeringAngle>0.3553333333333332</steeringAngle>
      <velocity>4.000000000000001</velocity>
      <orientation>-1.7258967068941788</orientation>
      <time>25</time>
    </ksState>
    <ksState>
      <x>600.2646563097012</x>
      <y>-667.1629063285545</y>
      <steeringAngle>0.39086666666666653</steeringAngle>
      <velocity>4.0</velocity>
      <orientation>-1.6651763405881916</orientation>
      <time>26</time>
    </ksState>
    <ksState>
      <x>600.2401400128907</x>
      <y>-667.5620789766441</y>
      <steeringAngle>0.42639999999999995</steeringAngle>
      <velocity>4.0</velocity>
      <orientation>-1.598006727131788</orientation>
      <time>27</time>
    </ksState>
    <ksState>
      <x>600.243793713804</x>
      <y>-667.9619714693366</y>
      <steeringAngle>0.4619333333333333</steeringAngle>
      <velocity>4.0</velocity>
      <orientation>-1.5241861434994441</orientation>
      <time>28</time>
    </ksState>
    <ksState>
      <x>600.2782920840579</x>
      <y>-668.3603720861726</y>
      <steeringAngle>0.49746666666666667</steeringAngle>
      <velocity>4.0</velocity>
      <orientation>-1.4434856016862236</orientation>
      <time>29</time>
    </ksState>
    <ksState>
      <x>600.3461891453528</x>
      <y>-668.7544369858983</y>
      <steeringAngle>0.533</steeringAngle>
      <velocity>4.0</velocity>
      <orientation>-1.355645735086415</orientation>
      <time>30</time>
    </ksState>
    <ksState>
      <x>600.4378026183889</x>
      <y>-669.1024712712959</y>
      <steeringAngle>0.5685333333333333</steeringAngle>
      <velocity>3.199999999999999</velocity>
      <orientation>-1.2700268818895621</orientation>
      <time>31</time>
    </ksState>
    <ksState>
      <x>600.5301830614325</x>
      <y>-669.366728758603</y>
      <steeringAngle>0.6040666666666664</steeringAngle>
      <velocity>2.3999999999999995</velocity>
      <orientation>-1.1980331370763437</orientation>
      <time>32</time>
    </ksState>
    <ksState>
      <x>600.6080832307341</x>
      <y>-669.5509061709466</y>
      <steeringAngle>0.6395999999999996</steeringAngle>
      <velocity>1.5999999999999983</velocity>
      <orientation>-1.1425833023003311</orientation>
      <time>33</time>
    </ksState>
  </ksTrajectory>
</CommonRoadSolution>
