<?xml version="1.0" ?>
<CommonRoadSolution benchmark_id="KS2:SM1:ITA_Empoli-2_5_T-1:2020a" computation_time="1.012721312999929" date="2020-12-29">
  <ksTrajectory planningProblem="1">
    <ksState>
      <x>65.077778</x>
      <y>484.13371</y>
      <steeringAngle>0.0</steeringAngle>
      <velocity>4.0</velocity>
      <orientation>1.2585693</orientation>
      <time>0</time>
    </ksState>
    <ksState>
      <x>65.20064950023065</x>
      <y>484.51437073402843</y>
      <steeringAngle>0.0</steeringAngle>
      <velocity>4.0</velocity>
      <orientation>1.2585693</orientation>
      <time>1</time>
    </ksState>
    <ksState>
      <x>65.32352100046133</x>
      <y>484.89503146805686</y>
      <steeringAngle>0.0</steeringAngle>
      <velocity>4.0</velocity>
      <orientation>1.2585693</orientation>
      <time>2</time>
    </ksState>
    <ksState>
      <x>65.44639250069199</x>
      <y>485.2756922020853</y>
      <steeringAngle>0.0</steeringAngle>
      <velocity>4.0</velocity>
      <orientation>1.2585693</orientation>
      <time>3</time>
    </ksState>
    <ksState>
      <x>65.56926400092266</x>
      <y>485.65635293611376</y>
      <steeringAngle>0.0</steeringAngle>
      <velocity>4.0</velocity>
      <orientation>1.2585693</orientation>
      <time>4</time>
    </ksState>
    <ksState>
      <x>65.69213550115332</x>
      <y>486.0370136701422</y>
      <steeringAngle>0.0</steeringAngle>
      <velocity>4.0</velocity>
      <orientation>1.2585693</orientation>
      <time>5</time>
    </ksState>
    <ksState>
      <x>65.81535662338123</x>
      <y>486.41756121219316</y>
      <steeringAngle>-0.035533333333333326</steeringAngle>
      <velocity>4.0</velocity>
      <orientation>1.2558130254673996</orientation>
      <time>6</time>
    </ksState>
    <ksState>
      <x>65.94067421146684</x>
      <y>486.7974224753202</y>
      <steeringAngle>-0.07106666666666711</steeringAngle>
      <velocity>4.0</velocity>
      <orientation>1.247537264924114</orientation>
      <time>7</time>
    </ksState>
    <ksState>
      <x>66.0701784716712</x>
      <y>487.1758747078152</y>
      <steeringAngle>-0.10660000000000043</steeringAngle>
      <velocity>4.0</velocity>
      <orientation>1.2337210251049773</orientation>
      <time>8</time>
    </ksState>
    <ksState>
      <x>66.20594606600986</x>
      <y>487.55212214943</y>
      <steeringAngle>-0.14213333333333378</steeringAngle>
      <velocity>4.0</velocity>
      <orientation>1.2143290987194315</orientation>
      <time>9</time>
    </ksState>
    <ksState>
      <x>66.35003067393572</x>
      <y>487.92525921762126</y>
      <steeringAngle>-0.1776666666666672</steeringAngle>
      <velocity>4.0</velocity>
      <orientation>1.1893116922680342</orientation>
      <time>10</time>
    </ksState>
    <ksState>
      <x>66.51963110552852</x>
      <y>488.3312439082813</y>
      <steeringAngle>-0.14213333333333333</steeringAngle>
      <velocity>4.8000000000000025</velocity>
      <orientation>1.1618867925496819</orientation>
      <time>11</time>
    </ksState>
    <ksState>
      <x>66.73264489866993</x>
      <y>488.80559706248476</y>
      <steeringAngle>-0.10660000000000003</steeringAngle>
      <velocity>5.600000000000005</velocity>
      <orientation>1.136770580270764</orientation>
      <time>12</time>
    </ksState>
    <ksState>
      <x>66.9909342138437</x>
      <y>489.34714470740533</y>
      <steeringAngle>-0.07106666666666671</steeringAngle>
      <velocity>6.400000000000004</velocity>
      <orientation>1.1161388106713044</orientation>
      <time>13</time>
    </ksState>
    <ksState>
      <x>67.29429517017759</x>
      <y>489.95572056045694</y>
      <steeringAngle>-0.035533333333333375</steeringAngle>
      <velocity>7.200000000000006</velocity>
      <orientation>1.1021621425785122</orientation>
      <time>14</time>
    </ksState>
    <ksState>
      <x>67.63989642110063</x>
      <y>490.63259456918627</y>
      <steeringAngle>-2.6346112791397758e-17</steeringAngle>
      <velocity>8.000000000000007</velocity>
      <orientation>1.0970171297989437</orientation>
      <time>15</time>
    </ksState>
    <ksState>
      <x>68.00489838543916</x>
      <y>491.3444748723476</y>
      <steeringAngle>0.0</steeringAngle>
      <velocity>8.0</velocity>
      <orientation>1.0970171297989437</orientation>
      <time>16</time>
    </ksState>
    <ksState>
      <x>68.36990034977771</x>
      <y>492.0563551755088</y>
      <steeringAngle>0.0</steeringAngle>
      <velocity>8.0</velocity>
      <orientation>1.0970171297989437</orientation>
      <time>17</time>
    </ksState>
    <ksState>
      <x>68.73490231411624</x>
      <y>492.76823547867014</y>
      <steeringAngle>0.0</steeringAngle>
      <velocity>8.0</velocity>
      <orientation>1.0970171297989437</orientation>
      <time>18</time>
    </ksState>
    <ksState>
      <x>69.09990427845479</x>
      <y>493.48011578183144</y>
      <steeringAngle>0.0</steeringAngle>
      <velocity>8.0</velocity>
      <orientation>1.0970171297989437</orientation>
      <time>19</time>
    </ksState>
    <ksState>
      <x>69.46490624279332</x>
      <y>494.1919960849927</y>
      <steeringAngle>0.0</steeringAngle>
      <velocity>8.0</velocity>
      <orientation>1.0970171297989437</orientation>
      <time>20</time>
    </ksState>
    <ksState>
      <x>69.81280689656732</x>
      <y>494.8676911200017</y>
      <steeringAngle>-0.03553333333333333</steeringAngle>
      <velocity>7.199999999999999</velocity>
      <orientation>1.0918721168164514</orientation>
      <time>21</time>
    </ksState>
    <ksState>
      <x>70.12990421442315</x>
      <y>495.4692239339277</y>
      <steeringAngle>-0.07106666666666664</steeringAngle>
      <velocity>6.400000000000001</velocity>
      <orientation>1.0778954446954883</orientation>
      <time>22</time>
    </ksState>
    <ksState>
      <x>70.41888196229507</x>
      <y>495.995036714525</y>
      <steeringAngle>-0.10659999999999997</steeringAngle>
      <velocity>5.600000000000004</velocity>
      <orientation>1.0572636768296069</orientation>
      <time>23</time>
    </ksState>
    <ksState>
      <x>70.67972410618903</x>
      <y>496.44486686530337</y>
      <steeringAngle>-0.1421333333333333</steeringAngle>
      <velocity>4.800000000000003</velocity>
      <orientation>1.0321474693209587</orientation>
      <time>24</time>
    </ksState>
    <ksState>
      <x>70.91039051462357</x>
      <y>496.8195412325924</y>
      <steeringAngle>-0.17766666666666653</steeringAngle>
      <velocity>4.000000000000006</velocity>
      <orientation>1.004722572735809</orientation>
      <time>25</time>
    </ksState>
    <ksState>
      <x>71.12927765362257</x>
      <y>497.15432484455783</y>
      <steeringAngle>-0.1421333333333333</steeringAngle>
      <velocity>4.0</velocity>
      <orientation>0.9797051663912856</orientation>
      <time>26</time>
    </ksState>
    <ksState>
      <x>71.3555447629881</x>
      <y>497.48417052444717</y>
      <steeringAngle>-0.10659999999999999</steeringAngle>
      <velocity>4.0</velocity>
      <orientation>0.960313240100535</orientation>
      <time>27</time>
    </ksState>
    <ksState>
      <x>71.58725785030546</x>
      <y>497.81021728635477</y>
      <steeringAngle>-0.07106666666666664</steeringAngle>
      <velocity>4.0</velocity>
      <orientation>0.946497000365582</orientation>
      <time>28</time>
    </ksState>
    <ksState>
      <x>71.82255868400284</x>
      <y>498.1336869058608</y>
      <steeringAngle>-0.03553333333333332</steeringAngle>
      <velocity>4.0</velocity>
      <orientation>0.9382212399033167</orientation>
      <time>29</time>
    </ksState>
    <ksState>
      <x>72.05964041687265</x>
      <y>498.4558547807163</y>
      <steeringAngle>2.2985086056692694e-17</steeringAngle>
      <velocity>4.0</velocity>
      <orientation>0.9354649766084764</orientation>
      <time>30</time>
    </ksState>
    <ksState>
      <x>72.27328034354274</x>
      <y>498.74560981689774</y>
      <steeringAngle>0.0</steeringAngle>
      <velocity>3.2</velocity>
      <orientation>0.9354649766084764</orientation>
      <time>31</time>
    </ksState>
    <ksState>
      <x>72.4394447307568</x>
      <y>498.97097484477297</y>
      <steeringAngle>0.0</steeringAngle>
      <velocity>2.4000000000000004</velocity>
      <orientation>0.9354649766084764</orientation>
      <time>32</time>
    </ksState>
    <ksState>
      <x>72.55813357857532</x>
      <y>499.13194986442414</y>
      <steeringAngle>0.0</steeringAngle>
      <velocity>1.6</velocity>
      <orientation>0.9354649766084764</orientation>
      <time>33</time>
    </ksState>
  </ksTrajectory>
</CommonRoadSolution>
