<?xml version="1.0" ?>
<CommonRoadSolution benchmark_id="KS2:SM1:DEU_Flensburg-30_1_T-1:2020a" computation_time="9.043321849999984" date="2020-12-29">
  <ksTrajectory planningProblem="123">
    <ksState>
      <x>136.07387</x>
      <y>350.04254</y>
      <steeringAngle>0.0</steeringAngle>
      <velocity>0.0</velocity>
      <orientation>-2.8312365</orientation>
      <time>0</time>
    </ksState>
    <ksState>
      <x>136.0357828038744</x>
      <y>350.03031848090615</y>
      <steeringAngle>0.03553333333333333</steeringAngle>
      <velocity>0.8</velocity>
      <orientation>-2.830868968221758</orientation>
      <time>1</time>
    </ksState>
    <ksState>
      <x>135.92157168485306</x>
      <y>349.99349712343246</y>
      <steeringAngle>0.0710666666666667</steeringAngle>
      <velocity>1.6</velocity>
      <orientation>-2.8282941216297726</orientation>
      <time>2</time>
    </ksState>
    <ksState>
      <x>135.7315102716174</x>
      <y>349.93123562122406</y>
      <steeringAngle>0.10660000000000003</steeringAngle>
      <velocity>2.4000000000000004</velocity>
      <orientation>-2.821293417392935</orientation>
      <time>3</time>
    </ksState>
    <ksState>
      <x>135.4663322047806</x>
      <y>349.84135031954946</y>
      <steeringAngle>0.14213333333333342</steeringAngle>
      <velocity>3.2000000000000015</velocity>
      <orientation>-2.8076257764521153</orientation>
      <time>4</time>
    </ksState>
    <ksState>
      <x>135.12753386060942</x>
      <y>349.7196533746504</y>
      <steeringAngle>0.17766666666666683</steeringAngle>
      <velocity>4.0000000000000036</velocity>
      <orientation>-2.785015860578895</orientation>
      <time>5</time>
    </ksState>
    <ksState>
      <x>134.7548281991631</x>
      <y>349.574471044642</y>
      <steeringAngle>0.21319999999999995</steeringAngle>
      <velocity>4.0</velocity>
      <orientation>-2.7543080779413947</orientation>
      <time>6</time>
    </ksState>
    <ksState>
      <x>134.38721382977513</x>
      <y>349.4168578333284</y>
      <steeringAngle>0.24873333333333336</steeringAngle>
      <velocity>4.0</velocity>
      <orientation>-2.7178292368187003</orientation>
      <time>7</time>
    </ksState>
    <ksState>
      <x>134.0261007964085</x>
      <y>349.24488848078266</y>
      <steeringAngle>0.2842666666666667</steeringAngle>
      <velocity>4.0</velocity>
      <orientation>-2.6754820029732524</orientation>
      <time>8</time>
    </ksState>
    <ksState>
      <x>133.67315912623167</x>
      <y>349.05673688153126</y>
      <steeringAngle>0.31980000000000003</steeringAngle>
      <velocity>4.0</velocity>
      <orientation>-2.6271513216061173</orientation>
      <time>9</time>
    </ksState>
    <ksState>
      <x>133.33035465026717</x>
      <y>348.85071369158464</y>
      <steeringAngle>0.35533333333333333</steeringAngle>
      <velocity>4.0</velocity>
      <orientation>-2.572703120427839</orientation>
      <time>10</time>
    </ksState>
    <ksState>
      <x>132.9999823292837</x>
      <y>348.6253141047969</y>
      <steeringAngle>0.39086666666666653</steeringAngle>
      <velocity>4.0</velocity>
      <orientation>-2.511982754121852</orientation>
      <time>11</time>
    </ksState>
    <ksState>
      <x>132.68469552832494</x>
      <y>348.3792773495481</y>
      <steeringAngle>0.42639999999999995</steeringAngle>
      <velocity>4.0</velocity>
      <orientation>-2.444813140665448</orientation>
      <time>12</time>
    </ksState>
    <ksState>
      <x>132.38752865867875</x>
      <y>348.11165969910854</y>
      <steeringAngle>0.4619333333333333</steeringAngle>
      <velocity>4.0</velocity>
      <orientation>-2.3709925570331043</orientation>
      <time>13</time>
    </ksState>
    <ksState>
      <x>132.1119103189083</x>
      <y>347.8219223700886</y>
      <steeringAngle>0.49746666666666667</steeringAngle>
      <velocity>4.0</velocity>
      <orientation>-2.290292015219884</orientation>
      <time>14</time>
    </ksState>
    <ksState>
      <x>131.8616627568167</x>
      <y>347.51003566983417</y>
      <steeringAngle>0.533</steeringAngle>
      <velocity>4.0</velocity>
      <orientation>-2.2024521486200754</orientation>
      <time>15</time>
    </ksState>
    <ksState>
      <x>131.64055889900598</x>
      <y>347.17686684945386</y>
      <steeringAngle>0.533</steeringAngle>
      <velocity>4.0</velocity>
      <orientation>-2.1109478500652554</orientation>
      <time>16</time>
    </ksState>
    <ksState>
      <x>131.45082388651454</x>
      <y>346.82488811543317</y>
      <steeringAngle>0.533</steeringAngle>
      <velocity>4.0</velocity>
      <orientation>-2.019443551510436</orientation>
      <time>17</time>
    </ksState>
    <ksState>
      <x>131.29404528826115</x>
      <y>346.4570445665275</y>
      <steeringAngle>0.533</steeringAngle>
      <velocity>4.0</velocity>
      <orientation>-1.9279392529556159</orientation>
      <time>18</time>
    </ksState>
    <ksState>
      <x>131.17153490156815</x>
      <y>346.07641402137796</y>
      <steeringAngle>0.533</steeringAngle>
      <velocity>4.0</velocity>
      <orientation>-1.8364349544007958</orientation>
      <time>19</time>
    </ksState>
    <ksState>
      <x>131.0843177948562</x>
      <y>345.68618128967</y>
      <steeringAngle>0.533</steeringAngle>
      <velocity>4.0</velocity>
      <orientation>-1.7449306558459763</orientation>
      <time>20</time>
    </ksState>
    <ksState>
      <x>131.03263636463456</x>
      <y>345.2896637159225</y>
      <steeringAngle>0.4974666666666666</steeringAngle>
      <velocity>4.0</velocity>
      <orientation>-1.6570907890065272</orientation>
      <time>21</time>
    </ksState>
    <ksState>
      <x>131.01450332454272</x>
      <y>344.8901835736128</y>
      <steeringAngle>0.4619333333333334</steeringAngle>
      <velocity>4.0</velocity>
      <orientation>-1.576390247219357</orientation>
      <time>22</time>
    </ksState>
    <ksState>
      <x>131.0272501912428</x>
      <y>344.4904775850508</y>
      <steeringAngle>0.42640000000000017</steeringAngle>
      <velocity>4.0</velocity>
      <orientation>-1.5025696639695518</orientation>
      <time>23</time>
    </ksState>
    <ksState>
      <x>131.06811384907678</x>
      <y>344.09264593768074</y>
      <steeringAngle>0.3908666666666668</steeringAngle>
      <velocity>4.0</velocity>
      <orientation>-1.4354000511066893</orientation>
      <time>24</time>
    </ksState>
    <ksState>
      <x>131.13431202804765</x>
      <y>343.69822403946097</y>
      <steeringAngle>0.3553333333333335</steeringAngle>
      <velocity>4.0</velocity>
      <orientation>-1.3746796832284036</orientation>
      <time>25</time>
    </ksState>
    <ksState>
      <x>131.2331408369392</x>
      <y>343.26953390207893</y>
      <steeringAngle>0.31979999999999975</steeringAngle>
      <velocity>4.800000000000001</velocity>
      <orientation>-1.314889848196655</orientation>
      <time>26</time>
    </ksState>
    <ksState>
      <x>131.38077766681727</x>
      <y>342.7710213594159</y>
      <steeringAngle>0.28426666666666645</steeringAngle>
      <velocity>5.600000000000004</velocity>
      <orientation>-1.2521607480653314</orientation>
      <time>27</time>
    </ksState>
    <ksState>
      <x>131.58709391989797</x>
      <y>342.2077159397132</y>
      <steeringAngle>0.2487333333333331</steeringAngle>
      <velocity>6.400000000000004</velocity>
      <orientation>-1.1887386113726557</orientation>
      <time>28</time>
    </ksState>
    <ksState>
      <x>131.86049716510956</x>
      <y>341.5852185423999</y>
      <steeringAngle>0.21319999999999992</steeringAngle>
      <velocity>7.200000000000004</velocity>
      <orientation>-1.1268215226948566</orientation>
      <time>29</time>
    </ksState>
    <ksState>
      <x>132.2073532470854</x>
      <y>340.90910641978155</y>
      <steeringAngle>0.17766666666666656</steeringAngle>
      <velocity>8.000000000000004</velocity>
      <orientation>-1.0685721930938914</orientation>
      <time>30</time>
    </ksState>
    <ksState>
      <x>132.61048376063465</x>
      <y>340.21819963616946</y>
      <steeringAngle>0.14213333333333336</steeringAngle>
      <velocity>8.0</velocity>
      <orientation>-1.018537381545143</orientation>
      <time>31</time>
    </ksState>
    <ksState>
      <x>133.04390103316777</x>
      <y>339.54583876632785</y>
      <steeringAngle>0.1066000000000001</steeringAngle>
      <velocity>8.0</velocity>
      <orientation>-0.9797535295381457</orientation>
      <time>32</time>
    </ksState>
    <ksState>
      <x>133.4994125121161</x>
      <y>338.8882154234866</y>
      <steeringAngle>0.07106666666666674</steeringAngle>
      <velocity>8.0</velocity>
      <orientation>-0.9521210505084587</orientation>
      <time>33</time>
    </ksState>
    <ksState>
      <x>133.96934642584586</x>
      <y>338.24079948614406</y>
      <steeringAngle>0.035533333333333354</steeringAngle>
      <velocity>8.0</velocity>
      <orientation>-0.9355695298794293</orientation>
      <time>34</time>
    </ksState>
    <ksState>
      <x>134.44639724984287</x>
      <y>337.5985995349985</y>
      <steeringAngle>2.0816681711721685e-17</steeringAngle>
      <velocity>8.0</velocity>
      <orientation>-0.9300570034210245</orientation>
      <time>35</time>
    </ksState>
    <ksState>
      <x>134.9246278788325</x>
      <y>336.95727632046766</y>
      <steeringAngle>0.0</steeringAngle>
      <velocity>8.0</velocity>
      <orientation>-0.9300570034210245</orientation>
      <time>36</time>
    </ksState>
    <ksState>
      <x>135.40285850782212</x>
      <y>336.31595310593684</y>
      <steeringAngle>0.0</steeringAngle>
      <velocity>8.0</velocity>
      <orientation>-0.9300570034210245</orientation>
      <time>37</time>
    </ksState>
    <ksState>
      <x>135.88108913681177</x>
      <y>335.67462989140597</y>
      <steeringAngle>0.0</steeringAngle>
      <velocity>8.0</velocity>
      <orientation>-0.9300570034210245</orientation>
      <time>38</time>
    </ksState>
    <ksState>
      <x>136.3593197658014</x>
      <y>335.0333066768751</y>
      <steeringAngle>0.0</steeringAngle>
      <velocity>8.0</velocity>
      <orientation>-0.9300570034210245</orientation>
      <time>39</time>
    </ksState>
    <ksState>
      <x>136.837550394791</x>
      <y>334.3919834623443</y>
      <steeringAngle>0.0</steeringAngle>
      <velocity>8.0</velocity>
      <orientation>-0.9300570034210245</orientation>
      <time>40</time>
    </ksState>
    <ksState>
      <x>137.31578102378063</x>
      <y>333.7506602478134</y>
      <steeringAngle>0.0</steeringAngle>
      <velocity>8.0</velocity>
      <orientation>-0.9300570034210245</orientation>
      <time>41</time>
    </ksState>
    <ksState>
      <x>137.79401165277025</x>
      <y>333.1093370332826</y>
      <steeringAngle>0.0</steeringAngle>
      <velocity>8.0</velocity>
      <orientation>-0.9300570034210245</orientation>
      <time>42</time>
    </ksState>
    <ksState>
      <x>138.2722422817599</x>
      <y>332.46801381875173</y>
      <steeringAngle>0.0</steeringAngle>
      <velocity>8.0</velocity>
      <orientation>-0.9300570034210245</orientation>
      <time>43</time>
    </ksState>
    <ksState>
      <x>138.75047291074952</x>
      <y>331.82669060422086</y>
      <steeringAngle>0.0</steeringAngle>
      <velocity>8.0</velocity>
      <orientation>-0.9300570034210245</orientation>
      <time>44</time>
    </ksState>
    <ksState>
      <x>139.22870353973914</x>
      <y>331.18536738969004</y>
      <steeringAngle>0.0</steeringAngle>
      <velocity>8.0</velocity>
      <orientation>-0.9300570034210245</orientation>
      <time>45</time>
    </ksState>
    <ksState>
      <x>139.70693416872876</x>
      <y>330.5440441751592</y>
      <steeringAngle>0.0</steeringAngle>
      <velocity>8.0</velocity>
      <orientation>-0.9300570034210245</orientation>
      <time>46</time>
    </ksState>
    <ksState>
      <x>140.1851647977184</x>
      <y>329.90272096062836</y>
      <steeringAngle>0.0</steeringAngle>
      <velocity>8.0</velocity>
      <orientation>-0.9300570034210245</orientation>
      <time>47</time>
    </ksState>
    <ksState>
      <x>140.66339542670804</x>
      <y>329.2613977460975</y>
      <steeringAngle>0.0</steeringAngle>
      <velocity>8.0</velocity>
      <orientation>-0.9300570034210245</orientation>
      <time>48</time>
    </ksState>
    <ksState>
      <x>141.14162605569766</x>
      <y>328.6200745315666</y>
      <steeringAngle>0.0</steeringAngle>
      <velocity>8.0</velocity>
      <orientation>-0.9300570034210245</orientation>
      <time>49</time>
    </ksState>
    <ksState>
      <x>141.61985668468728</x>
      <y>327.9787513170358</y>
      <steeringAngle>0.0</steeringAngle>
      <velocity>8.0</velocity>
      <orientation>-0.9300570034210245</orientation>
      <time>50</time>
    </ksState>
    <ksState>
      <x>142.0980873136769</x>
      <y>327.33742810250493</y>
      <steeringAngle>0.0</steeringAngle>
      <velocity>8.0</velocity>
      <orientation>-0.9300570034210245</orientation>
      <time>51</time>
    </ksState>
    <ksState>
      <x>142.57631794266652</x>
      <y>326.6961048879741</y>
      <steeringAngle>0.0</steeringAngle>
      <velocity>8.0</velocity>
      <orientation>-0.9300570034210245</orientation>
      <time>52</time>
    </ksState>
    <ksState>
      <x>143.05454857165617</x>
      <y>326.05478167344324</y>
      <steeringAngle>0.0</steeringAngle>
      <velocity>8.0</velocity>
      <orientation>-0.9300570034210245</orientation>
      <time>53</time>
    </ksState>
    <ksState>
      <x>143.5327792006458</x>
      <y>325.4134584589124</y>
      <steeringAngle>0.0</steeringAngle>
      <velocity>8.0</velocity>
      <orientation>-0.9300570034210245</orientation>
      <time>54</time>
    </ksState>
    <ksState>
      <x>144.0110098296354</x>
      <y>324.77213524438156</y>
      <steeringAngle>0.0</steeringAngle>
      <velocity>8.0</velocity>
      <orientation>-0.9300570034210245</orientation>
      <time>55</time>
    </ksState>
    <ksState>
      <x>144.48924045862503</x>
      <y>324.1308120298507</y>
      <steeringAngle>0.0</steeringAngle>
      <velocity>8.0</velocity>
      <orientation>-0.9300570034210245</orientation>
      <time>56</time>
    </ksState>
    <ksState>
      <x>144.96747108761465</x>
      <y>323.4894888153199</y>
      <steeringAngle>0.0</steeringAngle>
      <velocity>8.0</velocity>
      <orientation>-0.9300570034210245</orientation>
      <time>57</time>
    </ksState>
    <ksState>
      <x>145.4457017166043</x>
      <y>322.848165600789</y>
      <steeringAngle>0.0</steeringAngle>
      <velocity>8.0</velocity>
      <orientation>-0.9300570034210245</orientation>
      <time>58</time>
    </ksState>
    <ksState>
      <x>145.92393234559393</x>
      <y>322.20684238625813</y>
      <steeringAngle>0.0</steeringAngle>
      <velocity>8.0</velocity>
      <orientation>-0.9300570034210245</orientation>
      <time>59</time>
    </ksState>
    <ksState>
      <x>146.40216297458355</x>
      <y>321.5655191717273</y>
      <steeringAngle>0.0</steeringAngle>
      <velocity>8.0</velocity>
      <orientation>-0.9300570034210245</orientation>
      <time>60</time>
    </ksState>
    <ksState>
      <x>146.88039360357317</x>
      <y>320.92419595719645</y>
      <steeringAngle>0.0</steeringAngle>
      <velocity>8.0</velocity>
      <orientation>-0.9300570034210245</orientation>
      <time>61</time>
    </ksState>
    <ksState>
      <x>147.3586242325628</x>
      <y>320.28287274266563</y>
      <steeringAngle>0.0</steeringAngle>
      <velocity>8.0</velocity>
      <orientation>-0.9300570034210245</orientation>
      <time>62</time>
    </ksState>
    <ksState>
      <x>147.83685486155244</x>
      <y>319.64154952813476</y>
      <steeringAngle>0.0</steeringAngle>
      <velocity>8.0</velocity>
      <orientation>-0.9300570034210245</orientation>
      <time>63</time>
    </ksState>
    <ksState>
      <x>148.31508549054206</x>
      <y>319.0002263136039</y>
      <steeringAngle>0.0</steeringAngle>
      <velocity>8.0</velocity>
      <orientation>-0.9300570034210245</orientation>
      <time>64</time>
    </ksState>
    <ksState>
      <x>148.79331611953168</x>
      <y>318.3589030990731</y>
      <steeringAngle>0.0</steeringAngle>
      <velocity>8.0</velocity>
      <orientation>-0.9300570034210245</orientation>
      <time>65</time>
    </ksState>
    <ksState>
      <x>149.24659828294966</x>
      <y>317.74887529187134</y>
      <steeringAngle>-0.03553333333333333</steeringAngle>
      <velocity>7.199999999999999</velocity>
      <orientation>-0.9352020164035169</orientation>
      <time>66</time>
    </ksState>
    <ksState>
      <x>149.64687736380753</x>
      <y>317.19917619904993</y>
      <steeringAngle>-0.07106666666666664</steeringAngle>
      <velocity>6.400000000000001</velocity>
      <orientation>-0.94917868852448</orientation>
      <time>67</time>
    </ksState>
    <ksState>
      <x>149.991572422544</x>
      <y>316.7080829945691</y>
      <steeringAngle>-0.10659999999999997</steeringAngle>
      <velocity>5.600000000000004</velocity>
      <orientation>-0.9698104563903613</orientation>
      <time>68</time>
    </ksState>
    <ksState>
      <x>150.280454791353</x>
      <y>316.27572577470136</y>
      <steeringAngle>-0.1421333333333333</steeringAngle>
      <velocity>4.800000000000003</velocity>
      <orientation>-0.9949266638990095</orientation>
      <time>69</time>
    </ksState>
    <ksState>
      <x>150.51516563098807</x>
      <y>315.9035716463602</y>
      <steeringAngle>-0.17766666666666653</steeringAngle>
      <velocity>4.000000000000006</velocity>
      <orientation>-1.0223515604841593</orientation>
      <time>70</time>
    </ksState>
    <ksState>
      <x>150.71860113160182</x>
      <y>315.5591860832034</y>
      <steeringAngle>-0.21319999999999995</steeringAngle>
      <velocity>4.0</velocity>
      <orientation>-1.0530593431216595</orientation>
      <time>71</time>
    </ksState>
    <ksState>
      <x>150.91035447890712</x>
      <y>315.2081691281167</y>
      <steeringAngle>-0.24873333333333336</steeringAngle>
      <velocity>4.0</velocity>
      <orientation>-1.0895381842443537</orientation>
      <time>72</time>
    </ksState>
    <ksState>
      <x>151.08812758743306</x>
      <y>314.84987762254167</y>
      <steeringAngle>-0.2842666666666667</steeringAngle>
      <velocity>4.0</velocity>
      <orientation>-1.1318854180898017</orientation>
      <time>73</time>
    </ksState>
    <ksState>
      <x>151.24947915550865</x>
      <y>314.4839069702652</y>
      <steeringAngle>-0.31980000000000003</steeringAngle>
      <velocity>4.0</velocity>
      <orientation>-1.1802160994569368</orientation>
      <time>74</time>
    </ksState>
    <ksState>
      <x>151.39181972320978</x>
      <y>314.1101428383269</y>
      <steeringAngle>-0.35533333333333333</steeringAngle>
      <velocity>4.0</velocity>
      <orientation>-1.2346643006352154</orientation>
      <time>75</time>
    </ksState>
    <ksState>
      <x>151.5132154698893</x>
      <y>313.7290607626915</y>
      <steeringAngle>-0.31979999999999986</steeringAngle>
      <velocity>4.0</velocity>
      <orientation>-1.289112499828595</orientation>
      <time>76</time>
    </ksState>
    <ksState>
      <x>151.6148832869114</x>
      <y>313.34223714337935</y>
      <steeringAngle>-0.28426666666666656</steeringAngle>
      <velocity>4.0</velocity>
      <orientation>-1.3374431793098522</orientation>
      <time>77</time>
    </ksState>
    <ksState>
      <x>151.69892043186707</x>
      <y>312.9511951527413</y>
      <steeringAngle>-0.2487333333333332</steeringAngle>
      <velocity>4.0</velocity>
      <orientation>-1.3797904130327274</orientation>
      <time>78</time>
    </ksState>
    <ksState>
      <x>151.7674889553546</x>
      <y>312.5571385514637</y>
      <steeringAngle>-0.21319999999999986</steeringAngle>
      <velocity>4.0</velocity>
      <orientation>-1.416269254106355</orientation>
      <time>79</time>
    </ksState>
    <ksState>
      <x>151.82278744390615</x>
      <y>312.1609952768418</y>
      <steeringAngle>-0.1776666666666665</steeringAngle>
      <velocity>4.0</velocity>
      <orientation>-1.4469770367551829</orientation>
      <time>80</time>
    </ksState>
    <ksState>
      <x>151.86703130876575</x>
      <y>311.7634602131278</y>
      <steeringAngle>-0.1421333333333333</steeringAngle>
      <velocity>4.0</velocity>
      <orientation>-1.471994443099706</orientation>
      <time>81</time>
    </ksState>
    <ksState>
      <x>151.90244012845807</x>
      <y>311.36503682926303</y>
      <steeringAngle>-0.10659999999999999</steeringAngle>
      <velocity>4.0</velocity>
      <orientation>-1.4913863693904568</orientation>
      <time>82</time>
    </ksState>
    <ksState>
      <x>151.9312305494478</x>
      <y>310.96607748616674</y>
      <steeringAngle>-0.07106666666666664</steeringAngle>
      <velocity>4.0</velocity>
      <orientation>-1.5052026091254096</orientation>
      <time>83</time>
    </ksState>
    <ksState>
      <x>151.95561345672974</x>
      <y>310.5668224913144</y>
      <steeringAngle>-0.03553333333333332</steeringAngle>
      <velocity>4.0</velocity>
      <orientation>-1.513478369587675</orientation>
      <time>84</time>
    </ksState>
    <ksState>
      <x>151.97779422989652</x>
      <y>310.1674380888258</y>
      <steeringAngle>2.2985086056692694e-17</steeringAngle>
      <velocity>4.0</velocity>
      <orientation>-1.5162346328825154</orientation>
      <time>85</time>
    </ksState>
    <ksState>
      <x>151.99997500458295</x>
      <y>309.7680537000993</y>
      <steeringAngle>0.035533333333333326</steeringAngle>
      <velocity>4.0</velocity>
      <orientation>-1.513478358349915</orientation>
      <time>86</time>
    </ksState>
    <ksState>
      <x>152.024357915738</x>
      <y>309.3687987054509</y>
      <steeringAngle>0.07106666666666711</steeringAngle>
      <velocity>4.0</velocity>
      <orientation>-1.5052025978066295</orientation>
      <time>87</time>
    </ksState>
    <ksState>
      <x>152.0531483410065</x>
      <y>308.96983936278</y>
      <steeringAngle>0.10660000000000043</steeringAngle>
      <velocity>4.0</velocity>
      <orientation>-1.4913863579874926</orientation>
      <time>88</time>
    </ksState>
    <ksState>
      <x>152.08855716521958</x>
      <y>308.5714159797287</y>
      <steeringAngle>0.14213333333333378</steeringAngle>
      <velocity>4.0</velocity>
      <orientation>-1.4719944316019469</orientation>
      <time>89</time>
    </ksState>
    <ksState>
      <x>152.1328010346752</x>
      <y>308.173880917231</y>
      <steeringAngle>0.1776666666666672</steeringAngle>
      <velocity>4.0</velocity>
      <orientation>-1.4469770251505496</orientation>
      <time>90</time>
    </ksState>
    <ksState>
      <x>152.18809952680547</x>
      <y>307.77773764038665</y>
      <steeringAngle>0.21319999999999995</steeringAngle>
      <velocity>4.0</velocity>
      <orientation>-1.4162692425130494</orientation>
      <time>91</time>
    </ksState>
    <ksState>
      <x>152.25666805490846</x>
      <y>307.3836810379615</y>
      <steeringAngle>0.24873333333333336</steeringAngle>
      <velocity>4.0</velocity>
      <orientation>-1.3797904013903552</orientation>
      <time>92</time>
    </ksState>
    <ksState>
      <x>152.34070520534215</x>
      <y>306.99263904734</y>
      <steeringAngle>0.2842666666666667</steeringAngle>
      <velocity>4.0</velocity>
      <orientation>-1.3374431675449072</orientation>
      <time>93</time>
    </ksState>
    <ksState>
      <x>152.44237305192956</x>
      <y>306.60581544953556</y>
      <steeringAngle>0.31980000000000003</steeringAngle>
      <velocity>4.0</velocity>
      <orientation>-1.289112486177772</orientation>
      <time>94</time>
    </ksState>
    <ksState>
      <x>152.56376882548278</x>
      <y>306.2247333983963</y>
      <steeringAngle>0.35533333333333333</steeringAngle>
      <velocity>4.0</velocity>
      <orientation>-1.2346642849994938</orientation>
      <time>95</time>
    </ksState>
    <ksState>
      <x>152.6909616782437</x>
      <y>305.8879903122775</y>
      <steeringAngle>0.31979999999999975</steeringAngle>
      <velocity>3.2</velocity>
      <orientation>-1.1855577249417055</orientation>
      <time>96</time>
    </ksState>
    <ksState>
      <x>152.80065240809026</x>
      <y>305.6303851725459</y>
      <steeringAngle>0.2842666666666663</steeringAngle>
      <velocity>2.4000000000000004</velocity>
      <orientation>-1.151625469575491</orientation>
      <time>97</time>
    </ksState>
    <ksState>
      <x>152.88403444372346</x>
      <y>305.4485997932925</y>
      <steeringAngle>0.24873333333333292</steeringAngle>
      <velocity>1.6000000000000008</velocity>
      <orientation>-1.1303531486285523</orientation>
      <time>98</time>
    </ksState>
    <ksState>
      <x>152.9358088683298</x>
      <y>305.34034425365206</y>
      <steeringAngle>0.21319999999999967</steeringAngle>
      <velocity>0.8000000000000008</velocity>
      <orientation>-1.1193125578874974</orientation>
      <time>99</time>
    </ksState>
  </ksTrajectory>
</CommonRoadSolution>
