<?xml version="1.0" ?>
<CommonRoadSolution benchmark_id="KS2:SM1:BEL_Nivelles-1_1_T-1:2020a" computation_time="0.5313339979999796" date="2020-12-29">
  <ksTrajectory planningProblem="1">
    <ksState>
      <x>861.1144</x>
      <y>550.74041</y>
      <steeringAngle>0.0</steeringAngle>
      <velocity>8.0</velocity>
      <orientation>-2.3505636</orientation>
      <time>0</time>
    </ksState>
    <ksState>
      <x>860.5809535143634</x>
      <y>550.1990843196613</y>
      <steeringAngle>0.03553333333333333</steeringAngle>
      <velocity>7.199999999999999</velocity>
      <orientation>-2.345418587017508</orientation>
      <time>1</time>
    </ksState>
    <ksState>
      <x>860.1083590775825</x>
      <y>549.7101600580984</y>
      <steeringAngle>0.07106666666666664</steeringAngle>
      <velocity>6.400000000000001</velocity>
      <orientation>-2.3314419148965446</orientation>
      <time>2</time>
    </ksState>
    <ksState>
      <x>859.698933976065</x>
      <y>549.2715733446062</y>
      <steeringAngle>0.10659999999999997</steeringAngle>
      <velocity>5.600000000000004</velocity>
      <orientation>-2.3108101470306632</orientation>
      <time>3</time>
    </ksState>
    <ksState>
      <x>859.352922700048</x>
      <y>548.8834213312795</y>
      <steeringAngle>0.1421333333333333</steeringAngle>
      <velocity>4.800000000000003</velocity>
      <orientation>-2.285693939522015</orientation>
      <time>4</time>
    </ksState>
    <ksState>
      <x>859.0689032364804</x>
      <y>548.5473844020613</y>
      <steeringAngle>0.17766666666666653</steeringAngle>
      <velocity>4.000000000000006</velocity>
      <orientation>-2.258269042936865</orientation>
      <time>5</time>
    </ksState>
    <ksState>
      <x>858.8191092569787</x>
      <y>548.2349830348037</y>
      <steeringAngle>0.1421333333333333</steeringAngle>
      <velocity>4.0</velocity>
      <orientation>-2.2332516365923416</orientation>
      <time>6</time>
    </ksState>
    <ksState>
      <x>858.5763090090661</x>
      <y>547.9171103921684</y>
      <steeringAngle>0.10659999999999999</steeringAngle>
      <velocity>4.0</velocity>
      <orientation>-2.213859710301591</orientation>
      <time>7</time>
    </ksState>
    <ksState>
      <x>858.338817000652</x>
      <y>547.595248633452</y>
      <steeringAngle>0.07106666666666664</steeringAngle>
      <velocity>4.0</velocity>
      <orientation>-2.200043470566638</orientation>
      <time>8</time>
    </ksState>
    <ksState>
      <x>858.104892742174</x>
      <y>547.2707821199601</y>
      <steeringAngle>0.03553333333333332</steeringAngle>
      <velocity>4.0</velocity>
      <orientation>-2.1917677101043727</orientation>
      <time>9</time>
    </ksState>
    <ksState>
      <x>857.8727608274105</x>
      <y>546.9450296651763</y>
      <steeringAngle>-2.2985086056692694e-17</steeringAngle>
      <velocity>4.0</velocity>
      <orientation>-2.1890114468095323</orientation>
      <time>10</time>
    </ksState>
    <ksState>
      <x>857.6406289187152</x>
      <y>546.6192772228376</y>
      <steeringAngle>-0.035533333333333326</steeringAngle>
      <velocity>4.0</velocity>
      <orientation>-2.1917677213421327</orientation>
      <time>11</time>
    </ksState>
    <ksState>
      <x>857.4067046570722</x>
      <y>546.2948107115875</y>
      <steeringAngle>-0.07106666666666711</steeringAngle>
      <velocity>4.0</velocity>
      <orientation>-2.200043481885418</orientation>
      <time>12</time>
    </ksState>
    <ksState>
      <x>857.1692126452685</x>
      <y>545.9729489555167</y>
      <steeringAngle>-0.10660000000000043</steeringAngle>
      <velocity>4.0</velocity>
      <orientation>-2.213859721704555</orientation>
      <time>13</time>
    </ksState>
    <ksState>
      <x>856.9264123939691</x>
      <y>545.6550763159845</y>
      <steeringAngle>-0.14213333333333378</steeringAngle>
      <velocity>4.0</velocity>
      <orientation>-2.233251648090101</orientation>
      <time>14</time>
    </ksState>
    <ksState>
      <x>856.6766184112321</x>
      <y>545.3426749522105</y>
      <steeringAngle>-0.1776666666666672</steeringAngle>
      <velocity>4.0</velocity>
      <orientation>-2.2582690545414983</orientation>
      <time>15</time>
    </ksState>
    <ksState>
      <x>856.4187996088077</x>
      <y>545.036862736012</y>
      <steeringAngle>-0.1421333333333333</steeringAngle>
      <velocity>4.0</velocity>
      <orientation>-2.2832864608860217</orientation>
      <time>16</time>
    </ksState>
    <ksState>
      <x>856.1542531397217</x>
      <y>544.7368458314609</y>
      <steeringAngle>-0.10659999999999999</steeringAngle>
      <velocity>4.0</velocity>
      <orientation>-2.302678387176772</orientation>
      <time>17</time>
    </ksState>
    <ksState>
      <x>855.8847608268235</x>
      <y>544.441259398969</y>
      <steeringAngle>-0.07106666666666664</steeringAngle>
      <velocity>4.0</velocity>
      <orientation>-2.3164946269117253</orientation>
      <time>18</time>
    </ksState>
    <ksState>
      <x>855.6120192672056</x>
      <y>544.1486656212852</y>
      <steeringAngle>-0.03553333333333332</steeringAngle>
      <velocity>4.0</velocity>
      <orientation>-2.3247703873739907</orientation>
      <time>19</time>
    </ksState>
    <ksState>
      <x>855.3376675580771</x>
      <y>543.8575796763346</y>
      <steeringAngle>2.2985086056692694e-17</steeringAngle>
      <velocity>4.0</velocity>
      <orientation>-2.327526650668831</orientation>
      <time>20</time>
    </ksState>
    <ksState>
      <x>855.0359250932727</x>
      <y>543.5373433319489</y>
      <steeringAngle>0.035533333333333326</steeringAngle>
      <velocity>4.799999999999999</velocity>
      <orientation>-2.32440287199964</orientation>
      <time>21</time>
    </ksState>
    <ksState>
      <x>854.6819393903497</x>
      <y>543.1564346284222</y>
      <steeringAngle>0.07106666666666667</steeringAngle>
      <velocity>5.599999999999998</velocity>
      <orientation>-2.3135522609384673</orientation>
      <time>22</time>
    </ksState>
    <ksState>
      <x>854.2804669677681</x>
      <y>542.7105570339431</y>
      <steeringAngle>0.10659999999999999</steeringAngle>
      <velocity>6.3999999999999995</velocity>
      <orientation>-2.2927353119381393</orientation>
      <time>23</time>
    </ksState>
    <ksState>
      <x>853.8392020651135</x>
      <y>542.1932147410245</y>
      <steeringAngle>0.14213333333333333</steeringAngle>
      <velocity>7.199999999999999</velocity>
      <orientation>-2.259675740956974</orientation>
      <time>24</time>
    </ksState>
    <ksState>
      <x>853.3697072262245</x>
      <y>541.5956654000338</y>
      <steeringAngle>0.17766666666666664</steeringAngle>
      <velocity>7.9999999999999964</velocity>
      <orientation>-2.2120484188754275</orientation>
      <time>25</time>
    </ksState>
    <ksState>
      <x>852.9313976850189</x>
      <y>540.9748997638045</y>
      <steeringAngle>0.17766666666666667</steeringAngle>
      <velocity>7.2</velocity>
      <orientation>-2.15913249143105</orientation>
      <time>26</time>
    </ksState>
    <ksState>
      <x>852.5675423291766</x>
      <y>540.4005106061156</y>
      <steeringAngle>0.17766666666666667</steeringAngle>
      <velocity>6.4</velocity>
      <orientation>-2.111786661638239</orientation>
      <time>27</time>
    </ksState>
    <ksState>
      <x>852.2693825636132</x>
      <y>539.8798875205132</y>
      <steeringAngle>0.17766666666666667</steeringAngle>
      <velocity>5.599999999999999</velocity>
      <orientation>-2.070010929483054</orientation>
      <time>28</time>
    </ksState>
    <ksState>
      <x>852.0287579016452</x>
      <y>539.4189425847175</y>
      <steeringAngle>0.17766666666666667</steeringAngle>
      <velocity>4.799999999999999</velocity>
      <orientation>-2.0338052949615397</orientation>
      <time>29</time>
    </ksState>
    <ksState>
      <x>851.8382957771483</x>
      <y>539.0223205511996</y>
      <steeringAngle>0.17766666666666667</steeringAngle>
      <velocity>4.0</velocity>
      <orientation>-2.0031697580722096</orientation>
      <time>30</time>
    </ksState>
    <ksState>
      <x>851.6912930595531</x>
      <y>538.6937103498262</y>
      <steeringAngle>0.1421333333333333</steeringAngle>
      <velocity>3.1999999999999993</velocity>
      <orientation>-1.9805598430987674</orientation>
      <time>31</time>
    </ksState>
    <ksState>
      <x>851.5815854867406</x>
      <y>538.4361001353558</y>
      <steeringAngle>0.10659999999999997</steeringAngle>
      <velocity>2.3999999999999977</velocity>
      <orientation>-1.96689220222806</orientation>
      <time>32</time>
    </ksState>
    <ksState>
      <x>851.5051105400502</x>
      <y>538.2512991141394</y>
      <steeringAngle>0.07106666666666664</steeringAngle>
      <velocity>1.5999999999999976</velocity>
      <orientation>-1.9598914963748408</orientation>
      <time>33</time>
    </ksState>
  </ksTrajectory>
</CommonRoadSolution>
