<?xml version="1.0" ?>
<CommonRoadSolution benchmark_id="KS2:SM1:ESP_Monzon-5_1_T-1:2020a" computation_time="0.9383048039999267" date="2020-12-29">
  <ksTrajectory planningProblem="1">
    <ksState>
      <x>115.88287</x>
      <y>-354.57899</y>
      <steeringAngle>0.0</steeringAngle>
      <velocity>12.0</velocity>
      <orientation>-2.137878</orientation>
      <time>0</time>
    </ksState>
    <ksState>
      <x>115.25974953819743</x>
      <y>-355.5574177637871</y>
      <steeringAngle>0.0</steeringAngle>
      <velocity>11.200000000000001</velocity>
      <orientation>-2.137878</orientation>
      <time>1</time>
    </ksState>
    <ksState>
      <x>114.67960290160707</x>
      <y>-356.46836775035257</y>
      <steeringAngle>0.0</steeringAngle>
      <velocity>10.4</velocity>
      <orientation>-2.137878</orientation>
      <time>2</time>
    </ksState>
    <ksState>
      <x>114.1424300900626</x>
      <y>-357.3118399599575</y>
      <steeringAngle>0.0</steeringAngle>
      <velocity>9.599999999999998</velocity>
      <orientation>-2.137878</orientation>
      <time>3</time>
    </ksState>
    <ksState>
      <x>113.64823110351672</x>
      <y>-358.0878343926763</y>
      <steeringAngle>0.0</steeringAngle>
      <velocity>8.799999999999999</velocity>
      <orientation>-2.137878</orientation>
      <time>4</time>
    </ksState>
    <ksState>
      <x>113.19700594195396</x>
      <y>-358.79635104853315</y>
      <steeringAngle>0.0</steeringAngle>
      <velocity>7.999999999999997</velocity>
      <orientation>-2.137878</orientation>
      <time>5</time>
    </ksState>
    <ksState>
      <x>112.768508842847</x>
      <y>-359.4719163176331</y>
      <steeringAngle>0.03553333333333333</steeringAngle>
      <velocity>8.0</velocity>
      <orientation>-2.1323654649971613</orientation>
      <time>6</time>
    </ksState>
    <ksState>
      <x>112.34749318464618</x>
      <y>-360.1521597268583</y>
      <steeringAngle>0.07106666666666667</steeringAngle>
      <velocity>8.0</velocity>
      <orientation>-2.115813944116892</orientation>
      <time>7</time>
    </ksState>
    <ksState>
      <x>111.94161202995295</x>
      <y>-360.84152150273513</y>
      <steeringAngle>0.10659999999999997</steeringAngle>
      <velocity>8.0</velocity>
      <orientation>-2.0881814648261967</orientation>
      <time>8</time>
    </ksState>
    <ksState>
      <x>111.55884972470713</x>
      <y>-361.5439549092103</y>
      <steeringAngle>0.1421333333333333</steeringAngle>
      <velocity>8.0</velocity>
      <orientation>-2.049397612553462</orientation>
      <time>9</time>
    </ksState>
    <ksState>
      <x>111.20765689966782</x>
      <y>-362.2626551139231</y>
      <steeringAngle>0.17766666666666667</steeringAngle>
      <velocity>8.0</velocity>
      <orientation>-1.9993628003043074</orientation>
      <time>10</time>
    </ksState>
    <ksState>
      <x>110.91025833657612</x>
      <y>-362.9619542800216</y>
      <steeringAngle>0.17766666666666667</steeringAngle>
      <velocity>7.2</velocity>
      <orientation>-1.94644687285993</orientation>
      <time>11</time>
    </ksState>
    <ksState>
      <x>110.67584690888087</x>
      <y>-363.60020572499565</y>
      <steeringAngle>0.17766666666666667</steeringAngle>
      <velocity>6.4</velocity>
      <orientation>-1.8991010430671187</orientation>
      <time>12</time>
    </ksState>
    <ksState>
      <x>110.49430153615965</x>
      <y>-364.1720351757119</y>
      <steeringAngle>0.17766666666666667</steeringAngle>
      <velocity>5.599999999999999</velocity>
      <orientation>-1.857325310911934</orientation>
      <time>13</time>
    </ksState>
    <ksState>
      <x>110.35639765209541</x>
      <y>-364.6733863306353</y>
      <steeringAngle>0.17766666666666667</steeringAngle>
      <velocity>4.799999999999999</velocity>
      <orientation>-1.8211196763904196</orientation>
      <time>14</time>
    </ksState>
    <ksState>
      <x>110.25394837146247</x>
      <y>-365.1012753387174</y>
      <steeringAngle>0.17766666666666667</steeringAngle>
      <velocity>4.0</velocity>
      <orientation>-1.7904841395010895</orientation>
      <time>15</time>
    </ksState>
    <ksState>
      <x>110.16418437561013</x>
      <y>-365.5320076227355</y>
      <steeringAngle>0.14213333333333333</steeringAngle>
      <velocity>4.8000000000000025</velocity>
      <orientation>-1.7630592397827372</orientation>
      <time>16</time>
    </ksState>
    <ksState>
      <x>110.07155233895003</x>
      <y>-366.04367655549913</y>
      <steeringAngle>0.10660000000000003</steeringAngle>
      <velocity>5.600000000000005</velocity>
      <orientation>-1.7379430275038192</orientation>
      <time>17</time>
    </ksState>
    <ksState>
      <x>109.9782519454926</x>
      <y>-366.6363672493965</y>
      <steeringAngle>0.07106666666666671</steeringAngle>
      <velocity>6.400000000000004</velocity>
      <orientation>-1.7173112579043597</orientation>
      <time>18</time>
    </ksState>
    <ksState>
      <x>109.88420911123177</x>
      <y>-367.3098272586543</y>
      <steeringAngle>0.035533333333333375</steeringAngle>
      <velocity>7.200000000000006</velocity>
      <orientation>-1.7033345898115675</orientation>
      <time>19</time>
    </ksState>
    <ksState>
      <x>109.78637060628851</x>
      <y>-368.0635024375499</y>
      <steeringAngle>2.6346112791397758e-17</steeringAngle>
      <velocity>8.000000000000007</velocity>
      <orientation>-1.698189577031999</orientation>
      <time>20</time>
    </ksState>
    <ksState>
      <x>109.68618974852313</x>
      <y>-368.85720388803026</y>
      <steeringAngle>0.03553333333333333</steeringAngle>
      <velocity>8.0</velocity>
      <orientation>-1.6926770420291601</orientation>
      <time>21</time>
    </ksState>
    <ksState>
      <x>109.59477001505526</x>
      <y>-369.65195398244816</y>
      <steeringAngle>0.07106666666666667</steeringAngle>
      <velocity>8.0</velocity>
      <orientation>-1.6761255211488906</orientation>
      <time>22</time>
    </ksState>
    <ksState>
      <x>109.52092655824714</x>
      <y>-370.44851302838373</y>
      <steeringAngle>0.10659999999999997</steeringAngle>
      <velocity>8.0</velocity>
      <orientation>-1.6484930418581958</orientation>
      <time>23</time>
    </ksState>
    <ksState>
      <x>109.47356702426761</x>
      <y>-371.24705967535596</y>
      <steeringAngle>0.1421333333333333</steeringAngle>
      <velocity>8.0</velocity>
      <orientation>-1.6097091895854607</orientation>
      <time>24</time>
    </ksState>
    <ksState>
      <x>109.46169830370002</x>
      <y>-372.04688810576175</y>
      <steeringAngle>0.17766666666666667</steeringAngle>
      <velocity>8.0</velocity>
      <orientation>-1.559674377336306</orientation>
      <time>25</time>
    </ksState>
    <ksState>
      <x>109.49024896947566</x>
      <y>-372.8062629068441</y>
      <steeringAngle>0.17766666666666667</steeringAngle>
      <velocity>7.2</velocity>
      <orientation>-1.5067584498919286</orientation>
      <time>26</time>
    </ksState>
    <ksState>
      <x>109.54981028413052</x>
      <y>-373.4835856321694</y>
      <steeringAngle>0.17766666666666667</steeringAngle>
      <velocity>6.4</velocity>
      <orientation>-1.4594126200991173</orientation>
      <time>27</time>
    </ksState>
    <ksState>
      <x>109.62893624065917</x>
      <y>-374.0783013004231</y>
      <steeringAngle>0.17766666666666667</steeringAngle>
      <velocity>5.599999999999999</velocity>
      <orientation>-1.4176368879439327</orientation>
      <time>28</time>
    </ksState>
    <ksState>
      <x>109.71755307817803</x>
      <y>-374.5906659341472</y>
      <steeringAngle>0.17766666666666667</steeringAngle>
      <velocity>4.799999999999999</velocity>
      <orientation>-1.3814312534224182</orientation>
      <time>29</time>
    </ksState>
    <ksState>
      <x>109.8069825138058</x>
      <y>-375.02146430274087</y>
      <steeringAngle>0.17766666666666667</steeringAngle>
      <velocity>4.0</velocity>
      <orientation>-1.3507957165330882</orientation>
      <time>30</time>
    </ksState>
    <ksState>
      <x>109.88965848381501</x>
      <y>-375.3718343177394</y>
      <steeringAngle>0.1421333333333333</steeringAngle>
      <velocity>3.1999999999999993</velocity>
      <orientation>-1.328185801559646</orientation>
      <time>31</time>
    </ksState>
    <ksState>
      <x>109.95886855629296</x>
      <y>-375.6431436246192</y>
      <steeringAngle>0.10659999999999997</steeringAngle>
      <velocity>2.3999999999999977</velocity>
      <orientation>-1.3145181606889385</orientation>
      <time>32</time>
    </ksState>
    <ksState>
      <x>110.01028614855015</x>
      <y>-375.83642079895793</y>
      <steeringAngle>0.07106666666666664</steeringAngle>
      <velocity>1.5999999999999976</velocity>
      <orientation>-1.3075174548357194</orientation>
      <time>33</time>
    </ksState>
  </ksTrajectory>
</CommonRoadSolution>
