<?xml version="1.0" ?>
<CommonRoadSolution benchmark_id="KS2:SM1:DEU_Ibbenbueren-7_1_T-1:2020a" computation_time="0.66469419200007" date="2020-12-29">
  <ksTrajectory planningProblem="1">
    <ksState>
      <x>640.29784</x>
      <y>-935.90549</y>
      <steeringAngle>0.0</steeringAngle>
      <velocity>4.0</velocity>
      <orientation>-3.6741957</orientation>
      <time>0</time>
    </ksState>
    <ksState>
      <x>639.9190217924565</x>
      <y>-935.681667309092</y>
      <steeringAngle>-0.035533333333333326</steeringAngle>
      <velocity>4.799999999999999</velocity>
      <orientation>-3.6773194786691907</orientation>
      <time>1</time>
    </ksState>
    <ksState>
      <x>639.473163676823</x>
      <y>-935.4140708610213</y>
      <steeringAngle>-0.07106666666666667</steeringAngle>
      <velocity>5.599999999999998</velocity>
      <orientation>-3.6881700897303635</orientation>
      <time>2</time>
    </ksState>
    <ksState>
      <x>638.9636415926885</x>
      <y>-935.0972520150995</y>
      <steeringAngle>-0.10659999999999999</steeringAngle>
      <velocity>6.3999999999999995</velocity>
      <orientation>-3.7089870387306916</orientation>
      <time>3</time>
    </ksState>
    <ksState>
      <x>638.3960427280288</x>
      <y>-934.7228334108687</y>
      <steeringAngle>-0.14213333333333333</steeringAngle>
      <velocity>7.199999999999999</velocity>
      <orientation>-3.7420466097118568</orientation>
      <time>4</time>
    </ksState>
    <ksState>
      <x>637.7790463551953</x>
      <y>-934.2792050815523</y>
      <steeringAngle>-0.17766666666666664</steeringAngle>
      <velocity>7.9999999999999964</velocity>
      <orientation>-3.7896739317934034</orientation>
      <time>5</time>
    </ksState>
    <ksState>
      <x>637.1550275611967</x>
      <y>-933.77877020417</y>
      <steeringAngle>-0.17766666666666667</steeringAngle>
      <velocity>8.0</velocity>
      <orientation>-3.8453749081039152</orientation>
      <time>6</time>
    </ksState>
    <ksState>
      <x>636.5598368269643</x>
      <y>-933.2443709421369</y>
      <steeringAngle>-0.17766666666666667</steeringAngle>
      <velocity>8.0</velocity>
      <orientation>-3.901075884414427</orientation>
      <time>7</time>
    </ksState>
    <ksState>
      <x>635.9953203405831</x>
      <y>-932.6776649146589</y>
      <steeringAngle>-0.17766666666666667</steeringAngle>
      <velocity>8.0</velocity>
      <orientation>-3.9567768607249385</orientation>
      <time>8</time>
    </ksState>
    <ksState>
      <x>635.463229117326</x>
      <y>-932.0804099285186</y>
      <steeringAngle>-0.17766666666666667</steeringAngle>
      <velocity>8.0</velocity>
      <orientation>-4.01247783703545</orientation>
      <time>9</time>
    </ksState>
    <ksState>
      <x>634.9652135959174</x>
      <y>-931.4544585463606</y>
      <steeringAngle>-0.17766666666666667</steeringAngle>
      <velocity>8.0</velocity>
      <orientation>-4.068178813345963</orientation>
      <time>10</time>
    </ksState>
    <ksState>
      <x>634.5250697037545</x>
      <y>-930.8349921766303</y>
      <steeringAngle>-0.17766666666666667</steeringAngle>
      <velocity>7.2</velocity>
      <orientation>-4.12109474079034</orientation>
      <time>11</time>
    </ksState>
    <ksState>
      <x>634.1595168561103</x>
      <y>-930.2616818417986</y>
      <steeringAngle>-0.17766666666666667</steeringAngle>
      <velocity>6.4</velocity>
      <orientation>-4.168440570583151</orientation>
      <time>12</time>
    </ksState>
    <ksState>
      <x>633.8598183551596</x>
      <y>-929.7419430116244</y>
      <steeringAngle>-0.17766666666666667</steeringAngle>
      <velocity>5.599999999999999</velocity>
      <orientation>-4.210216302738336</orientation>
      <time>13</time>
    </ksState>
    <ksState>
      <x>633.6178312382656</x>
      <y>-929.2817118772579</y>
      <steeringAngle>-0.17766666666666667</steeringAngle>
      <velocity>4.799999999999999</velocity>
      <orientation>-4.246421937259851</orientation>
      <time>14</time>
    </ksState>
    <ksState>
      <x>633.4261967110654</x>
      <y>-928.8856549794206</y>
      <steeringAngle>-0.17766666666666667</steeringAngle>
      <velocity>4.0</velocity>
      <orientation>-4.2770574741491805</orientation>
      <time>15</time>
    </ksState>
    <ksState>
      <x>633.2463452694639</x>
      <y>-928.4841063093933</y>
      <steeringAngle>-0.14213333333333333</steeringAngle>
      <velocity>4.8000000000000025</velocity>
      <orientation>-4.304482373867533</orientation>
      <time>16</time>
    </ksState>
    <ksState>
      <x>633.0463736929566</x>
      <y>-928.0041092681936</y>
      <steeringAngle>-0.10660000000000003</steeringAngle>
      <velocity>5.600000000000005</velocity>
      <orientation>-4.329598586146451</orientation>
      <time>17</time>
    </ksState>
    <ksState>
      <x>632.8284125063378</x>
      <y>-927.4451100345808</y>
      <steeringAngle>-0.07106666666666671</steeringAngle>
      <velocity>6.400000000000004</velocity>
      <orientation>-4.35023035574591</orientation>
      <time>18</time>
    </ksState>
    <ksState>
      <x>632.5924433588731</x>
      <y>-926.8073710596153</y>
      <steeringAngle>-0.035533333333333375</steeringAngle>
      <velocity>7.200000000000006</velocity>
      <orientation>-4.364207023838703</orientation>
      <time>19</time>
    </ksState>
    <ksState>
      <x>632.3356023109912</x>
      <y>-926.0920869730764</y>
      <steeringAngle>-2.6346112791397758e-17</steeringAngle>
      <velocity>8.000000000000007</velocity>
      <orientation>-4.369352036618271</orientation>
      <time>20</time>
    </ksState>
    <ksState>
      <x>632.0679084900526</x>
      <y>-925.3382048768649</y>
      <steeringAngle>-0.03553333333333333</steeringAngle>
      <velocity>8.0</velocity>
      <orientation>-4.37486457162111</orientation>
      <time>21</time>
    </ksState>
    <ksState>
      <x>631.8085484908925</x>
      <y>-924.581423751915</y>
      <steeringAngle>-0.07106666666666667</steeringAngle>
      <velocity>8.0</velocity>
      <orientation>-4.391416092501379</orientation>
      <time>22</time>
    </ksState>
    <ksState>
      <x>631.5659706091377</x>
      <y>-923.8191146669249</y>
      <steeringAngle>-0.10659999999999997</steeringAngle>
      <velocity>8.0</velocity>
      <orientation>-4.419048571792074</orientation>
      <time>23</time>
    </ksState>
    <ksState>
      <x>631.3488379529747</x>
      <y>-923.0491970853118</y>
      <steeringAngle>-0.1421333333333333</steeringAngle>
      <velocity>8.0</velocity>
      <orientation>-4.45783242406481</orientation>
      <time>24</time>
    </ksState>
    <ksState>
      <x>631.1660998313552</x>
      <y>-922.2704332164014</y>
      <steeringAngle>-0.17766666666666667</steeringAngle>
      <velocity>8.0</velocity>
      <orientation>-4.507867236313964</orientation>
      <time>25</time>
    </ksState>
    <ksState>
      <x>631.0328211101466</x>
      <y>-921.5223199074296</y>
      <steeringAngle>-0.21320000000000014</steeringAngle>
      <velocity>7.200000000000003</velocity>
      <orientation>-4.566116563385457</orientation>
      <time>26</time>
    </ksState>
    <ksState>
      <x>630.9540377561975</x>
      <y>-920.8470084785919</y>
      <steeringAngle>-0.24873333333333347</steeringAngle>
      <velocity>6.400000000000004</velocity>
      <orientation>-4.628033650871236</orientation>
      <time>27</time>
    </ksState>
    <ksState>
      <x>630.9220280224758</x>
      <y>-920.2479635931834</y>
      <steeringAngle>-0.2842666666666668</steeringAngle>
      <velocity>5.600000000000001</velocity>
      <orientation>-4.691455793635157</orientation>
      <time>28</time>
    </ksState>
    <ksState>
      <x>630.9271111993015</x>
      <y>-919.7280736635589</y>
      <steeringAngle>-0.3198</steeringAngle>
      <velocity>4.800000000000002</velocity>
      <orientation>-4.75418489337711</orientation>
      <time>29</time>
    </ksState>
    <ksState>
      <x>630.9583748802098</x>
      <y>-919.2892514409625</y>
      <steeringAngle>-0.3553333333333332</steeringAngle>
      <velocity>4.000000000000001</velocity>
      <orientation>-4.813974727425324</orientation>
      <time>30</time>
    </ksState>
    <ksState>
      <x>631.0038255031511</x>
      <y>-918.9321685812275</y>
      <steeringAngle>-0.31979999999999975</steeringAngle>
      <velocity>3.2</velocity>
      <orientation>-4.863081287483113</orientation>
      <time>31</time>
    </ksState>
    <ksState>
      <x>631.0506450087339</x>
      <y>-918.6561243852599</y>
      <steeringAngle>-0.2842666666666663</steeringAngle>
      <velocity>2.4000000000000004</velocity>
      <orientation>-4.8970135428493275</orientation>
      <time>32</time>
    </ksState>
    <ksState>
      <x>631.0894967984741</x>
      <y>-918.4599381818443</y>
      <steeringAngle>-0.24873333333333292</steeringAngle>
      <velocity>1.6000000000000008</velocity>
      <orientation>-4.918285863796266</orientation>
      <time>33</time>
    </ksState>
  </ksTrajectory>
</CommonRoadSolution>
