<?xml version="1.0" ?>
<CommonRoadSolution benchmark_id="KS2:SM1:ESP_Toledo-5_1_T-1:2020a" computation_time="0.4574923459999809" date="2020-12-29">
  <ksTrajectory planningProblem="1">
    <ksState>
      <x>539.46872</x>
      <y>-157.09514</y>
      <steeringAngle>0.0</steeringAngle>
      <velocity>0.0</velocity>
      <orientation>0.36907896</orientation>
      <time>0</time>
    </ksState>
    <ksState>
      <x>539.506028524899</x>
      <y>-157.08071522937698</y>
      <steeringAngle>-0.03553333333333333</steeringAngle>
      <velocity>0.8</velocity>
      <orientation>0.36871142822175806</orientation>
      <time>1</time>
    </ksState>
    <ksState>
      <x>539.6180133640604</x>
      <y>-157.03759460934054</y>
      <steeringAngle>-0.0710666666666667</steeringAngle>
      <velocity>1.6</velocity>
      <orientation>0.3661365816297724</orientation>
      <time>2</time>
    </ksState>
    <ksState>
      <x>539.8049896637215</x>
      <y>-156.9666037731472</y>
      <steeringAngle>-0.10660000000000003</steeringAngle>
      <velocity>2.4000000000000004</velocity>
      <orientation>0.3591358773929352</orientation>
      <time>3</time>
    </ksState>
    <ksState>
      <x>540.0677588119544</x>
      <y>-156.8699024322808</y>
      <steeringAngle>-0.14213333333333342</steeringAngle>
      <velocity>3.2000000000000015</velocity>
      <orientation>0.345468236452115</orientation>
      <time>4</time>
    </ksState>
    <ksState>
      <x>540.4077881831263</x>
      <y>-156.75168868032557</y>
      <steeringAngle>-0.17766666666666683</steeringAngle>
      <velocity>4.0000000000000036</velocity>
      <orientation>0.32285832057889485</orientation>
      <time>5</time>
    </ksState>
    <ksState>
      <x>540.7888392545412</x>
      <y>-156.63007565722134</y>
      <steeringAngle>-0.17766666666666667</steeringAngle>
      <velocity>4.0</velocity>
      <orientation>0.295007832423639</orientation>
      <time>6</time>
    </ksState>
    <ksState>
      <x>541.1731291319905</x>
      <y>-156.51912086876183</y>
      <steeringAngle>-0.17766666666666667</steeringAngle>
      <velocity>4.0</velocity>
      <orientation>0.26715734426838306</orientation>
      <time>7</time>
    </ksState>
    <ksState>
      <x>541.5603597288351</x>
      <y>-156.4189103848868</y>
      <steeringAngle>-0.17766666666666667</steeringAngle>
      <velocity>4.0</velocity>
      <orientation>0.2393068561131272</orientation>
      <time>8</time>
    </ksState>
    <ksState>
      <x>541.9502307088608</x>
      <y>-156.32952192861435</y>
      <steeringAngle>-0.17766666666666667</steeringAngle>
      <velocity>4.0</velocity>
      <orientation>0.21145636795787132</orientation>
      <time>9</time>
    </ksState>
    <ksState>
      <x>542.3424396884127</x>
      <y>-156.2510248306525</y>
      <steeringAngle>-0.17766666666666667</steeringAngle>
      <velocity>4.0</velocity>
      <orientation>0.1836058798026155</orientation>
      <time>10</time>
    </ksState>
    <ksState>
      <x>542.7366208676125</x>
      <y>-156.18310690647613</y>
      <steeringAngle>-0.1421333333333333</steeringAngle>
      <velocity>4.0</velocity>
      <orientation>0.15858847345809218</orientation>
      <time>11</time>
    </ksState>
    <ksState>
      <x>543.1322166824115</x>
      <y>-156.12395516401818</y>
      <steeringAngle>-0.10659999999999999</steeringAngle>
      <velocity>4.0</velocity>
      <orientation>0.13919654716734162</orientation>
      <time>12</time>
    </ksState>
    <ksState>
      <x>543.5287429546524</x>
      <y>-156.07137797117463</y>
      <steeringAngle>-0.07106666666666664</steeringAngle>
      <velocity>4.0</velocity>
      <orientation>0.1253803074323887</orientation>
      <time>13</time>
    </ksState>
    <ksState>
      <x>543.9258277036711</x>
      <y>-156.02318275171461</y>
      <steeringAngle>-0.03553333333333332</steeringAngle>
      <velocity>4.0</velocity>
      <orientation>0.11710454697012333</orientation>
      <time>14</time>
    </ksState>
    <ksState>
      <x>544.3231732087844</x>
      <y>-155.97717799961492</y>
      <steeringAngle>2.2985086056692694e-17</steeringAngle>
      <velocity>4.0</velocity>
      <orientation>0.11434828367528298</orientation>
      <time>15</time>
    </ksState>
    <ksState>
      <x>544.7602997262845</x>
      <y>-155.92697432840944</y>
      <steeringAngle>0.0</steeringAngle>
      <velocity>4.8</velocity>
      <orientation>0.11434828367528298</orientation>
      <time>16</time>
    </ksState>
    <ksState>
      <x>545.2769037922805</x>
      <y>-155.86764271700093</y>
      <steeringAngle>0.0</steeringAngle>
      <velocity>5.6</velocity>
      <orientation>0.11434828367528298</orientation>
      <time>17</time>
    </ksState>
    <ksState>
      <x>545.8729854067561</x>
      <y>-155.79918316539124</y>
      <steeringAngle>0.0</steeringAngle>
      <velocity>6.4</velocity>
      <orientation>0.11434828367528298</orientation>
      <time>18</time>
    </ksState>
    <ksState>
      <x>546.5485445697024</x>
      <y>-155.72159567358142</y>
      <steeringAngle>0.0</steeringAngle>
      <velocity>7.199999999999999</velocity>
      <orientation>0.11434828367528298</orientation>
      <time>19</time>
    </ksState>
    <ksState>
      <x>547.3035812811132</x>
      <y>-155.63488024157212</y>
      <steeringAngle>0.0</steeringAngle>
      <velocity>7.999999999999998</velocity>
      <orientation>0.11434828367528298</orientation>
      <time>20</time>
    </ksState>
    <ksState>
      <x>548.0587634322221</x>
      <y>-155.5494486087964</y>
      <steeringAngle>-0.03553333333333333</steeringAngle>
      <velocity>7.199999999999999</velocity>
      <orientation>0.10920327069279065</orientation>
      <time>21</time>
    </ksState>
    <ksState>
      <x>548.735154206165</x>
      <y>-155.4795346892522</y>
      <steeringAngle>-0.07106666666666664</steeringAngle>
      <velocity>6.400000000000001</velocity>
      <orientation>0.09522659857182754</orientation>
      <time>22</time>
    </ksState>
    <ksState>
      <x>549.332946497056</x>
      <y>-155.42823560586945</y>
      <steeringAngle>-0.10659999999999997</steeringAngle>
      <velocity>5.600000000000004</velocity>
      <orientation>0.07459483070594618</orientation>
      <time>23</time>
    </ksState>
    <ksState>
      <x>549.8519129338741</x>
      <y>-155.3956837082778</y>
      <steeringAngle>-0.1421333333333333</steeringAngle>
      <velocity>4.800000000000003</velocity>
      <orientation>0.049478623197297913</orientation>
      <time>24</time>
    </ksState>
    <ksState>
      <x>550.2916095637686</x>
      <y>-155.37972290807906</y>
      <steeringAngle>-0.17766666666666653</steeringAngle>
      <velocity>4.000000000000006</velocity>
      <orientation>0.022053726612148106</orientation>
      <time>25</time>
    </ksState>
    <ksState>
      <x>550.6916799234679</x>
      <y>-155.3760940812404</y>
      <steeringAngle>-0.1421333333333333</steeringAngle>
      <velocity>4.0</velocity>
      <orientation>-0.0029636797323752025</orientation>
      <time>26</time>
    </ksState>
    <ksState>
      <x>551.0917364200876</x>
      <y>-155.3813469936598</y>
      <steeringAngle>-0.10659999999999999</steeringAngle>
      <velocity>4.0</velocity>
      <orientation>-0.02235560602312578</orientation>
      <time>27</time>
    </ksState>
    <ksState>
      <x>551.4916536823541</x>
      <y>-155.39324012532362</y>
      <steeringAngle>-0.07106666666666664</steeringAngle>
      <velocity>4.0</velocity>
      <orientation>-0.0361718457580787</orientation>
      <time>28</time>
    </ksState>
    <ksState>
      <x>551.8914172543062</x>
      <y>-155.4095490759482</y>
      <steeringAngle>-0.03553333333333332</steeringAngle>
      <velocity>4.0</velocity>
      <orientation>-0.04444760622034406</orientation>
      <time>29</time>
    </ksState>
    <ksState>
      <x>552.2910858186002</x>
      <y>-155.42806244968833</y>
      <steeringAngle>2.2985086056692694e-17</steeringAngle>
      <velocity>4.0</velocity>
      <orientation>-0.04720386951518442</orientation>
      <time>30</time>
    </ksState>
    <ksState>
      <x>552.6510858175725</x>
      <y>-155.44505584266528</y>
      <steeringAngle>0.0</steeringAngle>
      <velocity>3.2</velocity>
      <orientation>-0.04720386951518442</orientation>
      <time>31</time>
    </ksState>
    <ksState>
      <x>552.931085816443</x>
      <y>-155.4582729260762</y>
      <steeringAngle>0.0</steeringAngle>
      <velocity>2.4000000000000004</velocity>
      <orientation>-0.04720386951518442</orientation>
      <time>32</time>
    </ksState>
    <ksState>
      <x>553.1310858153134</x>
      <y>-155.46771369992592</y>
      <steeringAngle>0.0</steeringAngle>
      <velocity>1.6</velocity>
      <orientation>-0.04720386951518442</orientation>
      <time>33</time>
    </ksState>
  </ksTrajectory>
</CommonRoadSolution>
