<?xml version="1.0" ?>
<CommonRoadSolution benchmark_id="KS2:SM1:DEU_Flensburg-67_1_T-1:2020a" computation_time="10.918612596999992" date="2020-12-29">
  <ksTrajectory planningProblem="123">
    <ksState>
      <x>451.43493</x>
      <y>-391.28574</y>
      <steeringAngle>0.0</steeringAngle>
      <velocity>4.0</velocity>
      <orientation>-1.7319076</orientation>
      <time>0</time>
    </ksState>
    <ksState>
      <x>451.3648065925937</x>
      <y>-391.72011603417485</y>
      <steeringAngle>0.035533333333333326</steeringAngle>
      <velocity>4.799999999999999</velocity>
      <orientation>-1.728783821330809</orientation>
      <time>1</time>
    </ksState>
    <ksState>
      <x>451.28547464837123</x>
      <y>-392.2340262996124</y>
      <steeringAngle>0.07106666666666667</steeringAngle>
      <velocity>5.599999999999998</velocity>
      <orientation>-1.7179332102696363</orientation>
      <time>2</time>
    </ksState>
    <ksState>
      <x>451.2032820656853</x>
      <y>-392.8283589629445</y>
      <steeringAngle>0.10659999999999999</steeringAngle>
      <velocity>6.3999999999999995</velocity>
      <orientation>-1.6971162612693085</orientation>
      <time>3</time>
    </ksState>
    <ksState>
      <x>451.1282424329502</x>
      <y>-393.5041746300285</y>
      <steeringAngle>0.14213333333333333</steeringAngle>
      <velocity>7.199999999999999</velocity>
      <orientation>-1.6640566902881433</orientation>
      <time>4</time>
    </ksState>
    <ksState>
      <x>451.0748318841131</x>
      <y>-394.2622233962268</y>
      <steeringAngle>0.17766666666666664</steeringAngle>
      <velocity>7.9999999999999964</velocity>
      <orientation>-1.6164293682065967</orientation>
      <time>5</time>
    </ksState>
    <ksState>
      <x>451.0606084312148</x>
      <y>-395.0619934976633</y>
      <steeringAngle>0.17766666666666667</steeringAngle>
      <velocity>8.0</velocity>
      <orientation>-1.5607283918960848</orientation>
      <time>6</time>
    </ksState>
    <ksState>
      <x>451.09093197962414</x>
      <y>-395.8613151249132</y>
      <steeringAngle>0.17766666666666667</steeringAngle>
      <velocity>8.0</velocity>
      <orientation>-1.5050274155855732</orientation>
      <time>7</time>
    </ksState>
    <ksState>
      <x>451.16570847299056</x>
      <y>-396.6577089100572</y>
      <steeringAngle>0.17766666666666667</steeringAngle>
      <velocity>8.0</velocity>
      <orientation>-1.4493264392750613</orientation>
      <time>8</time>
    </ksState>
    <ksState>
      <x>451.28470596984783</x>
      <y>-397.4487046016246</y>
      <steeringAngle>0.17766666666666667</steeringAngle>
      <velocity>8.0</velocity>
      <orientation>-1.3936254629645497</orientation>
      <time>9</time>
    </ksState>
    <ksState>
      <x>451.4475553647969</x>
      <y>-398.23184869242414</y>
      <steeringAngle>0.17766666666666667</steeringAngle>
      <velocity>8.0</velocity>
      <orientation>-1.3379244866540378</orientation>
      <time>10</time>
    </ksState>
    <ksState>
      <x>451.642421558279</x>
      <y>-398.96635015305776</y>
      <steeringAngle>0.17766666666666667</steeringAngle>
      <velocity>7.2</velocity>
      <orientation>-1.2850085592096605</orientation>
      <time>11</time>
    </ksState>
    <ksState>
      <x>451.8494927887466</x>
      <y>-399.61398826956895</y>
      <steeringAngle>0.17766666666666667</steeringAngle>
      <velocity>6.4</velocity>
      <orientation>-1.2376627294168494</orientation>
      <time>12</time>
    </ksState>
    <ksState>
      <x>452.05748125430966</x>
      <y>-400.1767390503376</y>
      <steeringAngle>0.17766666666666667</steeringAngle>
      <velocity>5.599999999999999</velocity>
      <orientation>-1.1958869972616646</orientation>
      <time>13</time>
    </ksState>
    <ksState>
      <x>452.2566161682443</x>
      <y>-400.65706784172454</y>
      <steeringAngle>0.17766666666666667</steeringAngle>
      <velocity>4.799999999999999</velocity>
      <orientation>-1.15968136274015</orientation>
      <time>14</time>
    </ksState>
    <ksState>
      <x>452.4386043432612</x>
      <y>-401.0576488728452</y>
      <steeringAngle>0.17766666666666667</steeringAngle>
      <velocity>4.0</velocity>
      <orientation>-1.12904582585082</orientation>
      <time>15</time>
    </ksState>
    <ksState>
      <x>452.6149667292944</x>
      <y>-401.4166526720083</y>
      <steeringAngle>0.21319999999999995</steeringAngle>
      <velocity>4.0</velocity>
      <orientation>-1.0983380432133198</orientation>
      <time>16</time>
    </ksState>
    <ksState>
      <x>452.8032818134984</x>
      <y>-401.7695261309455</y>
      <steeringAngle>0.24873333333333336</steeringAngle>
      <velocity>4.0</velocity>
      <orientation>-1.0618592020906257</orientation>
      <time>17</time>
    </ksState>
    <ksState>
      <x>453.00534792304876</x>
      <y>-402.1147005338977</y>
      <steeringAngle>0.2842666666666667</steeringAngle>
      <velocity>4.0</velocity>
      <orientation>-1.0195119682451776</orientation>
      <time>18</time>
    </ksState>
    <ksState>
      <x>453.22284247314195</x>
      <y>-402.45035655950704</y>
      <steeringAngle>0.31980000000000003</steeringAngle>
      <velocity>4.0</velocity>
      <orientation>-0.9711812868780425</orientation>
      <time>19</time>
    </ksState>
    <ksState>
      <x>453.4572814490033</x>
      <y>-402.77439178928023</y>
      <steeringAngle>0.35533333333333333</steeringAngle>
      <velocity>4.0</velocity>
      <orientation>-0.9167330856997641</orientation>
      <time>20</time>
    </ksState>
    <ksState>
      <x>453.7096466139275</x>
      <y>-403.08466206890216</y>
      <steeringAngle>0.35533333333333333</steeringAngle>
      <velocity>4.0</velocity>
      <orientation>-0.85917637894305</orientation>
      <time>21</time>
    </ksState>
    <ksState>
      <x>453.97944217572564</x>
      <y>-403.3799013005277</y>
      <steeringAngle>0.35533333333333333</steeringAngle>
      <velocity>4.0</velocity>
      <orientation>-0.801619672186336</orientation>
      <time>22</time>
    </ksState>
    <ksState>
      <x>454.2657745922157</x>
      <y>-403.65913166675296</y>
      <steeringAngle>0.35533333333333333</steeringAngle>
      <velocity>4.0</velocity>
      <orientation>-0.744062965429622</orientation>
      <time>23</time>
    </ksState>
    <ksState>
      <x>454.5676955708102</x>
      <y>-403.9214283955028</y>
      <steeringAngle>0.35533333333333333</steeringAngle>
      <velocity>4.0</velocity>
      <orientation>-0.686506258672908</orientation>
      <time>24</time>
    </ksState>
    <ksState>
      <x>454.88420519160496</x>
      <y>-404.1659227969475</y>
      <steeringAngle>0.35533333333333333</steeringAngle>
      <velocity>4.0</velocity>
      <orientation>-0.6289495519161941</orientation>
      <time>25</time>
    </ksState>
    <ksState>
      <x>455.2476739466306</x>
      <y>-404.41377927048745</y>
      <steeringAngle>0.31979999999999975</steeringAngle>
      <velocity>4.800000000000001</velocity>
      <orientation>-0.5691597168844454</orientation>
      <time>26</time>
    </ksState>
    <ksState>
      <x>455.69437180180824</x>
      <y>-404.6798101237893</y>
      <steeringAngle>0.28426666666666645</steeringAngle>
      <velocity>5.600000000000004</velocity>
      <orientation>-0.506430616753122</orientation>
      <time>27</time>
    </ksState>
    <ksState>
      <x>456.22813764026534</x>
      <y>-404.95362287339725</y>
      <steeringAngle>0.2487333333333331</steeringAngle>
      <velocity>6.400000000000004</velocity>
      <orientation>-0.4430084800604461</orientation>
      <time>28</time>
    </ksState>
    <ksState>
      <x>456.85134734376857</x>
      <y>-405.2253985338481</y>
      <steeringAngle>0.21319999999999992</steeringAngle>
      <velocity>7.200000000000004</velocity>
      <orientation>-0.3810913913826471</orientation>
      <time>29</time>
    </ksState>
    <ksState>
      <x>457.5648930030967</x>
      <y>-405.4867208176455</y>
      <steeringAngle>0.17766666666666656</steeringAngle>
      <velocity>8.000000000000004</velocity>
      <orientation>-0.32284206178168184</orientation>
      <time>30</time>
    </ksState>
    <ksState>
      <x>458.33023771420704</x>
      <y>-405.71927617651636</y>
      <steeringAngle>0.17766666666666667</steeringAngle>
      <velocity>8.0</velocity>
      <orientation>-0.26714108547117005</orientation>
      <time>31</time>
    </ksState>
    <ksState>
      <x>459.10734235237146</x>
      <y>-405.90886247011605</y>
      <steeringAngle>0.17766666666666667</steeringAngle>
      <velocity>8.0</velocity>
      <orientation>-0.2114401091606583</orientation>
      <time>32</time>
    </ksState>
    <ksState>
      <x>459.89379646388994</x>
      <y>-406.0548916297104</y>
      <steeringAngle>0.17766666666666667</steeringAngle>
      <velocity>8.0</velocity>
      <orientation>-0.15573913285014662</orientation>
      <time>33</time>
    </ksState>
    <ksState>
      <x>460.68716062813706</x>
      <y>-406.15691070255997</y>
      <steeringAngle>0.17766666666666667</steeringAngle>
      <velocity>8.0</velocity>
      <orientation>-0.1000381565396348</orientation>
      <time>34</time>
    </ksState>
    <ksState>
      <x>461.48497399155264</x>
      <y>-406.2146032457954</y>
      <steeringAngle>0.17766666666666667</steeringAngle>
      <velocity>8.0</velocity>
      <orientation>-0.044337180229122974</orientation>
      <time>35</time>
    </ksState>
    <ksState>
      <x>462.2855415531774</x>
      <y>-406.2292938544541</y>
      <steeringAngle>0.14213333333333336</steeringAngle>
      <velocity>8.0</velocity>
      <orientation>0.00569763131962546</orientation>
      <time>36</time>
    </ksState>
    <ksState>
      <x>463.0860055173455</x>
      <y>-406.208435802383</y>
      <steeringAngle>0.1066000000000001</steeringAngle>
      <velocity>8.0</velocity>
      <orientation>0.0444814833266228</orientation>
      <time>37</time>
    </ksState>
    <ksState>
      <x>463.88536062658767</x>
      <y>-406.1610163937171</y>
      <steeringAngle>0.07106666666666674</steeringAngle>
      <velocity>8.0</velocity>
      <orientation>0.07211396235630971</orientation>
      <time>38</time>
    </ksState>
    <ksState>
      <x>464.6834897604343</x>
      <y>-406.09595304982685</y>
      <steeringAngle>0.035533333333333354</steeringAngle>
      <velocity>8.0</velocity>
      <orientation>0.08866548298533905</orientation>
      <time>39</time>
    </ksState>
    <ksState>
      <x>465.4808608228254</x>
      <y>-406.02208997290404</y>
      <steeringAngle>2.0816681711721685e-17</steeringAngle>
      <velocity>8.0</velocity>
      <orientation>0.09417800944374388</orientation>
      <time>40</time>
    </ksState>
    <ksState>
      <x>466.2376124226239</x>
      <y>-405.9519069162972</y>
      <steeringAngle>-0.03553333333333333</steeringAngle>
      <velocity>7.199999999999999</velocity>
      <orientation>0.08903299646125155</orientation>
      <time>41</time>
    </ksState>
    <ksState>
      <x>466.91527569714486</x>
      <y>-405.8956492804906</y>
      <steeringAngle>-0.07106666666666664</steeringAngle>
      <velocity>6.400000000000001</velocity>
      <orientation>0.07505632434028844</orientation>
      <time>42</time>
    </ksState>
    <ksState>
      <x>467.51398103568226</x>
      <y>-405.8564174488821</y>
      <steeringAngle>-0.10659999999999997</steeringAngle>
      <velocity>5.600000000000004</velocity>
      <orientation>0.05442455647440708</orientation>
      <time>43</time>
    </ksState>
    <ksState>
      <x>468.0334984441181</x>
      <y>-405.8343391583549</y>
      <steeringAngle>-0.1421333333333333</steeringAngle>
      <velocity>4.800000000000003</velocity>
      <orientation>0.029308348965758818</orientation>
      <time>44</time>
    </ksState>
    <ksState>
      <x>468.4734275458529</x>
      <y>-405.82724980504383</y>
      <steeringAngle>-0.17766666666666653</steeringAngle>
      <velocity>4.000000000000006</velocity>
      <orientation>0.0018834523806090103</orientation>
      <time>45</time>
    </ksState>
    <ksState>
      <x>468.9133714162486</x>
      <y>-405.8331604981145</y>
      <steeringAngle>-0.17766666666666667</steeringAngle>
      <velocity>4.800000000000002</velocity>
      <orientation>-0.028752084661725175</orientation>
      <time>46</time>
    </ksState>
    <ksState>
      <x>469.4327732728555</x>
      <y>-405.85751483665274</y>
      <steeringAngle>-0.17766666666666667</steeringAngle>
      <velocity>5.600000000000001</velocity>
      <orientation>-0.06495771933826516</orientation>
      <time>47</time>
    </ksState>
    <ksState>
      <x>470.0305213805312</x>
      <y>-405.90895531507766</y>
      <steeringAngle>-0.17766666666666667</steeringAngle>
      <velocity>6.3999999999999995</velocity>
      <orientation>-0.10673345164790511</orientation>
      <time>48</time>
    </ksState>
    <ksState>
      <x>470.7046858116574</x>
      <y>-405.99737243828554</y>
      <steeringAngle>-0.17766666666666667</steeringAngle>
      <velocity>7.200000000000002</velocity>
      <orientation>-0.154079281590002</orientation>
      <time>49</time>
    </ksState>
    <ksState>
      <x>471.45224790664514</x>
      <y>-406.13382094464646</y>
      <steeringAngle>-0.17766666666666667</steeringAngle>
      <velocity>8.0</velocity>
      <orientation>-0.2069952091641521</orientation>
      <time>50</time>
    </ksState>
    <ksState>
      <x>472.23055739691563</x>
      <y>-406.31848477962933</y>
      <steeringAngle>-0.14213333333333336</steeringAngle>
      <velocity>8.0</velocity>
      <orientation>-0.25703002071290054</orientation>
      <time>51</time>
    </ksState>
    <ksState>
      <x>472.9999355534055</x>
      <y>-406.53752113218405</y>
      <steeringAngle>-0.1066000000000001</steeringAngle>
      <velocity>8.0</velocity>
      <orientation>-0.2958138727198979</orientation>
      <time>52</time>
    </ksState>
    <ksState>
      <x>473.7616422992598</x>
      <y>-406.7819838120014</y>
      <steeringAngle>-0.07106666666666674</steeringAngle>
      <velocity>8.0</velocity>
      <orientation>-0.3234463517495848</orientation>
      <time>53</time>
    </ksState>
    <ksState>
      <x>474.51777959274244</x>
      <y>-407.04321488328355</y>
      <steeringAngle>-0.035533333333333354</steeringAngle>
      <velocity>8.0</velocity>
      <orientation>-0.3399978723786141</orientation>
      <time>54</time>
    </ksState>
    <ksState>
      <x>475.27099729497724</x>
      <y>-407.3127725931856</y>
      <steeringAngle>-2.0816681711721685e-17</steeringAngle>
      <velocity>8.0</velocity>
      <orientation>-0.34551039883701895</orientation>
      <time>55</time>
    </ksState>
    <ksState>
      <x>475.9865190602538</x>
      <y>-407.56895075120815</y>
      <steeringAngle>0.03553333333333333</steeringAngle>
      <velocity>7.199999999999999</velocity>
      <orientation>-0.34036538585452664</orientation>
      <time>56</time>
    </ksState>
    <ksState>
      <x>476.628900481776</x>
      <y>-407.791972150415</y>
      <steeringAngle>0.07106666666666664</steeringAngle>
      <velocity>6.400000000000001</velocity>
      <orientation>-0.32638871373356354</orientation>
      <time>57</time>
    </ksState>
    <ksState>
      <x>477.1990389012005</x>
      <y>-407.97886624261884</y>
      <steeringAngle>0.10659999999999997</steeringAngle>
      <velocity>5.600000000000004</velocity>
      <orientation>-0.30575694586768215</orientation>
      <time>58</time>
    </ksState>
    <ksState>
      <x>477.69674331786894</x>
      <y>-408.1294521058636</y>
      <steeringAngle>0.1421333333333333</steeringAngle>
      <velocity>4.800000000000003</velocity>
      <orientation>-0.2806407383590339</orientation>
      <time>59</time>
    </ksState>
    <ksState>
      <x>478.12108760871865</x>
      <y>-408.24572676478294</y>
      <steeringAngle>0.17766666666666653</steeringAngle>
      <velocity>4.000000000000006</velocity>
      <orientation>-0.25321584177388407</orientation>
      <time>60</time>
    </ksState>
    <ksState>
      <x>478.5096775782585</x>
      <y>-408.3405290959148</y>
      <steeringAngle>0.17766666666666667</steeringAngle>
      <velocity>4.0</velocity>
      <orientation>-0.22536535361862817</orientation>
      <time>61</time>
    </ksState>
    <ksState>
      <x>478.9007568367626</x>
      <y>-408.4244736523795</y>
      <steeringAngle>0.17766666666666667</steeringAngle>
      <velocity>4.0</velocity>
      <orientation>-0.19751486546337227</orientation>
      <time>62</time>
    </ksState>
    <ksState>
      <x>479.29402203089086</x>
      <y>-408.49749531559144</y>
      <steeringAngle>0.17766666666666667</steeringAngle>
      <velocity>4.0</velocity>
      <orientation>-0.1696643773081164</orientation>
      <time>63</time>
    </ksState>
    <ksState>
      <x>479.6891681440124</x>
      <y>-408.5595374501925</y>
      <steeringAngle>0.17766666666666667</steeringAngle>
      <velocity>4.0</velocity>
      <orientation>-0.14181388915286053</orientation>
      <time>64</time>
    </ksState>
    <ksState>
      <x>480.0858887010074</x>
      <y>-408.6105519352651</y>
      <steeringAngle>0.17766666666666667</steeringAngle>
      <velocity>4.0</velocity>
      <orientation>-0.11396340099760471</orientation>
      <time>65</time>
    </ksState>
    <ksState>
      <x>480.4838759656417</x>
      <y>-408.6504991955461</y>
      <steeringAngle>0.17766666666666667</steeringAngle>
      <velocity>4.0</velocity>
      <orientation>-0.08611291284234882</orientation>
      <time>66</time>
    </ksState>
    <ksState>
      <x>480.88282133315516</x>
      <y>-408.67934826367053</y>
      <steeringAngle>0.17766666666666667</steeringAngle>
      <velocity>4.0</velocity>
      <orientation>-0.05826242468709293</orientation>
      <time>67</time>
    </ksState>
    <ksState>
      <x>481.2824153480133</x>
      <y>-408.69707675770064</y>
      <steeringAngle>0.17766666666666667</steeringAngle>
      <velocity>4.0</velocity>
      <orientation>-0.030411936531837047</orientation>
      <time>68</time>
    </ksState>
    <ksState>
      <x>481.6823480849869</x>
      <y>-408.7036709276784</y>
      <steeringAngle>0.17766666666666667</steeringAngle>
      <velocity>4.0</velocity>
      <orientation>-0.0025614483765811907</orientation>
      <time>69</time>
    </ksState>
    <ksState>
      <x>482.08230935630473</x>
      <y>-408.6991256581089</y>
      <steeringAngle>0.17766666666666667</steeringAngle>
      <velocity>4.0</velocity>
      <orientation>0.025289039778674638</orientation>
      <time>70</time>
    </ksState>
    <ksState>
      <x>482.4821339270166</x>
      <y>-408.6838194679316</y>
      <steeringAngle>0.1421333333333333</steeringAngle>
      <velocity>4.0</velocity>
      <orientation>0.05030644612319794</orientation>
      <time>71</time>
    </ksState>
    <ksState>
      <x>482.88152436742047</x>
      <y>-408.65964146327127</y>
      <steeringAngle>0.10659999999999999</steeringAngle>
      <velocity>4.0</velocity>
      <orientation>0.06969837241394852</orientation>
      <time>72</time>
    </ksState>
    <ksState>
      <x>483.28046150524733</x>
      <y>-408.62883675748077</y>
      <steeringAngle>0.07106666666666664</steeringAngle>
      <velocity>4.0</velocity>
      <orientation>0.08351461214890143</orientation>
      <time>73</time>
    </ksState>
    <ksState>
      <x>483.67903615769103</x>
      <y>-408.59362811356345</y>
      <steeringAngle>0.03553333333333332</steeringAngle>
      <velocity>4.0</velocity>
      <orientation>0.0917903726111668</orientation>
      <time>74</time>
    </ksState>
    <ksState>
      <x>484.07741158887</x>
      <y>-408.55622184275444</y>
      <steeringAngle>-2.2985086056692694e-17</steeringAngle>
      <velocity>4.0</velocity>
      <orientation>0.09454663590600716</orientation>
      <time>75</time>
    </ksState>
    <ksState>
      <x>484.47565947858845</x>
      <y>-408.5188253849148</y>
      <steeringAngle>-0.035533333333333326</steeringAngle>
      <velocity>4.0</velocity>
      <orientation>0.09179036137340676</orientation>
      <time>76</time>
    </ksState>
    <ksState>
      <x>484.87410655149415</x>
      <y>-408.4836258508134</y>
      <steeringAngle>-0.07106666666666711</steeringAngle>
      <velocity>4.0</velocity>
      <orientation>0.08351460083012134</orientation>
      <time>77</time>
    </ksState>
    <ksState>
      <x>485.272916017494</x>
      <y>-408.4528288457576</y>
      <steeringAngle>-0.10660000000000043</steeringAngle>
      <velocity>4.0</velocity>
      <orientation>0.06969836101098449</orientation>
      <time>78</time>
    </ksState>
    <ksState>
      <x>485.67217867654097</x>
      <y>-408.4286564216973</y>
      <steeringAngle>-0.14213333333333378</steeringAngle>
      <velocity>4.0</velocity>
      <orientation>0.05030643462543866</orientation>
      <time>79</time>
    </ksState>
    <ksState>
      <x>486.07187537454956</x>
      <y>-408.41335297435495</y>
      <steeringAngle>-0.1776666666666672</steeringAngle>
      <velocity>4.0</velocity>
      <orientation>0.025289028174041342</orientation>
      <time>80</time>
    </ksState>
    <ksState>
      <x>486.4719645050055</x>
      <y>-408.40880840881505</y>
      <steeringAngle>-0.17766666666666667</steeringAngle>
      <velocity>4.0</velocity>
      <orientation>-0.0025614599812145526</orientation>
      <time>81</time>
    </ksState>
    <ksState>
      <x>486.8720250687807</x>
      <y>-408.4154068398523</y>
      <steeringAngle>-0.17766666666666667</steeringAngle>
      <velocity>4.0</velocity>
      <orientation>-0.03041194813647044</orientation>
      <time>82</time>
    </ksState>
    <ksState>
      <x>487.27174674493057</x>
      <y>-408.43314315333186</y>
      <steeringAngle>-0.17766666666666667</steeringAngle>
      <velocity>4.0</velocity>
      <orientation>-0.058262436291726324</orientation>
      <time>83</time>
    </ksState>
    <ksState>
      <x>487.6708195092356</x>
      <y>-408.4620035926982</y>
      <steeringAngle>-0.17766666666666667</steeringAngle>
      <velocity>4.0</velocity>
      <orientation>-0.08611292444698218</orientation>
      <time>84</time>
    </ksState>
    <ksState>
      <x>488.06893384082537</x>
      <y>-408.50196577485247</y>
      <steeringAngle>-0.17766666666666667</steeringAngle>
      <velocity>4.0</velocity>
      <orientation>-0.11396341260223801</orientation>
      <time>85</time>
    </ksState>
    <ksState>
      <x>488.4657048860585</x>
      <y>-408.5526055233151</y>
      <steeringAngle>-0.1421333333333333</steeringAngle>
      <velocity>4.0</velocity>
      <orientation>-0.13898081894676131</orientation>
      <time>86</time>
    </ksState>
    <ksState>
      <x>488.86125817660377</x>
      <y>-408.61204096443487</y>
      <steeringAngle>-0.10659999999999999</steeringAngle>
      <velocity>4.0</velocity>
      <orientation>-0.15837274523751188</orientation>
      <time>87</time>
    </ksState>
    <ksState>
      <x>489.25577339335007</x>
      <y>-408.6780348243025</y>
      <steeringAngle>-0.07106666666666664</steeringAngle>
      <velocity>4.0</velocity>
      <orientation>-0.17218898497246482</orientation>
      <time>88</time>
    </ksState>
    <ksState>
      <x>489.64953776063817</x>
      <y>-408.7483818223641</y>
      <steeringAngle>-0.03553333333333332</steeringAngle>
      <velocity>4.0</velocity>
      <orientation>-0.18046474543473018</orientation>
      <time>89</time>
    </ksState>
    <ksState>
      <x>490.0429091854293</x>
      <y>-408.820899474058</y>
      <steeringAngle>2.2985086056692694e-17</steeringAngle>
      <velocity>4.0</velocity>
      <orientation>-0.18322100872957053</orientation>
      <time>90</time>
    </ksState>
    <ksState>
      <x>490.4362139591622</x>
      <y>-408.89377851740335</y>
      <steeringAngle>0.0</steeringAngle>
      <velocity>4.0</velocity>
      <orientation>-0.18322100872957053</orientation>
      <time>91</time>
    </ksState>
    <ksState>
      <x>490.82951873289505</x>
      <y>-408.9666575607487</y>
      <steeringAngle>0.0</steeringAngle>
      <velocity>4.0</velocity>
      <orientation>-0.18322100872957053</orientation>
      <time>92</time>
    </ksState>
    <ksState>
      <x>491.22282350662795</x>
      <y>-409.039536604094</y>
      <steeringAngle>0.0</steeringAngle>
      <velocity>4.0</velocity>
      <orientation>-0.18322100872957053</orientation>
      <time>93</time>
    </ksState>
    <ksState>
      <x>491.61612828036084</x>
      <y>-409.1124156474393</y>
      <steeringAngle>0.0</steeringAngle>
      <velocity>4.0</velocity>
      <orientation>-0.18322100872957053</orientation>
      <time>94</time>
    </ksState>
    <ksState>
      <x>492.00943305409373</x>
      <y>-409.18529469078464</y>
      <steeringAngle>0.0</steeringAngle>
      <velocity>4.0</velocity>
      <orientation>-0.18322100872957053</orientation>
      <time>95</time>
    </ksState>
    <ksState>
      <x>492.36340734944287</x>
      <y>-409.2508858296082</y>
      <steeringAngle>0.0</steeringAngle>
      <velocity>3.2</velocity>
      <orientation>-0.18322100872957053</orientation>
      <time>96</time>
    </ksState>
    <ksState>
      <x>492.6387206899452</x>
      <y>-409.3019011597441</y>
      <steeringAngle>0.0</steeringAngle>
      <velocity>2.4000000000000004</velocity>
      <orientation>-0.18322100872957053</orientation>
      <time>97</time>
    </ksState>
    <ksState>
      <x>492.835373075701</x>
      <y>-409.338340681211</y>
      <steeringAngle>0.0</steeringAngle>
      <velocity>1.6</velocity>
      <orientation>-0.18322100872957053</orientation>
      <time>98</time>
    </ksState>
    <ksState>
      <x>492.9533645067501</x>
      <y>-409.36020439401614</y>
      <steeringAngle>0.0</steeringAngle>
      <velocity>0.7999999999999998</velocity>
      <orientation>-0.18322100872957053</orientation>
      <time>99</time>
    </ksState>
  </ksTrajectory>
</CommonRoadSolution>
