<?xml version="1.0" ?>
<CommonRoadSolution benchmark_id="KS2:SM1:GRC_Perama-4_3_T-1:2020a" computation_time="1.2627050650003184" date="2020-12-29">
  <ksTrajectory planningProblem="1">
    <ksState>
      <x>-162.58377</x>
      <y>-735.50537</y>
      <steeringAngle>0.0</steeringAngle>
      <velocity>8.0</velocity>
      <orientation>2.5631539</orientation>
      <time>0</time>
    </ksState>
    <ksState>
      <x>-163.22083579349882</x>
      <y>-735.0909477274494</y>
      <steeringAngle>0.03553333333333333</steeringAngle>
      <velocity>7.199999999999999</velocity>
      <orientation>2.5682989129824922</orientation>
      <time>1</time>
    </ksState>
    <ksState>
      <x>-163.79438992697595</x>
      <y>-734.7256696262822</y>
      <steeringAngle>0.07106666666666664</steeringAngle>
      <velocity>6.400000000000001</velocity>
      <orientation>2.5822755851034556</orientation>
      <time>2</time>
    </ksState>
    <ksState>
      <x>-164.3059911940888</x>
      <y>-734.4122188925247</y>
      <steeringAngle>0.10659999999999997</steeringAngle>
      <velocity>5.600000000000004</velocity>
      <orientation>2.602907352969337</orientation>
      <time>3</time>
    </ksState>
    <ksState>
      <x>-164.75549551403782</x>
      <y>-734.1508156505256</y>
      <steeringAngle>0.1421333333333333</steeringAngle>
      <velocity>4.800000000000003</velocity>
      <orientation>2.628023560477985</orientation>
      <time>4</time>
    </ksState>
    <ksState>
      <x>-165.14154080529553</x>
      <y>-733.9397305809889</y>
      <steeringAngle>0.17766666666666653</steeringAngle>
      <velocity>4.000000000000006</velocity>
      <orientation>2.655448457063135</orientation>
      <time>5</time>
    </ksState>
    <ksState>
      <x>-165.49775374400954</x>
      <y>-733.7577910616211</y>
      <steeringAngle>0.17766666666666667</steeringAngle>
      <velocity>4.0</velocity>
      <orientation>2.683298945218391</orientation>
      <time>6</time>
    </ksState>
    <ksState>
      <x>-165.85889502354905</x>
      <y>-733.5858415015615</y>
      <steeringAngle>0.17766666666666667</steeringAngle>
      <velocity>4.0</velocity>
      <orientation>2.711149433373647</orientation>
      <time>7</time>
    </ksState>
    <ksState>
      <x>-166.2246845139244</x>
      <y>-733.4240152832224</y>
      <steeringAngle>0.17766666666666667</steeringAngle>
      <velocity>4.0</velocity>
      <orientation>2.7389999215289027</orientation>
      <time>8</time>
    </ksState>
    <ksState>
      <x>-166.59483850860806</x>
      <y>-733.2724379188152</y>
      <steeringAngle>0.17766666666666667</steeringAngle>
      <velocity>4.0</velocity>
      <orientation>2.766850409684159</orientation>
      <time>9</time>
    </ksState>
    <ksState>
      <x>-166.9690699166014</x>
      <y>-733.1312269727064</y>
      <steeringAngle>0.17766666666666667</steeringAngle>
      <velocity>4.0</velocity>
      <orientation>2.7947008978394146</orientation>
      <time>10</time>
    </ksState>
    <ksState>
      <x>-167.34696705462375</x>
      <y>-733.0001338777918</y>
      <steeringAngle>0.1421333333333333</steeringAngle>
      <velocity>4.0</velocity>
      <orientation>2.819718304183938</orientation>
      <time>11</time>
    </ksState>
    <ksState>
      <x>-167.7276850528384</x>
      <y>-732.8774603959071</y>
      <steeringAngle>0.10659999999999999</steeringAngle>
      <velocity>4.0</velocity>
      <orientation>2.8391102304746885</orientation>
      <time>12</time>
    </ksState>
    <ksState>
      <x>-168.11038989895772</x>
      <y>-732.7611227556467</y>
      <steeringAngle>0.07106666666666664</steeringAngle>
      <velocity>4.0</velocity>
      <orientation>2.8529264702096415</orientation>
      <time>13</time>
    </ksState>
    <ksState>
      <x>-168.49435813230878</x>
      <y>-732.6490180150719</y>
      <steeringAngle>0.03553333333333332</steeringAngle>
      <velocity>4.0</velocity>
      <orientation>2.861202230671907</orientation>
      <time>14</time>
    </ksState>
    <ksState>
      <x>-168.8789397384012</x>
      <y>-732.5390322164211</y>
      <steeringAngle>-2.2985086056692694e-17</steeringAngle>
      <velocity>4.0</velocity>
      <orientation>2.8639584939667473</orientation>
      <time>15</time>
    </ksState>
    <ksState>
      <x>-169.2635213307363</x>
      <y>-732.4290464193328</y>
      <steeringAngle>-0.035533333333333326</steeringAngle>
      <velocity>4.0</velocity>
      <orientation>2.861202219434147</orientation>
      <time>16</time>
    </ksState>
    <ksState>
      <x>-169.6474895630316</x>
      <y>-732.316941675026</y>
      <steeringAngle>-0.07106666666666711</steeringAngle>
      <velocity>4.0</velocity>
      <orientation>2.8529264588908614</orientation>
      <time>17</time>
    </ksState>
    <ksState>
      <x>-170.03019440778948</x>
      <y>-732.200604030687</y>
      <steeringAngle>-0.10660000000000043</steeringAngle>
      <velocity>4.0</velocity>
      <orientation>2.8391102190717246</orientation>
      <time>18</time>
    </ksState>
    <ksState>
      <x>-170.41091240421068</x>
      <y>-732.0779305445735</y>
      <steeringAngle>-0.14213333333333378</steeringAngle>
      <velocity>4.0</velocity>
      <orientation>2.819718292686179</orientation>
      <time>19</time>
    </ksState>
    <ksState>
      <x>-170.78880954003023</x>
      <y>-731.9468374454458</y>
      <steeringAngle>-0.1776666666666672</steeringAngle>
      <velocity>4.0</velocity>
      <orientation>2.7947008862347813</orientation>
      <time>20</time>
    </ksState>
    <ksState>
      <x>-171.16290379437862</x>
      <y>-731.8052715318778</y>
      <steeringAngle>-0.21319999999999995</steeringAngle>
      <velocity>4.0</velocity>
      <orientation>2.763993103597281</orientation>
      <time>21</time>
    </ksState>
    <ksState>
      <x>-171.5320273869699</x>
      <y>-731.6512260114833</y>
      <steeringAngle>-0.24873333333333336</steeringAngle>
      <velocity>4.0</velocity>
      <orientation>2.7275142624745867</orientation>
      <time>22</time>
    </ksState>
    <ksState>
      <x>-171.8947889858717</x>
      <y>-731.4827620585307</y>
      <steeringAngle>-0.2842666666666667</steeringAngle>
      <velocity>4.0</velocity>
      <orientation>2.685167028629139</orientation>
      <time>23</time>
    </ksState>
    <ksState>
      <x>-172.24953632784096</x>
      <y>-731.2980374791866</y>
      <steeringAngle>-0.31980000000000003</steeringAngle>
      <velocity>4.0</velocity>
      <orientation>2.6368363472620038</orientation>
      <time>24</time>
    </ksState>
    <ksState>
      <x>-172.5943200351356</x>
      <y>-731.0953439698648</y>
      <steeringAngle>-0.35533333333333333</steeringAngle>
      <velocity>4.0</velocity>
      <orientation>2.5823881460837255</orientation>
      <time>25</time>
    </ksState>
    <ksState>
      <x>-172.92709858217233</x>
      <y>-730.873501094126</y>
      <steeringAngle>-0.35533333333333333</steeringAngle>
      <velocity>4.0</velocity>
      <orientation>2.5248314393270115</orientation>
      <time>26</time>
    </ksState>
    <ksState>
      <x>-173.2465646034038</x>
      <y>-730.6328824948131</y>
      <steeringAngle>-0.35533333333333333</steeringAngle>
      <velocity>4.0</velocity>
      <orientation>2.4672747325702975</orientation>
      <time>27</time>
    </ksState>
    <ksState>
      <x>-173.55166004419422</x>
      <y>-730.3742850815154</y>
      <steeringAngle>-0.35533333333333333</steeringAngle>
      <velocity>4.0</velocity>
      <orientation>2.4097180258135835</orientation>
      <time>28</time>
    </ksState>
    <ksState>
      <x>-173.8413744709909</x>
      <y>-730.0985652923558</y>
      <steeringAngle>-0.35533333333333333</steeringAngle>
      <velocity>4.0</velocity>
      <orientation>2.3521613190568695</orientation>
      <time>29</time>
    </ksState>
    <ksState>
      <x>-174.11474839039596</x>
      <y>-729.8066362725881</y>
      <steeringAngle>-0.35533333333333333</steeringAngle>
      <velocity>4.0</velocity>
      <orientation>2.2946046123001556</orientation>
      <time>30</time>
    </ksState>
    <ksState>
      <x>-174.3959170736056</x>
      <y>-729.4682776773999</y>
      <steeringAngle>-0.31979999999999975</steeringAngle>
      <velocity>4.800000000000001</velocity>
      <orientation>2.234814777268407</orientation>
      <time>31</time>
    </ksState>
    <ksState>
      <x>-174.70306160195742</x>
      <y>-729.0487855708802</y>
      <steeringAngle>-0.28426666666666645</steeringAngle>
      <velocity>5.600000000000004</velocity>
      <orientation>2.1720856771370833</orientation>
      <time>32</time>
    </ksState>
    <ksState>
      <x>-175.02619981938122</x>
      <y>-728.5433539883768</y>
      <steeringAngle>-0.2487333333333331</steeringAngle>
      <velocity>6.400000000000004</velocity>
      <orientation>2.1086635404444074</orientation>
      <time>33</time>
    </ksState>
  </ksTrajectory>
</CommonRoadSolution>
