<?xml version="1.0" ?>
<CommonRoadSolution benchmark_id="KS2:SM1:BEL_Zaventem-3_1_T-1:2020a" computation_time="2.0064744499999847" date="2020-12-29">
  <ksTrajectory planningProblem="1">
    <ksState>
      <x>-573.1947</x>
      <y>585.25636</y>
      <steeringAngle>0.0</steeringAngle>
      <velocity>4.0</velocity>
      <orientation>3.0518253</orientation>
      <time>0</time>
    </ksState>
    <ksState>
      <x>-573.6329283920552</x>
      <y>585.2958046105456</y>
      <steeringAngle>0.0</steeringAngle>
      <velocity>4.8</velocity>
      <orientation>3.0518253</orientation>
      <time>1</time>
    </ksState>
    <ksState>
      <x>-574.1508346734339</x>
      <y>585.3424209684504</y>
      <steeringAngle>0.0</steeringAngle>
      <velocity>5.6</velocity>
      <orientation>3.0518253</orientation>
      <time>2</time>
    </ksState>
    <ksState>
      <x>-574.7484188441201</x>
      <y>585.3962090737131</y>
      <steeringAngle>0.0</steeringAngle>
      <velocity>6.4</velocity>
      <orientation>3.0518253</orientation>
      <time>3</time>
    </ksState>
    <ksState>
      <x>-575.4256809041046</x>
      <y>585.4571689263327</y>
      <steeringAngle>0.0</steeringAngle>
      <velocity>7.199999999999999</velocity>
      <orientation>3.0518253</orientation>
      <time>4</time>
    </ksState>
    <ksState>
      <x>-576.1826208533816</x>
      <y>585.5253005263087</y>
      <steeringAngle>0.0</steeringAngle>
      <velocity>7.999999999999998</velocity>
      <orientation>3.0518253</orientation>
      <time>5</time>
    </ksState>
    <ksState>
      <x>-576.9394429954294</x>
      <y>585.59471875546</y>
      <steeringAngle>-0.03553333333333333</steeringAngle>
      <velocity>7.199999999999999</velocity>
      <orientation>3.046680287017508</orientation>
      <time>6</time>
    </ksState>
    <ksState>
      <x>-577.6159639601113</x>
      <y>585.6633614503868</y>
      <steeringAngle>-0.07106666666666664</steeringAngle>
      <velocity>6.400000000000001</velocity>
      <orientation>3.0327036148965445</orientation>
      <time>7</time>
    </ksState>
    <ksState>
      <x>-578.2117448465373</x>
      <y>585.73430053957</y>
      <steeringAngle>-0.10659999999999997</steeringAngle>
      <velocity>5.600000000000004</velocity>
      <orientation>3.012071847030663</orientation>
      <time>8</time>
    </ksState>
    <ksState>
      <x>-578.7265361763322</x>
      <y>585.8076195367572</y>
      <steeringAngle>-0.1421333333333333</steeringAngle>
      <velocity>4.800000000000003</velocity>
      <orientation>2.986955639522015</orientation>
      <time>9</time>
    </ksState>
    <ksState>
      <x>-579.1603402546091</x>
      <y>585.8811171227983</y>
      <steeringAngle>-0.17766666666666653</steeringAngle>
      <velocity>4.000000000000006</velocity>
      <orientation>2.959530742936865</orientation>
      <time>10</time>
    </ksState>
    <ksState>
      <x>-579.5918772198958</x>
      <y>585.9669292608554</y>
      <steeringAngle>-0.14213333333333333</steeringAngle>
      <velocity>4.8000000000000025</velocity>
      <orientation>2.9321058432185123</orientation>
      <time>11</time>
    </ksState>
    <ksState>
      <x>-580.0990280012077</x>
      <y>586.0817503215804</y>
      <steeringAngle>-0.10660000000000003</steeringAngle>
      <velocity>5.600000000000005</velocity>
      <orientation>2.9069896309395946</orientation>
      <time>12</time>
    </ksState>
    <ksState>
      <x>-580.6810107931294</x>
      <y>586.2276381276471</y>
      <steeringAngle>-0.07106666666666671</steeringAngle>
      <velocity>6.400000000000004</velocity>
      <orientation>2.886357861340135</orientation>
      <time>13</time>
    </ksState>
    <ksState>
      <x>-581.3376222190924</x>
      <y>586.4044257800443</y>
      <steeringAngle>-0.035533333333333375</steeringAngle>
      <velocity>7.200000000000006</velocity>
      <orientation>2.872381193247343</orientation>
      <time>14</time>
    </ksState>
    <ksState>
      <x>-582.0695461579353</x>
      <y>586.6090864652812</y>
      <steeringAngle>-2.6346112791397758e-17</steeringAngle>
      <velocity>8.000000000000007</velocity>
      <orientation>2.867236180467774</orientation>
      <time>15</time>
    </ksState>
    <ksState>
      <x>-582.840021806431</x>
      <y>586.824412896154</y>
      <steeringAngle>0.03553333333333333</steeringAngle>
      <velocity>8.0</velocity>
      <orientation>2.872748715470613</orientation>
      <time>16</time>
    </ksState>
    <ksState>
      <x>-583.6128177280539</x>
      <y>587.0312262027073</y>
      <steeringAngle>0.07106666666666667</steeringAngle>
      <velocity>8.0</velocity>
      <orientation>2.8893002363508824</orientation>
      <time>17</time>
    </ksState>
    <ksState>
      <x>-584.3899768793326</x>
      <y>587.2209175924934</y>
      <steeringAngle>0.10659999999999997</steeringAngle>
      <velocity>8.0</velocity>
      <orientation>2.9169327156415776</orientation>
      <time>18</time>
    </ksState>
    <ksState>
      <x>-585.1729803731265</x>
      <y>587.3847016013459</y>
      <steeringAngle>0.1421333333333333</steeringAngle>
      <velocity>8.0</velocity>
      <orientation>2.9557165679143123</orientation>
      <time>19</time>
    </ksState>
    <ksState>
      <x>-585.9624489222715</x>
      <y>587.513565073766</y>
      <steeringAngle>0.17766666666666667</steeringAngle>
      <velocity>8.0</velocity>
      <orientation>3.005751380163467</orientation>
      <time>20</time>
    </ksState>
    <ksState>
      <x>-586.7576858220647</x>
      <y>587.5997787326116</y>
      <steeringAngle>0.17766666666666667</steeringAngle>
      <velocity>8.0</velocity>
      <orientation>3.061452356473979</orientation>
      <time>21</time>
    </ksState>
    <ksState>
      <x>-587.5564891294997</x>
      <y>587.6415861172258</y>
      <steeringAngle>0.17766666666666667</steeringAngle>
      <velocity>8.0</velocity>
      <orientation>3.1171533327844907</orientation>
      <time>22</time>
    </ksState>
    <ksState>
      <x>-588.3563810846234</x>
      <y>587.6388575453444</y>
      <steeringAngle>0.17766666666666667</steeringAngle>
      <velocity>8.0</velocity>
      <orientation>3.172854309095002</orientation>
      <time>23</time>
    </ksState>
    <ksState>
      <x>-589.1548805853537</x>
      <y>587.5916014804418</y>
      <steeringAngle>0.17766666666666667</steeringAngle>
      <velocity>8.0</velocity>
      <orientation>3.228555285405514</orientation>
      <time>24</time>
    </ksState>
    <ksState>
      <x>-589.9495108492641</x>
      <y>587.4999645006397</y>
      <steeringAngle>0.17766666666666667</steeringAngle>
      <velocity>8.0</velocity>
      <orientation>3.284256261716026</orientation>
      <time>25</time>
    </ksState>
    <ksState>
      <x>-590.7380818843335</x>
      <y>587.3657180211876</y>
      <steeringAngle>0.14213333333333336</steeringAngle>
      <velocity>8.0</velocity>
      <orientation>3.334291073264774</orientation>
      <time>26</time>
    </ksState>
    <ksState>
      <x>-591.5199497748372</x>
      <y>587.1965959551417</y>
      <steeringAngle>0.1066000000000001</steeringAngle>
      <velocity>8.0</velocity>
      <orientation>3.3730749252717716</orientation>
      <time>27</time>
    </ksState>
    <ksState>
      <x>-592.2957967118326</x>
      <y>587.0016069840227</y>
      <steeringAngle>0.07106666666666674</steeringAngle>
      <velocity>8.0</velocity>
      <orientation>3.4007074043014587</orientation>
      <time>28</time>
    </ksState>
    <ksState>
      <x>-593.0671637107794</x>
      <y>586.7895262632239</y>
      <steeringAngle>0.035533333333333354</steeringAngle>
      <velocity>8.0</velocity>
      <orientation>3.4172589249304877</orientation>
      <time>29</time>
    </ksState>
    <ksState>
      <x>-593.8361524544288</x>
      <y>586.568948435535</y>
      <steeringAngle>2.0816681711721685e-17</steeringAngle>
      <velocity>8.0</velocity>
      <orientation>3.4227714513888925</orientation>
      <time>30</time>
    </ksState>
    <ksState>
      <x>-594.6047356570142</x>
      <y>586.3469577584708</y>
      <steeringAngle>0.0</steeringAngle>
      <velocity>8.0</velocity>
      <orientation>3.4227714513888925</orientation>
      <time>31</time>
    </ksState>
    <ksState>
      <x>-595.3733188595997</x>
      <y>586.1249670814066</y>
      <steeringAngle>0.0</steeringAngle>
      <velocity>8.0</velocity>
      <orientation>3.4227714513888925</orientation>
      <time>32</time>
    </ksState>
    <ksState>
      <x>-596.1419020621852</x>
      <y>585.9029764043423</y>
      <steeringAngle>0.0</steeringAngle>
      <velocity>8.0</velocity>
      <orientation>3.4227714513888925</orientation>
      <time>33</time>
    </ksState>
  </ksTrajectory>
</CommonRoadSolution>
