<?xml version="1.0" ?>
<CommonRoadSolution benchmark_id="KS2:SM1:ARG_Carcarana-9_2_T-1:2020a" computation_time="1.2275888140000006" date="2020-12-29">
  <ksTrajectory planningProblem="1">
    <ksState>
      <x>-135.79707</x>
      <y>392.48165</y>
      <steeringAngle>0.0</steeringAngle>
      <velocity>0.0</velocity>
      <orientation>1.374541</orientation>
      <time>0</time>
    </ksState>
    <ksState>
      <x>-135.79707</x>
      <y>392.48165</y>
      <steeringAngle>0.0</steeringAngle>
      <velocity>0.0</velocity>
      <orientation>1.374541</orientation>
      <time>1</time>
    </ksState>
    <ksState>
      <x>-135.79707</x>
      <y>392.48165</y>
      <steeringAngle>0.0</steeringAngle>
      <velocity>0.0</velocity>
      <orientation>1.374541</orientation>
      <time>2</time>
    </ksState>
    <ksState>
      <x>-135.79707</x>
      <y>392.48165</y>
      <steeringAngle>0.0</steeringAngle>
      <velocity>0.0</velocity>
      <orientation>1.374541</orientation>
      <time>3</time>
    </ksState>
    <ksState>
      <x>-135.79707</x>
      <y>392.48165</y>
      <steeringAngle>0.0</steeringAngle>
      <velocity>0.0</velocity>
      <orientation>1.374541</orientation>
      <time>4</time>
    </ksState>
    <ksState>
      <x>-135.79707</x>
      <y>392.48165</y>
      <steeringAngle>0.0</steeringAngle>
      <velocity>0.0</velocity>
      <orientation>1.374541</orientation>
      <time>5</time>
    </ksState>
    <ksState>
      <x>-135.78926430768846</x>
      <y>392.5208809980144</y>
      <steeringAngle>-0.03553333333333333</steeringAngle>
      <velocity>0.8</velocity>
      <orientation>1.3741734682217581</orientation>
      <time>6</time>
    </ksState>
    <ksState>
      <x>-135.76568570403725</x>
      <y>392.6385417031125</y>
      <steeringAngle>-0.0710666666666667</steeringAngle>
      <velocity>1.6</velocity>
      <orientation>1.3715986216297724</orientation>
      <time>7</time>
    </ksState>
    <ksState>
      <x>-135.72546819317546</x>
      <y>392.8344559376093</y>
      <steeringAngle>-0.10660000000000003</steeringAngle>
      <velocity>2.4000000000000004</velocity>
      <orientation>1.3645979173929352</orientation>
      <time>8</time>
    </ksState>
    <ksState>
      <x>-135.6663587919716</x>
      <y>393.10814344787923</y>
      <steeringAngle>-0.14213333333333342</steeringAngle>
      <velocity>3.2000000000000015</velocity>
      <orientation>1.350930276452115</orientation>
      <time>9</time>
    </ksState>
    <ksState>
      <x>-135.58402652033288</x>
      <y>393.45859438803734</y>
      <steeringAngle>-0.17766666666666683</steeringAngle>
      <velocity>4.0000000000000036</velocity>
      <orientation>1.328320360578895</orientation>
      <time>10</time>
    </ksState>
    <ksState>
      <x>-135.48295454456198</x>
      <y>393.8456035638634</y>
      <steeringAngle>-0.1421333333333333</steeringAngle>
      <velocity>4.0</velocity>
      <orientation>1.3033029542343717</orientation>
      <time>11</time>
    </ksState>
    <ksState>
      <x>-135.37331547510337</x>
      <y>394.2302777789734</y>
      <steeringAngle>-0.10659999999999999</steeringAngle>
      <velocity>4.0</velocity>
      <orientation>1.283911027943621</orientation>
      <time>12</time>
    </ksState>
    <ksState>
      <x>-135.25730510871503</x>
      <y>394.6130819595606</y>
      <steeringAngle>-0.07106666666666664</steeringAngle>
      <velocity>4.0</velocity>
      <orientation>1.2700947882086682</orientation>
      <time>13</time>
    </ksState>
    <ksState>
      <x>-135.13707372995617</x>
      <y>394.99458358818595</y>
      <steeringAngle>-0.03553333333333332</steeringAngle>
      <velocity>4.0</velocity>
      <orientation>1.2618190277464028</orientation>
      <time>14</time>
    </ksState>
    <ksState>
      <x>-135.01473995675698</x>
      <y>395.3754173256415</y>
      <steeringAngle>2.2985086056692694e-17</steeringAngle>
      <velocity>4.0</velocity>
      <orientation>1.2590627644515624</orientation>
      <time>15</time>
    </ksState>
    <ksState>
      <x>-134.8920563140191</x>
      <y>395.7561386460381</y>
      <steeringAngle>0.0</steeringAngle>
      <velocity>4.0</velocity>
      <orientation>1.2590627644515624</orientation>
      <time>16</time>
    </ksState>
    <ksState>
      <x>-134.7693726712812</x>
      <y>396.13685996643477</y>
      <steeringAngle>0.0</steeringAngle>
      <velocity>4.0</velocity>
      <orientation>1.2590627644515624</orientation>
      <time>17</time>
    </ksState>
    <ksState>
      <x>-134.6466890285433</x>
      <y>396.5175812868314</y>
      <steeringAngle>0.0</steeringAngle>
      <velocity>4.0</velocity>
      <orientation>1.2590627644515624</orientation>
      <time>18</time>
    </ksState>
    <ksState>
      <x>-134.5240053858054</x>
      <y>396.89830260722806</y>
      <steeringAngle>0.0</steeringAngle>
      <velocity>4.0</velocity>
      <orientation>1.2590627644515624</orientation>
      <time>19</time>
    </ksState>
    <ksState>
      <x>-134.4013217430675</x>
      <y>397.2790239276247</y>
      <steeringAngle>0.0</steeringAngle>
      <velocity>4.0</velocity>
      <orientation>1.2590627644515624</orientation>
      <time>20</time>
    </ksState>
    <ksState>
      <x>-134.27863810032963</x>
      <y>397.6597452480213</y>
      <steeringAngle>0.0</steeringAngle>
      <velocity>4.0</velocity>
      <orientation>1.2590627644515624</orientation>
      <time>21</time>
    </ksState>
    <ksState>
      <x>-134.15595445759172</x>
      <y>398.04046656841797</y>
      <steeringAngle>0.0</steeringAngle>
      <velocity>4.0</velocity>
      <orientation>1.2590627644515624</orientation>
      <time>22</time>
    </ksState>
    <ksState>
      <x>-134.03327081485384</x>
      <y>398.4211878888146</y>
      <steeringAngle>0.0</steeringAngle>
      <velocity>4.0</velocity>
      <orientation>1.2590627644515624</orientation>
      <time>23</time>
    </ksState>
    <ksState>
      <x>-133.91058717211592</x>
      <y>398.80190920921126</y>
      <steeringAngle>0.0</steeringAngle>
      <velocity>4.0</velocity>
      <orientation>1.2590627644515624</orientation>
      <time>24</time>
    </ksState>
    <ksState>
      <x>-133.78790352937804</x>
      <y>399.1826305296079</y>
      <steeringAngle>0.0</steeringAngle>
      <velocity>4.0</velocity>
      <orientation>1.2590627644515624</orientation>
      <time>25</time>
    </ksState>
    <ksState>
      <x>-133.6655697625267</x>
      <y>399.5634642547585</y>
      <steeringAngle>0.035533333333333326</steeringAngle>
      <velocity>4.0</velocity>
      <orientation>1.2618190389841628</orientation>
      <time>26</time>
    </ksState>
    <ksState>
      <x>-133.54533838745706</x>
      <y>399.94496588458065</y>
      <steeringAngle>0.07106666666666711</steeringAngle>
      <velocity>4.0</velocity>
      <orientation>1.2700947995274483</orientation>
      <time>27</time>
    </ksState>
    <ksState>
      <x>-133.429328025216</x>
      <y>400.3277700663031</y>
      <steeringAngle>0.10660000000000043</steeringAngle>
      <velocity>4.0</velocity>
      <orientation>1.2839110393465851</orientation>
      <time>28</time>
    </ksState>
    <ksState>
      <x>-133.31968896026964</x>
      <y>400.71244428227277</y>
      <steeringAngle>0.14213333333333378</steeringAngle>
      <velocity>4.0</velocity>
      <orientation>1.303302965732131</orientation>
      <time>29</time>
    </ksState>
    <ksState>
      <x>-133.2186169892254</x>
      <y>401.0994534586094</y>
      <steeringAngle>0.1776666666666672</steeringAngle>
      <velocity>4.0</velocity>
      <orientation>1.3283203721835282</orientation>
      <time>30</time>
    </ksState>
    <ksState>
      <x>-133.13628472765097</x>
      <y>401.4499043997282</y>
      <steeringAngle>0.1421333333333333</steeringAngle>
      <velocity>3.1999999999999993</velocity>
      <orientation>1.3509302871569704</orientation>
      <time>31</time>
    </ksState>
    <ksState>
      <x>-133.0771753472971</x>
      <y>401.72359191366735</y>
      <steeringAngle>0.10659999999999997</steeringAngle>
      <velocity>2.3999999999999977</velocity>
      <orientation>1.3645979280276779</orientation>
      <time>32</time>
    </ksState>
    <ksState>
      <x>-133.03695785643214</x>
      <y>401.9195061508795</y>
      <steeringAngle>0.07106666666666664</steeringAngle>
      <velocity>1.5999999999999976</velocity>
      <orientation>1.371598633880897</orientation>
      <time>33</time>
    </ksState>
  </ksTrajectory>
</CommonRoadSolution>
