<?xml version="1.0" ?>
<CommonRoadSolution benchmark_id="KS2:SM1:DEU_Guetersloh-27_1_T-1:2020a" computation_time="0.7089507440000489" date="2020-12-29">
  <ksTrajectory planningProblem="1">
    <ksState>
      <x>-412.87762</x>
      <y>-1045.1819</y>
      <steeringAngle>0.0</steeringAngle>
      <velocity>4.0</velocity>
      <orientation>2.0692963</orientation>
      <time>0</time>
    </ksState>
    <ksState>
      <x>-413.0875789642484</x>
      <y>-1044.7952256348508</y>
      <steeringAngle>-0.035533333333333326</steeringAngle>
      <velocity>4.799999999999999</velocity>
      <orientation>2.066172521330809</orientation>
      <time>1</time>
    </ksState>
    <ksState>
      <x>-413.3325550597669</x>
      <y>-1044.3365492446576</y>
      <steeringAngle>-0.07106666666666667</steeringAngle>
      <velocity>5.599999999999998</velocity>
      <orientation>2.0553219102696363</orientation>
      <time>2</time>
    </ksState>
    <ksState>
      <x>-413.60685227280413</x>
      <y>-1043.8029314279836</y>
      <steeringAngle>-0.10659999999999999</steeringAngle>
      <velocity>6.3999999999999995</velocity>
      <orientation>2.0345049612693082</orientation>
      <time>3</time>
    </ksState>
    <ksState>
      <x>-413.90137264432315</x>
      <y>-1043.190056633986</y>
      <steeringAngle>-0.14213333333333333</steeringAngle>
      <velocity>7.199999999999999</velocity>
      <orientation>2.001445390288143</orientation>
      <time>4</time>
    </ksState>
    <ksState>
      <x>-414.2027044714031</x>
      <y>-1042.492425106136</y>
      <steeringAngle>-0.17766666666666664</steeringAngle>
      <velocity>7.9999999999999964</velocity>
      <orientation>1.9538180682065966</orientation>
      <time>5</time>
    </ksState>
    <ksState>
      <x>-414.4679562541944</x>
      <y>-1041.7803108451067</y>
      <steeringAngle>-0.17766666666666667</steeringAngle>
      <velocity>7.2</velocity>
      <orientation>1.9009021407622193</orientation>
      <time>6</time>
    </ksState>
    <ksState>
      <x>-414.673065659079</x>
      <y>-1041.1320487403425</y>
      <steeringAngle>-0.17766666666666667</steeringAngle>
      <velocity>6.4</velocity>
      <orientation>1.8535563109694082</orientation>
      <time>7</time>
    </ksState>
    <ksState>
      <x>-414.8283879563176</x>
      <y>-1040.5525466894026</y>
      <steeringAngle>-0.17766666666666667</steeringAngle>
      <velocity>5.599999999999999</velocity>
      <orientation>1.8117805788142234</orientation>
      <time>8</time>
    </ksState>
    <ksState>
      <x>-414.94332282582167</x>
      <y>-1040.0454368023416</y>
      <steeringAngle>-0.17766666666666667</steeringAngle>
      <velocity>4.799999999999999</velocity>
      <orientation>1.775574944292709</orientation>
      <time>9</time>
    </ksState>
    <ksState>
      <x>-415.0261845148823</x>
      <y>-1039.6133270954085</y>
      <steeringAngle>-0.17766666666666667</steeringAngle>
      <velocity>4.0</velocity>
      <orientation>1.7449394074033788</orientation>
      <time>10</time>
    </ksState>
    <ksState>
      <x>-415.0962446220989</x>
      <y>-1039.178954609144</y>
      <steeringAngle>-0.14213333333333333</steeringAngle>
      <velocity>4.8000000000000025</velocity>
      <orientation>1.7175145076850264</orientation>
      <time>11</time>
    </ksState>
    <ksState>
      <x>-415.1654848323081</x>
      <y>-1038.6635988249895</y>
      <steeringAngle>-0.10660000000000003</steeringAngle>
      <velocity>5.600000000000005</velocity>
      <orientation>1.6923982954061085</orientation>
      <time>12</time>
    </ksState>
    <ksState>
      <x>-415.23170386745136</x>
      <y>-1038.0672748682039</y>
      <steeringAngle>-0.07106666666666671</steeringAngle>
      <velocity>6.400000000000004</velocity>
      <orientation>1.671766525806649</orientation>
      <time>13</time>
    </ksState>
    <ksState>
      <x>-415.2949872283115</x>
      <y>-1037.3902315498087</y>
      <steeringAngle>-0.035533333333333375</steeringAngle>
      <velocity>7.200000000000006</velocity>
      <orientation>1.6577898577138568</orientation>
      <time>14</time>
    </ksState>
    <ksState>
      <x>-415.3584102083171</x>
      <y>-1036.6328834304209</y>
      <steeringAngle>-2.6346112791397758e-17</steeringAngle>
      <velocity>8.000000000000007</velocity>
      <orientation>1.6526448449342883</orientation>
      <time>15</time>
    </ksState>
    <ksState>
      <x>-415.42235075652883</x>
      <y>-1035.8354439010197</y>
      <steeringAngle>-0.03553333333333333</steeringAngle>
      <velocity>8.0</velocity>
      <orientation>1.6471323099314494</orientation>
      <time>16</time>
    </ksState>
    <ksState>
      <x>-415.4774915218744</x>
      <y>-1035.0373557002288</y>
      <steeringAngle>-0.07106666666666667</steeringAngle>
      <velocity>8.0</velocity>
      <orientation>1.6305807890511799</orientation>
      <time>17</time>
    </ksState>
    <ksState>
      <x>-415.5149918771115</x>
      <y>-1034.2382606538592</y>
      <steeringAngle>-0.10659999999999997</steeringAngle>
      <velocity>8.0</velocity>
      <orientation>1.602948309760485</orientation>
      <time>18</time>
    </ksState>
    <ksState>
      <x>-415.52594527940863</x>
      <y>-1033.438385853764</y>
      <steeringAngle>-0.1421333333333333</steeringAngle>
      <velocity>8.0</velocity>
      <orientation>1.56416445748775</orientation>
      <time>19</time>
    </ksState>
    <ksState>
      <x>-415.5013863133273</x>
      <y>-1032.638846460239</y>
      <steeringAngle>-0.17766666666666667</steeringAngle>
      <velocity>8.0</velocity>
      <orientation>1.5141296452385955</orientation>
      <time>20</time>
    </ksState>
    <ksState>
      <x>-415.4369602819325</x>
      <y>-1031.8816899195774</y>
      <steeringAngle>-0.21320000000000014</steeringAngle>
      <velocity>7.200000000000003</velocity>
      <orientation>1.4558803181671027</orientation>
      <time>21</time>
    </ksState>
    <ksState>
      <x>-415.33868670641573</x>
      <y>-1031.2089383702419</y>
      <steeringAngle>-0.24873333333333347</steeringAngle>
      <velocity>6.400000000000004</velocity>
      <orientation>1.3939632306813232</orientation>
      <time>22</time>
    </ksState>
    <ksState>
      <x>-415.2149201173244</x>
      <y>-1030.6219449893492</y>
      <steeringAngle>-0.2842666666666668</steeringAngle>
      <velocity>5.600000000000001</velocity>
      <orientation>1.3305410879174022</orientation>
      <time>23</time>
    </ksState>
    <ksState>
      <x>-415.0757587626159</x>
      <y>-1030.1210003866563</y>
      <steeringAngle>-0.3198</steeringAngle>
      <velocity>4.800000000000002</velocity>
      <orientation>1.2678119881754495</orientation>
      <time>24</time>
    </ksState>
    <ksState>
      <x>-414.9322388686774</x>
      <y>-1029.7051345419031</y>
      <steeringAngle>-0.3553333333333332</steeringAngle>
      <velocity>4.000000000000001</velocity>
      <orientation>1.2080221541272347</orientation>
      <time>25</time>
    </ksState>
    <ksState>
      <x>-414.77922392345636</x>
      <y>-1029.335625041707</y>
      <steeringAngle>-0.39086666666666653</steeringAngle>
      <velocity>4.0</velocity>
      <orientation>1.1473017878212475</orientation>
      <time>26</time>
    </ksState>
    <ksState>
      <x>-414.60292124198475</x>
      <y>-1028.9766581681686</y>
      <steeringAngle>-0.42639999999999995</steeringAngle>
      <velocity>4.0</velocity>
      <orientation>1.0801321743648438</orientation>
      <time>27</time>
    </ksState>
    <ksState>
      <x>-414.4017860533921</x>
      <y>-1028.6310109619715</y>
      <steeringAngle>-0.4619333333333333</steeringAngle>
      <velocity>4.0</velocity>
      <orientation>1.0063115907325</orientation>
      <time>28</time>
    </ksState>
    <ksState>
      <x>-414.1745892848547</x>
      <y>-1028.3019291827559</y>
      <steeringAngle>-0.49746666666666667</steeringAngle>
      <velocity>4.0</velocity>
      <orientation>0.9256110489192795</orientation>
      <time>29</time>
    </ksState>
    <ksState>
      <x>-413.9205196146509</x>
      <y>-1027.9931480971777</y>
      <steeringAngle>-0.533</steeringAngle>
      <velocity>4.0</velocity>
      <orientation>0.8377711823194709</orientation>
      <time>30</time>
    </ksState>
    <ksState>
      <x>-413.66916153286445</x>
      <y>-1027.7355604739378</y>
      <steeringAngle>-0.4974666666666667</steeringAngle>
      <velocity>3.1999999999999993</velocity>
      <orientation>0.7585939792102314</orientation>
      <time>31</time>
    </ksState>
    <ksState>
      <x>-413.4605187971697</x>
      <y>-1027.5488862830077</y>
      <steeringAngle>-0.4619333333333334</steeringAngle>
      <velocity>2.3999999999999986</velocity>
      <orientation>0.7019868718080226</orientation>
      <time>32</time>
    </ksState>
    <ksState>
      <x>-413.30541581775515</x>
      <y>-1027.4226385569502</y>
      <steeringAngle>-0.4264000000000001</steeringAngle>
      <velocity>1.5999999999999979</velocity>
      <orientation>0.664963911593964</orientation>
      <time>33</time>
    </ksState>
  </ksTrajectory>
</CommonRoadSolution>
