<?xml version="1.0" ?>
<CommonRoadSolution benchmark_id="KS2:SM1:ESP_Berga-6_1_T-1:2020a" computation_time="1.1764848530001473" date="2020-12-29">
  <ksTrajectory planningProblem="1">
    <ksState>
      <x>-258.33454</x>
      <y>-558.29373</y>
      <steeringAngle>0.0</steeringAngle>
      <velocity>8.0</velocity>
      <orientation>0.4907376</orientation>
      <time>0</time>
    </ksState>
    <ksState>
      <x>-257.6636238922207</x>
      <y>-557.936700279172</y>
      <steeringAngle>-0.03553333333333333</steeringAngle>
      <velocity>7.199999999999999</velocity>
      <orientation>0.4855925870175077</orientation>
      <time>1</time>
    </ksState>
    <ksState>
      <x>-257.06027982884433</x>
      <y>-557.6230629465575</y>
      <steeringAngle>-0.07106666666666664</steeringAngle>
      <velocity>6.400000000000001</velocity>
      <orientation>0.4716159148965446</orientation>
      <time>2</time>
    </ksState>
    <ksState>
      <x>-256.5231900249401</x>
      <y>-557.3556274187256</y>
      <steeringAngle>-0.10659999999999997</steeringAngle>
      <velocity>5.600000000000004</velocity>
      <orientation>0.4509841470306632</orientation>
      <time>3</time>
    </ksState>
    <ksState>
      <x>-256.0525172879857</x>
      <y>-557.1346003541648</y>
      <steeringAngle>-0.1421333333333333</steeringAngle>
      <velocity>4.800000000000003</velocity>
      <orientation>0.42586793952201496</orientation>
      <time>4</time>
    </ksState>
    <ksState>
      <x>-255.64946699569296</x>
      <y>-556.9581397767934</y>
      <steeringAngle>-0.17766666666666653</steeringAngle>
      <velocity>4.000000000000006</velocity>
      <orientation>0.3984430429368651</orientation>
      <time>5</time>
    </ksState>
    <ksState>
      <x>-255.24155856135562</x>
      <y>-556.793219842755</y>
      <steeringAngle>-0.14213333333333333</steeringAngle>
      <velocity>4.8000000000000025</velocity>
      <orientation>0.3710181432185127</orientation>
      <time>6</time>
    </ksState>
    <ksState>
      <x>-254.75451309190282</x>
      <y>-556.6110866451857</y>
      <steeringAngle>-0.10660000000000003</steeringAngle>
      <velocity>5.600000000000005</velocity>
      <orientation>0.3459019309395948</orientation>
      <time>7</time>
    </ksState>
    <ksState>
      <x>-254.18785571682275</x>
      <y>-556.4138896844604</y>
      <steeringAngle>-0.07106666666666671</steeringAngle>
      <velocity>6.400000000000004</velocity>
      <orientation>0.3252701613401353</orientation>
      <time>8</time>
    </ksState>
    <ksState>
      <x>-253.54184803185274</x>
      <y>-556.2016009431079</y>
      <steeringAngle>-0.035533333333333375</steeringAngle>
      <velocity>7.200000000000006</velocity>
      <orientation>0.311293493247343</orientation>
      <time>9</time>
    </ksState>
    <ksState>
      <x>-252.8175782316913</x>
      <y>-555.9713143718387</y>
      <steeringAngle>-2.6346112791397758e-17</steeringAngle>
      <velocity>8.000000000000007</velocity>
      <orientation>0.30614848046777454</orientation>
      <time>10</time>
    </ksState>
    <ksState>
      <x>-252.0933084290398</x>
      <y>-555.7410278151328</y>
      <steeringAngle>0.03553333333333333</steeringAngle>
      <velocity>7.199999999999999</velocity>
      <orientation>0.31129349345026686</orientation>
      <time>11</time>
    </ksState>
    <ksState>
      <x>-251.44730074022604</x>
      <y>-555.5287390937779</y>
      <steeringAngle>0.07106666666666664</steeringAngle>
      <velocity>6.400000000000001</velocity>
      <orientation>0.32527016557122995</orientation>
      <time>12</time>
    </ksState>
    <ksState>
      <x>-250.88064336377892</x>
      <y>-555.3315421447076</y>
      <steeringAngle>0.10659999999999997</steeringAngle>
      <velocity>5.600000000000004</velocity>
      <orientation>0.34590193343711134</orientation>
      <time>13</time>
    </ksState>
    <ksState>
      <x>-250.39359789055172</x>
      <y>-555.1494089637948</y>
      <steeringAngle>0.1421333333333333</steeringAngle>
      <velocity>4.800000000000003</velocity>
      <orientation>0.3710181409457596</orientation>
      <time>14</time>
    </ksState>
    <ksState>
      <x>-249.9856894535516</x>
      <y>-554.9844890422945</y>
      <steeringAngle>0.17766666666666653</steeringAngle>
      <velocity>4.000000000000006</velocity>
      <orientation>0.3984430375309094</orientation>
      <time>15</time>
    </ksState>
    <ksState>
      <x>-249.61907794960646</x>
      <y>-554.8245276355901</y>
      <steeringAngle>0.1421333333333333</steeringAngle>
      <velocity>4.0</velocity>
      <orientation>0.42346044387543275</orientation>
      <time>16</time>
    </ksState>
    <ksState>
      <x>-249.25610383791286</x>
      <y>-554.6564658268335</y>
      <steeringAngle>0.10659999999999999</steeringAngle>
      <velocity>4.0</velocity>
      <orientation>0.4428523701661833</orientation>
      <time>17</time>
    </ksState>
    <ksState>
      <x>-248.8959667504605</x>
      <y>-554.4824005401566</y>
      <steeringAngle>0.07106666666666664</steeringAngle>
      <velocity>4.0</velocity>
      <orientation>0.4566686099011362</orientation>
      <time>18</time>
    </ksState>
    <ksState>
      <x>-248.53777207738383</x>
      <y>-554.3043678092852</y>
      <steeringAngle>0.03553333333333332</steeringAngle>
      <velocity>4.0</velocity>
      <orientation>0.4649443703634016</orientation>
      <time>19</time>
    </ksState>
    <ksState>
      <x>-248.1805637649631</x>
      <y>-554.1243619505277</y>
      <steeringAngle>-2.2985086056692694e-17</steeringAngle>
      <velocity>4.0</velocity>
      <orientation>0.46770063365824194</orientation>
      <time>20</time>
    </ksState>
    <ksState>
      <x>-247.78760720972497</x>
      <y>-553.9264099941668</y>
      <steeringAngle>-0.035533333333333326</steeringAngle>
      <velocity>4.799999999999999</velocity>
      <orientation>0.4645768549890511</orientation>
      <time>21</time>
    </ksState>
    <ksState>
      <x>-247.3216044432665</x>
      <y>-553.6956747780655</y>
      <steeringAngle>-0.07106666666666667</steeringAngle>
      <velocity>5.599999999999998</velocity>
      <orientation>0.45372624392787836</orientation>
      <time>22</time>
    </ksState>
    <ksState>
      <x>-246.7797928639248</x>
      <y>-553.4379401318822</y>
      <steeringAngle>-0.10659999999999999</steeringAngle>
      <velocity>6.3999999999999995</velocity>
      <orientation>0.43290929492755037</orientation>
      <time>23</time>
    </ksState>
    <ksState>
      <x>-246.15813913438996</x>
      <y>-553.1624325949388</y>
      <steeringAngle>-0.14213333333333333</steeringAngle>
      <velocity>7.199999999999999</velocity>
      <orientation>0.3998497239463852</orientation>
      <time>24</time>
    </ksState>
    <ksState>
      <x>-245.45155911274804</x>
      <y>-552.8827268715823</y>
      <steeringAngle>-0.17766666666666664</steeringAngle>
      <velocity>7.9999999999999964</velocity>
      <orientation>0.35222240186483855</orientation>
      <time>25</time>
    </ksState>
    <ksState>
      <x>-244.7312050652608</x>
      <y>-552.6408037704604</y>
      <steeringAngle>-0.21320000000000014</steeringAngle>
      <velocity>7.200000000000003</velocity>
      <orientation>0.2939730747933457</orientation>
      <time>26</time>
    </ksState>
    <ksState>
      <x>-244.07484046835</x>
      <y>-552.4634965266702</y>
      <steeringAngle>-0.24873333333333347</steeringAngle>
      <velocity>6.400000000000004</velocity>
      <orientation>0.23205598730756635</orientation>
      <time>27</time>
    </ksState>
    <ksState>
      <x>-243.48702862716155</x>
      <y>-552.3436773414546</y>
      <steeringAngle>-0.2842666666666668</steeringAngle>
      <velocity>5.600000000000001</velocity>
      <orientation>0.16863384454364522</orientation>
      <time>28</time>
    </ksState>
    <ksState>
      <x>-242.97205115928216</x>
      <y>-552.2721959789326</y>
      <steeringAngle>-0.3198</steeringAngle>
      <velocity>4.800000000000002</velocity>
      <orientation>0.1059047448016926</orientation>
      <time>29</time>
    </ksState>
    <ksState>
      <x>-242.53340590580618</x>
      <y>-552.2385403346595</y>
      <steeringAngle>-0.3553333333333332</steeringAngle>
      <velocity>4.000000000000001</velocity>
      <orientation>0.046114910753477845</orientation>
      <time>30</time>
    </ksState>
    <ksState>
      <x>-242.1731395264053</x>
      <y>-552.2309499666707</y>
      <steeringAngle>-0.31979999999999975</steeringAngle>
      <velocity>3.2</velocity>
      <orientation>-0.0029916493043105064</orientation>
      <time>31</time>
    </ksState>
    <ksState>
      <x>-241.8929134214331</x>
      <y>-552.2366510683678</y>
      <steeringAngle>-0.2842666666666663</steeringAngle>
      <velocity>2.4000000000000004</velocity>
      <orientation>-0.03692390467052488</orientation>
      <time>32</time>
    </ksState>
    <ksState>
      <x>-241.69293369957015</x>
      <y>-552.2462249392978</y>
      <steeringAngle>-0.24873333333333292</steeringAngle>
      <velocity>1.6000000000000008</velocity>
      <orientation>-0.058196225617463626</orientation>
      <time>33</time>
    </ksState>
  </ksTrajectory>
</CommonRoadSolution>
