<?xml version="1.0" ?>
<CommonRoadSolution benchmark_id="KS2:SM1:ITA_Empoli-3_1_T-1:2020a" computation_time="1.137760671000251" date="2020-12-29">
  <ksTrajectory planningProblem="1">
    <ksState>
      <x>-388.21367</x>
      <y>-927.42478</y>
      <steeringAngle>0.0</steeringAngle>
      <velocity>0.0</velocity>
      <orientation>-1.5882699</orientation>
      <time>0</time>
    </ksState>
    <ksState>
      <x>-388.21437479511195</x>
      <y>-927.4647737907871</y>
      <steeringAngle>-0.03553333333333333</steeringAngle>
      <velocity>0.8</velocity>
      <orientation>-1.588637431778242</orientation>
      <time>1</time>
    </ksState>
    <ksState>
      <x>-388.216653874572</x>
      <y>-927.5847521132922</y>
      <steeringAngle>-0.0710666666666667</steeringAngle>
      <velocity>1.6</velocity>
      <orientation>-1.5912122783702276</orientation>
      <time>2</time>
    </ksState>
    <ksState>
      <x>-388.22139076103116</x>
      <y>-927.7846955987201</y>
      <steeringAngle>-0.10660000000000003</steeringAngle>
      <velocity>2.4000000000000004</velocity>
      <orientation>-1.5982129826070648</orientation>
      <time>3</time>
    </ksState>
    <ksState>
      <x>-388.2308879313922</x>
      <y>-928.0645322981424</y>
      <steeringAngle>-0.14213333333333342</steeringAngle>
      <velocity>3.2000000000000015</velocity>
      <orientation>-1.611880623547885</orientation>
      <time>4</time>
    </ksState>
    <ksState>
      <x>-388.2495869163158</x>
      <y>-928.4240386435297</y>
      <steeringAngle>-0.17766666666666683</steeringAngle>
      <velocity>4.0000000000000036</velocity>
      <orientation>-1.6344905394211051</orientation>
      <time>5</time>
    </ksState>
    <ksState>
      <x>-388.2806025291323</x>
      <y>-928.8228213891151</y>
      <steeringAngle>-0.17766666666666667</steeringAngle>
      <velocity>4.0</velocity>
      <orientation>-1.662341027576361</orientation>
      <time>6</time>
    </ksState>
    <ksState>
      <x>-388.3227109727354</x>
      <y>-929.2205858344461</y>
      <steeringAngle>-0.17766666666666667</steeringAngle>
      <velocity>4.0</velocity>
      <orientation>-1.690191515731617</orientation>
      <time>7</time>
    </ksState>
    <ksState>
      <x>-388.37587958839146</x>
      <y>-929.6170234392721</y>
      <steeringAngle>-0.17766666666666667</steeringAngle>
      <velocity>4.0</velocity>
      <orientation>-1.7180420038868727</orientation>
      <time>8</time>
    </ksState>
    <ksState>
      <x>-388.4400671382447</x>
      <y>-930.0118267265239</y>
      <steeringAngle>-0.17766666666666667</steeringAngle>
      <velocity>4.0</velocity>
      <orientation>-1.7458924920421286</orientation>
      <time>9</time>
    </ksState>
    <ksState>
      <x>-388.5152238394818</x>
      <y>-930.4046894866434</y>
      <steeringAngle>-0.17766666666666667</steeringAngle>
      <velocity>4.0</velocity>
      <orientation>-1.7737429801973845</orientation>
      <time>10</time>
    </ksState>
    <ksState>
      <x>-388.60092263668287</x>
      <y>-930.7953906033786</y>
      <steeringAngle>-0.1421333333333333</steeringAngle>
      <velocity>4.0</velocity>
      <orientation>-1.7987603865419077</orientation>
      <time>11</time>
    </ksState>
    <ksState>
      <x>-388.6952741104731</x>
      <y>-931.1840971465649</y>
      <steeringAngle>-0.10659999999999999</steeringAngle>
      <velocity>4.0</velocity>
      <orientation>-1.8181523128326584</orientation>
      <time>12</time>
    </ksState>
    <ksState>
      <x>-388.79606580598346</x>
      <y>-931.5711869034698</y>
      <steeringAngle>-0.07106666666666664</steeringAngle>
      <velocity>4.0</velocity>
      <orientation>-1.8319685525676113</orientation>
      <time>13</time>
    </ksState>
    <ksState>
      <x>-388.90112669206314</x>
      <y>-931.957141936211</y>
      <steeringAngle>-0.03553333333333332</steeringAngle>
      <velocity>4.0</velocity>
      <orientation>-1.8402443130298767</orientation>
      <time>14</time>
    </ksState>
    <ksState>
      <x>-389.00831472463534</x>
      <y>-932.3425126840925</y>
      <steeringAngle>2.2985086056692694e-17</steeringAngle>
      <velocity>4.0</velocity>
      <orientation>-1.843000576324717</orientation>
      <time>15</time>
    </ksState>
    <ksState>
      <x>-389.12705898573586</x>
      <y>-932.766186652832</y>
      <steeringAngle>-0.035533333333333326</steeringAngle>
      <velocity>4.799999999999999</velocity>
      <orientation>-1.846124354993908</orientation>
      <time>16</time>
    </ksState>
    <ksState>
      <x>-389.27084078395495</x>
      <y>-933.2659106894733</y>
      <steeringAngle>-0.07106666666666667</steeringAngle>
      <velocity>5.599999999999998</velocity>
      <orientation>-1.8569749660550807</orientation>
      <time>17</time>
    </ksState>
    <ksState>
      <x>-389.4457942614274</x>
      <y>-933.8398255055151</y>
      <steeringAngle>-0.10659999999999999</steeringAngle>
      <velocity>6.3999999999999995</velocity>
      <orientation>-1.8777919150554085</orientation>
      <time>18</time>
    </ksState>
    <ksState>
      <x>-389.66145286634656</x>
      <y>-934.484689156593</y>
      <steeringAngle>-0.14213333333333333</steeringAngle>
      <velocity>7.199999999999999</velocity>
      <orientation>-1.9108514860365737</orientation>
      <time>19</time>
    </ksState>
    <ksState>
      <x>-389.9312697799542</x>
      <y>-935.1951041422127</y>
      <steeringAngle>-0.17766666666666664</steeringAngle>
      <velocity>7.9999999999999964</velocity>
      <orientation>-1.9584788081181204</orientation>
      <time>20</time>
    </ksState>
    <ksState>
      <x>-390.2527940163201</x>
      <y>-935.9275579359943</y>
      <steeringAngle>-0.14213333333333336</steeringAngle>
      <velocity>8.0</velocity>
      <orientation>-2.0085136196668687</orientation>
      <time>21</time>
    </ksState>
    <ksState>
      <x>-390.606526188469</x>
      <y>-936.6450488570596</y>
      <steeringAngle>-0.1066000000000001</steeringAngle>
      <velocity>8.0</velocity>
      <orientation>-2.047297471673866</orientation>
      <time>22</time>
    </ksState>
    <ksState>
      <x>-390.9838921616968</x>
      <y>-937.3504239989189</y>
      <steeringAngle>-0.07106666666666674</steeringAngle>
      <velocity>8.0</velocity>
      <orientation>-2.0749299507035532</orientation>
      <time>23</time>
    </ksState>
    <ksState>
      <x>-391.3767526816583</x>
      <y>-938.0473069812439</y>
      <steeringAngle>-0.035533333333333354</steeringAngle>
      <velocity>8.0</velocity>
      <orientation>-2.091481471332582</orientation>
      <time>24</time>
    </ksState>
    <ksState>
      <x>-391.7772796188594</x>
      <y>-938.7398215576276</y>
      <steeringAngle>-2.0816681711721685e-17</steeringAngle>
      <velocity>8.0</velocity>
      <orientation>-2.096993997790987</orientation>
      <time>25</time>
    </ksState>
    <ksState>
      <x>-392.1790788335308</x>
      <y>-939.4315999839242</y>
      <steeringAngle>0.0</steeringAngle>
      <velocity>8.0</velocity>
      <orientation>-2.096993997790987</orientation>
      <time>26</time>
    </ksState>
    <ksState>
      <x>-392.5808780482022</x>
      <y>-940.1233784102209</y>
      <steeringAngle>0.0</steeringAngle>
      <velocity>8.0</velocity>
      <orientation>-2.096993997790987</orientation>
      <time>27</time>
    </ksState>
    <ksState>
      <x>-392.9826772628736</x>
      <y>-940.8151568365175</y>
      <steeringAngle>0.0</steeringAngle>
      <velocity>8.0</velocity>
      <orientation>-2.096993997790987</orientation>
      <time>28</time>
    </ksState>
    <ksState>
      <x>-393.384476477545</x>
      <y>-941.5069352628141</y>
      <steeringAngle>0.0</steeringAngle>
      <velocity>8.0</velocity>
      <orientation>-2.096993997790987</orientation>
      <time>29</time>
    </ksState>
    <ksState>
      <x>-393.7862756922164</x>
      <y>-942.1987136891107</y>
      <steeringAngle>0.0</steeringAngle>
      <velocity>8.0</velocity>
      <orientation>-2.096993997790987</orientation>
      <time>30</time>
    </ksState>
    <ksState>
      <x>-394.1691011775195</x>
      <y>-942.8552525630814</y>
      <steeringAngle>-0.03553333333333333</steeringAngle>
      <velocity>7.199999999999999</velocity>
      <orientation>-2.102139010773479</orientation>
      <time>31</time>
    </ksState>
    <ksState>
      <x>-394.5172799458857</x>
      <y>-943.4393450048062</y>
      <steeringAngle>-0.07106666666666664</steeringAngle>
      <velocity>6.400000000000001</velocity>
      <orientation>-2.1161156828944425</orientation>
      <time>32</time>
    </ksState>
    <ksState>
      <x>-394.833410456256</x>
      <y>-943.9492947272472</y>
      <steeringAngle>-0.10659999999999997</steeringAngle>
      <velocity>5.600000000000004</velocity>
      <orientation>-2.136747450760324</orientation>
      <time>33</time>
    </ksState>
  </ksTrajectory>
</CommonRoadSolution>
