<?xml version="1.0" ?>
<CommonRoadSolution benchmark_id="KS2:SM1:DEU_Guetersloh-54_1_T-1:2020a" computation_time="0.5955258660001164" date="2020-12-29">
  <ksTrajectory planningProblem="1">
    <ksState>
      <x>-543.65764</x>
      <y>22.8995</y>
      <steeringAngle>0.0</steeringAngle>
      <velocity>4.0</velocity>
      <orientation>-1.6345473</orientation>
      <time>0</time>
    </ksState>
    <ksState>
      <x>-543.6852071192219</x>
      <y>22.460364616240547</y>
      <steeringAngle>0.035533333333333326</steeringAngle>
      <velocity>4.799999999999999</velocity>
      <orientation>-1.631423521330809</orientation>
      <time>1</time>
    </ksState>
    <ksState>
      <x>-543.714207916761</x>
      <y>21.941176526971987</y>
      <steeringAngle>0.07106666666666667</steeringAngle>
      <velocity>5.599999999999998</velocity>
      <orientation>-1.6205729102696362</orientation>
      <time>2</time>
    </ksState>
    <ksState>
      <x>-543.7382382208372</x>
      <y>21.34166882907483</y>
      <steeringAngle>0.10659999999999999</steeringAngle>
      <velocity>6.3999999999999995</velocity>
      <orientation>-1.5997559612693084</orientation>
      <time>3</time>
    </ksState>
    <ksState>
      <x>-543.7472287672554</x>
      <y>20.661759325955234</y>
      <steeringAngle>0.14213333333333333</steeringAngle>
      <velocity>7.199999999999999</velocity>
      <orientation>-1.5666963902881432</orientation>
      <time>4</time>
    </ksState>
    <ksState>
      <x>-543.7266990635392</x>
      <y>19.902108649705184</y>
      <steeringAngle>0.17766666666666664</steeringAngle>
      <velocity>7.9999999999999964</velocity>
      <orientation>-1.5190690682065966</orientation>
      <time>5</time>
    </ksState>
    <ksState>
      <x>-543.6660137192723</x>
      <y>19.144643119414233</y>
      <steeringAngle>0.21320000000000014</steeringAngle>
      <velocity>7.200000000000003</velocity>
      <orientation>-1.4608197411351038</orientation>
      <time>6</time>
    </ksState>
    <ksState>
      <x>-543.5710643335296</x>
      <y>18.471414364141967</y>
      <steeringAngle>0.24873333333333347</steeringAngle>
      <velocity>6.400000000000004</velocity>
      <orientation>-1.3989026536493243</orientation>
      <time>7</time>
    </ksState>
    <ksState>
      <x>-543.4501986510554</x>
      <y>17.883816810890526</y>
      <steeringAngle>0.2842666666666668</steeringAngle>
      <velocity>5.600000000000001</velocity>
      <orientation>-1.3354805108854033</orientation>
      <time>8</time>
    </ksState>
    <ksState>
      <x>-543.3135133611805</x>
      <y>17.382190945186515</y>
      <steeringAngle>0.3198</steeringAngle>
      <velocity>4.800000000000002</velocity>
      <orientation>-1.2727514111434506</orientation>
      <time>9</time>
    </ksState>
    <ksState>
      <x>-543.1720493469828</x>
      <y>16.965621270971628</y>
      <steeringAngle>0.3553333333333332</steeringAngle>
      <velocity>4.000000000000001</velocity>
      <orientation>-1.212961577095236</orientation>
      <time>10</time>
    </ksState>
    <ksState>
      <x>-543.0054848761063</x>
      <y>16.5584374741462</y>
      <steeringAngle>0.31979999999999975</steeringAngle>
      <velocity>4.800000000000001</velocity>
      <orientation>-1.1531717420634875</orientation>
      <time>11</time>
    </ksState>
    <ksState>
      <x>-542.7795068324074</x>
      <y>16.09020108887179</y>
      <steeringAngle>0.28426666666666645</steeringAngle>
      <velocity>5.600000000000004</velocity>
      <orientation>-1.0904426419321638</orientation>
      <time>12</time>
    </ksState>
    <ksState>
      <x>-542.4851824398542</x>
      <y>15.567465453870794</y>
      <steeringAngle>0.2487333333333331</steeringAngle>
      <velocity>6.400000000000004</velocity>
      <orientation>-1.027020505239488</orientation>
      <time>13</time>
    </ksState>
    <ksState>
      <x>-542.1151156545894</x>
      <y>14.997112126013512</y>
      <steeringAngle>0.21319999999999992</steeringAngle>
      <velocity>7.200000000000004</velocity>
      <orientation>-0.965103416561689</orientation>
      <time>14</time>
    </ksState>
    <ksState>
      <x>-541.663921709317</x>
      <y>14.38567057712709</y>
      <steeringAngle>0.17766666666666656</steeringAngle>
      <velocity>8.000000000000004</velocity>
      <orientation>-0.9068540869607238</orientation>
      <time>15</time>
    </ksState>
    <ksState>
      <x>-541.1799753921844</x>
      <y>13.799785613018258</y>
      <steeringAngle>0.17766666666666667</steeringAngle>
      <velocity>7.2</velocity>
      <orientation>-0.8539381595163464</orientation>
      <time>16</time>
    </ksState>
    <ksState>
      <x>-540.7212358523992</x>
      <y>13.2979174439905</y>
      <steeringAngle>0.17766666666666667</steeringAngle>
      <velocity>6.4</velocity>
      <orientation>-0.8065923297235352</orientation>
      <time>17</time>
    </ksState>
    <ksState>
      <x>-540.2971326102701</x>
      <y>12.87355429398974</y>
      <steeringAngle>0.17766666666666667</steeringAngle>
      <velocity>5.599999999999999</velocity>
      <orientation>-0.7648165975683505</orientation>
      <time>18</time>
    </ksState>
    <ksState>
      <x>-539.915512482283</x>
      <y>12.520373689060524</y>
      <steeringAngle>0.17766666666666667</steeringAngle>
      <velocity>4.799999999999999</velocity>
      <orientation>-0.728610963046836</orientation>
      <time>19</time>
    </ksState>
    <ksState>
      <x>-539.5827925774422</x>
      <y>12.23248078664297</y>
      <steeringAngle>0.17766666666666667</steeringAngle>
      <velocity>4.0</velocity>
      <orientation>-0.697975426157506</orientation>
      <time>20</time>
    </ksState>
    <ksState>
      <x>-539.2417099323097</x>
      <y>11.95454103663192</y>
      <steeringAngle>0.14213333333333333</steeringAngle>
      <velocity>4.8000000000000025</velocity>
      <orientation>-0.6705505264391536</orientation>
      <time>21</time>
    </ksState>
    <ksState>
      <x>-538.8300930391284</x>
      <y>11.636803213546475</y>
      <steeringAngle>0.10660000000000003</steeringAngle>
      <velocity>5.600000000000005</velocity>
      <orientation>-0.6454343141602357</orientation>
      <time>22</time>
    </ksState>
    <ksState>
      <x>-538.3468539107216</x>
      <y>11.281180988666588</y>
      <steeringAngle>0.07106666666666671</steeringAngle>
      <velocity>6.400000000000004</velocity>
      <orientation>-0.6248025445607761</orientation>
      <time>23</time>
    </ksState>
    <ksState>
      <x>-537.7922507623767</x>
      <y>10.88772478196588</y>
      <steeringAngle>0.035533333333333375</steeringAngle>
      <velocity>7.200000000000006</velocity>
      <orientation>-0.6108258764679839</orientation>
      <time>24</time>
    </ksState>
    <ksState>
      <x>-537.1681808344304</x>
      <y>10.453979034591024</y>
      <steeringAngle>2.6346112791397758e-17</steeringAngle>
      <velocity>8.000000000000007</velocity>
      <orientation>-0.6056808636884154</orientation>
      <time>25</time>
    </ksState>
    <ksState>
      <x>-536.5433736952737</x>
      <y>10.021294348296264</y>
      <steeringAngle>0.0</steeringAngle>
      <velocity>7.200000000000001</velocity>
      <orientation>-0.6056808636884154</orientation>
      <time>26</time>
    </ksState>
    <ksState>
      <x>-535.9843357289647</x>
      <y>9.6341554186647</y>
      <steeringAngle>0.0</steeringAngle>
      <velocity>6.400000000000001</velocity>
      <orientation>-0.6056808636884154</orientation>
      <time>27</time>
    </ksState>
    <ksState>
      <x>-535.4910669353388</x>
      <y>9.292562245582388</y>
      <steeringAngle>0.0</steeringAngle>
      <velocity>5.600000000000001</velocity>
      <orientation>-0.6056808636884154</orientation>
      <time>28</time>
    </ksState>
    <ksState>
      <x>-535.0635673143496</x>
      <y>8.99651482901713</y>
      <steeringAngle>0.0</steeringAngle>
      <velocity>4.800000000000001</velocity>
      <orientation>-0.6056808636884154</orientation>
      <time>29</time>
    </ksState>
    <ksState>
      <x>-534.7018368659799</x>
      <y>8.746013168957118</y>
      <steeringAngle>0.0</steeringAngle>
      <velocity>4.000000000000001</velocity>
      <orientation>-0.6056808636884154</orientation>
      <time>30</time>
    </ksState>
    <ksState>
      <x>-534.4058755900991</x>
      <y>8.541057265311807</y>
      <steeringAngle>0.0</steeringAngle>
      <velocity>3.2</velocity>
      <orientation>-0.6056808636884154</orientation>
      <time>31</time>
    </ksState>
    <ksState>
      <x>-534.1756834869077</x>
      <y>8.381647118220144</y>
      <steeringAngle>0.0</steeringAngle>
      <velocity>2.4000000000000004</velocity>
      <orientation>-0.6056808636884154</orientation>
      <time>32</time>
    </ksState>
    <ksState>
      <x>-534.011260556322</x>
      <y>8.267782727624123</y>
      <steeringAngle>0.0</steeringAngle>
      <velocity>1.6</velocity>
      <orientation>-0.6056808636884154</orientation>
      <time>33</time>
    </ksState>
  </ksTrajectory>
</CommonRoadSolution>
