<?xml version="1.0" ?>
<CommonRoadSolution benchmark_id="KS2:SM1:DEU_BadWaldsee-4_2_T-1:2020a" computation_time="0.7844068050000033" date="2020-12-29">
  <ksTrajectory planningProblem="1">
    <ksState>
      <x>394.62151</x>
      <y>-680.29984</y>
      <steeringAngle>0.0</steeringAngle>
      <velocity>4.0</velocity>
      <orientation>-0.95991272</orientation>
      <time>0</time>
    </ksState>
    <ksState>
      <x>394.85124743310996</x>
      <y>-680.6272855505152</y>
      <steeringAngle>0.035533333333333326</steeringAngle>
      <velocity>4.0</velocity>
      <orientation>-0.9571564454673996</orientation>
      <time>1</time>
    </ksState>
    <ksState>
      <x>395.0827865987338</x>
      <y>-680.9534583450434</y>
      <steeringAngle>0.07106666666666711</steeringAngle>
      <velocity>4.0</velocity>
      <orientation>-0.9488806849241143</orientation>
      <time>2</time>
    </ksState>
    <ksState>
      <x>395.31791251525925</x>
      <y>-681.2770526111693</y>
      <steeringAngle>0.10660000000000043</steeringAngle>
      <velocity>4.0</velocity>
      <orientation>-0.9350644451049774</orientation>
      <time>3</time>
    </ksState>
    <ksState>
      <x>395.55837577461796</x>
      <y>-681.5966967850451</y>
      <steeringAngle>0.14213333333333378</steeringAngle>
      <velocity>4.0</velocity>
      <orientation>-0.9156725187194316</orientation>
      <time>4</time>
    </ksState>
    <ksState>
      <x>395.80587268982606</x>
      <y>-681.9109211043808</y>
      <steeringAngle>0.1776666666666672</steeringAngle>
      <velocity>4.0</velocity>
      <orientation>-0.8906551122680342</orientation>
      <time>5</time>
    </ksState>
    <ksState>
      <x>396.062022270005</x>
      <y>-682.2181259409231</y>
      <steeringAngle>0.21319999999999995</steeringAngle>
      <velocity>4.0</velocity>
      <orientation>-0.859947329630534</orientation>
      <time>6</time>
    </ksState>
    <ksState>
      <x>396.3283389036872</x>
      <y>-682.5165513077827</y>
      <steeringAngle>0.24873333333333336</steeringAngle>
      <velocity>4.0</velocity>
      <orientation>-0.8234684885078397</orientation>
      <time>7</time>
    </ksState>
    <ksState>
      <x>396.60619962478523</x>
      <y>-682.8042481981953</y>
      <steeringAngle>0.2842666666666667</steeringAngle>
      <velocity>4.0</velocity>
      <orientation>-0.7811212546623917</orientation>
      <time>8</time>
    </ksState>
    <ksState>
      <x>396.8968047969191</x>
      <y>-683.0790526391659</y>
      <steeringAngle>0.31980000000000003</steeringAngle>
      <velocity>4.0</velocity>
      <orientation>-0.7327905732952567</orientation>
      <time>9</time>
    </ksState>
    <ksState>
      <x>397.20113106877943</x>
      <y>-683.3385636867008</y>
      <steeringAngle>0.35533333333333333</steeringAngle>
      <velocity>4.0</velocity>
      <orientation>-0.6783423721169782</orientation>
      <time>10</time>
    </ksState>
    <ksState>
      <x>397.5196261198619</x>
      <y>-683.5804659920224</y>
      <steeringAngle>0.35533333333333333</steeringAngle>
      <velocity>4.0</velocity>
      <orientation>-0.6207856653602641</orientation>
      <time>11</time>
    </ksState>
    <ksState>
      <x>397.8515092040738</x>
      <y>-683.8036463394341</y>
      <steeringAngle>0.35533333333333333</steeringAngle>
      <velocity>4.0</velocity>
      <orientation>-0.5632289586035502</orientation>
      <time>12</time>
    </ksState>
    <ksState>
      <x>398.19568114829883</x>
      <y>-684.0073655652418</y>
      <steeringAngle>0.35533333333333333</steeringAngle>
      <velocity>4.0</velocity>
      <orientation>-0.5056722518468362</orientation>
      <time>13</time>
    </ksState>
    <ksState>
      <x>398.55100210347706</x>
      <y>-684.190948979633</y>
      <steeringAngle>0.35533333333333333</steeringAngle>
      <velocity>4.0</velocity>
      <orientation>-0.4481155450901222</orientation>
      <time>14</time>
    </ksState>
    <ksState>
      <x>398.9162952965054</x>
      <y>-684.3537885802239</y>
      <steeringAngle>0.35533333333333333</steeringAngle>
      <velocity>4.0</velocity>
      <orientation>-0.3905588383334082</orientation>
      <time>15</time>
    </ksState>
    <ksState>
      <x>399.2902091540253</x>
      <y>-684.4957354112453</y>
      <steeringAngle>0.31979999999999986</steeringAngle>
      <velocity>4.0</velocity>
      <orientation>-0.3361106391400286</orientation>
      <time>16</time>
    </ksState>
    <ksState>
      <x>399.6709292515841</x>
      <y>-684.6182958648617</y>
      <steeringAngle>0.28426666666666656</steeringAngle>
      <velocity>4.0</velocity>
      <orientation>-0.28777995965877134</orientation>
      <time>17</time>
    </ksState>
    <ksState>
      <x>400.05682058160636</x>
      <y>-684.7234812326087</y>
      <steeringAngle>0.2487333333333332</steeringAngle>
      <velocity>4.0</velocity>
      <orientation>-0.24543272593589624</orientation>
      <time>18</time>
    </ksState>
    <ksState>
      <x>400.44656355046914</x>
      <y>-684.8133848790627</y>
      <steeringAngle>0.21319999999999986</steeringAngle>
      <velocity>4.0</velocity>
      <orientation>-0.20895388486226849</orientation>
      <time>19</time>
    </ksState>
    <ksState>
      <x>400.8391119919557</x>
      <y>-684.8901516554099</y>
      <steeringAngle>0.1776666666666665</steeringAngle>
      <velocity>4.0</velocity>
      <orientation>-0.1782461022134407</orientation>
      <time>20</time>
    </ksState>
    <ksState>
      <x>401.2731933646143</x>
      <y>-684.961993407599</y>
      <steeringAngle>0.14213333333333333</steeringAngle>
      <velocity>4.8000000000000025</velocity>
      <orientation>-0.1508212024950883</orientation>
      <time>21</time>
    </ksState>
    <ksState>
      <x>401.78826071754133</x>
      <y>-685.0333475449706</y>
      <steeringAngle>0.10660000000000003</steeringAngle>
      <velocity>5.600000000000005</velocity>
      <orientation>-0.1257049902161704</orientation>
      <time>22</time>
    </ksState>
    <ksState>
      <x>402.3843079574714</x>
      <y>-685.1020127459362</y>
      <steeringAngle>0.07106666666666671</steeringAngle>
      <velocity>6.400000000000004</velocity>
      <orientation>-0.1050732206167109</orientation>
      <time>23</time>
    </ksState>
    <ksState>
      <x>403.0610859246665</x>
      <y>-685.1680734896848</y>
      <steeringAngle>0.035533333333333375</steeringAngle>
      <velocity>7.200000000000006</velocity>
      <orientation>-0.09109655252391861</orientation>
      <time>24</time>
    </ksState>
    <ksState>
      <x>403.81816744403915</x>
      <y>-685.2346033428125</y>
      <steeringAngle>2.6346112791397758e-17</steeringAngle>
      <velocity>8.000000000000007</velocity>
      <orientation>-0.08595153974435016</orientation>
      <time>25</time>
    </ksState>
    <ksState>
      <x>404.5753618576508</x>
      <y>-685.299846111687</y>
      <steeringAngle>0.0</steeringAngle>
      <velocity>7.200000000000001</velocity>
      <orientation>-0.08595153974435016</orientation>
      <time>26</time>
    </ksState>
    <ksState>
      <x>405.252851595776</x>
      <y>-685.3582212206481</y>
      <steeringAngle>0.0</steeringAngle>
      <velocity>6.400000000000001</velocity>
      <orientation>-0.08595153974435016</orientation>
      <time>27</time>
    </ksState>
    <ksState>
      <x>405.8506366586142</x>
      <y>-685.409728669713</y>
      <steeringAngle>0.0</steeringAngle>
      <velocity>5.600000000000001</velocity>
      <orientation>-0.08595153974435016</orientation>
      <time>28</time>
    </ksState>
    <ksState>
      <x>406.36871704622155</x>
      <y>-685.4543684588866</y>
      <steeringAngle>0.0</steeringAngle>
      <velocity>4.800000000000001</velocity>
      <orientation>-0.08595153974435016</orientation>
      <time>29</time>
    </ksState>
    <ksState>
      <x>406.8070927586189</x>
      <y>-685.4921405881707</y>
      <steeringAngle>0.0</steeringAngle>
      <velocity>4.000000000000001</velocity>
      <orientation>-0.08595153974435016</orientation>
      <time>30</time>
    </ksState>
    <ksState>
      <x>407.16576379596466</x>
      <y>-685.5230450575789</y>
      <steeringAngle>0.0</steeringAngle>
      <velocity>3.2</velocity>
      <orientation>-0.08595153974435016</orientation>
      <time>31</time>
    </ksState>
    <ksState>
      <x>407.44473015801566</x>
      <y>-685.5470818670902</y>
      <steeringAngle>0.0</steeringAngle>
      <velocity>2.4000000000000004</velocity>
      <orientation>-0.08595153974435016</orientation>
      <time>32</time>
    </ksState>
    <ksState>
      <x>407.64399184487337</x>
      <y>-685.5642510167136</y>
      <steeringAngle>0.0</steeringAngle>
      <velocity>1.6</velocity>
      <orientation>-0.08595153974435016</orientation>
      <time>33</time>
    </ksState>
  </ksTrajectory>
</CommonRoadSolution>
