<?xml version="1.0" ?>
<CommonRoadSolution benchmark_id="KS2:SM1:DEU_Hennigsdorf-5_4_T-1:2020a" computation_time="1.8309261980000429" date="2020-12-29">
  <ksTrajectory planningProblem="1">
    <ksState>
      <x>-648.57057</x>
      <y>285.84712</y>
      <steeringAngle>0.0</steeringAngle>
      <velocity>4.0</velocity>
      <orientation>-2.01487</orientation>
      <time>0</time>
    </ksState>
    <ksState>
      <x>-648.7420866490814</x>
      <y>285.48575880145756</y>
      <steeringAngle>0.035533333333333326</steeringAngle>
      <velocity>4.0</velocity>
      <orientation>-2.0121137254673997</orientation>
      <time>1</time>
    </ksState>
    <ksState>
      <x>-648.9116074228651</x>
      <y>285.1234581192006</y>
      <steeringAngle>0.07106666666666711</steeringAngle>
      <velocity>4.0</velocity>
      <orientation>-2.0038379649241143</orientation>
      <time>2</time>
    </ksState>
    <ksState>
      <x>-649.0771159702422</x>
      <y>284.75930929462936</y>
      <steeringAngle>0.10660000000000043</steeringAngle>
      <velocity>4.0</velocity>
      <orientation>-1.9900217251049774</orientation>
      <time>3</time>
    </ksState>
    <ksState>
      <x>-649.2365556908702</x>
      <y>284.3924660686046</y>
      <steeringAngle>0.14213333333333378</steeringAngle>
      <velocity>4.0</velocity>
      <orientation>-1.9706297987194317</orientation>
      <time>4</time>
    </ksState>
    <ksState>
      <x>-649.3878113375118</x>
      <y>284.0221778359283</y>
      <steeringAngle>0.1776666666666672</steeringAngle>
      <velocity>4.0</velocity>
      <orientation>-1.9456123922680344</orientation>
      <time>5</time>
    </ksState>
    <ksState>
      <x>-649.5430484949954</x>
      <y>283.6104870534432</y>
      <steeringAngle>0.14213333333333333</steeringAngle>
      <velocity>4.8000000000000025</velocity>
      <orientation>-1.918187492549682</orientation>
      <time>6</time>
    </ksState>
    <ksState>
      <x>-649.7136245167299</x>
      <y>283.11927466375766</y>
      <steeringAngle>0.10660000000000003</steeringAngle>
      <velocity>5.600000000000005</velocity>
      <orientation>-1.893071280270764</orientation>
      <time>7</time>
    </ksState>
    <ksState>
      <x>-649.8973792835634</x>
      <y>282.5481167103701</y>
      <steeringAngle>0.07106666666666671</steeringAngle>
      <velocity>6.400000000000004</velocity>
      <orientation>-1.8724395106713045</orientation>
      <time>8</time>
    </ksState>
    <ksState>
      <x>-650.0943469852888</x>
      <y>281.8972740540988</y>
      <steeringAngle>0.035533333333333375</steeringAngle>
      <velocity>7.200000000000006</velocity>
      <orientation>-1.8584628425785124</orientation>
      <time>9</time>
    </ksState>
    <ksState>
      <x>-650.3074585684653</x>
      <y>281.1677659311496</y>
      <steeringAngle>2.6346112791397758e-17</steeringAngle>
      <velocity>8.000000000000007</velocity>
      <orientation>-1.8533178297989439</orientation>
      <time>10</time>
    </ksState>
    <ksState>
      <x>-650.5205701370238</x>
      <y>280.4382578060551</y>
      <steeringAngle>-0.03553333333333333</steeringAngle>
      <velocity>7.199999999999999</velocity>
      <orientation>-1.8584628427814363</orientation>
      <time>11</time>
    </ksState>
    <ksState>
      <x>-650.7175378186665</x>
      <y>279.78741514641354</y>
      <steeringAngle>-0.07106666666666664</steeringAngle>
      <velocity>6.400000000000001</velocity>
      <orientation>-1.8724395149023993</orientation>
      <time>12</time>
    </ksState>
    <ksState>
      <x>-650.901292573816</x>
      <y>279.21625719193463</y>
      <steeringAngle>-0.10659999999999997</steeringAngle>
      <velocity>5.600000000000004</velocity>
      <orientation>-1.8930712827682807</orientation>
      <time>13</time>
    </ksState>
    <ksState>
      <x>-651.0718685788092</x>
      <y>278.72504479886925</y>
      <steeringAngle>-0.1421333333333333</steeringAngle>
      <velocity>4.800000000000003</velocity>
      <orientation>-1.918187490276929</orientation>
      <time>14</time>
    </ksState>
    <ksState>
      <x>-651.2271057236954</x>
      <y>278.3133540140184</y>
      <steeringAngle>-0.17766666666666653</steeringAngle>
      <velocity>4.000000000000006</velocity>
      <orientation>-1.9456123868620787</orientation>
      <time>15</time>
    </ksState>
    <ksState>
      <x>-651.3783613686562</x>
      <y>277.943065779899</y>
      <steeringAngle>-0.1421333333333333</steeringAngle>
      <velocity>4.0</velocity>
      <orientation>-1.970629793206602</orientation>
      <time>16</time>
    </ksState>
    <ksState>
      <x>-651.5378010874033</x>
      <y>277.5762225526095</y>
      <steeringAngle>-0.10659999999999999</steeringAngle>
      <velocity>4.0</velocity>
      <orientation>-1.9900217194973526</orientation>
      <time>17</time>
    </ksState>
    <ksState>
      <x>-651.7033096325472</x>
      <y>277.2120737268955</y>
      <steeringAngle>-0.07106666666666664</steeringAngle>
      <velocity>4.0</velocity>
      <orientation>-2.0038379592323055</orientation>
      <time>18</time>
    </ksState>
    <ksState>
      <x>-651.8728304036671</x>
      <y>276.849773043428</y>
      <steeringAngle>-0.03553333333333332</steeringAngle>
      <velocity>4.0</velocity>
      <orientation>-2.012113719694571</orientation>
      <time>19</time>
    </ksState>
    <ksState>
      <x>-652.0443470545175</x>
      <y>276.48841183060836</y>
      <steeringAngle>2.2985086056692694e-17</steeringAngle>
      <velocity>4.0</velocity>
      <orientation>-2.0148699829894112</orientation>
      <time>20</time>
    </ksState>
    <ksState>
      <x>-652.2329602497964</x>
      <y>276.0908883798555</y>
      <steeringAngle>0.035533333333333326</steeringAngle>
      <velocity>4.799999999999999</velocity>
      <orientation>-2.0117462043202203</orientation>
      <time>21</time>
    </ksState>
    <ksState>
      <x>-652.4526218542566</x>
      <y>275.6195646080996</y>
      <steeringAngle>0.07106666666666667</steeringAngle>
      <velocity>5.599999999999998</velocity>
      <orientation>-2.0008955932590475</orientation>
      <time>22</time>
    </ksState>
    <ksState>
      <x>-652.6974843866757</x>
      <y>275.0718153264303</y>
      <steeringAngle>0.10659999999999999</steeringAngle>
      <velocity>6.3999999999999995</velocity>
      <orientation>-1.9800786442587197</orientation>
      <time>23</time>
    </ksState>
    <ksState>
      <x>-652.9582285961925</x>
      <y>274.4438262982135</y>
      <steeringAngle>0.14213333333333333</steeringAngle>
      <velocity>7.199999999999999</velocity>
      <orientation>-1.9470190732775545</orientation>
      <time>24</time>
    </ksState>
    <ksState>
      <x>-653.2211634554842</x>
      <y>273.7308354999341</y>
      <steeringAngle>0.17766666666666664</steeringAngle>
      <velocity>7.9999999999999964</velocity>
      <orientation>-1.899391751196008</orientation>
      <time>25</time>
    </ksState>
    <ksState>
      <x>-653.4460008295036</x>
      <y>273.0049671263072</y>
      <steeringAngle>0.21320000000000014</steeringAngle>
      <velocity>7.200000000000003</velocity>
      <orientation>-1.8411424241245151</orientation>
      <time>26</time>
    </ksState>
    <ksState>
      <x>-653.6077521173856</x>
      <y>272.3445968789104</y>
      <steeringAngle>0.24873333333333347</steeringAngle>
      <velocity>6.400000000000004</velocity>
      <orientation>-1.7792253366387356</orientation>
      <time>27</time>
    </ksState>
    <ksState>
      <x>-653.7136509355668</x>
      <y>271.7541183965803</y>
      <steeringAngle>0.2842666666666668</steeringAngle>
      <velocity>5.600000000000001</velocity>
      <orientation>-1.7158031938748146</orientation>
      <time>28</time>
    </ksState>
    <ksState>
      <x>-653.7729461183309</x>
      <y>271.23759592958345</y>
      <steeringAngle>0.3198</steeringAngle>
      <velocity>4.800000000000002</velocity>
      <orientation>-1.6530740941328619</orientation>
      <time>29</time>
    </ksState>
    <ksState>
      <x>-653.7962294718754</x>
      <y>270.79827799660535</y>
      <steeringAngle>0.3553333333333332</steeringAngle>
      <velocity>4.000000000000001</velocity>
      <orientation>-1.5932842600846473</orientation>
      <time>30</time>
    </ksState>
    <ksState>
      <x>-653.79531923934</x>
      <y>270.4383153606012</y>
      <steeringAngle>0.31979999999999975</steeringAngle>
      <velocity>3.2</velocity>
      <orientation>-1.544177700026859</orientation>
      <time>31</time>
    </ksState>
    <ksState>
      <x>-653.7830216596633</x>
      <y>270.1585990154148</y>
      <steeringAngle>0.2842666666666663</steeringAngle>
      <velocity>2.4000000000000004</velocity>
      <orientation>-1.5102454446606446</orientation>
      <time>32</time>
    </ksState>
    <ksState>
      <x>-653.7687476730379</x>
      <y>269.95911282220214</y>
      <steeringAngle>0.24873333333333292</steeringAngle>
      <velocity>1.6000000000000008</velocity>
      <orientation>-1.4889731237137058</orientation>
      <time>33</time>
    </ksState>
  </ksTrajectory>
</CommonRoadSolution>
