<?xml version="1.0" ?>
<CommonRoadSolution benchmark_id="KS2:SM1:ESP_Ceuta-7_1_T-1:2020a" computation_time="0.9179604800001471" date="2020-12-29">
  <ksTrajectory planningProblem="1">
    <ksState>
      <x>-954.39472</x>
      <y>985.54293</y>
      <steeringAngle>0.0</steeringAngle>
      <velocity>8.0</velocity>
      <orientation>-1.5950259</orientation>
      <time>0</time>
    </ksState>
    <ksState>
      <x>-954.4131326739</x>
      <y>984.7831530772555</y>
      <steeringAngle>0.0</steeringAngle>
      <velocity>7.200000000000001</velocity>
      <orientation>-1.5950259</orientation>
      <time>1</time>
    </ksState>
    <ksState>
      <x>-954.429607171591</x>
      <y>984.1033526730655</y>
      <steeringAngle>0.0</steeringAngle>
      <velocity>6.400000000000001</velocity>
      <orientation>-1.5950259</orientation>
      <time>2</time>
    </ksState>
    <ksState>
      <x>-954.4441434930778</x>
      <y>983.5035287872296</y>
      <steeringAngle>0.0</steeringAngle>
      <velocity>5.600000000000001</velocity>
      <orientation>-1.5950259</orientation>
      <time>3</time>
    </ksState>
    <ksState>
      <x>-954.4567416383619</x>
      <y>982.9836814196915</y>
      <steeringAngle>0.0</steeringAngle>
      <velocity>4.800000000000001</velocity>
      <orientation>-1.5950259</orientation>
      <time>4</time>
    </ksState>
    <ksState>
      <x>-954.4674016074438</x>
      <y>982.5438105704303</y>
      <steeringAngle>0.0</steeringAngle>
      <velocity>4.000000000000001</velocity>
      <orientation>-1.5950259</orientation>
      <time>5</time>
    </ksState>
    <ksState>
      <x>-954.4780615765789</x>
      <y>982.1039397189724</y>
      <steeringAngle>0.0</steeringAngle>
      <velocity>4.8</velocity>
      <orientation>-1.5950259</orientation>
      <time>6</time>
    </ksState>
    <ksState>
      <x>-954.4906597219169</x>
      <y>981.584092349209</y>
      <steeringAngle>0.0</steeringAngle>
      <velocity>5.6</velocity>
      <orientation>-1.5950259</orientation>
      <time>7</time>
    </ksState>
    <ksState>
      <x>-954.5051960434574</x>
      <y>980.9842684611563</y>
      <steeringAngle>0.0</steeringAngle>
      <velocity>6.4</velocity>
      <orientation>-1.5950259</orientation>
      <time>8</time>
    </ksState>
    <ksState>
      <x>-954.5216705412004</x>
      <y>980.3044680548237</y>
      <steeringAngle>0.0</steeringAngle>
      <velocity>7.199999999999999</velocity>
      <orientation>-1.5950259</orientation>
      <time>9</time>
    </ksState>
    <ksState>
      <x>-954.5400832151455</x>
      <y>979.544691130217</y>
      <steeringAngle>0.0</steeringAngle>
      <velocity>7.999999999999998</velocity>
      <orientation>-1.5950259</orientation>
      <time>10</time>
    </ksState>
    <ksState>
      <x>-954.5584958890455</x>
      <y>978.7849142074725</y>
      <steeringAngle>0.0</steeringAngle>
      <velocity>7.200000000000001</velocity>
      <orientation>-1.5950259</orientation>
      <time>11</time>
    </ksState>
    <ksState>
      <x>-954.5749703867365</x>
      <y>978.1051138032825</y>
      <steeringAngle>0.0</steeringAngle>
      <velocity>6.400000000000001</velocity>
      <orientation>-1.5950259</orientation>
      <time>12</time>
    </ksState>
    <ksState>
      <x>-954.5895067082233</x>
      <y>977.5052899174466</y>
      <steeringAngle>0.0</steeringAngle>
      <velocity>5.600000000000001</velocity>
      <orientation>-1.5950259</orientation>
      <time>13</time>
    </ksState>
    <ksState>
      <x>-954.6021048535074</x>
      <y>976.9854425499085</y>
      <steeringAngle>0.0</steeringAngle>
      <velocity>4.800000000000001</velocity>
      <orientation>-1.5950259</orientation>
      <time>14</time>
    </ksState>
    <ksState>
      <x>-954.6127648225893</x>
      <y>976.5455717006473</y>
      <steeringAngle>0.0</steeringAngle>
      <velocity>4.000000000000001</velocity>
      <orientation>-1.5950259</orientation>
      <time>15</time>
    </ksState>
    <ksState>
      <x>-954.6220883150559</x>
      <y>976.1456805289364</y>
      <steeringAngle>0.035533333333333326</steeringAngle>
      <velocity>4.0</velocity>
      <orientation>-1.5922696254673996</orientation>
      <time>16</time>
    </ksState>
    <ksState>
      <x>-954.6292063184421</x>
      <y>975.7457450202154</y>
      <steeringAngle>0.07106666666666711</steeringAngle>
      <velocity>4.0</velocity>
      <orientation>-1.583993864924114</orientation>
      <time>17</time>
    </ksState>
    <ksState>
      <x>-954.6319072110042</x>
      <y>975.3457573318162</y>
      <steeringAngle>0.10660000000000043</steeringAngle>
      <velocity>4.0</velocity>
      <orientation>-1.5701776251049773</orientation>
      <time>18</time>
    </ksState>
    <ksState>
      <x>-954.6279680524594</x>
      <y>974.9457830076102</y>
      <steeringAngle>0.14213333333333378</steeringAngle>
      <velocity>4.0</velocity>
      <orientation>-1.5507856987194315</orientation>
      <time>19</time>
    </ksState>
    <ksState>
      <x>-954.6151513392441</x>
      <y>974.5459988436393</y>
      <steeringAngle>0.1776666666666672</steeringAngle>
      <velocity>4.0</velocity>
      <orientation>-1.5257682922680342</orientation>
      <time>20</time>
    </ksState>
    <ksState>
      <x>-954.5919617696976</x>
      <y>974.1466820642222</y>
      <steeringAngle>0.1421333333333333</steeringAngle>
      <velocity>4.0</velocity>
      <orientation>-1.500750885923511</orientation>
      <time>21</time>
    </ksState>
    <ksState>
      <x>-954.5599135182558</x>
      <y>973.7479742929137</y>
      <steeringAngle>0.10659999999999999</steeringAngle>
      <velocity>4.0</velocity>
      <orientation>-1.4813589596327603</orientation>
      <time>22</time>
    </ksState>
    <ksState>
      <x>-954.5212509216357</x>
      <y>973.3498503807868</y>
      <steeringAngle>0.07106666666666664</steeringAngle>
      <velocity>4.0</velocity>
      <orientation>-1.4675427198978075</orientation>
      <time>23</time>
    </ksState>
    <ksState>
      <x>-954.478193806864</x>
      <y>972.952175687162</y>
      <steeringAngle>0.03553333333333332</steeringAngle>
      <velocity>4.0</velocity>
      <orientation>-1.459266959435542</orientation>
      <time>24</time>
    </ksState>
    <ksState>
      <x>-954.4329441277938</x>
      <y>972.5547434864113</y>
      <steeringAngle>-2.2985086056692694e-17</steeringAngle>
      <velocity>4.0</velocity>
      <orientation>-1.4565106961407017</orientation>
      <time>25</time>
    </ksState>
    <ksState>
      <x>-954.3876944525343</x>
      <y>972.1573112989716</y>
      <steeringAngle>-0.035533333333333326</steeringAngle>
      <velocity>4.0</velocity>
      <orientation>-1.4592669706733021</orientation>
      <time>26</time>
    </ksState>
    <ksState>
      <x>-954.344637341615</x>
      <y>971.7596366048971</y>
      <steeringAngle>-0.07106666666666711</steeringAngle>
      <velocity>4.0</velocity>
      <orientation>-1.4675427312165876</orientation>
      <time>27</time>
    </ksState>
    <ksState>
      <x>-954.3059747492841</x>
      <y>971.3615126924706</y>
      <steeringAngle>-0.10660000000000043</steeringAngle>
      <velocity>4.0</velocity>
      <orientation>-1.4813589710357244</orientation>
      <time>28</time>
    </ksState>
    <ksState>
      <x>-954.2739265024355</x>
      <y>970.9628049212043</y>
      <steeringAngle>-0.14213333333333378</steeringAngle>
      <velocity>4.0</velocity>
      <orientation>-1.5007508974212702</orientation>
      <time>29</time>
    </ksState>
    <ksState>
      <x>-954.2507369376241</x>
      <y>970.5634881422137</y>
      <steeringAngle>-0.1776666666666672</steeringAngle>
      <velocity>4.0</velocity>
      <orientation>-1.5257683038726675</orientation>
      <time>30</time>
    </ksState>
    <ksState>
      <x>-954.239041006132</x>
      <y>970.2036876151801</y>
      <steeringAngle>-0.17766666666666667</steeringAngle>
      <velocity>3.2000000000000006</velocity>
      <orientation>-1.550833743140845</orientation>
      <time>31</time>
    </ksState>
    <ksState>
      <x>-954.2361809367625</x>
      <y>969.9237066583532</y>
      <steeringAngle>-0.17766666666666667</steeringAngle>
      <velocity>2.4000000000000012</velocity>
      <orientation>-1.5703290847708749</orientation>
      <time>32</time>
    </ksState>
    <ksState>
      <x>-954.2374800026286</x>
      <y>969.7237124947368</y>
      <steeringAngle>-0.17766666666666667</steeringAngle>
      <velocity>1.6000000000000005</velocity>
      <orientation>-1.5842543287698558</orientation>
      <time>33</time>
    </ksState>
  </ksTrajectory>
</CommonRoadSolution>
