<?xml version="1.0" ?>
<CommonRoadSolution benchmark_id="KS2:SM1:DEU_Ibbenbueren-2_2_T-1:2020a" computation_time="1.0403458129999308" date="2020-12-29">
  <ksTrajectory planningProblem="1">
    <ksState>
      <x>464.65587</x>
      <y>809.5352</y>
      <steeringAngle>0.0</steeringAngle>
      <velocity>8.0</velocity>
      <orientation>-2.3421255</orientation>
      <time>0</time>
    </ksState>
    <ksState>
      <x>464.09925454202283</x>
      <y>808.9605893242394</y>
      <steeringAngle>0.03553333333333333</steeringAngle>
      <velocity>8.0</velocity>
      <orientation>-2.336612964997161</orientation>
      <time>1</time>
    </ksState>
    <ksState>
      <x>463.5490161460692</x>
      <y>808.379880285337</y>
      <steeringAngle>0.07106666666666667</steeringAngle>
      <velocity>8.0</velocity>
      <orientation>-2.3200614441168916</orientation>
      <time>2</time>
    </ksState>
    <ksState>
      <x>463.0117481846117</x>
      <y>807.7871726783616</y>
      <steeringAngle>0.10659999999999997</steeringAngle>
      <velocity>8.0</velocity>
      <orientation>-2.2924289648261964</orientation>
      <time>3</time>
    </ksState>
    <ksState>
      <x>462.49446719816444</x>
      <y>807.1769759445867</y>
      <steeringAngle>0.1421333333333333</steeringAngle>
      <velocity>8.0</velocity>
      <orientation>-2.253645112553462</orientation>
      <time>4</time>
    </ksState>
    <ksState>
      <x>462.0048000847603</x>
      <y>806.5444472870038</y>
      <steeringAngle>0.17766666666666667</steeringAngle>
      <velocity>8.0</velocity>
      <orientation>-2.203610300304307</orientation>
      <time>5</time>
    </ksState>
    <ksState>
      <x>461.57174417956935</x>
      <y>805.920005286483</y>
      <steeringAngle>0.17766666666666667</steeringAngle>
      <velocity>7.2</velocity>
      <orientation>-2.1506943728599297</orientation>
      <time>6</time>
    </ksState>
    <ksState>
      <x>461.21274848353886</x>
      <y>805.342566359256</y>
      <steeringAngle>0.17766666666666667</steeringAngle>
      <velocity>6.4</velocity>
      <orientation>-2.1033485430671184</orientation>
      <time>7</time>
    </ksState>
    <ksState>
      <x>460.91899235987006</x>
      <y>804.8194459306069</y>
      <steeringAngle>0.17766666666666667</steeringAngle>
      <velocity>5.599999999999999</velocity>
      <orientation>-2.0615728109119336</orientation>
      <time>8</time>
    </ksState>
    <ksState>
      <x>460.68226572617766</x>
      <y>804.3564870094447</y>
      <steeringAngle>0.17766666666666667</steeringAngle>
      <velocity>4.799999999999999</velocity>
      <orientation>-2.0253671763904193</orientation>
      <time>9</time>
    </ksState>
    <ksState>
      <x>460.495157086299</x>
      <y>803.9582719730354</y>
      <steeringAngle>0.17766666666666667</steeringAngle>
      <velocity>4.0</velocity>
      <orientation>-1.9947316395010892</orientation>
      <time>10</time>
    </ksState>
    <ksState>
      <x>460.3353671186019</x>
      <y>803.5915857138394</y>
      <steeringAngle>0.1421333333333333</steeringAngle>
      <velocity>4.0</velocity>
      <orientation>-1.969714233156566</orientation>
      <time>11</time>
    </ksState>
    <ksState>
      <x>460.1837546739369</x>
      <y>803.2214389268144</y>
      <steeringAngle>0.10659999999999999</steeringAngle>
      <velocity>4.0</velocity>
      <orientation>-1.9503223068658153</orientation>
      <time>12</time>
    </ksState>
    <ksState>
      <x>460.0383063538964</x>
      <y>802.8488235326316</y>
      <steeringAngle>0.07106666666666664</steeringAngle>
      <velocity>4.0</velocity>
      <orientation>-1.9365060671308625</orientation>
      <time>13</time>
    </ksState>
    <ksState>
      <x>459.8969811375406</x>
      <y>802.4746227037922</y>
      <steeringAngle>0.03553333333333332</steeringAngle>
      <velocity>4.0</velocity>
      <orientation>-1.928230306668597</orientation>
      <time>14</time>
    </ksState>
    <ksState>
      <x>459.7577213678253</x>
      <y>802.0996472323434</y>
      <steeringAngle>-2.2985086056692694e-17</steeringAngle>
      <velocity>4.0</velocity>
      <orientation>-1.9254740433737567</orientation>
      <time>15</time>
    </ksState>
    <ksState>
      <x>459.6184616007268</x>
      <y>801.7246717744907</y>
      <steeringAngle>-0.035533333333333326</steeringAngle>
      <velocity>4.0</velocity>
      <orientation>-1.9282303179063571</orientation>
      <time>16</time>
    </ksState>
    <ksState>
      <x>459.4771363807313</x>
      <y>801.3504709469912</y>
      <steeringAngle>-0.07106666666666711</steeringAngle>
      <velocity>4.0</velocity>
      <orientation>-1.9365060784496426</orientation>
      <time>17</time>
    </ksState>
    <ksState>
      <x>459.33168805672904</x>
      <y>800.9778555544798</y>
      <steeringAngle>-0.10660000000000043</steeringAngle>
      <velocity>4.0</velocity>
      <orientation>-1.9503223182687794</orientation>
      <time>18</time>
    </ksState>
    <ksState>
      <x>459.1800756079859</x>
      <y>800.6077087695684</y>
      <steeringAngle>-0.14213333333333378</steeringAngle>
      <velocity>4.0</velocity>
      <orientation>-1.9697142446543252</orientation>
      <time>19</time>
    </ksState>
    <ksState>
      <x>459.0202856362577</x>
      <y>800.2410225128929</y>
      <steeringAngle>-0.1776666666666672</steeringAngle>
      <velocity>4.0</velocity>
      <orientation>-1.9947316511057225</orientation>
      <time>20</time>
    </ksState>
    <ksState>
      <x>458.8510314493398</x>
      <y>799.8786074653707</y>
      <steeringAngle>-0.1421333333333333</steeringAngle>
      <velocity>4.0</velocity>
      <orientation>-2.019749057450246</orientation>
      <time>21</time>
    </ksState>
    <ksState>
      <x>458.6737722076811</x>
      <y>799.5200351036793</y>
      <steeringAngle>-0.10659999999999999</steeringAngle>
      <velocity>4.0</velocity>
      <orientation>-2.0391409837409964</orientation>
      <time>22</time>
    </ksState>
    <ksState>
      <x>458.49058375309926</x>
      <y>799.164451870255</y>
      <steeringAngle>-0.07106666666666664</steeringAngle>
      <velocity>4.0</velocity>
      <orientation>-2.0529572234759494</orientation>
      <time>23</time>
    </ksState>
    <ksState>
      <x>458.30347865460936</x>
      <y>798.8109115483663</y>
      <steeringAngle>-0.03553333333333332</steeringAngle>
      <velocity>4.0</velocity>
      <orientation>-2.061232983938215</orientation>
      <time>24</time>
    </ksState>
    <ksState>
      <x>458.1144262111894</x>
      <y>798.4584075607486</y>
      <steeringAngle>2.2985086056692694e-17</steeringAngle>
      <velocity>4.0</velocity>
      <orientation>-2.063989247233055</orientation>
      <time>25</time>
    </ksState>
    <ksState>
      <x>457.92504992996965</x>
      <y>798.1060772837195</y>
      <steeringAngle>0.0</steeringAngle>
      <velocity>4.0</velocity>
      <orientation>-2.063989247233055</orientation>
      <time>26</time>
    </ksState>
    <ksState>
      <x>457.7356736487499</x>
      <y>797.7537470066904</y>
      <steeringAngle>0.0</steeringAngle>
      <velocity>4.0</velocity>
      <orientation>-2.063989247233055</orientation>
      <time>27</time>
    </ksState>
    <ksState>
      <x>457.54629736753014</x>
      <y>797.4014167296614</y>
      <steeringAngle>0.0</steeringAngle>
      <velocity>4.0</velocity>
      <orientation>-2.063989247233055</orientation>
      <time>28</time>
    </ksState>
    <ksState>
      <x>457.35692108631036</x>
      <y>797.0490864526323</y>
      <steeringAngle>0.0</steeringAngle>
      <velocity>4.0</velocity>
      <orientation>-2.063989247233055</orientation>
      <time>29</time>
    </ksState>
    <ksState>
      <x>457.1675448050906</x>
      <y>796.6967561756032</y>
      <steeringAngle>0.0</steeringAngle>
      <velocity>4.0</velocity>
      <orientation>-2.063989247233055</orientation>
      <time>30</time>
    </ksState>
    <ksState>
      <x>456.9971061524793</x>
      <y>796.3796589271823</y>
      <steeringAngle>0.0</steeringAngle>
      <velocity>3.2</velocity>
      <orientation>-2.063989247233055</orientation>
      <time>31</time>
    </ksState>
    <ksState>
      <x>456.8645427561603</x>
      <y>796.1330277342569</y>
      <steeringAngle>0.0</steeringAngle>
      <velocity>2.4000000000000004</velocity>
      <orientation>-2.063989247233055</orientation>
      <time>32</time>
    </ksState>
    <ksState>
      <x>456.7698546160852</x>
      <y>795.9568625967373</y>
      <steeringAngle>0.0</steeringAngle>
      <velocity>1.6</velocity>
      <orientation>-2.063989247233055</orientation>
      <time>33</time>
    </ksState>
  </ksTrajectory>
</CommonRoadSolution>
