<?xml version="1.0" ?>
<CommonRoadSolution benchmark_id="KS2:SM1:DEU_Flensburg-63_1_T-1:2020a" computation_time="1.768822517999979" date="2020-12-29">
  <ksTrajectory planningProblem="123">
    <ksState>
      <x>141.47802</x>
      <y>351.25459</y>
      <steeringAngle>0.0</steeringAngle>
      <velocity>0.0</velocity>
      <orientation>-2.9934652</orientation>
      <time>0</time>
    </ksState>
    <ksState>
      <x>141.4384589020839</x>
      <y>351.2486807217579</y>
      <steeringAngle>0.03553333333333333</steeringAngle>
      <velocity>0.8</velocity>
      <orientation>-2.993097668221758</orientation>
      <time>1</time>
    </ksState>
    <ksState>
      <x>141.31980008895607</x>
      <y>351.2307899939522</y>
      <steeringAngle>0.0710666666666667</steeringAngle>
      <velocity>1.6</velocity>
      <orientation>-2.9905228216297726</orientation>
      <time>2</time>
    </ksState>
    <ksState>
      <x>141.12217787185003</x>
      <y>351.2000443476837</y>
      <steeringAngle>0.10660000000000003</steeringAngle>
      <velocity>2.4000000000000004</velocity>
      <orientation>-2.983522117392935</orientation>
      <time>3</time>
    </ksState>
    <ksState>
      <x>140.84596355886322</x>
      <y>351.1541703039371</y>
      <steeringAngle>0.14213333333333342</steeringAngle>
      <velocity>3.2000000000000015</velocity>
      <orientation>-2.9698544764521153</orientation>
      <time>4</time>
    </ksState>
    <ksState>
      <x>140.49195746615553</x>
      <y>351.0887933145852</y>
      <steeringAngle>0.17766666666666683</steeringAngle>
      <velocity>4.0000000000000036</velocity>
      <orientation>-2.947244560578895</orientation>
      <time>5</time>
    </ksState>
    <ksState>
      <x>140.10053391541905</x>
      <y>351.0064571111955</y>
      <steeringAngle>0.1421333333333333</steeringAngle>
      <velocity>4.0</velocity>
      <orientation>-2.9222271542343714</orientation>
      <time>6</time>
    </ksState>
    <ksState>
      <x>139.71103046485175</x>
      <y>350.9154514008337</y>
      <steeringAngle>0.10659999999999999</steeringAngle>
      <velocity>4.0</velocity>
      <orientation>-2.902835227943621</orientation>
      <time>7</time>
    </ksState>
    <ksState>
      <x>139.3230883648445</x>
      <y>350.8179918049669</y>
      <steeringAngle>0.07106666666666664</steeringAngle>
      <velocity>4.0</velocity>
      <orientation>-2.889018988208668</orientation>
      <time>8</time>
    </ksState>
    <ksState>
      <x>138.93624423861263</x>
      <y>350.71625341947754</y>
      <steeringAngle>0.03553333333333332</steeringAngle>
      <velocity>4.0</velocity>
      <orientation>-2.8807432277464025</orientation>
      <time>9</time>
    </ksState>
    <ksState>
      <x>138.5499660854687</x>
      <y>350.61238294218407</y>
      <steeringAngle>-2.2985086056692694e-17</steeringAngle>
      <velocity>4.0</velocity>
      <orientation>-2.877986964451562</orientation>
      <time>10</time>
    </ksState>
    <ksState>
      <x>138.163879453053</x>
      <y>350.5078028819716</y>
      <steeringAngle>0.035533333333333326</steeringAngle>
      <velocity>4.0</velocity>
      <orientation>-2.8752306899189617</orientation>
      <time>11</time>
    </ksState>
    <ksState>
      <x>137.77837639571055</x>
      <y>350.40109547881826</y>
      <steeringAngle>0.07106666666666711</steeringAngle>
      <velocity>4.0</velocity>
      <orientation>-2.866954929375676</orientation>
      <time>12</time>
    </ksState>
    <ksState>
      <x>137.394077222426</x>
      <y>350.29013786932563</y>
      <steeringAngle>0.10660000000000043</steeringAngle>
      <velocity>4.0</velocity>
      <orientation>-2.8531386895565394</orientation>
      <time>13</time>
    </ksState>
    <ksState>
      <x>137.01167582272345</x>
      <y>350.1728171699597</y>
      <steeringAngle>0.14213333333333378</steeringAngle>
      <velocity>4.0</velocity>
      <orientation>-2.8337467631709936</orientation>
      <time>14</time>
    </ksState>
    <ksState>
      <x>136.63197689563864</x>
      <y>350.0470381149857</y>
      <steeringAngle>0.1776666666666672</steeringAngle>
      <velocity>4.0</velocity>
      <orientation>-2.808729356719596</orientation>
      <time>15</time>
    </ksState>
    <ksState>
      <x>136.25580143982287</x>
      <y>349.9110907985104</y>
      <steeringAngle>0.17766666666666667</steeringAngle>
      <velocity>4.0</velocity>
      <orientation>-2.7808788685643404</orientation>
      <time>16</time>
    </ksState>
    <ksState>
      <x>135.88355753990015</x>
      <y>349.764720876865</y>
      <steeringAngle>0.17766666666666667</steeringAngle>
      <velocity>4.0</velocity>
      <orientation>-2.7530283804090843</orientation>
      <time>17</time>
    </ksState>
    <ksState>
      <x>135.51553394130931</x>
      <y>349.6080418830872</y>
      <steeringAngle>0.17766666666666667</steeringAngle>
      <velocity>4.0</velocity>
      <orientation>-2.7251778922538286</orientation>
      <time>18</time>
    </ksState>
    <ksState>
      <x>135.15201608314047</x>
      <y>349.4411753376886</y>
      <steeringAngle>0.17766666666666667</steeringAngle>
      <velocity>4.0</velocity>
      <orientation>-2.6973274040985724</orientation>
      <time>19</time>
    </ksState>
    <ksState>
      <x>134.79328591024736</x>
      <y>349.2642506613834</y>
      <steeringAngle>0.17766666666666667</steeringAngle>
      <velocity>4.0</velocity>
      <orientation>-2.6694769159433167</orientation>
      <time>20</time>
    </ksState>
    <ksState>
      <x>134.43980207032698</x>
      <y>349.0770700161875</y>
      <steeringAngle>0.21319999999999995</steeringAngle>
      <velocity>4.0</velocity>
      <orientation>-2.6387691333058165</orientation>
      <time>21</time>
    </ksState>
    <ksState>
      <x>134.09280863535292</x>
      <y>348.8781283035026</y>
      <steeringAngle>0.24873333333333336</steeringAngle>
      <velocity>4.0</velocity>
      <orientation>-2.602290292183122</orientation>
      <time>22</time>
    </ksState>
    <ksState>
      <x>133.75392819616377</x>
      <y>348.6656756522666</y>
      <steeringAngle>0.2842666666666667</steeringAngle>
      <velocity>4.0</velocity>
      <orientation>-2.5599430583376743</orientation>
      <time>23</time>
    </ksState>
    <ksState>
      <x>133.4250301627138</x>
      <y>348.43809065618643</y>
      <steeringAngle>0.31980000000000003</steeringAngle>
      <velocity>4.0</velocity>
      <orientation>-2.511612376970539</orientation>
      <time>24</time>
    </ksState>
    <ksState>
      <x>133.1082620104821</x>
      <y>348.1939218595133</y>
      <steeringAngle>0.35533333333333333</steeringAngle>
      <velocity>4.0</velocity>
      <orientation>-2.457164175792261</orientation>
      <time>25</time>
    </ksState>
    <ksState>
      <x>132.8060768764173</x>
      <y>347.931939056745</y>
      <steeringAngle>0.39086666666666653</steeringAngle>
      <velocity>4.0</velocity>
      <orientation>-2.3964438094862737</orientation>
      <time>26</time>
    </ksState>
    <ksState>
      <x>132.52125577938736</x>
      <y>347.65119576745957</y>
      <steeringAngle>0.42639999999999995</steeringAngle>
      <velocity>4.0</velocity>
      <orientation>-2.32927419602987</orientation>
      <time>27</time>
    </ksState>
    <ksState>
      <x>132.256921694405</x>
      <y>347.3511043701176</y>
      <steeringAngle>0.4619333333333333</steeringAngle>
      <velocity>4.0</velocity>
      <orientation>-2.255453612397526</orientation>
      <time>28</time>
    </ksState>
    <ksState>
      <x>132.01654247293118</x>
      <y>347.03152492940046</y>
      <steeringAngle>0.49746666666666667</steeringAngle>
      <velocity>4.0</velocity>
      <orientation>-2.174753070584306</orientation>
      <time>29</time>
    </ksState>
    <ksState>
      <x>131.80391830210087</x>
      <y>346.6928685872081</y>
      <steeringAngle>0.533</steeringAngle>
      <velocity>4.0</velocity>
      <orientation>-2.086913203984497</orientation>
      <time>30</time>
    </ksState>
    <ksState>
      <x>131.6226969751606</x>
      <y>346.3364317632485</y>
      <steeringAngle>0.533</steeringAngle>
      <velocity>4.0</velocity>
      <orientation>-1.995408905429677</orientation>
      <time>31</time>
    </ksState>
    <ksState>
      <x>131.4748037966362</x>
      <y>345.96492670014186</y>
      <steeringAngle>0.533</steeringAngle>
      <velocity>4.0</velocity>
      <orientation>-1.903904606874857</orientation>
      <time>32</time>
    </ksState>
    <ksState>
      <x>131.3614762337626</x>
      <y>345.5814618792848</y>
      <steeringAngle>0.533</steeringAngle>
      <velocity>4.0</velocity>
      <orientation>-1.8124003083200373</orientation>
      <time>33</time>
    </ksState>
    <ksState>
      <x>131.2836625205818</x>
      <y>345.18924582557264</y>
      <steeringAngle>0.533</steeringAngle>
      <velocity>4.0</velocity>
      <orientation>-1.7208960097652173</orientation>
      <time>34</time>
    </ksState>
    <ksState>
      <x>131.24201373976612</x>
      <y>344.79156028691676</y>
      <steeringAngle>0.533</steeringAngle>
      <velocity>4.0</velocity>
      <orientation>-1.6293917112103977</orientation>
      <time>35</time>
    </ksState>
    <ksState>
      <x>131.2363882414201</x>
      <y>344.3917284343978</y>
      <steeringAngle>0.4974666666666666</steeringAngle>
      <velocity>4.0</velocity>
      <orientation>-1.5415518443709486</orientation>
      <time>36</time>
    </ksState>
    <ksState>
      <x>131.2644289903042</x>
      <y>343.9928212927661</y>
      <steeringAngle>0.4619333333333334</steeringAngle>
      <velocity>4.0</velocity>
      <orientation>-1.4608513025837784</orientation>
      <time>37</time>
    </ksState>
    <ksState>
      <x>131.32316979942232</x>
      <y>343.59724970980403</y>
      <steeringAngle>0.42640000000000017</steeringAngle>
      <velocity>4.0</velocity>
      <orientation>-1.3870307193339733</orientation>
      <time>38</time>
    </ksState>
    <ksState>
      <x>131.40962386143917</x>
      <y>343.2067813329263</y>
      <steeringAngle>0.3908666666666668</steeringAngle>
      <velocity>4.0</velocity>
      <orientation>-1.3198611064711108</orientation>
      <time>39</time>
    </ksState>
    <ksState>
      <x>131.52085045132708</x>
      <y>342.82262058740923</y>
      <steeringAngle>0.3553333333333335</steeringAngle>
      <velocity>4.0</velocity>
      <orientation>-1.259140738592825</orientation>
      <time>40</time>
    </ksState>
    <ksState>
      <x>131.66844062921547</x>
      <y>342.40818180212676</y>
      <steeringAngle>0.31979999999999975</steeringAngle>
      <velocity>4.800000000000001</velocity>
      <orientation>-1.1993509035610765</orientation>
      <time>41</time>
    </ksState>
    <ksState>
      <x>131.87256268562206</x>
      <y>341.93001282068064</y>
      <steeringAngle>0.28426666666666645</steeringAngle>
      <velocity>5.600000000000004</velocity>
      <orientation>-1.1366218034297528</orientation>
      <time>42</time>
    </ksState>
    <ksState>
      <x>132.1424423937709</x>
      <y>341.39424763397926</y>
      <steeringAngle>0.2487333333333331</steeringAngle>
      <velocity>6.400000000000004</velocity>
      <orientation>-1.0731996667370771</orientation>
      <time>43</time>
    </ksState>
    <ksState>
      <x>132.4857855844249</x>
      <y>340.8074190409595</y>
      <steeringAngle>0.21319999999999992</steeringAngle>
      <velocity>7.200000000000004</velocity>
      <orientation>-1.011282578059278</orientation>
      <time>44</time>
    </ksState>
    <ksState>
      <x>132.9082727027296</x>
      <y>340.17580097691945</y>
      <steeringAngle>0.17766666666666656</steeringAngle>
      <velocity>8.000000000000004</velocity>
      <orientation>-0.9530332484583128</orientation>
      <time>45</time>
    </ksState>
    <ksState>
      <x>133.3883646185457</x>
      <y>339.5359743230797</y>
      <steeringAngle>0.14213333333333336</steeringAngle>
      <velocity>8.0</velocity>
      <orientation>-0.9029984369095644</orientation>
      <time>46</time>
    </ksState>
    <ksState>
      <x>133.8964033543246</x>
      <y>338.91806145351603</y>
      <steeringAngle>0.1066000000000001</steeringAngle>
      <velocity>8.0</velocity>
      <orientation>-0.8642145849025671</orientation>
      <time>47</time>
    </ksState>
    <ksState>
      <x>134.42469001755978</x>
      <y>338.3173349184344</y>
      <steeringAngle>0.07106666666666674</steeringAngle>
      <velocity>8.0</velocity>
      <orientation>-0.8365821058728802</orientation>
      <time>48</time>
    </ksState>
    <ksState>
      <x>134.9661262275921</x>
      <y>337.72841038195764</y>
      <steeringAngle>0.035533333333333354</steeringAngle>
      <velocity>8.0</velocity>
      <orientation>-0.8200305852438508</orientation>
      <time>49</time>
    </ksState>
    <ksState>
      <x>135.5140305883974</x>
      <y>337.14548750769546</y>
      <steeringAngle>2.0816681711721685e-17</steeringAngle>
      <velocity>8.0</velocity>
      <orientation>-0.8145180587854459</orientation>
      <time>50</time>
    </ksState>
    <ksState>
      <x>136.0619349182966</x>
      <y>336.56256466371445</y>
      <steeringAngle>-0.03553333333333333</steeringAngle>
      <velocity>8.0</velocity>
      <orientation>-0.8200305937882847</orientation>
      <time>51</time>
    </ksState>
    <ksState>
      <x>136.60337112603554</x>
      <y>335.9736401242411</y>
      <steeringAngle>-0.07106666666666667</steeringAngle>
      <velocity>8.0</velocity>
      <orientation>-0.8365821146685544</orientation>
      <time>52</time>
    </ksState>
    <ksState>
      <x>137.1316577858528</x>
      <y>335.3729135850952</y>
      <steeringAngle>-0.10659999999999997</steeringAngle>
      <velocity>8.0</velocity>
      <orientation>-0.8642145939592493</orientation>
      <time>53</time>
    </ksState>
    <ksState>
      <x>137.63969651718793</x>
      <y>334.7550007107247</y>
      <steeringAngle>-0.1421333333333333</steeringAngle>
      <velocity>8.0</velocity>
      <orientation>-0.9029984462319842</orientation>
      <time>54</time>
    </ksState>
    <ksState>
      <x>138.11978840012452</x>
      <y>334.11517404001484</y>
      <steeringAngle>-0.17766666666666667</steeringAngle>
      <velocity>8.0</velocity>
      <orientation>-0.9530332584811388</orientation>
      <time>55</time>
    </ksState>
    <ksState>
      <x>138.56602851695953</x>
      <y>333.45129441785224</y>
      <steeringAngle>-0.14213333333333336</steeringAngle>
      <velocity>8.0</velocity>
      <orientation>-1.0030680700298873</orientation>
      <time>56</time>
    </ksState>
    <ksState>
      <x>138.98237979388963</x>
      <y>332.76823418213144</y>
      <steeringAngle>-0.1066000000000001</steeringAngle>
      <velocity>8.0</velocity>
      <orientation>-1.0418519220368847</orientation>
      <time>57</time>
    </ksState>
    <ksState>
      <x>139.3758395860132</x>
      <y>332.0717081162262</y>
      <steeringAngle>-0.07106666666666674</steeringAngle>
      <velocity>8.0</velocity>
      <orientation>-1.0694844010665716</orientation>
      <time>58</time>
    </ksState>
    <ksState>
      <x>139.75382797704458</x>
      <y>331.3666477957968</y>
      <steeringAngle>-0.035533333333333354</steeringAngle>
      <velocity>8.0</velocity>
      <orientation>-1.0860359216956008</orientation>
      <time>59</time>
    </ksState>
    <ksState>
      <x>140.1240206908196</x>
      <y>330.6574541546836</y>
      <steeringAngle>-2.0816681711721685e-17</steeringAngle>
      <velocity>8.0</velocity>
      <orientation>-1.0915484481540056</orientation>
      <time>60</time>
    </ksState>
    <ksState>
      <x>140.49421338616833</x>
      <y>329.9482605527189</y>
      <steeringAngle>0.03553333333333333</steeringAngle>
      <velocity>8.0</velocity>
      <orientation>-1.0860359131511668</orientation>
      <time>61</time>
    </ksState>
    <ksState>
      <x>140.87220178078402</x>
      <y>329.2432002334692</y>
      <steeringAngle>0.07106666666666667</steeringAngle>
      <velocity>8.0</velocity>
      <orientation>-1.0694843922708972</orientation>
      <time>62</time>
    </ksState>
    <ksState>
      <x>141.26566157787016</x>
      <y>328.5466741694543</y>
      <steeringAngle>0.10659999999999997</steeringAngle>
      <velocity>8.0</velocity>
      <orientation>-1.0418519129802024</orientation>
      <time>63</time>
    </ksState>
    <ksState>
      <x>141.68201286080156</x>
      <y>327.8636139363484</y>
      <steeringAngle>0.1421333333333333</steeringAngle>
      <velocity>8.0</velocity>
      <orientation>-1.0030680607074673</orientation>
      <time>64</time>
    </ksState>
    <ksState>
      <x>142.12825300438558</x>
      <y>327.19973433968386</y>
      <steeringAngle>0.17766666666666667</steeringAngle>
      <velocity>8.0</velocity>
      <orientation>-0.9530332484583127</orientation>
      <time>65</time>
    </ksState>
    <ksState>
      <x>142.58358379648305</x>
      <y>326.591322866115</y>
      <steeringAngle>0.1421333333333334</steeringAngle>
      <velocity>7.2</velocity>
      <orientation>-0.9054059267126758</orientation>
      <time>66</time>
    </ksState>
    <ksState>
      <x>143.0125762401047</x>
      <y>326.06375935909875</y>
      <steeringAngle>0.10660000000000011</steeringAngle>
      <velocity>6.4</velocity>
      <orientation>-0.8723463562647078</orientation>
      <time>67</time>
    </ksState>
    <ksState>
      <x>143.40346565602752</x>
      <y>325.60857544051515</y>
      <steeringAngle>0.07106666666666674</steeringAngle>
      <velocity>5.600000000000001</velocity>
      <orientation>-0.8515294079708193</orientation>
      <time>68</time>
    </ksState>
    <ksState>
      <x>143.74840736754194</x>
      <y>325.21945780778424</y>
      <steeringAngle>0.03553333333333339</steeringAngle>
      <velocity>4.800000000000001</velocity>
      <orientation>-0.8406787983131565</orientation>
      <time>69</time>
    </ksState>
    <ksState>
      <x>144.0425452651897</x>
      <y>324.89222283571326</y>
      <steeringAngle>5.5294310796760726e-17</steeringAngle>
      <velocity>4.0</velocity>
      <orientation>-0.8375550224759909</orientation>
      <time>70</time>
    </ksState>
    <ksState>
      <x>144.33668314694626</x>
      <y>324.56498784698573</y>
      <steeringAngle>-0.035533333333333326</steeringAngle>
      <velocity>4.799999999999999</velocity>
      <orientation>-0.8406788011451817</orientation>
      <time>71</time>
    </ksState>
    <ksState>
      <x>144.68162485211272</x>
      <y>324.17587020624825</y>
      <steeringAngle>-0.07106666666666667</steeringAngle>
      <velocity>5.599999999999998</velocity>
      <orientation>-0.8515294122063545</orientation>
      <time>72</time>
    </ksState>
    <ksState>
      <x>145.0725142622959</x>
      <y>323.72068628258813</y>
      <steeringAngle>-0.10659999999999999</steeringAngle>
      <velocity>6.3999999999999995</velocity>
      <orientation>-0.8723463612066825</orientation>
      <time>73</time>
    </ksState>
    <ksState>
      <x>145.5015066942806</x>
      <y>323.1931227739401</y>
      <steeringAngle>-0.14213333333333333</steeringAngle>
      <velocity>7.199999999999999</velocity>
      <orientation>-0.9054059321878476</orientation>
      <time>74</time>
    </ksState>
    <ksState>
      <x>145.9568374634671</x>
      <y>322.58471131013135</y>
      <steeringAngle>-0.17766666666666664</steeringAngle>
      <velocity>7.9999999999999964</velocity>
      <orientation>-0.9530332542693942</orientation>
      <time>75</time>
    </ksState>
    <ksState>
      <x>146.40307758309822</x>
      <y>321.92083168984817</y>
      <steeringAngle>-0.14213333333333336</steeringAngle>
      <velocity>8.0</velocity>
      <orientation>-1.0030680658181426</orientation>
      <time>76</time>
    </ksState>
    <ksState>
      <x>146.8194288629052</x>
      <y>321.237771455881</y>
      <steeringAngle>-0.1066000000000001</steeringAngle>
      <velocity>8.0</velocity>
      <orientation>-1.04185191782514</orientation>
      <time>77</time>
    </ksState>
    <ksState>
      <x>147.21288865796237</x>
      <y>320.54124539163286</y>
      <steeringAngle>-0.07106666666666674</steeringAngle>
      <velocity>8.0</velocity>
      <orientation>-1.0694843968548269</orientation>
      <time>78</time>
    </ksState>
    <ksState>
      <x>147.59087705196325</x>
      <y>319.83618507279544</y>
      <steeringAngle>-0.035533333333333354</steeringAngle>
      <velocity>8.0</velocity>
      <orientation>-1.0860359174838563</orientation>
      <time>79</time>
    </ksState>
    <ksState>
      <x>147.96106976872522</x>
      <y>319.1269914332414</y>
      <steeringAngle>-2.0816681711721685e-17</steeringAngle>
      <velocity>8.0</velocity>
      <orientation>-1.0915484439422611</orientation>
      <time>80</time>
    </ksState>
    <ksState>
      <x>148.3286538591095</x>
      <y>318.4164422560175</y>
      <steeringAngle>-0.03553333333333333</steeringAngle>
      <velocity>8.0</velocity>
      <orientation>-1.0970609789451</orientation>
      <time>81</time>
    </ksState>
    <ksState>
      <x>148.68837497820388</x>
      <y>317.70188925118015</y>
      <steeringAngle>-0.07106666666666667</steeringAngle>
      <velocity>8.0</velocity>
      <orientation>-1.1136124998253696</orientation>
      <time>82</time>
    </ksState>
    <ksState>
      <x>149.0322200646035</x>
      <y>316.9795806423889</y>
      <steeringAngle>-0.10659999999999997</steeringAngle>
      <velocity>8.0</velocity>
      <orientation>-1.1412449791160644</orientation>
      <time>83</time>
    </ksState>
    <ksState>
      <x>149.35188876742657</x>
      <y>316.2462787991587</y>
      <steeringAngle>-0.1421333333333333</steeringAngle>
      <velocity>8.0</velocity>
      <orientation>-1.1800288313887994</orientation>
      <time>84</time>
    </ksState>
    <ksState>
      <x>149.63868274934563</x>
      <y>315.4995421678433</y>
      <steeringAngle>-0.17766666666666667</steeringAngle>
      <velocity>8.0</velocity>
      <orientation>-1.230063643637954</orientation>
      <time>85</time>
    </ksState>
    <ksState>
      <x>149.88633717620286</x>
      <y>314.7389281530804</y>
      <steeringAngle>-0.14213333333333336</steeringAngle>
      <velocity>8.0</velocity>
      <orientation>-1.2800984551867023</orientation>
      <time>86</time>
    </ksState>
    <ksState>
      <x>150.09999646193003</x>
      <y>313.96803945745256</y>
      <steeringAngle>-0.1066000000000001</steeringAngle>
      <velocity>8.0</velocity>
      <orientation>-1.3188823071936997</orientation>
      <time>87</time>
    </ksState>
    <ksState>
      <x>150.28795416149327</x>
      <y>313.1904591904201</y>
      <steeringAngle>-0.07106666666666674</steeringAngle>
      <velocity>8.0</velocity>
      <orientation>-1.3465147862233866</orientation>
      <time>88</time>
    </ksState>
    <ksState>
      <x>150.45869623294527</x>
      <y>312.408901499501</y>
      <steeringAngle>-0.035533333333333354</steeringAngle>
      <velocity>8.0</velocity>
      <orientation>-1.363066306852416</orientation>
      <time>89</time>
    </ksState>
    <ksState>
      <x>150.62080939659327</x>
      <y>311.6255002050806</y>
      <steeringAngle>-2.0816681711721685e-17</steeringAngle>
      <velocity>8.0</velocity>
      <orientation>-1.3685788333108209</orientation>
      <time>90</time>
    </ksState>
    <ksState>
      <x>150.77471470046666</x>
      <y>310.88124769237277</y>
      <steeringAngle>0.03553333333333333</steeringAngle>
      <velocity>7.199999999999999</velocity>
      <orientation>-1.3634338203283285</orientation>
      <time>91</time>
    </ksState>
    <ksState>
      <x>150.91883850814256</x>
      <y>310.21670216098903</y>
      <steeringAngle>0.07106666666666664</steeringAngle>
      <velocity>6.400000000000001</velocity>
      <orientation>-1.3494571482073654</orientation>
      <time>92</time>
    </ksState>
    <ksState>
      <x>151.05618409572205</x>
      <y>309.63264445101765</y>
      <steeringAngle>0.10659999999999997</steeringAngle>
      <velocity>5.600000000000004</velocity>
      <orientation>-1.328825380341484</orientation>
      <time>93</time>
    </ksState>
    <ksState>
      <x>151.1868064547001</x>
      <y>309.129331836517</y>
      <steeringAngle>0.1421333333333333</steeringAngle>
      <velocity>4.800000000000003</velocity>
      <orientation>-1.3037091728328358</orientation>
      <time>94</time>
    </ksState>
    <ksState>
      <x>151.3085184278088</x>
      <y>308.70651500964567</y>
      <steeringAngle>0.17766666666666653</steeringAngle>
      <velocity>4.000000000000006</velocity>
      <orientation>-1.276284276247686</orientation>
      <time>95</time>
    </ksState>
    <ksState>
      <x>151.41704742142986</x>
      <y>308.3632717708621</y>
      <steeringAngle>0.1421333333333333</steeringAngle>
      <velocity>3.1999999999999993</velocity>
      <orientation>-1.2536743612742438</orientation>
      <time>96</time>
    </ksState>
    <ksState>
      <x>151.5062624035368</x>
      <y>308.0978674357437</y>
      <steeringAngle>0.10659999999999997</steeringAngle>
      <velocity>2.3999999999999977</velocity>
      <orientation>-1.2400067204035363</orientation>
      <time>97</time>
    </ksState>
    <ksState>
      <x>151.57192536612982</x>
      <y>307.9089542010104</y>
      <steeringAngle>0.07106666666666664</steeringAngle>
      <velocity>1.5999999999999976</velocity>
      <orientation>-1.2330060145503172</orientation>
      <time>98</time>
    </ksState>
    <ksState>
      <x>151.61185474493234</x>
      <y>307.79579220955605</y>
      <steeringAngle>0.0355333333333333</steeringAngle>
      <velocity>0.7999999999999972</velocity>
      <orientation>-1.23043117007635</orientation>
      <time>99</time>
    </ksState>
  </ksTrajectory>
</CommonRoadSolution>
