<?xml version="1.0" ?>
<CommonRoadSolution benchmark_id="KS2:SM1:ESP_PriegodeCordoba-2_3_T-1:2020a" computation_time="0.8023804089998521" date="2020-12-29">
  <ksTrajectory planningProblem="1">
    <ksState>
      <x>-749.83973</x>
      <y>852.67804</y>
      <steeringAngle>0.0</steeringAngle>
      <velocity>4.0</velocity>
      <orientation>-2.6432358</orientation>
      <time>0</time>
    </ksState>
    <ksState>
      <x>-750.2259896667792</x>
      <y>852.4673190918031</y>
      <steeringAngle>0.035533333333333326</steeringAngle>
      <velocity>4.799999999999999</velocity>
      <orientation>-2.640112021330809</orientation>
      <time>1</time>
    </ksState>
    <ksState>
      <x>-750.6807487247546</x>
      <y>852.2151455057842</y>
      <steeringAngle>0.07106666666666667</steeringAngle>
      <velocity>5.599999999999998</velocity>
      <orientation>-2.629261410269636</orientation>
      <time>2</time>
    </ksState>
    <ksState>
      <x>-751.2008197725261</x>
      <y>851.9159582055493</y>
      <steeringAngle>0.10659999999999999</steeringAngle>
      <velocity>6.3999999999999995</velocity>
      <orientation>-2.608444461269308</orientation>
      <time>3</time>
    </ksState>
    <ksState>
      <x>-751.7809057347564</x>
      <y>851.5611934401335</y>
      <steeringAngle>0.14213333333333333</steeringAngle>
      <velocity>7.199999999999999</velocity>
      <orientation>-2.575384890288143</orientation>
      <time>4</time>
    </ksState>
    <ksState>
      <x>-752.4127299475776</x>
      <y>851.1389508762503</y>
      <steeringAngle>0.17766666666666664</steeringAngle>
      <velocity>7.9999999999999964</velocity>
      <orientation>-2.5277575682065963</orientation>
      <time>5</time>
    </ksState>
    <ksState>
      <x>-753.0213034477968</x>
      <y>850.6838958955955</y>
      <steeringAngle>0.21320000000000014</steeringAngle>
      <velocity>7.200000000000003</velocity>
      <orientation>-2.4695082411351033</orientation>
      <time>6</time>
    </ksState>
    <ksState>
      <x>-753.5403396474397</x>
      <y>850.2447447072349</y>
      <steeringAngle>0.24873333333333347</steeringAngle>
      <velocity>6.400000000000004</velocity>
      <orientation>-2.407591153649324</orientation>
      <time>7</time>
    </ksState>
    <ksState>
      <x>-753.973107779886</x>
      <y>849.8293038073152</y>
      <steeringAngle>0.2842666666666668</steeringAngle>
      <velocity>5.600000000000001</velocity>
      <orientation>-2.3441690108854027</orientation>
      <time>8</time>
    </ksState>
    <ksState>
      <x>-754.3247009903318</x>
      <y>849.4462978126104</y>
      <steeringAngle>0.3198</steeringAngle>
      <velocity>4.800000000000002</velocity>
      <orientation>-2.2814399111434502</orientation>
      <time>9</time>
    </ksState>
    <ksState>
      <x>-754.6017783799455</x>
      <y>849.1045808523153</y>
      <steeringAngle>0.3553333333333332</steeringAngle>
      <velocity>4.000000000000001</velocity>
      <orientation>-2.2216500770952354</orientation>
      <time>10</time>
    </ksState>
    <ksState>
      <x>-754.8575362509358</x>
      <y>848.7466279520867</y>
      <steeringAngle>0.31979999999999975</steeringAngle>
      <velocity>4.800000000000001</velocity>
      <orientation>-2.161860242063487</orientation>
      <time>11</time>
    </ksState>
    <ksState>
      <x>-755.1332870628258</x>
      <y>848.305863980702</y>
      <steeringAngle>0.28426666666666645</steeringAngle>
      <velocity>5.600000000000004</velocity>
      <orientation>-2.099131141932163</orientation>
      <time>12</time>
    </ksState>
    <ksState>
      <x>-755.418724906119</x>
      <y>847.7782233551169</y>
      <steeringAngle>0.2487333333333331</steeringAngle>
      <velocity>6.400000000000004</velocity>
      <orientation>-2.0357090052394873</orientation>
      <time>13</time>
    </ksState>
    <ksState>
      <x>-755.7040851884263</x>
      <y>847.1611157037014</y>
      <steeringAngle>0.21319999999999992</steeringAngle>
      <velocity>7.200000000000004</velocity>
      <orientation>-1.9737919165616884</orientation>
      <time>14</time>
    </ksState>
    <ksState>
      <x>-755.9809731801838</x>
      <y>846.4534648123888</y>
      <steeringAngle>0.17766666666666656</steeringAngle>
      <velocity>8.000000000000004</velocity>
      <orientation>-1.9155425869607232</orientation>
      <time>15</time>
    </ksState>
    <ksState>
      <x>-756.2316783870621</x>
      <y>845.6938509013526</y>
      <steeringAngle>0.14213333333333336</steeringAngle>
      <velocity>8.0</velocity>
      <orientation>-1.8655077754119749</orientation>
      <time>16</time>
    </ksState>
    <ksState>
      <x>-756.4484299647324</x>
      <y>844.9238259504571</y>
      <steeringAngle>0.1066000000000001</steeringAngle>
      <velocity>8.0</velocity>
      <orientation>-1.8267239234049775</orientation>
      <time>17</time>
    </ksState>
    <ksState>
      <x>-756.6395070203146</x>
      <y>844.147006327035</y>
      <steeringAngle>0.07106666666666674</steeringAngle>
      <velocity>8.0</velocity>
      <orientation>-1.7990914443752906</orientation>
      <time>18</time>
    </ksState>
    <ksState>
      <x>-756.8133845501011</x>
      <y>843.3661402156985</y>
      <steeringAngle>0.035533333333333354</steeringAngle>
      <velocity>8.0</velocity>
      <orientation>-1.7825399237462611</orientation>
      <time>19</time>
    </ksState>
    <ksState>
      <x>-756.978640641009</x>
      <y>842.5833958830168</y>
      <steeringAngle>2.0816681711721685e-17</steeringAngle>
      <velocity>8.0</velocity>
      <orientation>-1.7770273972878563</orientation>
      <time>20</time>
    </ksState>
    <ksState>
      <x>-757.1342675876689</x>
      <y>841.8395005594878</y>
      <steeringAngle>0.0</steeringAngle>
      <velocity>7.200000000000001</velocity>
      <orientation>-1.7770273972878563</orientation>
      <time>21</time>
    </ksState>
    <ksState>
      <x>-757.273512750394</x>
      <y>841.1739100072194</y>
      <steeringAngle>0.0</steeringAngle>
      <velocity>6.400000000000001</velocity>
      <orientation>-1.7770273972878563</orientation>
      <time>22</time>
    </ksState>
    <ksState>
      <x>-757.3963761292252</x>
      <y>840.5866242260159</y>
      <steeringAngle>0.0</steeringAngle>
      <velocity>5.600000000000001</velocity>
      <orientation>-1.7770273972878563</orientation>
      <time>23</time>
    </ksState>
    <ksState>
      <x>-757.5028577241742</x>
      <y>840.077643215822</y>
      <steeringAngle>0.0</steeringAngle>
      <velocity>4.800000000000001</velocity>
      <orientation>-1.7770273972878563</orientation>
      <time>24</time>
    </ksState>
    <ksState>
      <x>-757.592957535245</x>
      <y>839.6469669766173</y>
      <steeringAngle>0.0</steeringAngle>
      <velocity>4.000000000000001</velocity>
      <orientation>-1.7770273972878563</orientation>
      <time>25</time>
    </ksState>
    <ksState>
      <x>-757.6826018856515</x>
      <y>839.2161958984656</y>
      <steeringAngle>0.035533333333333326</steeringAngle>
      <velocity>4.799999999999999</velocity>
      <orientation>-1.7739036186186654</orientation>
      <time>26</time>
    </ksState>
    <ksState>
      <x>-757.7850327520296</x>
      <y>838.7063868794111</y>
      <steeringAngle>0.07106666666666667</steeringAngle>
      <velocity>5.599999999999998</velocity>
      <orientation>-1.7630530075574926</orientation>
      <time>27</time>
    </ksState>
    <ksState>
      <x>-757.8939487567465</x>
      <y>838.1163663380157</y>
      <steeringAngle>0.10659999999999999</steeringAngle>
      <velocity>6.3999999999999995</velocity>
      <orientation>-1.7422360585571648</orientation>
      <time>28</time>
    </ksState>
    <ksState>
      <x>-757.999394340557</x>
      <y>837.4446230900318</y>
      <steeringAngle>0.14213333333333333</steeringAngle>
      <velocity>7.199999999999999</velocity>
      <orientation>-1.7091764875759996</orientation>
      <time>29</time>
    </ksState>
    <ksState>
      <x>-758.0869419349114</x>
      <y>836.689754864853</y>
      <steeringAngle>0.17766666666666664</steeringAngle>
      <velocity>7.9999999999999964</velocity>
      <orientation>-1.661549165494453</orientation>
      <time>30</time>
    </ksState>
    <ksState>
      <x>-758.1357666985197</x>
      <y>835.9314136675719</y>
      <steeringAngle>0.17766666666666667</steeringAngle>
      <velocity>7.2</velocity>
      <orientation>-1.6086332380500756</orientation>
      <time>31</time>
    </ksState>
    <ksState>
      <x>-758.1453970093734</x>
      <y>835.2515453850654</y>
      <steeringAngle>0.17766666666666667</steeringAngle>
      <velocity>6.4</velocity>
      <orientation>-1.5612874082572645</orientation>
      <time>32</time>
    </ksState>
    <ksState>
      <x>-758.1271630889386</x>
      <y>834.6518661648079</y>
      <steeringAngle>0.17766666666666667</steeringAngle>
      <velocity>5.599999999999999</velocity>
      <orientation>-1.5195116761020797</orientation>
      <time>33</time>
    </ksState>
  </ksTrajectory>
</CommonRoadSolution>
