<?xml version="1.0" ?>
<CommonRoadSolution benchmark_id="KS2:SM1:DEU_Moelln-6_1_T-1:2020a" computation_time="1.022934001000067" date="2020-12-29">
  <ksTrajectory planningProblem="1">
    <ksState>
      <x>-196.5063</x>
      <y>-760.83446</y>
      <steeringAngle>0.0</steeringAngle>
      <velocity>12.0</velocity>
      <orientation>0.10223851</orientation>
      <time>0</time>
    </ksState>
    <ksState>
      <x>-195.31256616669893</x>
      <y>-760.7119874102818</y>
      <steeringAngle>0.0</steeringAngle>
      <velocity>12.0</velocity>
      <orientation>0.10223851</orientation>
      <time>1</time>
    </ksState>
    <ksState>
      <x>-194.11883233339782</x>
      <y>-760.5895148205637</y>
      <steeringAngle>0.0</steeringAngle>
      <velocity>12.0</velocity>
      <orientation>0.10223851</orientation>
      <time>2</time>
    </ksState>
    <ksState>
      <x>-192.92509850009674</x>
      <y>-760.4670422308455</y>
      <steeringAngle>0.0</steeringAngle>
      <velocity>12.0</velocity>
      <orientation>0.10223851</orientation>
      <time>3</time>
    </ksState>
    <ksState>
      <x>-191.73136466679563</x>
      <y>-760.3445696411274</y>
      <steeringAngle>0.0</steeringAngle>
      <velocity>12.0</velocity>
      <orientation>0.10223851</orientation>
      <time>4</time>
    </ksState>
    <ksState>
      <x>-190.53763083349455</x>
      <y>-760.2220970514092</y>
      <steeringAngle>0.0</steeringAngle>
      <velocity>12.0</velocity>
      <orientation>0.10223851</orientation>
      <time>5</time>
    </ksState>
    <ksState>
      <x>-189.34389700019346</x>
      <y>-760.099624461691</y>
      <steeringAngle>0.0</steeringAngle>
      <velocity>12.0</velocity>
      <orientation>0.10223851</orientation>
      <time>6</time>
    </ksState>
    <ksState>
      <x>-188.15016316689236</x>
      <y>-759.9771518719729</y>
      <steeringAngle>0.0</steeringAngle>
      <velocity>12.0</velocity>
      <orientation>0.10223851</orientation>
      <time>7</time>
    </ksState>
    <ksState>
      <x>-186.95642933359127</x>
      <y>-759.8546792822547</y>
      <steeringAngle>0.0</steeringAngle>
      <velocity>12.0</velocity>
      <orientation>0.10223851</orientation>
      <time>8</time>
    </ksState>
    <ksState>
      <x>-185.76269550029016</x>
      <y>-759.7322066925365</y>
      <steeringAngle>0.0</steeringAngle>
      <velocity>12.0</velocity>
      <orientation>0.10223851</orientation>
      <time>9</time>
    </ksState>
    <ksState>
      <x>-184.56896166698908</x>
      <y>-759.6097341028183</y>
      <steeringAngle>0.0</steeringAngle>
      <velocity>12.0</velocity>
      <orientation>0.10223851</orientation>
      <time>10</time>
    </ksState>
    <ksState>
      <x>-183.375227833688</x>
      <y>-759.4872615131001</y>
      <steeringAngle>0.0</steeringAngle>
      <velocity>12.0</velocity>
      <orientation>0.10223851</orientation>
      <time>11</time>
    </ksState>
    <ksState>
      <x>-182.1814940003869</x>
      <y>-759.364788923382</y>
      <steeringAngle>0.0</steeringAngle>
      <velocity>12.0</velocity>
      <orientation>0.10223851</orientation>
      <time>12</time>
    </ksState>
    <ksState>
      <x>-180.9877601670858</x>
      <y>-759.2423163336638</y>
      <steeringAngle>0.0</steeringAngle>
      <velocity>12.0</velocity>
      <orientation>0.10223851</orientation>
      <time>13</time>
    </ksState>
    <ksState>
      <x>-179.7940263337847</x>
      <y>-759.1198437439456</y>
      <steeringAngle>0.0</steeringAngle>
      <velocity>12.0</velocity>
      <orientation>0.10223851</orientation>
      <time>14</time>
    </ksState>
    <ksState>
      <x>-178.60029250048362</x>
      <y>-758.9973711542274</y>
      <steeringAngle>0.0</steeringAngle>
      <velocity>12.0</velocity>
      <orientation>0.10223851</orientation>
      <time>15</time>
    </ksState>
    <ksState>
      <x>-177.40655866718254</x>
      <y>-758.8748985645092</y>
      <steeringAngle>0.0</steeringAngle>
      <velocity>12.0</velocity>
      <orientation>0.10223851</orientation>
      <time>16</time>
    </ksState>
    <ksState>
      <x>-176.21282483388143</x>
      <y>-758.7524259747911</y>
      <steeringAngle>0.0</steeringAngle>
      <velocity>12.0</velocity>
      <orientation>0.10223851</orientation>
      <time>17</time>
    </ksState>
    <ksState>
      <x>-175.01909100058035</x>
      <y>-758.6299533850729</y>
      <steeringAngle>0.0</steeringAngle>
      <velocity>12.0</velocity>
      <orientation>0.10223851</orientation>
      <time>18</time>
    </ksState>
    <ksState>
      <x>-173.82535716727924</x>
      <y>-758.5074807953547</y>
      <steeringAngle>0.0</steeringAngle>
      <velocity>12.0</velocity>
      <orientation>0.10223851</orientation>
      <time>19</time>
    </ksState>
    <ksState>
      <x>-172.63162333397815</x>
      <y>-758.3850082056365</y>
      <steeringAngle>0.0</steeringAngle>
      <velocity>12.0</velocity>
      <orientation>0.10223851</orientation>
      <time>20</time>
    </ksState>
    <ksState>
      <x>-171.47768062893977</x>
      <y>-758.2666180356255</y>
      <steeringAngle>0.0</steeringAngle>
      <velocity>11.200000000000001</velocity>
      <orientation>0.10223851</orientation>
      <time>21</time>
    </ksState>
    <ksState>
      <x>-170.40332017990337</x>
      <y>-758.156392704975</y>
      <steeringAngle>0.0</steeringAngle>
      <velocity>10.4</velocity>
      <orientation>0.10223851</orientation>
      <time>22</time>
    </ksState>
    <ksState>
      <x>-169.40854198656092</x>
      <y>-758.0543322136535</y>
      <steeringAngle>0.0</steeringAngle>
      <velocity>9.599999999999998</velocity>
      <orientation>0.10223851</orientation>
      <time>23</time>
    </ksState>
    <ksState>
      <x>-168.49334604882478</x>
      <y>-757.9604365616519</y>
      <steeringAngle>0.0</steeringAngle>
      <velocity>8.799999999999999</velocity>
      <orientation>0.10223851</orientation>
      <time>24</time>
    </ksState>
    <ksState>
      <x>-167.65773236666635</x>
      <y>-757.8747057489675</y>
      <steeringAngle>0.0</steeringAngle>
      <velocity>7.999999999999997</velocity>
      <orientation>0.10223851</orientation>
      <time>25</time>
    </ksState>
    <ksState>
      <x>-166.86190981113228</x>
      <y>-757.793057355822</y>
      <steeringAngle>0.0</steeringAngle>
      <velocity>8.0</velocity>
      <orientation>0.10223851</orientation>
      <time>26</time>
    </ksState>
    <ksState>
      <x>-166.06608725559823</x>
      <y>-757.7114089626766</y>
      <steeringAngle>0.0</steeringAngle>
      <velocity>8.0</velocity>
      <orientation>0.10223851</orientation>
      <time>27</time>
    </ksState>
    <ksState>
      <x>-165.27026470006416</x>
      <y>-757.6297605695312</y>
      <steeringAngle>0.0</steeringAngle>
      <velocity>8.0</velocity>
      <orientation>0.10223851</orientation>
      <time>28</time>
    </ksState>
    <ksState>
      <x>-164.4744421445301</x>
      <y>-757.5481121763856</y>
      <steeringAngle>0.0</steeringAngle>
      <velocity>8.0</velocity>
      <orientation>0.10223851</orientation>
      <time>29</time>
    </ksState>
    <ksState>
      <x>-163.67861958899604</x>
      <y>-757.4664637832402</y>
      <steeringAngle>0.0</steeringAngle>
      <velocity>8.0</velocity>
      <orientation>0.10223851</orientation>
      <time>30</time>
    </ksState>
    <ksState>
      <x>-162.92245827721274</x>
      <y>-757.3901832759373</y>
      <steeringAngle>-0.03553333333333333</steeringAngle>
      <velocity>7.199999999999999</velocity>
      <orientation>0.09709349701750768</orientation>
      <time>31</time>
    </ksState>
    <ksState>
      <x>-162.24527047682395</x>
      <y>-757.3284652216447</y>
      <steeringAngle>-0.07106666666666664</steeringAngle>
      <velocity>6.400000000000001</velocity>
      <orientation>0.08311682489654457</orientation>
      <time>32</time>
    </ksState>
    <ksState>
      <x>-161.64690081240002</x>
      <y>-757.284408852051</y>
      <steeringAngle>-0.10659999999999997</steeringAngle>
      <velocity>5.600000000000004</velocity>
      <orientation>0.062485057030663205</orientation>
      <time>33</time>
    </ksState>
  </ksTrajectory>
</CommonRoadSolution>
