<?xml version="1.0" ?>
<CommonRoadSolution benchmark_id="KS2:SM1:ESP_Ceuta-10_1_T-1:2020a" computation_time="1.23727056000007" date="2020-12-29">
  <ksTrajectory planningProblem="1">
    <ksState>
      <x>-188.6829</x>
      <y>720.69979</y>
      <steeringAngle>0.0</steeringAngle>
      <velocity>0.0</velocity>
      <orientation>1.0440703</orientation>
      <time>0</time>
    </ksState>
    <ksState>
      <x>-188.66278667630834</x>
      <y>720.7343653416143</y>
      <steeringAngle>-0.03553333333333333</steeringAngle>
      <velocity>0.8</velocity>
      <orientation>1.0437027682217581</orientation>
      <time>1</time>
    </ksState>
    <ksState>
      <x>-188.60230439615876</x>
      <y>720.8380084111474</y>
      <steeringAngle>-0.0710666666666667</steeringAngle>
      <velocity>1.6</velocity>
      <orientation>1.0411279216297724</orientation>
      <time>2</time>
    </ksState>
    <ksState>
      <x>-188.50069119056315</x>
      <y>721.0102715584161</y>
      <steeringAngle>-0.10660000000000003</steeringAngle>
      <velocity>2.4000000000000004</velocity>
      <orientation>1.0341272173929352</orientation>
      <time>3</time>
    </ksState>
    <ksState>
      <x>-188.35597182263675</x>
      <y>721.2499694498032</y>
      <steeringAngle>-0.14213333333333342</steeringAngle>
      <velocity>3.2000000000000015</velocity>
      <orientation>1.020459576452115</orientation>
      <time>4</time>
    </ksState>
    <ksState>
      <x>-188.16437734603736</x>
      <y>721.5547415301313</y>
      <steeringAngle>-0.17766666666666683</steeringAngle>
      <velocity>4.0000000000000036</velocity>
      <orientation>0.9978496605788949</orientation>
      <time>5</time>
    </ksState>
    <ksState>
      <x>-187.94288089335626</x>
      <y>721.8878015365336</y>
      <steeringAngle>-0.17766666666666667</steeringAngle>
      <velocity>4.0</velocity>
      <orientation>0.969999172423639</orientation>
      <time>6</time>
    </ksState>
    <ksState>
      <x>-187.71219563459286</x>
      <y>722.214564426687</y>
      <steeringAngle>-0.17766666666666667</steeringAngle>
      <velocity>4.0</velocity>
      <orientation>0.9421486842683832</orientation>
      <time>7</time>
    </ksState>
    <ksState>
      <x>-187.47250050537914</x>
      <y>722.5347767331998</y>
      <steeringAngle>-0.17766666666666667</steeringAngle>
      <velocity>4.0</velocity>
      <orientation>0.9142981961131272</orientation>
      <time>8</time>
    </ksState>
    <ksState>
      <x>-187.2239814135303</x>
      <y>722.8481900994872</y>
      <steeringAngle>-0.17766666666666667</steeringAngle>
      <velocity>4.0</velocity>
      <orientation>0.8864477079578714</orientation>
      <time>9</time>
    </ksState>
    <ksState>
      <x>-186.96683110959935</x>
      <y>723.154561441518</y>
      <steeringAngle>-0.17766666666666667</steeringAngle>
      <velocity>4.0</velocity>
      <orientation>0.8585972198026155</orientation>
      <time>10</time>
    </ksState>
    <ksState>
      <x>-186.67459033793872</x>
      <y>723.4834735982195</y>
      <steeringAngle>-0.14213333333333333</steeringAngle>
      <velocity>4.8000000000000025</velocity>
      <orientation>0.8311723200842631</orientation>
      <time>11</time>
    </ksState>
    <ksState>
      <x>-186.3190882195047</x>
      <y>723.8629522336657</y>
      <steeringAngle>-0.10660000000000003</steeringAngle>
      <velocity>5.600000000000005</velocity>
      <orientation>0.8060561078053452</orientation>
      <time>12</time>
    </ksState>
    <ksState>
      <x>-185.89894471433172</x>
      <y>724.2912823132923</y>
      <steeringAngle>-0.07106666666666671</steeringAngle>
      <velocity>6.400000000000004</velocity>
      <orientation>0.7854243382058856</orientation>
      <time>13</time>
    </ksState>
    <ksState>
      <x>-185.4144066501992</x>
      <y>724.7683727692354</y>
      <steeringAngle>-0.035533333333333375</steeringAngle>
      <velocity>7.200000000000006</velocity>
      <orientation>0.7714476701130935</orientation>
      <time>14</time>
    </ksState>
    <ksState>
      <x>-184.8677395687277</x>
      <y>725.2963441229738</y>
      <steeringAngle>-2.6346112791397758e-17</steeringAngle>
      <velocity>8.000000000000007</velocity>
      <orientation>0.766302657333525</orientation>
      <time>15</time>
    </ksState>
    <ksState>
      <x>-184.31928052271735</x>
      <y>725.8224537314031</y>
      <steeringAngle>-0.03553333333333333</steeringAngle>
      <velocity>7.199999999999999</velocity>
      <orientation>0.7611576443510326</orientation>
      <time>16</time>
    </ksState>
    <ksState>
      <x>-183.82403747017955</x>
      <y>726.288422350662</y>
      <steeringAngle>-0.07106666666666664</steeringAngle>
      <velocity>6.400000000000001</velocity>
      <orientation>0.7471809722300695</orientation>
      <time>17</time>
    </ksState>
    <ksState>
      <x>-183.37997792792044</x>
      <y>726.6919051160105</y>
      <steeringAngle>-0.10659999999999997</steeringAngle>
      <velocity>5.600000000000004</velocity>
      <orientation>0.7265492043641881</orientation>
      <time>18</time>
    </ksState>
    <ksState>
      <x>-182.98720233109606</x>
      <y>727.0326588674494</y>
      <steeringAngle>-0.1421333333333333</steeringAngle>
      <velocity>4.800000000000003</velocity>
      <orientation>0.70143299685554</orientation>
      <time>19</time>
    </ksState>
    <ksState>
      <x>-182.64737176504755</x>
      <y>727.3121281141703</y>
      <steeringAngle>-0.17766666666666653</steeringAngle>
      <velocity>4.000000000000006</velocity>
      <orientation>0.6740081002703902</orientation>
      <time>20</time>
    </ksState>
    <ksState>
      <x>-182.3311744250119</x>
      <y>727.5570906851382</y>
      <steeringAngle>-0.21319999999999995</steeringAngle>
      <velocity>4.0</velocity>
      <orientation>0.64330031763289</orientation>
      <time>21</time>
    </ksState>
    <ksState>
      <x>-182.0069349014384</x>
      <y>727.7912935465937</y>
      <steeringAngle>-0.24873333333333336</steeringAngle>
      <velocity>4.0</velocity>
      <orientation>0.6068214765101957</orientation>
      <time>22</time>
    </ksState>
    <ksState>
      <x>-181.67372730154148</x>
      <y>728.0125372503529</y>
      <steeringAngle>-0.2842666666666667</steeringAngle>
      <velocity>4.0</velocity>
      <orientation>0.5644742426647477</orientation>
      <time>23</time>
    </ksState>
    <ksState>
      <x>-181.3308444812579</x>
      <y>728.2184503835001</y>
      <steeringAngle>-0.31980000000000003</steeringAngle>
      <velocity>4.0</velocity>
      <orientation>0.5161435612976126</orientation>
      <time>24</time>
    </ksState>
    <ksState>
      <x>-180.97784872021552</x>
      <y>728.4064781905478</y>
      <steeringAngle>-0.35533333333333333</steeringAngle>
      <velocity>4.0</velocity>
      <orientation>0.4616953601193342</orientation>
      <time>25</time>
    </ksState>
    <ksState>
      <x>-180.61462983482045</x>
      <y>728.5738785653634</y>
      <steeringAngle>-0.39086666666666653</steeringAngle>
      <velocity>4.0</velocity>
      <orientation>0.400974993813347</orientation>
      <time>26</time>
    </ksState>
    <ksState>
      <x>-180.24147125900694</x>
      <y>728.7177275455093</y>
      <steeringAngle>-0.42639999999999995</steeringAngle>
      <velocity>4.0</velocity>
      <orientation>0.3338053803569434</orientation>
      <time>27</time>
    </ksState>
    <ksState>
      <x>-179.8591243030798</x>
      <y>728.8349374449862</y>
      <steeringAngle>-0.4619333333333333</steeringAngle>
      <velocity>4.0</velocity>
      <orientation>0.2599847967245994</orientation>
      <time>28</time>
    </ksState>
    <ksState>
      <x>-179.46889029408104</x>
      <y>728.9222907921812</y>
      <steeringAngle>-0.49746666666666667</steeringAngle>
      <velocity>4.0</velocity>
      <orientation>0.17928425491137906</orientation>
      <time>29</time>
    </ksState>
    <ksState>
      <x>-179.07270961587082</x>
      <y>728.976494356098</y>
      <steeringAngle>-0.533</steeringAngle>
      <velocity>4.0</velocity>
      <orientation>0.09144438831157042</orientation>
      <time>30</time>
    </ksState>
    <ksState>
      <x>-178.7132773758846</x>
      <y>728.9949533318085</y>
      <steeringAngle>-0.4974666666666667</steeringAngle>
      <velocity>3.1999999999999993</velocity>
      <orientation>0.012267185202330971</orientation>
      <time>31</time>
    </ksState>
    <ksState>
      <x>-178.43335264708716</x>
      <y>728.9903499715949</y>
      <steeringAngle>-0.4619333333333334</steeringAngle>
      <velocity>2.3999999999999986</velocity>
      <orientation>-0.044339922199877896</orientation>
      <time>32</time>
    </ksState>
    <ksState>
      <x>-178.23376248850244</x>
      <y>728.9777328739078</y>
      <steeringAngle>-0.4264000000000001</steeringAngle>
      <velocity>1.5999999999999979</velocity>
      <orientation>-0.08136288241393652</orientation>
      <time>33</time>
    </ksState>
  </ksTrajectory>
</CommonRoadSolution>
