<?xml version="1.0" ?>
<CommonRoadSolution benchmark_id="KS2:SM1:DEU_Hennigsdorf-5_1_T-1:2020a" computation_time="0.4467344510001112" date="2020-12-29">
  <ksTrajectory planningProblem="1">
    <ksState>
      <x>98.651677</x>
      <y>-727.25163</y>
      <steeringAngle>0.0</steeringAngle>
      <velocity>12.0</velocity>
      <orientation>1.4292004</orientation>
      <time>0</time>
    </ksState>
    <ksState>
      <x>98.81537996819988</x>
      <y>-726.1032392402544</y>
      <steeringAngle>0.0</steeringAngle>
      <velocity>11.200000000000001</velocity>
      <orientation>1.4292004</orientation>
      <time>1</time>
    </ksState>
    <ksState>
      <x>98.96779307645551</x>
      <y>-725.0340478437296</y>
      <steeringAngle>0.0</steeringAngle>
      <velocity>10.4</velocity>
      <orientation>1.4292004</orientation>
      <time>2</time>
    </ksState>
    <ksState>
      <x>99.1089163248106</x>
      <y>-724.0440558101192</y>
      <steeringAngle>0.0</steeringAngle>
      <velocity>9.599999999999998</velocity>
      <orientation>1.4292004</orientation>
      <time>3</time>
    </ksState>
    <ksState>
      <x>99.23874971327756</x>
      <y>-723.1332631393358</y>
      <steeringAngle>0.0</steeringAngle>
      <velocity>8.799999999999999</velocity>
      <orientation>1.4292004</orientation>
      <time>4</time>
    </ksState>
    <ksState>
      <x>99.35729324186046</x>
      <y>-722.3016698313511</y>
      <steeringAngle>0.0</steeringAngle>
      <velocity>7.999999999999997</velocity>
      <orientation>1.4292004</orientation>
      <time>5</time>
    </ksState>
    <ksState>
      <x>99.47164668033108</x>
      <y>-721.5098860932842</y>
      <steeringAngle>-0.03553333333333333</steeringAngle>
      <velocity>8.0</velocity>
      <orientation>1.4236878649971612</orientation>
      <time>6</time>
    </ksState>
    <ksState>
      <x>99.59472487783458</x>
      <y>-720.7194197514683</y>
      <steeringAngle>-0.07106666666666667</steeringAngle>
      <velocity>8.0</velocity>
      <orientation>1.4071363441168916</orientation>
      <time>7</time>
    </ksState>
    <ksState>
      <x>99.73522805118678</x>
      <y>-719.9318805282844</y>
      <steeringAngle>-0.10659999999999997</steeringAngle>
      <velocity>8.0</velocity>
      <orientation>1.3795038648261968</orientation>
      <time>8</time>
    </ksState>
    <ksState>
      <x>99.901791005176</x>
      <y>-719.1494634686494</y>
      <steeringAngle>-0.1421333333333333</steeringAngle>
      <velocity>8.0</velocity>
      <orientation>1.3407200125534617</orientation>
      <time>9</time>
    </ksState>
    <ksState>
      <x>100.10290916676172</x>
      <y>-718.3752426540922</y>
      <steeringAngle>-0.17766666666666667</steeringAngle>
      <velocity>8.0</velocity>
      <orientation>1.2906852003043072</orientation>
      <time>10</time>
    </ksState>
    <ksState>
      <x>100.34537124095677</x>
      <y>-717.6129784844363</y>
      <steeringAngle>-0.17766666666666667</steeringAngle>
      <velocity>8.0</velocity>
      <orientation>1.2349842239937954</orientation>
      <time>11</time>
    </ksState>
    <ksState>
      <x>100.62989419840565</x>
      <y>-716.8653948649916</y>
      <steeringAngle>-0.17766666666666667</steeringAngle>
      <velocity>8.0</velocity>
      <orientation>1.1792832476832837</orientation>
      <time>12</time>
    </ksState>
    <ksState>
      <x>100.955595496695</x>
      <y>-716.1348106814311</y>
      <steeringAngle>-0.17766666666666667</steeringAngle>
      <velocity>8.0</velocity>
      <orientation>1.1235822713727721</orientation>
      <time>13</time>
    </ksState>
    <ksState>
      <x>101.32146487667205</x>
      <y>-715.4234920572325</y>
      <steeringAngle>-0.17766666666666667</steeringAngle>
      <velocity>8.0</velocity>
      <orientation>1.0678812950622603</orientation>
      <time>14</time>
    </ksState>
    <ksState>
      <x>101.72636748671462</x>
      <y>-714.733645357762</y>
      <steeringAngle>-0.17766666666666667</steeringAngle>
      <velocity>8.0</velocity>
      <orientation>1.0121803187517484</orientation>
      <time>15</time>
    </ksState>
    <ksState>
      <x>102.16904738564926</x>
      <y>-714.0674103925708</y>
      <steeringAngle>-0.17766666666666667</steeringAngle>
      <velocity>8.0</velocity>
      <orientation>0.9564793424412367</orientation>
      <time>16</time>
    </ksState>
    <ksState>
      <x>102.64813150480325</x>
      <y>-713.4268536127676</y>
      <steeringAngle>-0.17766666666666667</steeringAngle>
      <velocity>8.0</velocity>
      <orientation>0.9007783661307249</orientation>
      <time>17</time>
    </ksState>
    <ksState>
      <x>103.16213380383452</x>
      <y>-712.8139619244843</y>
      <steeringAngle>-0.17766666666666667</steeringAngle>
      <velocity>8.0</velocity>
      <orientation>0.8450773898202132</orientation>
      <time>18</time>
    </ksState>
    <ksState>
      <x>103.70945995220161</x>
      <y>-712.2306363930267</y>
      <steeringAngle>-0.17766666666666667</steeringAngle>
      <velocity>8.0</velocity>
      <orientation>0.7893764135097013</orientation>
      <time>19</time>
    </ksState>
    <ksState>
      <x>104.28841225635414</x>
      <y>-711.6786863754472</y>
      <steeringAngle>-0.17766666666666667</steeringAngle>
      <velocity>8.0</velocity>
      <orientation>0.7336754371991896</orientation>
      <time>20</time>
    </ksState>
    <ksState>
      <x>104.8971948964893</x>
      <y>-711.1598239477901</y>
      <steeringAngle>-0.17766666666666667</steeringAngle>
      <velocity>8.0</velocity>
      <orientation>0.6779744608886779</orientation>
      <time>21</time>
    </ksState>
    <ksState>
      <x>105.53391960610372</x>
      <y>-710.6756584538276</y>
      <steeringAngle>-0.17766666666666667</steeringAngle>
      <velocity>8.0</velocity>
      <orientation>0.6222734845781661</orientation>
      <time>22</time>
    </ksState>
    <ksState>
      <x>106.19661136848177</x>
      <y>-710.2276916994224</y>
      <steeringAngle>-0.17766666666666667</steeringAngle>
      <velocity>8.0</velocity>
      <orientation>0.5665725082676544</orientation>
      <time>23</time>
    </ksState>
    <ksState>
      <x>106.88321464862197</x>
      <y>-709.8173131862942</y>
      <steeringAngle>-0.17766666666666667</steeringAngle>
      <velocity>8.0</velocity>
      <orientation>0.5108715319571425</orientation>
      <time>24</time>
    </ksState>
    <ksState>
      <x>107.59159974363487</x>
      <y>-709.4457958252556</y>
      <steeringAngle>-0.17766666666666667</steeringAngle>
      <velocity>8.0</velocity>
      <orientation>0.4551705556466307</orientation>
      <time>25</time>
    </ksState>
    <ksState>
      <x>108.31956934976742</x>
      <y>-709.1142920178696</y>
      <steeringAngle>-0.17766666666666667</steeringAngle>
      <velocity>8.0</velocity>
      <orientation>0.39946957933611893</orientation>
      <time>26</time>
    </ksState>
    <ksState>
      <x>109.06486552176086</x>
      <y>-708.8238299766501</y>
      <steeringAngle>-0.17766666666666667</steeringAngle>
      <velocity>8.0</velocity>
      <orientation>0.3437686030256072</orientation>
      <time>27</time>
    </ksState>
    <ksState>
      <x>109.82517647099787</x>
      <y>-708.5753106706667</y>
      <steeringAngle>-0.17766666666666667</steeringAngle>
      <velocity>8.0</velocity>
      <orientation>0.2880676267150955</orientation>
      <time>28</time>
    </ksState>
    <ksState>
      <x>110.5981438676228</x>
      <y>-708.3695049562381</y>
      <steeringAngle>-0.17766666666666667</steeringAngle>
      <velocity>8.0</velocity>
      <orientation>0.23236665040458368</orientation>
      <time>29</time>
    </ksState>
    <ksState>
      <x>111.381370124754</x>
      <y>-708.2070512011884</y>
      <steeringAngle>-0.17766666666666667</steeringAngle>
      <velocity>8.0</velocity>
      <orientation>0.17666567409407186</orientation>
      <time>30</time>
    </ksState>
    <ksState>
      <x>112.13254132646112</x>
      <y>-708.0920186965288</y>
      <steeringAngle>-0.1421333333333334</steeringAngle>
      <velocity>7.2</velocity>
      <orientation>0.12903835234843491</orientation>
      <time>31</time>
    </ksState>
    <ksState>
      <x>112.80827151980583</x>
      <y>-708.0162131794339</y>
      <steeringAngle>-0.10660000000000011</steeringAngle>
      <velocity>6.4</velocity>
      <orientation>0.09597878190046696</orientation>
      <time>32</time>
    </ksState>
    <ksState>
      <x>113.40610076469886</x>
      <y>-707.9653493497682</y>
      <steeringAngle>-0.07106666666666674</steeringAngle>
      <velocity>5.600000000000001</velocity>
      <orientation>0.0751618336065785</orientation>
      <time>33</time>
    </ksState>
  </ksTrajectory>
</CommonRoadSolution>
