<?xml version="1.0" ?>
<CommonRoadSolution benchmark_id="KS2:SM1:ITA_Scicli-2_1_T-1:2020a" computation_time="1.1130283869997584" date="2020-12-29">
  <ksTrajectory planningProblem="1">
    <ksState>
      <x>-952.37989</x>
      <y>-912.15491</y>
      <steeringAngle>0.0</steeringAngle>
      <velocity>8.0</velocity>
      <orientation>-1.6897308</orientation>
      <time>0</time>
    </ksState>
    <ksState>
      <x>-952.4733536102336</x>
      <y>-912.9494304530529</y>
      <steeringAngle>0.03553333333333333</steeringAngle>
      <velocity>8.0</velocity>
      <orientation>-1.684218264997161</orientation>
      <time>1</time>
    </ksState>
    <ksState>
      <x>-952.5580475394615</x>
      <y>-913.7449254050146</y>
      <steeringAngle>0.07106666666666667</steeringAngle>
      <velocity>8.0</velocity>
      <orientation>-1.6676667441168915</orientation>
      <time>2</time>
    </ksState>
    <ksState>
      <x>-952.6251505194901</x>
      <y>-914.5420805717458</y>
      <steeringAngle>0.10659999999999997</steeringAngle>
      <velocity>8.0</velocity>
      <orientation>-1.6400342648261967</orientation>
      <time>3</time>
    </ksState>
    <ksState>
      <x>-952.6657537116854</x>
      <y>-915.3409992494803</y>
      <steeringAngle>0.1421333333333333</steeringAngle>
      <velocity>8.0</velocity>
      <orientation>-1.6012504125534617</orientation>
      <time>4</time>
    </ksState>
    <ksState>
      <x>-952.6708565179702</x>
      <y>-916.1408994594948</y>
      <steeringAngle>0.17766666666666667</steeringAngle>
      <velocity>8.0</velocity>
      <orientation>-1.5512156003043072</orientation>
      <time>5</time>
    </ksState>
    <ksState>
      <x>-952.6345482234444</x>
      <y>-916.8999241286172</y>
      <steeringAngle>0.21320000000000014</steeringAngle>
      <velocity>7.200000000000003</velocity>
      <orientation>-1.4929662732328144</orientation>
      <time>6</time>
    </ksState>
    <ksState>
      <x>-952.5612861363182</x>
      <y>-917.5758568245036</y>
      <steeringAngle>0.24873333333333347</steeringAngle>
      <velocity>6.400000000000004</velocity>
      <orientation>-1.4310491857470349</orientation>
      <time>7</time>
    </ksState>
    <ksState>
      <x>-952.4593688701574</x>
      <y>-918.1670355357621</y>
      <steeringAngle>0.2842666666666668</steeringAngle>
      <velocity>5.600000000000001</velocity>
      <orientation>-1.3676270429831139</orientation>
      <time>8</time>
    </ksState>
    <ksState>
      <x>-952.3388769542411</x>
      <y>-918.6727954351318</y>
      <steeringAngle>0.3198</steeringAngle>
      <velocity>4.800000000000002</velocity>
      <orientation>-1.3048979432411612</orientation>
      <time>9</time>
    </ksState>
    <ksState>
      <x>-952.2108749922717</x>
      <y>-919.0936966806994</y>
      <steeringAngle>0.3553333333333332</steeringAngle>
      <velocity>4.000000000000001</velocity>
      <orientation>-1.2451081091929463</orientation>
      <time>10</time>
    </ksState>
    <ksState>
      <x>-952.0574838704621</x>
      <y>-919.5060236518103</y>
      <steeringAngle>0.31979999999999975</steeringAngle>
      <velocity>4.800000000000001</velocity>
      <orientation>-1.1853182741611978</orientation>
      <time>11</time>
    </ksState>
    <ksState>
      <x>-951.8466721631471</x>
      <y>-919.9812812796164</y>
      <steeringAngle>0.28426666666666645</steeringAngle>
      <velocity>5.600000000000004</velocity>
      <orientation>-1.1225891740298741</orientation>
      <time>12</time>
    </ksState>
    <ksState>
      <x>-951.5693010786292</x>
      <y>-920.5132067195278</y>
      <steeringAngle>0.2487333333333331</steeringAngle>
      <velocity>6.400000000000004</velocity>
      <orientation>-1.0591670373371984</orientation>
      <time>13</time>
    </ksState>
    <ksState>
      <x>-951.2177572141665</x>
      <y>-921.0951596862809</y>
      <steeringAngle>0.21319999999999992</steeringAngle>
      <velocity>7.200000000000004</velocity>
      <orientation>-0.9972499486593993</orientation>
      <time>14</time>
    </ksState>
    <ksState>
      <x>-950.7864487208053</x>
      <y>-921.7207871533167</y>
      <steeringAngle>0.17766666666666656</steeringAngle>
      <velocity>8.000000000000004</velocity>
      <orientation>-0.9390006190584341</orientation>
      <time>15</time>
    </ksState>
    <ksState>
      <x>-950.2962422574091</x>
      <y>-922.3528727052862</y>
      <steeringAngle>0.17766666666666667</steeringAngle>
      <velocity>8.0</velocity>
      <orientation>-0.8832996427479224</orientation>
      <time>16</time>
    </ksState>
    <ksState>
      <x>-949.7716064526297</x>
      <y>-922.9566871252209</y>
      <steeringAngle>0.17766666666666667</steeringAngle>
      <velocity>8.0</velocity>
      <orientation>-0.8275986664374106</orientation>
      <time>17</time>
    </ksState>
    <ksState>
      <x>-949.2141686409642</x>
      <y>-923.5303574757723</y>
      <steeringAngle>0.17766666666666667</steeringAngle>
      <velocity>8.0</velocity>
      <orientation>-0.7718976901268989</orientation>
      <time>18</time>
    </ksState>
    <ksState>
      <x>-948.6256578810759</x>
      <y>-924.0721043482434</y>
      <steeringAngle>0.17766666666666667</steeringAngle>
      <velocity>8.0</velocity>
      <orientation>-0.716196713816387</orientation>
      <time>19</time>
    </ksState>
    <ksState>
      <x>-948.0078996127982</x>
      <y>-924.5802473540637</y>
      <steeringAngle>0.17766666666666667</steeringAngle>
      <velocity>8.0</velocity>
      <orientation>-0.6604957375058753</orientation>
      <time>20</time>
    </ksState>
    <ksState>
      <x>-947.395683066154</x>
      <y>-925.030420797361</y>
      <steeringAngle>0.17766666666666667</steeringAngle>
      <velocity>7.2</velocity>
      <orientation>-0.607579810061498</orientation>
      <time>21</time>
    </ksState>
    <ksState>
      <x>-946.8284017297804</x>
      <y>-925.4052614432997</y>
      <steeringAngle>0.17766666666666667</steeringAngle>
      <velocity>6.4</velocity>
      <orientation>-0.5602339802686868</orientation>
      <time>22</time>
    </ksState>
    <ksState>
      <x>-946.3136123659117</x>
      <y>-925.7133840713403</y>
      <steeringAngle>0.17766666666666667</steeringAngle>
      <velocity>5.599999999999999</velocity>
      <orientation>-0.518458248113502</orientation>
      <time>23</time>
    </ksState>
    <ksState>
      <x>-945.8573829854482</x>
      <y>-925.9628338943206</y>
      <steeringAngle>0.17766666666666667</steeringAngle>
      <velocity>4.799999999999999</velocity>
      <orientation>-0.4822526135919875</orientation>
      <time>24</time>
    </ksState>
    <ksState>
      <x>-945.4644993471622</x>
      <y>-926.1608927368571</y>
      <steeringAngle>0.17766666666666667</steeringAngle>
      <velocity>4.0</velocity>
      <orientation>-0.4516170767026575</orientation>
      <time>25</time>
    </ksState>
    <ksState>
      <x>-945.065932779145</x>
      <y>-926.3472594890039</y>
      <steeringAngle>0.14213333333333333</steeringAngle>
      <velocity>4.8000000000000025</velocity>
      <orientation>-0.42419217698430506</orientation>
      <time>26</time>
    </ksState>
    <ksState>
      <x>-944.5892558961472</x>
      <y>-926.5550212279906</y>
      <steeringAngle>0.10660000000000003</steeringAngle>
      <velocity>5.600000000000005</velocity>
      <orientation>-0.3990759647053872</orientation>
      <time>27</time>
    </ksState>
    <ksState>
      <x>-944.0338802550909</x>
      <y>-926.7820567304418</y>
      <steeringAngle>0.07106666666666671</steeringAngle>
      <velocity>6.400000000000004</velocity>
      <orientation>-0.3784441951059277</orientation>
      <time>28</time>
    </ksState>
    <ksState>
      <x>-943.4000685710726</x>
      <y>-927.028380070682</y>
      <steeringAngle>0.035533333333333375</steeringAngle>
      <velocity>7.200000000000006</velocity>
      <orientation>-0.3644675270131354</orientation>
      <time>29</time>
    </ksState>
    <ksState>
      <x>-942.6890619542833</x>
      <y>-927.2968353541366</y>
      <steeringAngle>2.6346112791397758e-17</steeringAngle>
      <velocity>8.000000000000007</velocity>
      <orientation>-0.359322514233567</orientation>
      <time>30</time>
    </ksState>
    <ksState>
      <x>-941.9780553342334</x>
      <y>-927.5652906231808</y>
      <steeringAngle>-0.03553333333333333</steeringAngle>
      <velocity>7.199999999999999</velocity>
      <orientation>-0.3644675272160593</orientation>
      <time>31</time>
    </ksState>
    <ksState>
      <x>-941.3442436453139</x>
      <y>-927.8116139436562</y>
      <steeringAngle>-0.07106666666666664</steeringAngle>
      <velocity>6.400000000000001</velocity>
      <orientation>-0.3784441993370224</orientation>
      <time>32</time>
    </ksState>
    <ksState>
      <x>-940.788868002273</x>
      <y>-928.0386494345415</y>
      <steeringAngle>-0.10659999999999997</steeringAngle>
      <velocity>5.600000000000004</velocity>
      <orientation>-0.3990759672029038</orientation>
      <time>33</time>
    </ksState>
  </ksTrajectory>
</CommonRoadSolution>
