<?xml version="1.0" ?>
<CommonRoadSolution benchmark_id="KS2:SM1:ESP_Toledo-10_1_T-1:2020a" computation_time="1.716542840999864" date="2020-12-29">
  <ksTrajectory planningProblem="1">
    <ksState>
      <x>-972.58945</x>
      <y>-662.49934</y>
      <steeringAngle>0.0</steeringAngle>
      <velocity>4.0</velocity>
      <orientation>0.41634987</orientation>
      <time>0</time>
    </ksState>
    <ksState>
      <x>-972.2236215068282</x>
      <y>-662.3375700597031</y>
      <steeringAngle>0.0</steeringAngle>
      <velocity>4.0</velocity>
      <orientation>0.41634987</orientation>
      <time>1</time>
    </ksState>
    <ksState>
      <x>-971.8577930136564</x>
      <y>-662.1758001194064</y>
      <steeringAngle>0.0</steeringAngle>
      <velocity>4.0</velocity>
      <orientation>0.41634987</orientation>
      <time>2</time>
    </ksState>
    <ksState>
      <x>-971.4919645204845</x>
      <y>-662.0140301791096</y>
      <steeringAngle>0.0</steeringAngle>
      <velocity>4.0</velocity>
      <orientation>0.41634987</orientation>
      <time>3</time>
    </ksState>
    <ksState>
      <x>-971.1261360273128</x>
      <y>-661.8522602388127</y>
      <steeringAngle>0.0</steeringAngle>
      <velocity>4.0</velocity>
      <orientation>0.41634987</orientation>
      <time>4</time>
    </ksState>
    <ksState>
      <x>-970.7603075341409</x>
      <y>-661.6904902985159</y>
      <steeringAngle>0.0</steeringAngle>
      <velocity>4.0</velocity>
      <orientation>0.41634987</orientation>
      <time>5</time>
    </ksState>
    <ksState>
      <x>-970.394479040969</x>
      <y>-661.5287203582191</y>
      <steeringAngle>0.0</steeringAngle>
      <velocity>4.0</velocity>
      <orientation>0.41634987</orientation>
      <time>6</time>
    </ksState>
    <ksState>
      <x>-970.0286505477973</x>
      <y>-661.3669504179223</y>
      <steeringAngle>0.0</steeringAngle>
      <velocity>4.0</velocity>
      <orientation>0.41634987</orientation>
      <time>7</time>
    </ksState>
    <ksState>
      <x>-969.6628220546254</x>
      <y>-661.2051804776255</y>
      <steeringAngle>0.0</steeringAngle>
      <velocity>4.0</velocity>
      <orientation>0.41634987</orientation>
      <time>8</time>
    </ksState>
    <ksState>
      <x>-969.2969935614536</x>
      <y>-661.0434105373287</y>
      <steeringAngle>0.0</steeringAngle>
      <velocity>4.0</velocity>
      <orientation>0.41634987</orientation>
      <time>9</time>
    </ksState>
    <ksState>
      <x>-968.9311650682818</x>
      <y>-660.8816405970318</y>
      <steeringAngle>0.0</steeringAngle>
      <velocity>4.0</velocity>
      <orientation>0.41634987</orientation>
      <time>10</time>
    </ksState>
    <ksState>
      <x>-968.5653365751099</x>
      <y>-660.719870656735</y>
      <steeringAngle>0.0</steeringAngle>
      <velocity>4.0</velocity>
      <orientation>0.41634987</orientation>
      <time>11</time>
    </ksState>
    <ksState>
      <x>-968.1995080819381</x>
      <y>-660.5581007164383</y>
      <steeringAngle>0.0</steeringAngle>
      <velocity>4.0</velocity>
      <orientation>0.41634987</orientation>
      <time>12</time>
    </ksState>
    <ksState>
      <x>-967.8336795887662</x>
      <y>-660.3963307761414</y>
      <steeringAngle>0.0</steeringAngle>
      <velocity>4.0</velocity>
      <orientation>0.41634987</orientation>
      <time>13</time>
    </ksState>
    <ksState>
      <x>-967.4678510955945</x>
      <y>-660.2345608358446</y>
      <steeringAngle>0.0</steeringAngle>
      <velocity>4.0</velocity>
      <orientation>0.41634987</orientation>
      <time>14</time>
    </ksState>
    <ksState>
      <x>-967.1020226024226</x>
      <y>-660.0727908955478</y>
      <steeringAngle>0.0</steeringAngle>
      <velocity>4.0</velocity>
      <orientation>0.41634987</orientation>
      <time>15</time>
    </ksState>
    <ksState>
      <x>-966.7360457830539</x>
      <y>-659.9113571803304</y>
      <steeringAngle>-0.035533333333333326</steeringAngle>
      <velocity>4.0</velocity>
      <orientation>0.4135935954673996</orientation>
      <time>16</time>
    </ksState>
    <ksState>
      <x>-966.3691851671614</x>
      <y>-659.7519446161609</y>
      <steeringAngle>-0.07106666666666711</steeringAngle>
      <velocity>4.0</velocity>
      <orientation>0.4053178349241142</orientation>
      <time>17</time>
    </ksState>
    <ksState>
      <x>-966.0005883390853</x>
      <y>-659.5965939675501</y>
      <steeringAngle>-0.10660000000000043</steeringAngle>
      <velocity>4.0</velocity>
      <orientation>0.39150159510497734</orientation>
      <time>18</time>
    </ksState>
    <ksState>
      <x>-965.6294663743665</x>
      <y>-659.4473845030466</y>
      <steeringAngle>-0.14213333333333378</steeringAngle>
      <velocity>4.0</velocity>
      <orientation>0.3721096687194315</orientation>
      <time>19</time>
    </ksState>
    <ksState>
      <x>-965.2551275914358</x>
      <y>-659.3064514640054</y>
      <steeringAngle>-0.1776666666666672</steeringAngle>
      <velocity>4.0</velocity>
      <orientation>0.3470922622680342</orientation>
      <time>20</time>
    </ksState>
    <ksState>
      <x>-964.8772567460295</x>
      <y>-659.1752826008873</y>
      <steeringAngle>-0.1421333333333333</steeringAngle>
      <velocity>4.0</velocity>
      <orientation>0.32207485592351087</orientation>
      <time>21</time>
    </ksState>
    <ksState>
      <x>-964.4965633523003</x>
      <y>-659.052532785029</y>
      <steeringAngle>-0.10659999999999999</steeringAngle>
      <velocity>4.0</velocity>
      <orientation>0.30268292963276033</orientation>
      <time>22</time>
    </ksState>
    <ksState>
      <x>-964.1138818403289</x>
      <y>-658.9361184122916</y>
      <steeringAngle>-0.07106666666666664</steeringAngle>
      <velocity>4.0</velocity>
      <orientation>0.2888666898978074</orientation>
      <time>23</time>
    </ksState>
    <ksState>
      <x>-963.7299360924271</x>
      <y>-658.8239366858375</y>
      <steeringAngle>-0.03553333333333332</steeringAngle>
      <velocity>4.0</velocity>
      <orientation>0.28059092943554204</orientation>
      <time>24</time>
    </ksState>
    <ksState>
      <x>-963.3453765469346</x>
      <y>-658.7138737782794</y>
      <steeringAngle>2.2985086056692694e-17</steeringAngle>
      <velocity>4.0</velocity>
      <orientation>0.2778346661407017</orientation>
      <time>25</time>
    </ksState>
    <ksState>
      <x>-962.9608170151992</x>
      <y>-658.6038108722868</y>
      <steeringAngle>0.035533333333333326</steeringAngle>
      <velocity>4.0</velocity>
      <orientation>0.2805909406733021</orientation>
      <time>26</time>
    </ksState>
    <ksState>
      <x>-962.5768712683539</x>
      <y>-658.4916291421007</y>
      <steeringAngle>0.07106666666666711</steeringAngle>
      <velocity>4.0</velocity>
      <orientation>0.28886670121658753</orientation>
      <time>27</time>
    </ksState>
    <ksState>
      <x>-962.1941897577448</x>
      <y>-658.375214765285</y>
      <steeringAngle>0.10660000000000043</steeringAngle>
      <velocity>4.0</velocity>
      <orientation>0.30268294103572435</orientation>
      <time>28</time>
    </ksState>
    <ksState>
      <x>-961.8134963658099</x>
      <y>-658.2524649451983</y>
      <steeringAngle>0.14213333333333378</steeringAngle>
      <velocity>4.0</velocity>
      <orientation>0.3220748674212702</orientation>
      <time>29</time>
    </ksState>
    <ksState>
      <x>-961.4356255226072</x>
      <y>-658.1212960778676</y>
      <steeringAngle>0.1776666666666672</steeringAngle>
      <velocity>4.0</velocity>
      <orientation>0.3470922738726675</orientation>
      <time>30</time>
    </ksState>
    <ksState>
      <x>-961.0985605030116</x>
      <y>-657.9948775824165</y>
      <steeringAngle>0.1421333333333333</steeringAngle>
      <velocity>3.1999999999999993</velocity>
      <orientation>0.36970218884610984</orientation>
      <time>31</time>
    </ksState>
    <ksState>
      <x>-960.8382117448781</x>
      <y>-657.8918373074251</y>
      <steeringAngle>0.10659999999999997</steeringAngle>
      <velocity>2.3999999999999977</velocity>
      <orientation>0.38336982971681716</orientation>
      <time>32</time>
    </ksState>
    <ksState>
      <x>-960.6530105748765</x>
      <y>-657.8163365687274</y>
      <steeringAngle>0.07106666666666664</steeringAngle>
      <velocity>1.5999999999999976</velocity>
      <orientation>0.3903705355700363</orientation>
      <time>33</time>
    </ksState>
  </ksTrajectory>
</CommonRoadSolution>
