<?xml version="1.0" ?>
<CommonRoadSolution benchmark_id="KS2:SM1:ESP_SantBoideLlobregat-23_2_T-1:2020a" computation_time="1.0939131629997974" date="2020-12-29">
  <ksTrajectory planningProblem="1">
    <ksState>
      <x>-605.29812</x>
      <y>-335.703</y>
      <steeringAngle>0.0</steeringAngle>
      <velocity>4.0</velocity>
      <orientation>1.8203735</orientation>
      <time>0</time>
    </ksState>
    <ksState>
      <x>-605.3965615195852</x>
      <y>-335.3153027676834</y>
      <steeringAngle>-0.035533333333333326</steeringAngle>
      <velocity>4.0</velocity>
      <orientation>1.8176172254673997</orientation>
      <time>1</time>
    </ksState>
    <ksState>
      <x>-605.4928632194726</x>
      <y>-334.9270695134317</y>
      <steeringAngle>-0.07106666666666711</steeringAngle>
      <velocity>4.0</velocity>
      <orientation>1.8093414649241142</orientation>
      <time>2</time>
    </ksState>
    <ksState>
      <x>-605.5848711478711</x>
      <y>-334.5377984166324</y>
      <steeringAngle>-0.10660000000000043</steeringAngle>
      <velocity>4.0</velocity>
      <orientation>1.7955252251049774</orientation>
      <time>3</time>
    </ksState>
    <ksState>
      <x>-605.6704039227542</x>
      <y>-334.14705665867075</y>
      <steeringAngle>-0.14213333333333378</steeringAngle>
      <velocity>4.0</velocity>
      <orientation>1.7761332987194316</orientation>
      <time>4</time>
    </ksState>
    <ksState>
      <x>-605.7472411082628</x>
      <y>-333.7545166061632</y>
      <steeringAngle>-0.1776666666666672</steeringAngle>
      <velocity>4.0</velocity>
      <orientation>1.7511158922680343</orientation>
      <time>5</time>
    </ksState>
    <ksState>
      <x>-605.8134899864096</x>
      <y>-333.3600540191421</y>
      <steeringAngle>-0.17766666666666667</steeringAngle>
      <velocity>4.0</velocity>
      <orientation>1.7232654041127784</orientation>
      <time>6</time>
    </ksState>
    <ksState>
      <x>-605.8687286262727</x>
      <y>-332.96389954465246</y>
      <steeringAngle>-0.17766666666666667</steeringAngle>
      <velocity>4.0</velocity>
      <orientation>1.6954149159575225</orientation>
      <time>7</time>
    </ksState>
    <ksState>
      <x>-605.9129141759553</x>
      <y>-332.5663604731007</y>
      <steeringAngle>-0.17766666666666667</steeringAngle>
      <velocity>4.0</velocity>
      <orientation>1.6675644278022665</orientation>
      <time>8</time>
    </ksState>
    <ksState>
      <x>-605.9460123653988</x>
      <y>-332.167745135919</y>
      <steeringAngle>-0.17766666666666667</steeringAngle>
      <velocity>4.0</velocity>
      <orientation>1.6397139396470108</orientation>
      <time>9</time>
    </ksState>
    <ksState>
      <x>-605.9679975225974</x>
      <y>-331.7683626990335</y>
      <steeringAngle>-0.17766666666666667</steeringAngle>
      <velocity>4.0</velocity>
      <orientation>1.611863451491755</orientation>
      <time>10</time>
    </ksState>
    <ksState>
      <x>-605.9788525903535</x>
      <y>-331.36852296374065</y>
      <steeringAngle>-0.17766666666666667</steeringAngle>
      <velocity>4.0</velocity>
      <orientation>1.584012963336499</orientation>
      <time>11</time>
    </ksState>
    <ksState>
      <x>-605.9785691597635</x>
      <y>-330.96853597062807</y>
      <steeringAngle>-0.17766666666666667</steeringAngle>
      <velocity>4.0</velocity>
      <orientation>1.556162475181243</orientation>
      <time>12</time>
    </ksState>
    <ksState>
      <x>-605.9671474465135</x>
      <y>-330.56871198350694</y>
      <steeringAngle>-0.17766666666666667</steeringAngle>
      <velocity>4.0</velocity>
      <orientation>1.5283119870259871</orientation>
      <time>13</time>
    </ksState>
    <ksState>
      <x>-605.944596309554</x>
      <y>-330.16936110595344</y>
      <steeringAngle>-0.17766666666666667</steeringAngle>
      <velocity>4.0</velocity>
      <orientation>1.5004614988707314</orientation>
      <time>14</time>
    </ksState>
    <ksState>
      <x>-605.9109332384882</x>
      <y>-329.7707930745259</y>
      <steeringAngle>-0.17766666666666667</steeringAngle>
      <velocity>4.0</velocity>
      <orientation>1.4726110107154755</orientation>
      <time>15</time>
    </ksState>
    <ksState>
      <x>-605.8665598253393</x>
      <y>-329.3732724503247</y>
      <steeringAngle>-0.1421333333333333</steeringAngle>
      <velocity>4.0</velocity>
      <orientation>1.4475936043709523</orientation>
      <time>16</time>
    </ksState>
    <ksState>
      <x>-605.8133726012934</x>
      <y>-328.9768306557059</y>
      <steeringAngle>-0.10659999999999999</steeringAngle>
      <velocity>4.0</velocity>
      <orientation>1.4282016780802016</orientation>
      <time>17</time>
    </ksState>
    <ksState>
      <x>-605.7536113966873</x>
      <y>-328.58132333060485</y>
      <steeringAngle>-0.07106666666666664</steeringAngle>
      <velocity>4.0</velocity>
      <orientation>1.4143854383452488</orientation>
      <time>18</time>
    </ksState>
    <ksState>
      <x>-605.6894857492456</x>
      <y>-328.1864980801177</y>
      <steeringAngle>-0.03553333333333332</steeringAngle>
      <velocity>4.0</velocity>
      <orientation>1.4061096778829834</orientation>
      <time>19</time>
    </ksState>
    <ksState>
      <x>-605.6231835187288</x>
      <y>-327.7920314758557</y>
      <steeringAngle>2.2985086056692694e-17</steeringAngle>
      <velocity>4.0</velocity>
      <orientation>1.403353414588143</orientation>
      <time>20</time>
    </ksState>
    <ksState>
      <x>-605.5568812927245</x>
      <y>-327.3975648846835</y>
      <steeringAngle>0.035533333333333326</steeringAngle>
      <velocity>4.0</velocity>
      <orientation>1.4061096891207434</orientation>
      <time>21</time>
    </ksState>
    <ksState>
      <x>-605.4927556491057</x>
      <y>-327.0027396335425</y>
      <steeringAngle>0.07106666666666711</steeringAngle>
      <velocity>4.0</velocity>
      <orientation>1.414385449664029</orientation>
      <time>22</time>
    </ksState>
    <ksState>
      <x>-605.4329944487671</x>
      <y>-326.6072323079143</y>
      <steeringAngle>0.10660000000000043</steeringAngle>
      <velocity>4.0</velocity>
      <orientation>1.4282016894831657</orientation>
      <time>23</time>
    </ksState>
    <ksState>
      <x>-605.37980722931</x>
      <y>-326.2107905130936</y>
      <steeringAngle>0.14213333333333378</steeringAngle>
      <velocity>4.0</velocity>
      <orientation>1.4475936158687115</orientation>
      <time>24</time>
    </ksState>
    <ksState>
      <x>-605.3354338209122</x>
      <y>-325.81326988906676</y>
      <steeringAngle>0.1776666666666672</steeringAngle>
      <velocity>4.0</velocity>
      <orientation>1.4726110223201088</orientation>
      <time>25</time>
    </ksState>
    <ksState>
      <x>-605.3013937837052</x>
      <y>-325.41473140619877</y>
      <steeringAngle>0.1421333333333333</steeringAngle>
      <velocity>4.0</velocity>
      <orientation>1.497628428664632</orientation>
      <time>26</time>
    </ksState>
    <ksState>
      <x>-605.2762086577571</x>
      <y>-325.0155313476401</y>
      <steeringAngle>0.10659999999999999</steeringAngle>
      <velocity>4.0</velocity>
      <orientation>1.5170203549553827</orientation>
      <time>27</time>
    </ksState>
    <ksState>
      <x>-605.2576534934184</x>
      <y>-324.6159651432872</y>
      <steeringAngle>0.07106666666666664</steeringAngle>
      <velocity>4.0</velocity>
      <orientation>1.5308365946903355</orientation>
      <time>28</time>
    </ksState>
    <ksState>
      <x>-605.2435119726783</x>
      <y>-324.2162163540793</y>
      <steeringAngle>0.03553333333333332</steeringAngle>
      <velocity>4.0</velocity>
      <orientation>1.539112355152601</orientation>
      <time>29</time>
    </ksState>
    <ksState>
      <x>-605.2315751794508</x>
      <y>-323.8163946430418</y>
      <steeringAngle>-2.2985086056692694e-17</steeringAngle>
      <velocity>4.0</velocity>
      <orientation>1.5418686184474413</orientation>
      <time>30</time>
    </ksState>
    <ksState>
      <x>-605.2211626568385</x>
      <y>-323.45654525978136</y>
      <steeringAngle>0.0</steeringAngle>
      <velocity>3.2</velocity>
      <orientation>1.5418686184474413</orientation>
      <time>31</time>
    </ksState>
    <ksState>
      <x>-605.2130640281495</x>
      <y>-323.17666240646446</y>
      <steeringAngle>0.0</steeringAngle>
      <velocity>2.4000000000000004</velocity>
      <orientation>1.5418686184474413</orientation>
      <time>32</time>
    </ksState>
    <ksState>
      <x>-605.207279293381</x>
      <y>-322.9767460829893</y>
      <steeringAngle>0.0</steeringAngle>
      <velocity>1.6</velocity>
      <orientation>1.5418686184474413</orientation>
      <time>33</time>
    </ksState>
  </ksTrajectory>
</CommonRoadSolution>
