<?xml version="1.0" ?>
<CommonRoadSolution benchmark_id="KS2:SM1:FRA_MoissyCramayel-2_1_T-1:2020a" computation_time="1.434076236999772" date="2020-12-29">
  <ksTrajectory planningProblem="1">
    <ksState>
      <x>-207.04788</x>
      <y>-358.04411</y>
      <steeringAngle>0.0</steeringAngle>
      <velocity>8.0</velocity>
      <orientation>-1.2581729</orientation>
      <time>0</time>
    </ksState>
    <ksState>
      <x>-206.80043733903358</x>
      <y>-358.80487956188523</y>
      <steeringAngle>0.03553333333333333</steeringAngle>
      <velocity>8.0</velocity>
      <orientation>-1.252660364997161</orientation>
      <time>1</time>
    </ksState>
    <ksState>
      <x>-206.54462142386197</x>
      <y>-359.562866037879</y>
      <steeringAngle>0.07106666666666667</steeringAngle>
      <velocity>8.0</velocity>
      <orientation>-1.2361088441168915</orientation>
      <time>2</time>
    </ksState>
    <ksState>
      <x>-206.2721329368667</x>
      <y>-360.315002457839</y>
      <steeringAngle>0.10659999999999997</steeringAngle>
      <velocity>8.0</velocity>
      <orientation>-1.2084763648261967</orientation>
      <time>3</time>
    </ksState>
    <ksState>
      <x>-205.9748366370608</x>
      <y>-361.0576562014983</y>
      <steeringAngle>0.1421333333333333</steeringAngle>
      <velocity>8.0</velocity>
      <orientation>-1.1696925125534616</orientation>
      <time>4</time>
    </ksState>
    <ksState>
      <x>-205.64488423541135</x>
      <y>-361.78635215816263</y>
      <steeringAngle>0.17766666666666667</steeringAngle>
      <velocity>8.0</velocity>
      <orientation>-1.1196577003043071</orientation>
      <time>5</time>
    </ksState>
    <ksState>
      <x>-205.29559402148104</x>
      <y>-362.46123109211123</y>
      <steeringAngle>0.17766666666666667</steeringAngle>
      <velocity>7.2</velocity>
      <orientation>-1.0667417728599298</orientation>
      <time>6</time>
    </ksState>
    <ksState>
      <x>-204.95319754698417</x>
      <y>-363.048664729808</y>
      <steeringAngle>0.17766666666666667</steeringAngle>
      <velocity>6.4</velocity>
      <orientation>-1.0193959430671184</orientation>
      <time>7</time>
    </ksState>
    <ksState>
      <x>-204.62828692130722</x>
      <y>-363.5530264337321</y>
      <steeringAngle>0.17766666666666667</steeringAngle>
      <velocity>5.599999999999999</velocity>
      <orientation>-0.9776202109119339</orientation>
      <time>8</time>
    </ksState>
    <ksState>
      <x>-204.32986727083758</x>
      <y>-363.9788388032055</y>
      <steeringAngle>0.17766666666666667</steeringAngle>
      <velocity>4.799999999999999</velocity>
      <orientation>-0.9414145763904194</orientation>
      <time>9</time>
    </ksState>
    <ksState>
      <x>-204.0654559487004</x>
      <y>-364.3305084081835</y>
      <steeringAngle>0.17766666666666667</steeringAngle>
      <velocity>4.0</velocity>
      <orientation>-0.9107790395010893</orientation>
      <time>10</time>
    </ksState>
    <ksState>
      <x>-203.79076841098035</x>
      <y>-364.6742155976167</y>
      <steeringAngle>0.14213333333333333</steeringAngle>
      <velocity>4.8000000000000025</velocity>
      <orientation>-0.8833541397827369</orientation>
      <time>11</time>
    </ksState>
    <ksState>
      <x>-203.45554308900114</x>
      <y>-365.0717200308942</y>
      <steeringAngle>0.10660000000000003</steeringAngle>
      <velocity>5.600000000000005</velocity>
      <orientation>-0.858237927503819</orientation>
      <time>12</time>
    </ksState>
    <ksState>
      <x>-203.05831236823997</x>
      <y>-365.52138098821143</y>
      <steeringAngle>0.07106666666666671</steeringAngle>
      <velocity>6.400000000000004</velocity>
      <orientation>-0.8376061579043594</orientation>
      <time>13</time>
    </ksState>
    <ksState>
      <x>-202.59931799057304</x>
      <y>-366.02309465158476</y>
      <steeringAngle>0.035533333333333375</steeringAngle>
      <velocity>7.200000000000006</velocity>
      <orientation>-0.8236294898115673</orientation>
      <time>14</time>
    </ksState>
    <ksState>
      <x>-202.08093301631067</x>
      <y>-366.57886048967833</y>
      <steeringAngle>2.6346112791397758e-17</steeringAngle>
      <velocity>8.000000000000007</velocity>
      <orientation>-0.8184844770319988</orientation>
      <time>15</time>
    </ksState>
    <ksState>
      <x>-201.56254803273882</x>
      <y>-367.1346263162991</y>
      <steeringAngle>-0.03553333333333333</steeringAngle>
      <velocity>7.199999999999999</velocity>
      <orientation>-0.8236294900144912</orientation>
      <time>16</time>
    </ksState>
    <ksState>
      <x>-201.10355364191864</x>
      <y>-367.6363399641269</y>
      <steeringAngle>-0.07106666666666664</steeringAngle>
      <velocity>6.400000000000001</velocity>
      <orientation>-0.8376061621354542</orientation>
      <time>17</time>
    </ksState>
    <ksState>
      <x>-200.70632291425247</x>
      <y>-368.0860009119558</y>
      <steeringAngle>-0.10659999999999997</steeringAngle>
      <velocity>5.600000000000004</velocity>
      <orientation>-0.8582379300013356</orientation>
      <time>18</time>
    </ksState>
    <ksState>
      <x>-200.37109758081817</x>
      <y>-368.4835053325656</y>
      <steeringAngle>-0.1421333333333333</steeringAngle>
      <velocity>4.800000000000003</velocity>
      <orientation>-0.8833541375099838</orientation>
      <time>19</time>
    </ksState>
    <ksState>
      <x>-200.09641003463094</x>
      <y>-368.827212512376</y>
      <steeringAngle>-0.17766666666666653</steeringAngle>
      <velocity>4.000000000000006</velocity>
      <orientation>-0.9107790340951336</orientation>
      <time>20</time>
    </ksState>
    <ksState>
      <x>-199.85528623089175</x>
      <y>-369.1463534808055</y>
      <steeringAngle>-0.1421333333333333</steeringAngle>
      <velocity>4.0</velocity>
      <orientation>-0.9357964404396569</orientation>
      <time>21</time>
    </ksState>
    <ksState>
      <x>-199.62130372027974</x>
      <y>-369.4707716708781</y>
      <steeringAngle>-0.10659999999999999</steeringAngle>
      <velocity>4.0</velocity>
      <orientation>-0.9551883667304075</orientation>
      <time>22</time>
    </ksState>
    <ksState>
      <x>-199.3927369577277</x>
      <y>-369.7990317519739</y>
      <steeringAngle>-0.07106666666666664</steeringAngle>
      <velocity>4.0</velocity>
      <orientation>-0.9690046064653605</orientation>
      <time>23</time>
    </ksState>
    <ksState>
      <x>-199.16780810617166</x>
      <y>-370.129797664395</y>
      <steeringAngle>-0.03553333333333332</steeringAngle>
      <velocity>4.0</velocity>
      <orientation>-0.9772803669276258</orientation>
      <time>24</time>
    </ksState>
    <ksState>
      <x>-198.94470622446525</x>
      <y>-370.4617998300936</y>
      <steeringAngle>2.2985086056692694e-17</steeringAngle>
      <velocity>4.0</velocity>
      <orientation>-0.9800366302224661</orientation>
      <time>25</time>
    </ksState>
    <ksState>
      <x>-198.72160434848314</x>
      <y>-370.7938019831851</y>
      <steeringAngle>0.035533333333333326</steeringAngle>
      <velocity>4.0</velocity>
      <orientation>-0.9772803556898657</orientation>
      <time>26</time>
    </ksState>
    <ksState>
      <x>-198.49667549370173</x>
      <y>-371.1245678934522</y>
      <steeringAngle>0.07106666666666711</steeringAngle>
      <velocity>4.0</velocity>
      <orientation>-0.9690045951465803</orientation>
      <time>27</time>
    </ksState>
    <ksState>
      <x>-198.26810872768877</x>
      <y>-371.45282797199644</y>
      <steeringAngle>0.10660000000000043</steeringAngle>
      <velocity>4.0</velocity>
      <orientation>-0.9551883553274435</orientation>
      <time>28</time>
    </ksState>
    <ksState>
      <x>-198.03412621360604</x>
      <y>-371.77724615906016</y>
      <steeringAngle>0.14213333333333378</steeringAngle>
      <velocity>4.0</velocity>
      <orientation>-0.9357964289418976</orientation>
      <time>29</time>
    </ksState>
    <ksState>
      <x>-197.79300240653717</x>
      <y>-372.0963871240962</y>
      <steeringAngle>0.1776666666666672</steeringAngle>
      <velocity>4.0</velocity>
      <orientation>-0.9107790224905004</orientation>
      <time>30</time>
    </ksState>
    <ksState>
      <x>-197.56896006433493</x>
      <y>-372.37816627933586</y>
      <steeringAngle>0.1421333333333333</steeringAngle>
      <velocity>3.1999999999999993</velocity>
      <orientation>-0.888169107517058</orientation>
      <time>31</time>
    </ksState>
    <ksState>
      <x>-197.390777189417</x>
      <y>-372.5941515501716</y>
      <steeringAngle>0.10659999999999997</steeringAngle>
      <velocity>2.3999999999999977</velocity>
      <orientation>-0.8745014666463506</orientation>
      <time>32</time>
    </ksState>
    <ksState>
      <x>-197.26193010743552</x>
      <y>-372.74711646241866</y>
      <steeringAngle>0.07106666666666664</steeringAngle>
      <velocity>1.5999999999999976</velocity>
      <orientation>-0.8675007607931315</orientation>
      <time>33</time>
    </ksState>
  </ksTrajectory>
</CommonRoadSolution>
