<?xml version="1.0" ?>
<CommonRoadSolution benchmark_id="KS2:SM1:DEU_Guetersloh-16_2_T-1:2020a" computation_time="1.5744790520000151" date="2020-12-29">
  <ksTrajectory planningProblem="1">
    <ksState>
      <x>71.145059</x>
      <y>310.40833</y>
      <steeringAngle>0.0</steeringAngle>
      <velocity>8.0</velocity>
      <orientation>0.024698916</orientation>
      <time>0</time>
    </ksState>
    <ksState>
      <x>71.94502021765422</x>
      <y>310.4295589716034</y>
      <steeringAngle>0.03553333333333333</steeringAngle>
      <velocity>8.0</velocity>
      <orientation>0.030211451002838778</orientation>
      <time>1</time>
    </ksState>
    <ksState>
      <x>72.74469056249272</x>
      <y>310.45960949871863</y>
      <steeringAngle>0.07106666666666667</steeringAngle>
      <velocity>8.0</velocity>
      <orientation>0.04676297188310842</orientation>
      <time>2</time>
    </ksState>
    <ksState>
      <x>73.54348587885221</x>
      <y>310.50731286084743</y>
      <steeringAngle>0.10659999999999997</steeringAngle>
      <velocity>8.0</velocity>
      <orientation>0.07439545117380332</orientation>
      <time>3</time>
    </ksState>
    <ksState>
      <x>74.34023287450552</x>
      <y>310.58150364257483</y>
      <steeringAngle>0.1421333333333333</steeringAngle>
      <velocity>8.0</velocity>
      <orientation>0.11317930344653825</orientation>
      <time>4</time>
    </ksState>
    <ksState>
      <x>75.1328686925964</x>
      <y>310.69098051826757</y>
      <steeringAngle>0.17766666666666667</steeringAngle>
      <velocity>8.0</velocity>
      <orientation>0.16321411569569294</orientation>
      <time>5</time>
    </ksState>
    <ksState>
      <x>75.87941777458147</x>
      <y>310.8329492457734</y>
      <steeringAngle>0.1421333333333334</steeringAngle>
      <velocity>7.2</velocity>
      <orientation>0.21084143744132988</orientation>
      <time>6</time>
    </ksState>
    <ksState>
      <x>76.54176422177675</x>
      <y>310.9867509184155</y>
      <steeringAngle>0.10660000000000011</steeringAngle>
      <velocity>6.4</velocity>
      <orientation>0.24390100788929783</orientation>
      <time>7</time>
    </ksState>
    <ksState>
      <x>77.12235115982058</x>
      <y>311.1380973507834</y>
      <steeringAngle>0.07106666666666674</steeringAngle>
      <velocity>5.600000000000001</velocity>
      <orientation>0.2647179561831863</orientation>
      <time>8</time>
    </ksState>
    <ksState>
      <x>77.62340657202503</x>
      <y>311.27716852085564</y>
      <steeringAngle>0.03553333333333339</steeringAngle>
      <velocity>4.800000000000001</velocity>
      <orientation>0.2755685658408492</orientation>
      <time>9</time>
    </ksState>
    <ksState>
      <x>78.04655716529531</x>
      <y>311.39776456222484</y>
      <steeringAngle>5.5294310796760726e-17</steeringAngle>
      <velocity>4.0</velocity>
      <orientation>0.2786923416780147</orientation>
      <time>10</time>
    </ksState>
    <ksState>
      <x>78.43112356340869</x>
      <y>311.5078040344251</y>
      <steeringAngle>0.0</steeringAngle>
      <velocity>4.0</velocity>
      <orientation>0.2786923416780147</orientation>
      <time>11</time>
    </ksState>
    <ksState>
      <x>78.81568996152207</x>
      <y>311.61784350662526</y>
      <steeringAngle>0.0</steeringAngle>
      <velocity>4.0</velocity>
      <orientation>0.2786923416780147</orientation>
      <time>12</time>
    </ksState>
    <ksState>
      <x>79.20025635963545</x>
      <y>311.7278829788255</y>
      <steeringAngle>0.0</steeringAngle>
      <velocity>4.0</velocity>
      <orientation>0.2786923416780147</orientation>
      <time>13</time>
    </ksState>
    <ksState>
      <x>79.58482275774882</x>
      <y>311.8379224510257</y>
      <steeringAngle>0.0</steeringAngle>
      <velocity>4.0</velocity>
      <orientation>0.2786923416780147</orientation>
      <time>14</time>
    </ksState>
    <ksState>
      <x>79.9693891558622</x>
      <y>311.94796192322593</y>
      <steeringAngle>0.0</steeringAngle>
      <velocity>4.0</velocity>
      <orientation>0.2786923416780147</orientation>
      <time>15</time>
    </ksState>
    <ksState>
      <x>80.39253975712062</x>
      <y>312.06855794300435</y>
      <steeringAngle>-0.035533333333333326</steeringAngle>
      <velocity>4.799999999999999</velocity>
      <orientation>0.2755685630088239</orientation>
      <time>16</time>
    </ksState>
    <ksState>
      <x>80.8935951737315</x>
      <y>312.2076291038578</y>
      <steeringAngle>-0.07106666666666667</steeringAngle>
      <velocity>5.599999999999998</velocity>
      <orientation>0.26471795194765113</orientation>
      <time>17</time>
    </ksState>
    <ksState>
      <x>81.47418211381631</x>
      <y>312.35897552884006</y>
      <steeringAngle>-0.10659999999999999</steeringAngle>
      <velocity>6.3999999999999995</velocity>
      <orientation>0.24390100294732311</orientation>
      <time>18</time>
    </ksState>
    <ksState>
      <x>82.13652855736848</x>
      <y>312.5127771903104</y>
      <steeringAngle>-0.14213333333333333</steeringAngle>
      <velocity>7.199999999999999</velocity>
      <orientation>0.21084143196615796</orientation>
      <time>19</time>
    </ksState>
    <ksState>
      <x>82.8830776205252</x>
      <y>312.65474590151695</y>
      <steeringAngle>-0.17766666666666664</steeringAngle>
      <velocity>7.9999999999999964</velocity>
      <orientation>0.16321410988461132</orientation>
      <time>20</time>
    </ksState>
    <ksState>
      <x>83.67547124202898</x>
      <y>312.76419334642014</y>
      <steeringAngle>-0.14213333333333336</steeringAngle>
      <velocity>8.0</velocity>
      <orientation>0.11317929833586289</orientation>
      <time>21</time>
    </ksState>
    <ksState>
      <x>84.47197495348526</x>
      <y>312.83836550467794</y>
      <steeringAngle>-0.1066000000000001</steeringAngle>
      <velocity>8.0</velocity>
      <orientation>0.07439544632886555</orientation>
      <time>22</time>
    </ksState>
    <ksState>
      <x>85.27052649401645</x>
      <y>312.8860583303293</y>
      <steeringAngle>-0.07106666666666674</steeringAngle>
      <velocity>8.0</velocity>
      <orientation>0.04676296729917864</orientation>
      <time>23</time>
    </ksState>
    <ksState>
      <x>86.06995288489045</x>
      <y>312.91610370888714</y>
      <steeringAngle>-0.035533333333333354</steeringAngle>
      <velocity>8.0</velocity>
      <orientation>0.0302114466701493</orientation>
      <time>24</time>
    </ksState>
    <ksState>
      <x>86.86967014798948</x>
      <y>312.93733022600446</y>
      <steeringAngle>-2.0816681711721685e-17</steeringAngle>
      <velocity>8.0</velocity>
      <orientation>0.02469892021174447</orientation>
      <time>25</time>
    </ksState>
    <ksState>
      <x>87.62967014726259</x>
      <y>312.95610140534745</y>
      <steeringAngle>0.0</steeringAngle>
      <velocity>7.200000000000001</velocity>
      <orientation>0.02469892021174447</orientation>
      <time>26</time>
    </ksState>
    <ksState>
      <x>88.3096701462414</x>
      <y>312.9728966710662</y>
      <steeringAngle>0.0</steeringAngle>
      <velocity>6.400000000000001</velocity>
      <orientation>0.02469892021174447</orientation>
      <time>27</time>
    </ksState>
    <ksState>
      <x>88.90967014512604</x>
      <y>312.9877160231657</y>
      <steeringAngle>0.0</steeringAngle>
      <velocity>5.600000000000001</velocity>
      <orientation>0.02469892021174447</orientation>
      <time>28</time>
    </ksState>
    <ksState>
      <x>89.42967014397307</x>
      <y>313.0005594616473</y>
      <steeringAngle>0.0</steeringAngle>
      <velocity>4.800000000000001</velocity>
      <orientation>0.02469892021174447</orientation>
      <time>29</time>
    </ksState>
    <ksState>
      <x>89.86967014280323</x>
      <y>313.0114269865116</y>
      <steeringAngle>0.0</steeringAngle>
      <velocity>4.000000000000001</velocity>
      <orientation>0.02469892021174447</orientation>
      <time>30</time>
    </ksState>
    <ksState>
      <x>90.22967014177556</x>
      <y>313.0203185977624</y>
      <steeringAngle>0.0</steeringAngle>
      <velocity>3.2</velocity>
      <orientation>0.02469892021174447</orientation>
      <time>31</time>
    </ksState>
    <ksState>
      <x>90.509670140646</x>
      <y>313.02723429539384</y>
      <steeringAngle>0.0</steeringAngle>
      <velocity>2.4000000000000004</velocity>
      <orientation>0.02469892021174447</orientation>
      <time>32</time>
    </ksState>
    <ksState>
      <x>90.70967013951645</x>
      <y>313.03217407940826</y>
      <steeringAngle>0.0</steeringAngle>
      <velocity>1.6</velocity>
      <orientation>0.02469892021174447</orientation>
      <time>33</time>
    </ksState>
  </ksTrajectory>
</CommonRoadSolution>
