<?xml version="1.0" ?>
<CommonRoadSolution benchmark_id="KS2:SM1:ITA_Empoli-7_3_T-1:2020a" computation_time="0.7850728059997891" date="2020-12-29">
  <ksTrajectory planningProblem="1">
    <ksState>
      <x>166.36883</x>
      <y>-610.18873</y>
      <steeringAngle>0.0</steeringAngle>
      <velocity>8.0</velocity>
      <orientation>0.4788307</orientation>
      <time>0</time>
    </ksState>
    <ksState>
      <x>167.0439495657551</x>
      <y>-609.8397139299302</y>
      <steeringAngle>-0.03553333333333333</steeringAngle>
      <velocity>7.199999999999999</velocity>
      <orientation>0.4736856870175077</orientation>
      <time>1</time>
    </ksState>
    <ksState>
      <x>167.6509852204203</x>
      <y>-609.533282617584</y>
      <steeringAngle>-0.07106666666666664</steeringAngle>
      <velocity>6.400000000000001</velocity>
      <orientation>0.4597090148965446</orientation>
      <time>2</time>
    </ksState>
    <ksState>
      <x>168.1912212048618</x>
      <y>-609.2722609707439</y>
      <steeringAngle>-0.10659999999999997</steeringAngle>
      <velocity>5.600000000000004</velocity>
      <orientation>0.4390772470306632</orientation>
      <time>3</time>
    </ksState>
    <ksState>
      <x>168.66449226253886</x>
      <y>-609.0568536947626</y>
      <steeringAngle>-0.1421333333333333</steeringAngle>
      <velocity>4.800000000000003</velocity>
      <orientation>0.4139610395220149</orientation>
      <time>4</time>
    </ksState>
    <ksState>
      <x>169.06961503289128</x>
      <y>-608.8852045921562</y>
      <steeringAngle>-0.17766666666666653</steeringAngle>
      <velocity>4.000000000000006</velocity>
      <orientation>0.3865361429368651</orientation>
      <time>5</time>
    </ksState>
    <ksState>
      <x>169.4420194994468</x>
      <y>-608.7392369253622</y>
      <steeringAngle>-0.1421333333333333</steeringAngle>
      <velocity>4.0</velocity>
      <orientation>0.3615187365923418</orientation>
      <time>6</time>
    </ksState>
    <ksState>
      <x>169.81757631271444</x>
      <y>-608.6015704540247</y>
      <steeringAngle>-0.10659999999999999</steeringAngle>
      <velocity>4.0</velocity>
      <orientation>0.3421268103015912</orientation>
      <time>7</time>
    </ksState>
    <ksState>
      <x>170.19536952751704</x>
      <y>-608.4701560992773</y>
      <steeringAngle>-0.07106666666666664</steeringAngle>
      <velocity>4.0</velocity>
      <orientation>0.3283105705666383</orientation>
      <time>8</time>
    </ksState>
    <ksState>
      <x>170.57459290362294</x>
      <y>-608.342921245181</y>
      <steeringAngle>-0.03553333333333332</steeringAngle>
      <velocity>4.0</velocity>
      <orientation>0.32003481010437296</orientation>
      <time>9</time>
    </ksState>
    <ksState>
      <x>170.95451315267255</x>
      <y>-608.217779357663</y>
      <steeringAngle>2.2985086056692694e-17</steeringAngle>
      <velocity>4.0</velocity>
      <orientation>0.3172785468095326</orientation>
      <time>10</time>
    </ksState>
    <ksState>
      <x>171.33443338803758</x>
      <y>-608.0926374722515</y>
      <steeringAngle>0.035533333333333326</steeringAngle>
      <velocity>4.0</velocity>
      <orientation>0.320034821342133</orientation>
      <time>11</time>
    </ksState>
    <ksState>
      <x>171.71365676294064</x>
      <y>-607.965402614468</y>
      <steeringAngle>0.07106666666666711</steeringAngle>
      <velocity>4.0</velocity>
      <orientation>0.3283105818854184</orientation>
      <time>12</time>
    </ksState>
    <ksState>
      <x>172.09144997622127</x>
      <y>-607.8339882556991</y>
      <steeringAngle>0.10660000000000043</steeringAngle>
      <velocity>4.0</velocity>
      <orientation>0.3421268217045553</orientation>
      <time>13</time>
    </ksState>
    <ksState>
      <x>172.46700678752921</x>
      <y>-607.6963217802071</y>
      <steeringAngle>0.14213333333333378</steeringAngle>
      <velocity>4.0</velocity>
      <orientation>0.3615187480901011</orientation>
      <time>14</time>
    </ksState>
    <ksState>
      <x>172.83941125171668</x>
      <y>-607.5503541092907</y>
      <steeringAngle>0.1776666666666672</steeringAngle>
      <velocity>4.0</velocity>
      <orientation>0.3865361545414984</orientation>
      <time>15</time>
    </ksState>
    <ksState>
      <x>173.20790136475242</x>
      <y>-607.394769138761</y>
      <steeringAngle>0.1421333333333333</steeringAngle>
      <velocity>4.0</velocity>
      <orientation>0.41155356088602174</orientation>
      <time>16</time>
    </ksState>
    <ksState>
      <x>173.5728507916375</x>
      <y>-607.2310410314046</y>
      <steeringAngle>0.10659999999999999</steeringAngle>
      <velocity>4.0</velocity>
      <orientation>0.4309454871767723</orientation>
      <time>17</time>
    </ksState>
    <ksState>
      <x>173.93503487640703</x>
      <y>-607.0612760923735</y>
      <steeringAngle>0.07106666666666664</steeringAngle>
      <velocity>4.0</velocity>
      <orientation>0.4447617269117252</orientation>
      <time>18</time>
    </ksState>
    <ksState>
      <x>174.29532392326857</x>
      <y>-606.8875208628301</y>
      <steeringAngle>0.03553333333333332</steeringAngle>
      <velocity>4.0</velocity>
      <orientation>0.4530374873739906</orientation>
      <time>19</time>
    </ksState>
    <ksState>
      <x>174.65465017264117</x>
      <y>-606.7117809010648</y>
      <steeringAngle>-2.2985086056692694e-17</steeringAngle>
      <velocity>4.0</velocity>
      <orientation>0.45579375066883093</orientation>
      <time>20</time>
    </ksState>
    <ksState>
      <x>175.0499358078131</x>
      <y>-606.5185217539114</y>
      <steeringAngle>-0.035533333333333326</steeringAngle>
      <velocity>4.799999999999999</velocity>
      <orientation>0.4526699719996401</orientation>
      <time>21</time>
    </ksState>
    <ksState>
      <x>175.51865281345914</x>
      <y>-606.2933514030335</y>
      <steeringAngle>-0.07106666666666667</steeringAngle>
      <velocity>5.599999999999998</velocity>
      <orientation>0.44181936093846735</orientation>
      <time>22</time>
    </ksState>
    <ksState>
      <x>176.06349472965633</x>
      <y>-606.0420861612938</y>
      <steeringAngle>-0.10659999999999999</steeringAngle>
      <velocity>6.3999999999999995</velocity>
      <orientation>0.42100241193813936</orientation>
      <time>23</time>
    </ksState>
    <ksState>
      <x>176.6883847510789</x>
      <y>-605.7739999373215</y>
      <steeringAngle>-0.14213333333333333</steeringAngle>
      <velocity>7.199999999999999</velocity>
      <orientation>0.3879428409569742</orientation>
      <time>24</time>
    </ksState>
    <ksState>
      <x>177.39824503064867</x>
      <y>-605.5027270080584</y>
      <steeringAngle>-0.17766666666666664</steeringAngle>
      <velocity>7.9999999999999964</velocity>
      <orientation>0.34031551887542755</orientation>
      <time>25</time>
    </ksState>
    <ksState>
      <x>178.12103446437197</x>
      <y>-605.2681195411418</y>
      <steeringAngle>-0.17766666666666667</steeringAngle>
      <velocity>7.2</velocity>
      <orientation>0.2873995914310502</orientation>
      <time>26</time>
    </ksState>
    <ksState>
      <x>178.77746228733474</x>
      <y>-605.090873560409</y>
      <steeringAngle>-0.17766666666666667</steeringAngle>
      <velocity>6.4</velocity>
      <orientation>0.240053761638239</orientation>
      <time>27</time>
    </ksState>
    <ksState>
      <x>179.3630671769239</x>
      <y>-604.9604337031864</y>
      <steeringAngle>-0.17766666666666667</steeringAngle>
      <velocity>5.599999999999999</velocity>
      <orientation>0.19827802948305423</orientation>
      <time>28</time>
    </ksState>
    <ksState>
      <x>179.87462163755384</x>
      <y>-604.8672537933742</y>
      <steeringAngle>-0.17766666666666667</steeringAngle>
      <velocity>4.799999999999999</velocity>
      <orientation>0.16207239496153975</orientation>
      <time>29</time>
    </ksState>
    <ksState>
      <x>180.30987499306593</x>
      <y>-604.8029158197104</y>
      <steeringAngle>-0.17766666666666667</steeringAngle>
      <velocity>4.0</velocity>
      <orientation>0.13143685807220973</orientation>
      <time>30</time>
    </ksState>
    <ksState>
      <x>180.6673237580723</x>
      <y>-604.7602122547245</y>
      <steeringAngle>-0.17766666666666667</steeringAngle>
      <velocity>3.2000000000000006</velocity>
      <orientation>0.10637141880403214</orientation>
      <time>31</time>
    </ksState>
    <ksState>
      <x>180.94601330019466</x>
      <y>-604.733200122373</y>
      <steeringAngle>-0.17766666666666667</steeringAngle>
      <velocity>2.4000000000000012</velocity>
      <orientation>0.08687607717400236</orientation>
      <time>32</time>
    </ksState>
    <ksState>
      <x>181.1453734124955</x>
      <y>-604.7172345758382</y>
      <steeringAngle>-0.17766666666666667</steeringAngle>
      <velocity>1.6000000000000005</velocity>
      <orientation>0.07295083317502138</orientation>
      <time>33</time>
    </ksState>
  </ksTrajectory>
</CommonRoadSolution>
