<?xml version="1.0" ?>
<CommonRoadSolution benchmark_id="KS2:SM1:PRI_Barceloneta-3_1_T-1:2020a" computation_time="1.4698010000001887" date="2020-12-29">
  <ksTrajectory planningProblem="1">
    <ksState>
      <x>44.839951</x>
      <y>-507.40946</y>
      <steeringAngle>0.0</steeringAngle>
      <velocity>4.0</velocity>
      <orientation>1.2213057</orientation>
      <time>0</time>
    </ksState>
    <ksState>
      <x>44.9906154799009</x>
      <y>-506.9960592073054</y>
      <steeringAngle>0.0</steeringAngle>
      <velocity>4.8</velocity>
      <orientation>1.2213057</orientation>
      <time>1</time>
    </ksState>
    <ksState>
      <x>45.16867350155348</x>
      <y>-506.50749463425393</y>
      <steeringAngle>0.0</steeringAngle>
      <velocity>5.6</velocity>
      <orientation>1.2213057</orientation>
      <time>2</time>
    </ksState>
    <ksState>
      <x>45.374125064952246</x>
      <y>-505.9437662808606</y>
      <steeringAngle>0.0</steeringAngle>
      <velocity>6.4</velocity>
      <orientation>1.2213057</orientation>
      <time>3</time>
    </ksState>
    <ksState>
      <x>45.606970170093994</x>
      <y>-505.3048741471342</y>
      <steeringAngle>0.0</steeringAngle>
      <velocity>7.199999999999999</velocity>
      <orientation>1.2213057</orientation>
      <time>4</time>
    </ksState>
    <ksState>
      <x>45.86720881697673</x>
      <y>-504.5908182330803</y>
      <steeringAngle>0.0</steeringAngle>
      <velocity>7.999999999999998</velocity>
      <orientation>1.2213057</orientation>
      <time>5</time>
    </ksState>
    <ksState>
      <x>46.142524426527594</x>
      <y>-503.83968607966466</y>
      <steeringAngle>-0.03553333333333333</steeringAngle>
      <velocity>8.0</velocity>
      <orientation>1.2157931649971612</orientation>
      <time>6</time>
    </ksState>
    <ksState>
      <x>46.42610501916208</x>
      <y>-503.091643749495</y>
      <steeringAngle>-0.07106666666666667</steeringAngle>
      <velocity>8.0</velocity>
      <orientation>1.1992416441168916</orientation>
      <time>7</time>
    </ksState>
    <ksState>
      <x>46.726131227971585</x>
      <y>-502.3500620319462</y>
      <steeringAngle>-0.10659999999999997</steeringAngle>
      <velocity>8.0</velocity>
      <orientation>1.1716091648261968</orientation>
      <time>8</time>
    </ksState>
    <ksState>
      <x>47.05059887169661</x>
      <y>-501.61887093447245</y>
      <steeringAngle>-0.1421333333333333</steeringAngle>
      <velocity>8.0</velocity>
      <orientation>1.1328253125534617</orientation>
      <time>9</time>
    </ksState>
    <ksState>
      <x>47.40718595888526</x>
      <y>-500.90283180574863</y>
      <steeringAngle>-0.17766666666666667</steeringAngle>
      <velocity>8.0</velocity>
      <orientation>1.082790500304307</orientation>
      <time>10</time>
    </ksState>
    <ksState>
      <x>47.80175886956424</x>
      <y>-500.20702526659966</y>
      <steeringAngle>-0.17766666666666667</steeringAngle>
      <velocity>8.0</velocity>
      <orientation>1.0270895239937952</orientation>
      <time>11</time>
    </ksState>
    <ksState>
      <x>48.23445692117121</x>
      <y>-499.5342645531859</y>
      <steeringAngle>-0.17766666666666667</steeringAngle>
      <velocity>8.0</velocity>
      <orientation>0.9713885476832835</orientation>
      <time>12</time>
    </ksState>
    <ksState>
      <x>48.70393795562419</x>
      <y>-498.88663646294805</y>
      <steeringAngle>-0.17766666666666667</steeringAngle>
      <velocity>8.0</velocity>
      <orientation>0.9156875713727718</orientation>
      <time>13</time>
    </ksState>
    <ksState>
      <x>49.20874573828521</x>
      <y>-498.26614980644246</y>
      <steeringAngle>-0.17766666666666667</steeringAngle>
      <velocity>8.0</velocity>
      <orientation>0.8599865950622599</orientation>
      <time>14</time>
    </ksState>
    <ksState>
      <x>49.74731445891712</x>
      <y>-497.67472920691415</y>
      <steeringAngle>-0.17766666666666667</steeringAngle>
      <velocity>8.0</velocity>
      <orientation>0.8042856187517482</orientation>
      <time>15</time>
    </ksState>
    <ksState>
      <x>50.316927061160364</x>
      <y>-497.11311734988</y>
      <steeringAngle>-0.14213333333333336</steeringAngle>
      <velocity>8.0</velocity>
      <orientation>0.7542508072029998</orientation>
      <time>16</time>
    </ksState>
    <ksState>
      <x>50.9109302628987</x>
      <y>-496.57731900371897</y>
      <steeringAngle>-0.1066000000000001</steeringAngle>
      <velocity>8.0</velocity>
      <orientation>0.7154669551960025</orientation>
      <time>17</time>
    </ksState>
    <ksState>
      <x>51.52241079367696</x>
      <y>-496.0615179480953</y>
      <steeringAngle>-0.07106666666666674</steeringAngle>
      <velocity>8.0</velocity>
      <orientation>0.6878344761663155</orientation>
      <time>18</time>
    </ksState>
    <ksState>
      <x>52.14514661403363</x>
      <y>-495.559337325965</y>
      <steeringAngle>-0.035533333333333354</steeringAngle>
      <velocity>8.0</velocity>
      <orientation>0.6712829555372861</orientation>
      <time>19</time>
    </ksState>
    <ksState>
      <x>52.7733897157249</x>
      <y>-495.0640506704766</y>
      <steeringAngle>-2.0816681711721685e-17</steeringAngle>
      <velocity>8.0</velocity>
      <orientation>0.6657704290788813</orientation>
      <time>20</time>
    </ksState>
    <ksState>
      <x>53.371881455586404</x>
      <y>-494.5956424270075</y>
      <steeringAngle>-0.03553333333333333</steeringAngle>
      <velocity>7.199999999999999</velocity>
      <orientation>0.6606254160963889</orientation>
      <time>21</time>
    </ksState>
    <ksState>
      <x>53.91138996696921</x>
      <y>-494.1817305989975</y>
      <steeringAngle>-0.07106666666666664</steeringAngle>
      <velocity>6.400000000000001</velocity>
      <orientation>0.6466487439754258</orientation>
      <time>22</time>
    </ksState>
    <ksState>
      <x>54.39370213324249</x>
      <y>-493.82485219776066</y>
      <steeringAngle>-0.10659999999999997</steeringAngle>
      <velocity>5.600000000000004</velocity>
      <orientation>0.6260169761095444</orientation>
      <time>23</time>
    </ksState>
    <ksState>
      <x>54.81869362209826</x>
      <y>-493.5252390755837</y>
      <steeringAngle>-0.1421333333333333</steeringAngle>
      <velocity>4.800000000000003</velocity>
      <orientation>0.6009007686008963</orientation>
      <time>24</time>
    </ksState>
    <ksState>
      <x>55.18485671043289</x>
      <y>-493.2812873052995</y>
      <steeringAngle>-0.17766666666666653</steeringAngle>
      <velocity>4.000000000000006</velocity>
      <orientation>0.5734758720157465</orientation>
      <time>25</time>
    </ksState>
    <ksState>
      <x>55.55781340539614</x>
      <y>-493.0478538476957</y>
      <steeringAngle>-0.14213333333333333</steeringAngle>
      <velocity>4.8000000000000025</velocity>
      <orientation>0.5460509722973941</orientation>
      <time>26</time>
    </ksState>
    <ksState>
      <x>56.00570046095531</x>
      <y>-492.78368917096196</y>
      <steeringAngle>-0.10660000000000003</steeringAngle>
      <velocity>5.600000000000005</velocity>
      <orientation>0.5209347600184762</orientation>
      <time>27</time>
    </ksState>
    <ksState>
      <x>56.52935980698656</x>
      <y>-492.4908272387037</y>
      <steeringAngle>-0.07106666666666671</steeringAngle>
      <velocity>6.400000000000004</velocity>
      <orientation>0.5003029904190166</orientation>
      <time>28</time>
    </ksState>
    <ksState>
      <x>57.12852896574483</x>
      <y>-492.16928601593713</y>
      <steeringAngle>-0.035533333333333375</steeringAngle>
      <velocity>7.200000000000006</velocity>
      <orientation>0.48632632232622436</orientation>
      <time>29</time>
    </ksState>
    <ksState>
      <x>57.80163030847637</x>
      <y>-491.8163933541462</y>
      <steeringAngle>-2.6346112791397758e-17</steeringAngle>
      <velocity>8.000000000000007</velocity>
      <orientation>0.48118130954665594</orientation>
      <time>30</time>
    </ksState>
    <ksState>
      <x>58.47592760934049</x>
      <y>-491.46579130726167</y>
      <steeringAngle>-0.03553333333333333</steeringAngle>
      <velocity>7.199999999999999</velocity>
      <orientation>0.47603629656416363</orientation>
      <time>31</time>
    </ksState>
    <ksState>
      <x>59.082241287254746</x>
      <y>-491.1579339389965</y>
      <steeringAngle>-0.07106666666666664</steeringAngle>
      <velocity>6.400000000000001</velocity>
      <orientation>0.46205962444320053</orientation>
      <time>32</time>
    </ksState>
    <ksState>
      <x>59.621862219786415</x>
      <y>-490.895643130583</y>
      <steeringAngle>-0.10659999999999997</steeringAngle>
      <velocity>5.600000000000004</velocity>
      <orientation>0.44142785657731914</orientation>
      <time>33</time>
    </ksState>
  </ksTrajectory>
</CommonRoadSolution>
