<?xml version="1.0" ?>
<CommonRoadSolution benchmark_id="KS2:SM1:ESP_Berga-4_4_T-1:2020a" computation_time="0.9077808059996642" date="2020-12-29">
  <ksTrajectory planningProblem="1">
    <ksState>
      <x>-595.77995</x>
      <y>-4.9193783</y>
      <steeringAngle>0.0</steeringAngle>
      <velocity>4.0</velocity>
      <orientation>-2.3019091</orientation>
      <time>0</time>
    </ksState>
    <ksState>
      <x>-596.0733906861107</x>
      <y>-5.247238628595397</y>
      <steeringAngle>0.035533333333333326</steeringAngle>
      <velocity>4.799999999999999</velocity>
      <orientation>-2.298785321330809</orientation>
      <time>1</time>
    </ksState>
    <ksState>
      <x>-596.4175033614933</x>
      <y>-5.637089606453793</y>
      <steeringAngle>0.07106666666666667</steeringAngle>
      <velocity>5.599999999999998</velocity>
      <orientation>-2.2879347102696364</orientation>
      <time>2</time>
    </ksState>
    <ksState>
      <x>-596.8074230137739</x>
      <y>-6.0931045186193264</y>
      <steeringAngle>0.10659999999999999</steeringAngle>
      <velocity>6.3999999999999995</velocity>
      <orientation>-2.2671177612693083</orientation>
      <time>3</time>
    </ksState>
    <ksState>
      <x>-597.2352915394582</x>
      <y>-6.621579955215997</y>
      <steeringAngle>0.14213333333333333</steeringAngle>
      <velocity>7.199999999999999</velocity>
      <orientation>-2.234058190288143</orientation>
      <time>4</time>
    </ksState>
    <ksState>
      <x>-597.6893262554213</x>
      <y>-7.230959225754585</y>
      <steeringAngle>0.17766666666666664</steeringAngle>
      <velocity>7.9999999999999964</velocity>
      <orientation>-2.1864308682065965</orientation>
      <time>5</time>
    </ksState>
    <ksState>
      <x>-598.1104680118436</x>
      <y>-7.863475124041152</y>
      <steeringAngle>0.21320000000000014</steeringAngle>
      <velocity>7.200000000000003</velocity>
      <orientation>-2.1281815411351035</orientation>
      <time>6</time>
    </ksState>
    <ksState>
      <x>-598.4525613458115</x>
      <y>-8.451033200858273</y>
      <steeringAngle>0.24873333333333347</steeringAngle>
      <velocity>6.400000000000004</velocity>
      <orientation>-2.066264453649324</orientation>
      <time>7</time>
    </ksState>
    <ksState>
      <x>-598.7213000206046</x>
      <y>-8.987371641078168</y>
      <steeringAngle>0.2842666666666668</steeringAngle>
      <velocity>5.600000000000001</velocity>
      <orientation>-2.002842310885403</orientation>
      <time>8</time>
    </ksState>
    <ksState>
      <x>-598.9244038218477</x>
      <y>-9.465974005815443</y>
      <steeringAngle>0.3198</steeringAngle>
      <velocity>4.800000000000002</velocity>
      <orientation>-1.9401132111434505</orientation>
      <time>9</time>
    </ksState>
    <ksState>
      <x>-599.0711115059984</x>
      <y>-9.880725999420756</y>
      <steeringAngle>0.3553333333333332</steeringAngle>
      <velocity>4.000000000000001</velocity>
      <orientation>-1.8803233770952357</orientation>
      <time>10</time>
    </ksState>
    <ksState>
      <x>-599.1823268083585</x>
      <y>-10.264902563260064</y>
      <steeringAngle>0.31979999999999986</steeringAngle>
      <velocity>4.0</velocity>
      <orientation>-1.825875177901856</orientation>
      <time>11</time>
    </ksState>
    <ksState>
      <x>-599.2736684269969</x>
      <y>-10.654293839716495</y>
      <steeringAngle>0.28426666666666656</steeringAngle>
      <velocity>4.0</velocity>
      <orientation>-1.7775444984205988</orientation>
      <time>12</time>
    </ksState>
    <ksState>
      <x>-599.3472733964855</x>
      <y>-11.047432986382145</y>
      <steeringAngle>0.2487333333333332</steeringAngle>
      <velocity>4.0</velocity>
      <orientation>-1.7351972646977236</orientation>
      <time>13</time>
    </ksState>
    <ksState>
      <x>-599.4053350245379</x>
      <y>-11.443174183089827</y>
      <steeringAngle>0.21319999999999986</steeringAngle>
      <velocity>4.0</velocity>
      <orientation>-1.698718423624096</orientation>
      <time>14</time>
    </ksState>
    <ksState>
      <x>-599.4500758044617</x>
      <y>-11.840648307374758</y>
      <steeringAngle>0.1776666666666665</steeringAngle>
      <velocity>4.0</velocity>
      <orientation>-1.6680106409752682</orientation>
      <time>15</time>
    </ksState>
    <ksState>
      <x>-599.486545914773</x>
      <y>-12.279120434767888</y>
      <steeringAngle>0.14213333333333333</steeringAngle>
      <velocity>4.8000000000000025</velocity>
      <orientation>-1.6405857412569158</orientation>
      <time>16</time>
    </ksState>
    <ksState>
      <x>-599.5159747507835</x>
      <y>-12.798273335734809</y>
      <steeringAngle>0.10660000000000003</steeringAngle>
      <velocity>5.600000000000005</velocity>
      <orientation>-1.615469528977998</orientation>
      <time>17</time>
    </ksState>
    <ksState>
      <x>-599.5361687072633</x>
      <y>-13.39792275512385</y>
      <steeringAngle>0.07106666666666671</steeringAngle>
      <velocity>6.400000000000004</velocity>
      <orientation>-1.5948377593785383</orientation>
      <time>18</time>
    </ksState>
    <ksState>
      <x>-599.5472321539733</x>
      <y>-14.077827188770375</y>
      <steeringAngle>0.035533333333333375</steeringAngle>
      <velocity>7.200000000000006</velocity>
      <orientation>-1.5808610912857461</orientation>
      <time>19</time>
    </ksState>
    <ksState>
      <x>-599.5522631491715</x>
      <y>-14.837809647397005</y>
      <steeringAngle>2.6346112791397758e-17</steeringAngle>
      <velocity>8.000000000000007</velocity>
      <orientation>-1.5757160785061777</orientation>
      <time>20</time>
    </ksState>
    <ksState>
      <x>-599.5560021453854</x>
      <y>-15.597800449185055</y>
      <steeringAngle>0.0</steeringAngle>
      <velocity>7.200000000000001</velocity>
      <orientation>-1.5757160785061777</orientation>
      <time>21</time>
    </ksState>
    <ksState>
      <x>-599.5593475630486</x>
      <y>-16.277792218835128</y>
      <steeringAngle>0.0</steeringAngle>
      <velocity>6.400000000000001</velocity>
      <orientation>-1.5757160785061777</orientation>
      <time>22</time>
    </ksState>
    <ksState>
      <x>-599.5622994021621</x>
      <y>-16.877784956547355</y>
      <steeringAngle>0.0</steeringAngle>
      <velocity>5.600000000000001</velocity>
      <orientation>-1.5757160785061777</orientation>
      <time>23</time>
    </ksState>
    <ksState>
      <x>-599.5648576627262</x>
      <y>-17.397778662378297</y>
      <steeringAngle>0.0</steeringAngle>
      <velocity>4.800000000000001</velocity>
      <orientation>-1.5757160785061777</orientation>
      <time>24</time>
    </ksState>
    <ksState>
      <x>-599.5670223447412</x>
      <y>-17.837773336348693</y>
      <steeringAngle>0.0</steeringAngle>
      <velocity>4.000000000000001</velocity>
      <orientation>-1.5757160785061777</orientation>
      <time>25</time>
    </ksState>
    <ksState>
      <x>-599.5687218005623</x>
      <y>-18.277769862677786</y>
      <steeringAngle>0.035533333333333326</steeringAngle>
      <velocity>4.799999999999999</velocity>
      <orientation>-1.5725922998369868</orientation>
      <time>26</time>
    </ksState>
    <ksState>
      <x>-599.5671455721777</x>
      <y>-18.797764895154366</y>
      <steeringAngle>0.07106666666666667</steeringAngle>
      <velocity>5.599999999999998</velocity>
      <orientation>-1.561741688775814</orientation>
      <time>27</time>
    </ksState>
    <ksState>
      <x>-599.5558848742108</x>
      <y>-19.397648327191995</y>
      <steeringAngle>0.10659999999999999</steeringAngle>
      <velocity>6.3999999999999995</velocity>
      <orientation>-1.5409247397754862</orientation>
      <time>28</time>
    </ksState>
    <ksState>
      <x>-599.5248830299329</x>
      <y>-20.076910167728172</y>
      <steeringAngle>0.14213333333333333</steeringAngle>
      <velocity>7.199999999999999</velocity>
      <orientation>-1.507865168794321</orientation>
      <time>29</time>
    </ksState>
    <ksState>
      <x>-599.4597234423252</x>
      <y>-20.834039513880224</y>
      <steeringAngle>0.17766666666666664</steeringAngle>
      <velocity>7.9999999999999964</velocity>
      <orientation>-1.4602378467127743</orientation>
      <time>30</time>
    </ksState>
    <ksState>
      <x>-599.3559285873147</x>
      <y>-21.586828898176005</y>
      <steeringAngle>0.17766666666666667</steeringAngle>
      <velocity>7.2</velocity>
      <orientation>-1.407321919268397</orientation>
      <time>31</time>
    </ksState>
    <ksState>
      <x>-599.2294218028678</x>
      <y>-22.25489301031982</y>
      <steeringAngle>0.17766666666666667</steeringAngle>
      <velocity>6.4</velocity>
      <orientation>-1.3599760894755857</orientation>
      <time>32</time>
    </ksState>
    <ksState>
      <x>-599.0916476502154</x>
      <y>-22.838815887011492</y>
      <steeringAngle>0.17766666666666667</steeringAngle>
      <velocity>5.599999999999999</velocity>
      <orientation>-1.318200357320401</orientation>
      <time>33</time>
    </ksState>
  </ksTrajectory>
</CommonRoadSolution>
