<?xml version="1.0" ?>
<CommonRoadSolution benchmark_id="KS2:SM1:DEU_Lohmar-24_1_T-1:2020a" computation_time="1.606312522000053" date="2020-12-29">
  <ksTrajectory planningProblem="123">
    <ksState>
      <x>1.6353866</x>
      <y>-247.86094</y>
      <steeringAngle>0.0</steeringAngle>
      <velocity>16.0</velocity>
      <orientation>2.5077596</orientation>
      <time>0</time>
    </ksState>
    <ksState>
      <x>0.34616523275421107</x>
      <y>-246.9133597837455</y>
      <steeringAngle>0.0</steeringAngle>
      <velocity>16.0</velocity>
      <orientation>2.5077596</orientation>
      <time>1</time>
    </ksState>
    <ksState>
      <x>-0.9430561344915778</x>
      <y>-245.96577956749104</y>
      <steeringAngle>0.0</steeringAngle>
      <velocity>16.0</velocity>
      <orientation>2.5077596</orientation>
      <time>2</time>
    </ksState>
    <ksState>
      <x>-2.2322775017373657</x>
      <y>-245.01819935123655</y>
      <steeringAngle>0.0</steeringAngle>
      <velocity>16.0</velocity>
      <orientation>2.5077596</orientation>
      <time>3</time>
    </ksState>
    <ksState>
      <x>-3.5214988689831555</x>
      <y>-244.07061913498205</y>
      <steeringAngle>0.0</steeringAngle>
      <velocity>16.0</velocity>
      <orientation>2.5077596</orientation>
      <time>4</time>
    </ksState>
    <ksState>
      <x>-4.810720236228944</x>
      <y>-243.12303891872756</y>
      <steeringAngle>0.0</steeringAngle>
      <velocity>16.0</velocity>
      <orientation>2.5077596</orientation>
      <time>5</time>
    </ksState>
    <ksState>
      <x>-6.067711069023771</x>
      <y>-242.19914820807776</y>
      <steeringAngle>0.0</steeringAngle>
      <velocity>15.2</velocity>
      <orientation>2.5077596</orientation>
      <time>6</time>
    </ksState>
    <ksState>
      <x>-7.260240833015946</x>
      <y>-241.32263650856433</y>
      <steeringAngle>0.0</steeringAngle>
      <velocity>14.400000000000002</velocity>
      <orientation>2.5077596</orientation>
      <time>7</time>
    </ksState>
    <ksState>
      <x>-8.38830952850374</x>
      <y>-240.49350381996808</y>
      <steeringAngle>0.0</steeringAngle>
      <velocity>13.600000000000001</velocity>
      <orientation>2.5077596</orientation>
      <time>8</time>
    </ksState>
    <ksState>
      <x>-9.451917155577473</x>
      <y>-239.7117501422226</y>
      <steeringAngle>0.0</steeringAngle>
      <velocity>12.800000000000004</velocity>
      <orientation>2.5077596</orientation>
      <time>9</time>
    </ksState>
    <ksState>
      <x>-10.451063714265658</x>
      <y>-238.97737547530693</y>
      <steeringAngle>0.0</steeringAngle>
      <velocity>12.000000000000002</velocity>
      <orientation>2.5077596</orientation>
      <time>10</time>
    </ksState>
    <ksState>
      <x>-11.38394449603412</x>
      <y>-238.28793657899467</y>
      <steeringAngle>-0.03553333333333333</steeringAngle>
      <velocity>11.200000000000001</velocity>
      <orientation>2.499858326227656</orientation>
      <time>11</time>
    </ksState>
    <ksState>
      <x>-12.242639034117511</x>
      <y>-237.63295926353933</y>
      <steeringAngle>-0.07106666666666667</steeringAngle>
      <velocity>10.400000000000007</velocity>
      <orientation>2.477605895429166</orientation>
      <time>12</time>
    </ksState>
    <ksState>
      <x>-13.020139453928909</x>
      <y>-237.00415558504983</y>
      <steeringAngle>-0.10660000000000001</steeringAngle>
      <velocity>9.60000000000001</velocity>
      <orientation>2.4431578845444943</orientation>
      <time>13</time>
    </ksState>
    <ksState>
      <x>-13.71197629840677</x>
      <y>-236.3978371927193</y>
      <steeringAngle>-0.14213333333333344</steeringAngle>
      <velocity>8.800000000000008</velocity>
      <orientation>2.3986497524236494</orientation>
      <time>14</time>
    </ksState>
    <ksState>
      <x>-14.316018284810648</x>
      <y>-235.814252087315</y>
      <steeringAngle>-0.17766666666666675</steeringAngle>
      <velocity>8.000000000000009</velocity>
      <orientation>2.3462074546086678</orientation>
      <time>15</time>
    </ksState>
    <ksState>
      <x>-14.834405171353486</x>
      <y>-235.25858520215556</y>
      <steeringAngle>-0.1421333333333334</steeringAngle>
      <velocity>7.2</velocity>
      <orientation>2.2985801328630306</orientation>
      <time>16</time>
    </ksState>
    <ksState>
      <x>-15.277869815455741</x>
      <y>-234.74312726977797</y>
      <steeringAngle>-0.10660000000000011</steeringAngle>
      <velocity>6.4</velocity>
      <orientation>2.265520562415063</orientation>
      <time>17</time>
    </ksState>
    <ksState>
      <x>-15.656826055599193</x>
      <y>-234.27796159684632</y>
      <steeringAngle>-0.07106666666666674</steeringAngle>
      <velocity>5.600000000000001</velocity>
      <orientation>2.2447036141211743</orientation>
      <time>18</time>
    </ksState>
    <ksState>
      <x>-15.978873937637292</x>
      <y>-233.8696939418461</y>
      <steeringAngle>-0.03553333333333339</steeringAngle>
      <velocity>4.800000000000001</velocity>
      <orientation>2.2338530044635116</orientation>
      <time>19</time>
    </ksState>
    <ksState>
      <x>-16.24898928828067</x>
      <y>-233.52236480813323</y>
      <steeringAngle>-5.5294310796760726e-17</steeringAngle>
      <velocity>4.0</velocity>
      <orientation>2.230729228626346</orientation>
      <time>20</time>
    </ksState>
    <ksState>
      <x>-16.494504955989136</x>
      <y>-233.2065770097087</y>
      <steeringAngle>0.035533333333333326</steeringAngle>
      <velocity>4.0</velocity>
      <orientation>2.2334855031589465</orientation>
      <time>21</time>
    </ksState>
    <ksState>
      <x>-16.741757786556736</x>
      <y>-232.8921487748372</y>
      <steeringAngle>0.07106666666666711</steeringAngle>
      <velocity>4.0</velocity>
      <orientation>2.241761263702232</orientation>
      <time>22</time>
    </ksState>
    <ksState>
      <x>-16.992466630034997</x>
      <y>-232.58047182430462</y>
      <steeringAngle>0.10660000000000043</steeringAngle>
      <velocity>4.0</velocity>
      <orientation>2.2555775035213688</orientation>
      <time>23</time>
    </ksState>
    <ksState>
      <x>-17.248312725693424</x>
      <y>-232.27300190328708</y>
      <steeringAngle>0.14213333333333378</steeringAngle>
      <velocity>4.0</velocity>
      <orientation>2.2749694299069145</orientation>
      <time>24</time>
    </ksState>
    <ksState>
      <x>-17.51091828453276</x>
      <y>-231.9712901760271</y>
      <steeringAngle>0.1776666666666672</steeringAngle>
      <velocity>4.0</velocity>
      <orientation>2.299986836358312</orientation>
      <time>25</time>
    </ksState>
    <ksState>
      <x>-17.809055137679604</x>
      <y>-231.64771750186338</y>
      <steeringAngle>0.17766666666666667</steeringAngle>
      <velocity>4.800000000000002</velocity>
      <orientation>2.3306223734006464</orientation>
      <time>26</time>
    </ksState>
    <ksState>
      <x>-18.173974064674198</x>
      <y>-231.27730605487076</y>
      <steeringAngle>0.17766666666666667</steeringAngle>
      <velocity>5.600000000000001</velocity>
      <orientation>2.3668280080771864</orientation>
      <time>27</time>
    </ksState>
    <ksState>
      <x>-18.61136675595584</x>
      <y>-230.86665379347662</y>
      <steeringAngle>0.17766666666666667</steeringAngle>
      <velocity>6.3999999999999995</velocity>
      <orientation>2.4086037403868263</orientation>
      <time>28</time>
    </ksState>
    <ksState>
      <x>-19.127307710203933</x>
      <y>-230.42380104188348</y>
      <steeringAngle>0.17766666666666667</steeringAngle>
      <velocity>7.200000000000002</velocity>
      <orientation>2.455949570328923</orientation>
      <time>29</time>
    </ksState>
    <ksState>
      <x>-19.728011235347793</x>
      <y>-229.95837595969053</y>
      <steeringAngle>0.17766666666666667</steeringAngle>
      <velocity>8.0</velocity>
      <orientation>2.508865497903073</orientation>
      <time>30</time>
    </ksState>
    <ksState>
      <x>-20.385139202747784</x>
      <y>-229.50225182192048</y>
      <steeringAngle>0.14213333333333336</steeringAngle>
      <velocity>8.0</velocity>
      <orientation>2.5589003094518215</orientation>
      <time>31</time>
    </ksState>
    <ksState>
      <x>-21.061892878767015</x>
      <y>-229.07572616803938</y>
      <steeringAngle>0.1066000000000001</steeringAngle>
      <velocity>8.0</velocity>
      <orientation>2.597684161458819</orientation>
      <time>32</time>
    </ksState>
    <ksState>
      <x>-21.75245341473284</x>
      <y>-228.67188793969794</y>
      <steeringAngle>0.07106666666666674</steeringAngle>
      <velocity>8.0</velocity>
      <orientation>2.625316640488506</orientation>
      <time>33</time>
    </ksState>
    <ksState>
      <x>-22.45177875648638</x>
      <y>-228.28339167770844</y>
      <steeringAngle>0.035533333333333354</steeringAngle>
      <velocity>8.0</velocity>
      <orientation>2.641868161117535</orientation>
      <time>34</time>
    </ksState>
    <ksState>
      <x>-23.155353606999643</x>
      <y>-227.9026283711087</y>
      <steeringAngle>2.0816681711721685e-17</steeringAngle>
      <velocity>8.0</velocity>
      <orientation>2.64738068757594</orientation>
      <time>35</time>
    </ksState>
    <ksState>
      <x>-23.85892841864451</x>
      <y>-227.52186508351906</y>
      <steeringAngle>-0.03553333333333333</steeringAngle>
      <velocity>8.0</velocity>
      <orientation>2.641868152573101</orientation>
      <time>36</time>
    </ksState>
    <ksState>
      <x>-24.558253759164792</x>
      <y>-227.13336881796323</y>
      <steeringAngle>-0.07106666666666667</steeringAngle>
      <velocity>8.0</velocity>
      <orientation>2.6253166316928316</orientation>
      <time>37</time>
    </ksState>
    <ksState>
      <x>-25.248814293166234</x>
      <y>-226.7295305846881</y>
      <steeringAngle>-0.10659999999999997</steeringAngle>
      <velocity>8.0</velocity>
      <orientation>2.5976841524021363</orientation>
      <time>38</time>
    </ksState>
    <ksState>
      <x>-25.925567966481132</x>
      <y>-226.30300492484548</y>
      <steeringAngle>-0.1421333333333333</steeringAngle>
      <velocity>8.0</velocity>
      <orientation>2.5589003001294017</orientation>
      <time>39</time>
    </ksState>
    <ksState>
      <x>-26.582695907985592</x>
      <y>-225.84688076071097</y>
      <steeringAngle>-0.17766666666666667</steeringAngle>
      <velocity>8.0</velocity>
      <orientation>2.508865487880247</orientation>
      <time>40</time>
    </ksState>
    <ksState>
      <x>-27.215267057657105</x>
      <y>-225.3572685312896</y>
      <steeringAngle>-0.14213333333333336</steeringAngle>
      <velocity>8.0</velocity>
      <orientation>2.4588306763314987</orientation>
      <time>41</time>
    </ksState>
    <ksState>
      <x>-27.825508693468482</x>
      <y>-224.84004051837218</y>
      <steeringAngle>-0.1066000000000001</steeringAngle>
      <velocity>8.0</velocity>
      <orientation>2.4200468243245012</orientation>
      <time>42</time>
    </ksState>
    <ksState>
      <x>-28.41826293852968</x>
      <y>-224.3028240131666</y>
      <steeringAngle>-0.07106666666666674</steeringAngle>
      <velocity>8.0</velocity>
      <orientation>2.392414345294814</orientation>
      <time>43</time>
    </ksState>
    <ksState>
      <x>-28.99901974271252</x>
      <y>-223.7526360329327</y>
      <steeringAngle>-0.035533333333333354</steeringAngle>
      <velocity>8.0</velocity>
      <orientation>2.375862824665785</orientation>
      <time>44</time>
    </ksState>
    <ksState>
      <x>-29.573678770265005</x>
      <y>-223.1960704321452</y>
      <steeringAngle>-2.0816681711721685e-17</steeringAngle>
      <velocity>8.0</velocity>
      <orientation>2.3703502982073803</orientation>
      <time>45</time>
    </ksState>
    <ksState>
      <x>-30.119532312881987</x>
      <y>-222.66725803134057</y>
      <steeringAngle>0.03553333333333333</steeringAngle>
      <velocity>7.199999999999999</velocity>
      <orientation>2.3754953111898724</orientation>
      <time>46</time>
    </ksState>
    <ksState>
      <x>-30.61246758839537</x>
      <y>-222.19884875583932</y>
      <steeringAngle>0.07106666666666664</steeringAngle>
      <velocity>6.400000000000001</velocity>
      <orientation>2.3894719833108358</orientation>
      <time>47</time>
    </ksState>
    <ksState>
      <x>-31.05452863807876</x>
      <y>-221.79317740196112</y>
      <steeringAngle>0.10659999999999997</steeringAngle>
      <velocity>5.600000000000004</velocity>
      <orientation>2.410103751176717</orientation>
      <time>48</time>
    </ksState>
    <ksState>
      <x>-31.4456162291336</x>
      <y>-221.45048762285558</y>
      <steeringAngle>0.1421333333333333</steeringAngle>
      <velocity>4.800000000000003</velocity>
      <orientation>2.4352199586853653</orientation>
      <time>49</time>
    </ksState>
    <ksState>
      <x>-31.784062161074207</x>
      <y>-221.16934313218144</y>
      <steeringAngle>0.17766666666666653</steeringAngle>
      <velocity>4.000000000000006</velocity>
      <orientation>2.4626448552705154</orientation>
      <time>50</time>
    </ksState>
    <ksState>
      <x>-32.13037127848872</x>
      <y>-220.89794329680498</y>
      <steeringAngle>0.14213333333333333</steeringAngle>
      <velocity>4.8000000000000025</velocity>
      <orientation>2.490069754988868</orientation>
      <time>51</time>
    </ksState>
    <ksState>
      <x>-32.54795909308249</x>
      <y>-220.58809461103388</y>
      <steeringAngle>0.10660000000000003</steeringAngle>
      <velocity>5.600000000000005</velocity>
      <orientation>2.5151859672677856</orientation>
      <time>52</time>
    </ksState>
    <ksState>
      <x>-33.03787698465723</x>
      <y>-220.24173110030145</y>
      <steeringAngle>0.07106666666666671</steeringAngle>
      <velocity>6.400000000000004</velocity>
      <orientation>2.535817736867245</orientation>
      <time>53</time>
    </ksState>
    <ksState>
      <x>-33.599865825352865</x>
      <y>-219.85889826252642</y>
      <steeringAngle>0.035533333333333375</steeringAngle>
      <velocity>7.200000000000006</velocity>
      <orientation>2.5497944049600374</orientation>
      <time>54</time>
    </ksState>
    <ksState>
      <x>-34.23207543891187</x>
      <y>-219.4371048855556</y>
      <steeringAngle>2.6346112791397758e-17</steeringAngle>
      <velocity>8.000000000000007</velocity>
      <orientation>2.554939417739606</orientation>
      <time>55</time>
    </ksState>
    <ksState>
      <x>-34.899125503397975</x>
      <y>-218.99546882698897</y>
      <steeringAngle>0.03553333333333333</steeringAngle>
      <velocity>8.0</velocity>
      <orientation>2.560451952742445</orientation>
      <time>56</time>
    </ksState>
    <ksState>
      <x>-35.57099922620809</x>
      <y>-218.56122122383854</y>
      <steeringAngle>0.07106666666666667</steeringAngle>
      <velocity>8.0</velocity>
      <orientation>2.5770034736227143</orientation>
      <time>57</time>
    </ksState>
    <ksState>
      <x>-36.25228575632209</x>
      <y>-218.14192677639096</y>
      <steeringAngle>0.10659999999999997</steeringAngle>
      <velocity>8.0</velocity>
      <orientation>2.6046359529134095</orientation>
      <time>58</time>
    </ksState>
    <ksState>
      <x>-36.947093856720535</x>
      <y>-217.74549093483512</y>
      <steeringAngle>0.1421333333333333</steeringAngle>
      <velocity>8.0</velocity>
      <orientation>2.643419805186144</orientation>
      <time>59</time>
    </ksState>
    <ksState>
      <x>-37.65878346460476</x>
      <y>-217.38030018105994</y>
      <steeringAngle>0.17766666666666667</steeringAngle>
      <velocity>8.0</velocity>
      <orientation>2.693454617435299</orientation>
      <time>60</time>
    </ksState>
    <ksState>
      <x>-38.35265784685735</x>
      <y>-217.0705017268331</y>
      <steeringAngle>0.21320000000000014</steeringAngle>
      <velocity>7.200000000000003</velocity>
      <orientation>2.751703944506792</orientation>
      <time>61</time>
    </ksState>
    <ksState>
      <x>-38.989025070714476</x>
      <y>-216.83115031326153</y>
      <steeringAngle>0.24873333333333347</steeringAngle>
      <velocity>6.400000000000004</velocity>
      <orientation>2.813621031992571</orientation>
      <time>62</time>
    </ksState>
    <ksState>
      <x>-39.56266018615741</x>
      <y>-216.65558792515455</y>
      <steeringAngle>0.2842666666666668</steeringAngle>
      <velocity>5.600000000000001</velocity>
      <orientation>2.8770431747564924</orientation>
      <time>63</time>
    </ksState>
    <ksState>
      <x>-40.06842494994243</x>
      <y>-216.53511642925213</y>
      <steeringAngle>0.3198</steeringAngle>
      <velocity>4.800000000000002</velocity>
      <orientation>2.939772274498445</orientation>
      <time>64</time>
    </ksState>
    <ksState>
      <x>-40.50183086849188</x>
      <y>-216.4596070221909</y>
      <steeringAngle>0.3553333333333332</steeringAngle>
      <velocity>4.000000000000001</velocity>
      <orientation>2.9995621085466597</orientation>
      <time>65</time>
    </ksState>
    <ksState>
      <x>-40.89925467223572</x>
      <y>-216.41482795996478</y>
      <steeringAngle>0.39086666666666653</steeringAngle>
      <velocity>4.0</velocity>
      <orientation>3.060282474852647</orientation>
      <time>66</time>
    </ksState>
    <ksState>
      <x>-41.29871364219042</x>
      <y>-216.39553072920745</y>
      <steeringAngle>0.42639999999999995</steeringAngle>
      <velocity>4.0</velocity>
      <orientation>3.1274520883090506</orientation>
      <time>67</time>
    </ksState>
    <ksState>
      <x>-41.69852422852484</x>
      <y>-216.4044104981826</y>
      <steeringAngle>0.4619333333333333</steeringAngle>
      <velocity>4.0</velocity>
      <orientation>3.2012726719413944</orientation>
      <time>68</time>
    </ksState>
    <ksState>
      <x>-42.096439943159055</x>
      <y>-216.4441128040674</y>
      <steeringAngle>0.49746666666666667</steeringAngle>
      <velocity>4.0</velocity>
      <orientation>3.2819732137546147</orientation>
      <time>69</time>
    </ksState>
    <ksState>
      <x>-42.489583808037246</x>
      <y>-216.51715428294767</y>
      <steeringAngle>0.533</steeringAngle>
      <velocity>4.0</velocity>
      <orientation>3.3698130803544233</orientation>
      <time>70</time>
    </ksState>
    <ksState>
      <x>-42.874673797219494</x>
      <y>-216.62487084041211</y>
      <steeringAngle>0.4974666666666666</steeringAngle>
      <velocity>4.0</velocity>
      <orientation>3.4576529471938726</orientation>
      <time>71</time>
    </ksState>
    <ksState>
      <x>-43.2493526841463</x>
      <y>-216.76461676319363</y>
      <steeringAngle>0.4619333333333334</steeringAngle>
      <velocity>4.0</velocity>
      <orientation>3.5383534889810426</orientation>
      <time>72</time>
    </ksState>
    <ksState>
      <x>-43.61214723824124</x>
      <y>-216.93286500663766</y>
      <steeringAngle>0.42640000000000017</steeringAngle>
      <velocity>4.0</velocity>
      <orientation>3.6121740722308475</orientation>
      <time>73</time>
    </ksState>
    <ksState>
      <x>-43.96220698775072</x>
      <y>-217.12625070919634</y>
      <steeringAngle>0.3908666666666668</steeringAngle>
      <velocity>4.0</velocity>
      <orientation>3.6793436850937105</orientation>
      <time>74</time>
    </ksState>
    <ksState>
      <x>-44.29920863851305</x>
      <y>-217.34161254443603</y>
      <steeringAngle>0.3553333333333335</steeringAngle>
      <velocity>4.0</velocity>
      <orientation>3.740064052971996</orientation>
      <time>75</time>
    </ksState>
    <ksState>
      <x>-44.65496421452456</x>
      <y>-217.60041814231263</y>
      <steeringAngle>0.31979999999999975</steeringAngle>
      <velocity>4.800000000000001</velocity>
      <orientation>3.7998538880037445</orientation>
      <time>76</time>
    </ksState>
    <ksState>
      <x>-45.0558537359383</x>
      <y>-217.9314755094705</y>
      <steeringAngle>0.28426666666666645</steeringAngle>
      <velocity>5.600000000000004</velocity>
      <orientation>3.862582988135068</orientation>
      <time>77</time>
    </ksState>
    <ksState>
      <x>-45.49338382107947</x>
      <y>-218.34189823879728</y>
      <steeringAngle>0.2487333333333331</steeringAngle>
      <velocity>6.400000000000004</velocity>
      <orientation>3.926005124827744</orientation>
      <time>78</time>
    </ksState>
    <ksState>
      <x>-45.9591085627753</x>
      <y>-218.83722924845284</y>
      <steeringAngle>0.21319999999999992</steeringAngle>
      <velocity>7.200000000000004</velocity>
      <orientation>3.9879222135055428</orientation>
      <time>79</time>
    </ksState>
    <ksState>
      <x>-46.44540332347583</x>
      <y>-219.4211420413169</y>
      <steeringAngle>0.17766666666666656</steeringAngle>
      <velocity>8.000000000000004</velocity>
      <orientation>4.046171543106508</orientation>
      <time>80</time>
    </ksState>
    <ksState>
      <x>-46.92327497796126</x>
      <y>-220.06262865570184</y>
      <steeringAngle>0.14213333333333336</steeringAngle>
      <velocity>8.0</velocity>
      <orientation>4.096206354655257</orientation>
      <time>81</time>
    </ksState>
    <ksState>
      <x>-47.3722218934701</x>
      <y>-220.72472104991834</y>
      <steeringAngle>0.1066000000000001</steeringAngle>
      <velocity>8.0</velocity>
      <orientation>4.134990206662255</orientation>
      <time>82</time>
    </ksState>
    <ksState>
      <x>-47.79895641454186</x>
      <y>-221.40137222816975</y>
      <steeringAngle>0.07106666666666674</steeringAngle>
      <velocity>8.0</velocity>
      <orientation>4.162622685691941</orientation>
      <time>83</time>
    </ksState>
    <ksState>
      <x>-48.21065105316974</x>
      <y>-222.0872970081009</y>
      <steeringAngle>0.035533333333333354</steeringAngle>
      <velocity>8.0</velocity>
      <orientation>4.179174206320971</orientation>
      <time>84</time>
    </ksState>
    <ksState>
      <x>-48.61475936328255</x>
      <y>-222.7777278443367</y>
      <steeringAngle>2.0816681711721685e-17</steeringAngle>
      <velocity>8.0</velocity>
      <orientation>4.184686732779375</orientation>
      <time>85</time>
    </ksState>
    <ksState>
      <x>-49.01886765309448</x>
      <y>-223.46815864236245</y>
      <steeringAngle>-0.03553333333333333</steeringAngle>
      <velocity>8.0</velocity>
      <orientation>4.179174197776536</orientation>
      <time>86</time>
    </ksState>
    <ksState>
      <x>-49.43056229524538</x>
      <y>-224.15408342094162</y>
      <steeringAngle>-0.07106666666666667</steeringAngle>
      <velocity>8.0</velocity>
      <orientation>4.162622676896267</orientation>
      <time>87</time>
    </ksState>
    <ksState>
      <x>-49.85729682118231</x>
      <y>-224.83073459706452</y>
      <steeringAngle>-0.10659999999999997</steeringAngle>
      <velocity>8.0</velocity>
      <orientation>4.134990197605572</orientation>
      <time>88</time>
    </ksState>
    <ksState>
      <x>-50.306243742558756</x>
      <y>-225.49282698837862</y>
      <steeringAngle>-0.1421333333333333</steeringAngle>
      <velocity>8.0</velocity>
      <orientation>4.096206345332837</orientation>
      <time>89</time>
    </ksState>
    <ksState>
      <x>-50.784115422526774</x>
      <y>-226.13431357599976</y>
      <steeringAngle>-0.17766666666666667</steeringAngle>
      <velocity>8.0</velocity>
      <orientation>4.046171533083682</orientation>
      <time>90</time>
    </ksState>
    <ksState>
      <x>-51.29463412930163</x>
      <y>-226.75013582683894</y>
      <steeringAngle>-0.14213333333333336</steeringAngle>
      <velocity>8.0</velocity>
      <orientation>3.996136721534934</orientation>
      <time>91</time>
    </ksState>
    <ksState>
      <x>-51.8320054521808</x>
      <y>-227.3427163975391</y>
      <steeringAngle>-0.1066000000000001</steeringAngle>
      <velocity>8.0</velocity>
      <orientation>3.9573528695279365</orientation>
      <time>92</time>
    </ksState>
    <ksState>
      <x>-52.38876851069189</x>
      <y>-227.91715008838665</y>
      <steeringAngle>-0.07106666666666674</steeringAngle>
      <velocity>8.0</velocity>
      <orientation>3.9297203904982494</orientation>
      <time>93</time>
    </ksState>
    <ksState>
      <x>-52.95809404794644</x>
      <y>-228.4791587287369</y>
      <steeringAngle>-0.035533333333333354</steeringAngle>
      <velocity>8.0</velocity>
      <orientation>3.9131688698692204</orientation>
      <time>94</time>
    </ksState>
    <ksState>
      <x>-53.53358945143878</x>
      <y>-229.03485946338344</y>
      <steeringAngle>-2.0816681711721685e-17</steeringAngle>
      <velocity>8.0</velocity>
      <orientation>3.9076563434108156</orientation>
      <time>95</time>
    </ksState>
    <ksState>
      <x>-54.082174204892354</x>
      <y>-229.56083799289823</y>
      <steeringAngle>-0.03553333333333333</steeringAngle>
      <velocity>7.199999999999999</velocity>
      <orientation>3.9025113304283234</orientation>
      <time>96</time>
    </ksState>
    <ksState>
      <x>-54.57752859465042</x>
      <y>-230.02668825185327</y>
      <steeringAngle>-0.07106666666666664</steeringAngle>
      <velocity>6.400000000000001</velocity>
      <orientation>3.88853465830736</orientation>
      <time>97</time>
    </ksState>
    <ksState>
      <x>-55.021684543502246</x>
      <y>-230.43006488987797</y>
      <steeringAngle>-0.10659999999999997</steeringAngle>
      <velocity>5.600000000000004</velocity>
      <orientation>3.8679028904414787</orientation>
      <time>98</time>
    </ksState>
    <ksState>
      <x>-55.414541558187395</x>
      <y>-230.77072477098102</y>
      <steeringAngle>-0.1421333333333333</steeringAngle>
      <velocity>4.800000000000003</velocity>
      <orientation>3.8427866829328305</orientation>
      <time>99</time>
    </ksState>
  </ksTrajectory>
</CommonRoadSolution>
