<?xml version="1.0" ?>
<CommonRoadSolution benchmark_id="KS2:SM1:USA_US101-8_4_T-1:2020a" computation_time="8.812743272999796" date="2020-12-29">
  <ksTrajectory planningProblem="37">
    <ksState>
      <x>0.0</x>
      <y>0.0</y>
      <steeringAngle>0.0</steeringAngle>
      <velocity>12.0</velocity>
      <orientation>-0.83367</orientation>
      <time>0</time>
    </ksState>
    <ksState>
      <x>0.7797090948754463</x>
      <y>-0.858867700076703</y>
      <steeringAngle>0.0</steeringAngle>
      <velocity>11.200000000000001</velocity>
      <orientation>-0.83367</orientation>
      <time>1</time>
    </ksState>
    <ksState>
      <x>1.5056451483992486</x>
      <y>-1.6585031446168799</y>
      <steeringAngle>0.0</steeringAngle>
      <velocity>10.4</velocity>
      <orientation>-0.83367</orientation>
      <time>2</time>
    </ksState>
    <ksState>
      <x>2.177808160779572</x>
      <y>-2.3989063338498293</y>
      <steeringAngle>0.0</steeringAngle>
      <velocity>9.599999999999998</velocity>
      <orientation>-0.83367</orientation>
      <time>3</time>
    </ksState>
    <ksState>
      <x>2.796198132075582</x>
      <y>-3.0800772678407236</y>
      <steeringAngle>0.0</steeringAngle>
      <velocity>8.799999999999999</velocity>
      <orientation>-0.83367</orientation>
      <time>4</time>
    </ksState>
    <ksState>
      <x>3.360815062306623</x>
      <y>-3.702015946610871</y>
      <steeringAngle>0.0</steeringAngle>
      <velocity>7.999999999999997</velocity>
      <orientation>-0.83367</orientation>
      <time>5</time>
    </ksState>
    <ksState>
      <x>3.8726142231367104</x>
      <y>-4.263852456821697</y>
      <steeringAngle>0.03553333333333333</steeringAngle>
      <velocity>7.199999999999999</velocity>
      <orientation>-0.8285249870175077</orientation>
      <time>6</time>
    </ksState>
    <ksState>
      <x>4.335366576234148</x>
      <y>-4.762102087954371</y>
      <steeringAngle>0.07106666666666664</steeringAngle>
      <velocity>6.400000000000001</velocity>
      <orientation>-0.8145483148965446</orientation>
      <time>7</time>
    </ksState>
    <ksState>
      <x>4.751257842315866</x>
      <y>-5.19456211362324</y>
      <steeringAngle>0.10659999999999997</steeringAngle>
      <velocity>5.600000000000004</velocity>
      <orientation>-0.7939165470306633</orientation>
      <time>8</time>
    </ksState>
    <ksState>
      <x>5.120204182700367</x>
      <y>-5.560983164461427</y>
      <steeringAngle>0.1421333333333333</steeringAngle>
      <velocity>4.800000000000003</velocity>
      <orientation>-0.768800339522015</orientation>
      <time>9</time>
    </ksState>
    <ksState>
      <x>5.440451040766151</x>
      <y>-5.862694654767235</y>
      <steeringAngle>0.17766666666666653</steeringAngle>
      <velocity>4.000000000000006</velocity>
      <orientation>-0.7413754429368652</orientation>
      <time>10</time>
    </ksState>
    <ksState>
      <x>5.738940618846381</x>
      <y>-6.128956965726296</y>
      <steeringAngle>0.1421333333333333</steeringAngle>
      <velocity>4.0</velocity>
      <orientation>-0.7163580365923419</orientation>
      <time>11</time>
    </ksState>
    <ksState>
      <x>6.04327032449862</x>
      <y>-6.388530476662815</y>
      <steeringAngle>0.10659999999999999</steeringAngle>
      <velocity>4.0</velocity>
      <orientation>-0.6969661103015913</orientation>
      <time>12</time>
    </ksState>
    <ksState>
      <x>6.35186934248449</x>
      <y>-6.643018377913007</y>
      <steeringAngle>0.07106666666666664</steeringAngle>
      <velocity>4.0</velocity>
      <orientation>-0.6831498705666383</orientation>
      <time>13</time>
    </ksState>
    <ksState>
      <x>6.663261550435867</x>
      <y>-6.894084046432688</y>
      <steeringAngle>0.03553333333333332</steeringAngle>
      <velocity>4.0</velocity>
      <orientation>-0.674874110104373</orientation>
      <time>14</time>
    </ksState>
    <ksState>
      <x>6.976034397413598</x>
      <y>-7.1434292566191155</y>
      <steeringAngle>-2.2985086056692694e-17</steeringAngle>
      <velocity>4.0</velocity>
      <orientation>-0.6721178468095327</orientation>
      <time>15</time>
    </ksState>
    <ksState>
      <x>7.288807232291196</x>
      <y>-7.392774460075641</y>
      <steeringAngle>-0.035533333333333326</steeringAngle>
      <velocity>4.0</velocity>
      <orientation>-0.6748741213421331</orientation>
      <time>16</time>
    </ksState>
    <ksState>
      <x>7.600199437833599</x>
      <y>-7.64384013163495</y>
      <steeringAngle>-0.07106666666666711</steeringAngle>
      <velocity>4.0</velocity>
      <orientation>-0.6831498818854185</orientation>
      <time>17</time>
    </ksState>
    <ksState>
      <x>7.908798452995047</x>
      <y>-7.898328036127272</y>
      <steeringAngle>-0.10660000000000043</steeringAngle>
      <velocity>4.0</velocity>
      <orientation>-0.6969661217045553</orientation>
      <time>18</time>
    </ksState>
    <ksState>
      <x>8.213128155366292</x>
      <y>-8.157901550278494</y>
      <steeringAngle>-0.14213333333333378</steeringAngle>
      <velocity>4.0</velocity>
      <orientation>-0.7163580480901012</orientation>
      <time>19</time>
    </ksState>
    <ksState>
      <x>8.511617729793695</x>
      <y>-8.424163864280443</y>
      <steeringAngle>-0.1776666666666672</steeringAngle>
      <velocity>4.0</velocity>
      <orientation>-0.7413754545414986</orientation>
      <time>20</time>
    </ksState>
    <ksState>
      <x>8.803095376498876</x>
      <y>-8.69808434166573</y>
      <steeringAngle>-0.1421333333333333</steeringAngle>
      <velocity>4.0</velocity>
      <orientation>-0.7663928608860219</orientation>
      <time>21</time>
    </ksState>
    <ksState>
      <x>9.088423664673797</x>
      <y>-8.97841048259707</y>
      <steeringAngle>-0.10659999999999999</steeringAngle>
      <velocity>4.0</velocity>
      <orientation>-0.7857847871767725</orientation>
      <time>22</time>
    </ksState>
    <ksState>
      <x>9.369061450220286</x>
      <y>-9.263436585100216</y>
      <steeringAngle>-0.07106666666666664</steeringAngle>
      <velocity>4.0</velocity>
      <orientation>-0.7996010269117254</orientation>
      <time>23</time>
    </ksState>
    <ksState>
      <x>9.646535869034002</x>
      <y>-9.551545980965848</y>
      <steeringAngle>-0.03553333333333332</steeringAngle>
      <velocity>4.0</velocity>
      <orientation>-0.8078767873739907</orientation>
      <time>24</time>
    </ksState>
    <ksState>
      <x>9.922417895664731</x>
      <y>-9.841181950816953</y>
      <steeringAngle>2.2985086056692694e-17</steeringAngle>
      <velocity>4.0</velocity>
      <orientation>-0.8106330506688311</orientation>
      <time>25</time>
    </ksState>
    <ksState>
      <x>10.225932262124205</x>
      <y>-10.159739419234286</y>
      <steeringAngle>0.035533333333333326</steeringAngle>
      <velocity>4.799999999999999</velocity>
      <orientation>-0.8075092719996403</orientation>
      <time>26</time>
    </ksState>
    <ksState>
      <x>10.587216177660597</x>
      <y>-10.533733069809978</y>
      <steeringAngle>0.07106666666666667</steeringAngle>
      <velocity>5.599999999999998</velocity>
      <orientation>-0.7966586609384675</orientation>
      <time>27</time>
    </ksState>
    <ksState>
      <x>11.010816198977528</x>
      <y>-10.958644775099728</y>
      <steeringAngle>0.10659999999999999</steeringAngle>
      <velocity>6.3999999999999995</velocity>
      <orientation>-0.7758417119381394</orientation>
      <time>28</time>
    </ksState>
    <ksState>
      <x>11.503633238734983</x>
      <y>-11.427141442838069</y>
      <steeringAngle>0.14213333333333333</steeringAngle>
      <velocity>7.199999999999999</velocity>
      <orientation>-0.7427821409569744</orientation>
      <time>29</time>
    </ksState>
    <ksState>
      <x>12.075019900049222</x>
      <y>-11.9281483309484</y>
      <steeringAngle>0.17766666666666664</steeringAngle>
      <velocity>7.9999999999999964</velocity>
      <orientation>-0.6951548188754277</orientation>
      <time>30</time>
    </ksState>
    <ksState>
      <x>12.67126929593597</x>
      <y>-12.39926603061566</y>
      <steeringAngle>0.17766666666666667</steeringAngle>
      <velocity>7.2</velocity>
      <orientation>-0.6422388914310504</orientation>
      <time>31</time>
    </ksState>
    <ksState>
      <x>13.225220910951373</x>
      <y>-12.793539073908505</y>
      <steeringAngle>0.17766666666666667</steeringAngle>
      <velocity>6.4</velocity>
      <orientation>-0.5948930616382392</orientation>
      <time>32</time>
    </ksState>
    <ksState>
      <x>13.729024000626595</x>
      <y>-13.119315208541911</y>
      <steeringAngle>0.17766666666666667</steeringAngle>
      <velocity>5.599999999999999</velocity>
      <orientation>-0.5531173294830545</orientation>
      <time>33</time>
    </ksState>
    <ksState>
      <x>14.17633541443804</x>
      <y>-13.384424546093456</y>
      <steeringAngle>0.17766666666666667</steeringAngle>
      <velocity>4.799999999999999</velocity>
      <orientation>-0.51691169496154</orientation>
      <time>34</time>
    </ksState>
    <ksState>
      <x>14.562119936950415</x>
      <y>-13.595978701168654</y>
      <steeringAngle>0.17766666666666667</steeringAngle>
      <velocity>4.0</velocity>
      <orientation>-0.4862761580722099</orientation>
      <time>35</time>
    </ksState>
    <ksState>
      <x>14.91813889503351</x>
      <y>-13.778302994517624</y>
      <steeringAngle>0.1421333333333333</steeringAngle>
      <velocity>4.0</velocity>
      <orientation>-0.4612587517276866</orientation>
      <time>36</time>
    </ksState>
    <ksState>
      <x>15.278121122212731</x>
      <y>-13.952681242694903</y>
      <steeringAngle>0.10659999999999999</steeringAngle>
      <velocity>4.0</velocity>
      <orientation>-0.441866825436936</orientation>
      <time>37</time>
    </ksState>
    <ksState>
      <x>15.640951189009726</x>
      <y>-14.121061135831402</y>
      <steeringAngle>0.07106666666666664</steeringAngle>
      <velocity>4.0</velocity>
      <orientation>-0.4280505857019831</orientation>
      <time>38</time>
    </ksState>
    <ksState>
      <x>16.00562048196986</x>
      <y>-14.285424707993927</y>
      <steeringAngle>0.03553333333333332</steeringAngle>
      <velocity>4.0</velocity>
      <orientation>-0.41977482523971776</orientation>
      <time>39</time>
    </ksState>
    <ksState>
      <x>16.371191591051836</x>
      <y>-14.447775106373605</y>
      <steeringAngle>-2.2985086056692694e-17</steeringAngle>
      <velocity>4.0</velocity>
      <orientation>-0.4170185619448774</orientation>
      <time>40</time>
    </ksState>
    <ksState>
      <x>16.73676268672703</x>
      <y>-14.610125501294538</y>
      <steeringAngle>-0.035533333333333326</steeringAngle>
      <velocity>4.0</velocity>
      <orientation>-0.4197748364774778</orientation>
      <time>41</time>
    </ksState>
    <ksState>
      <x>17.10143197812317</x>
      <y>-14.774489077006207</y>
      <steeringAngle>-0.07106666666666711</steeringAngle>
      <velocity>4.0</velocity>
      <orientation>-0.4280505970207632</orientation>
      <time>42</time>
    </ksState>
    <ksState>
      <x>17.46426204300527</x>
      <y>-14.942868973992637</y>
      <steeringAngle>-0.10660000000000043</steeringAngle>
      <velocity>4.0</velocity>
      <orientation>-0.4418668368399001</orientation>
      <time>43</time>
    </ksState>
    <ksState>
      <x>17.82424426782088</x>
      <y>-15.117247226108514</y>
      <steeringAngle>-0.14213333333333378</steeringAngle>
      <velocity>4.0</velocity>
      <orientation>-0.4612587632254459</orientation>
      <time>44</time>
    </ksState>
    <ksState>
      <x>18.180263223137207</x>
      <y>-15.299571523323658</y>
      <steeringAngle>-0.1776666666666672</steeringAngle>
      <velocity>4.0</velocity>
      <orientation>-0.48627616967684323</orientation>
      <time>45</time>
    </ksState>
    <ksState>
      <x>18.53142964130127</x>
      <y>-15.49107555255959</y>
      <steeringAngle>-0.1421333333333333</steeringAngle>
      <velocity>4.0</velocity>
      <orientation>-0.5112935760213665</orientation>
      <time>46</time>
    </ksState>
    <ksState>
      <x>18.87826211958891</x>
      <y>-15.690329685081705</y>
      <steeringAngle>-0.10659999999999999</steeringAngle>
      <velocity>4.0</velocity>
      <orientation>-0.5306855023121171</orientation>
      <time>47</time>
    </ksState>
    <ksState>
      <x>19.22174188340373</x>
      <y>-15.895315288562262</y>
      <steeringAngle>-0.07106666666666664</steeringAngle>
      <velocity>4.0</velocity>
      <orientation>-0.54450174204707</orientation>
      <time>48</time>
    </ksState>
    <ksState>
      <x>19.562938695394998</x>
      <y>-16.104082653274908</y>
      <steeringAngle>-0.03553333333333332</steeringAngle>
      <velocity>4.0</velocity>
      <orientation>-0.5527775025093354</orientation>
      <time>49</time>
    </ksState>
    <ksState>
      <x>19.90297986574759</x>
      <y>-16.314729015965337</y>
      <steeringAngle>2.2985086056692694e-17</steeringAngle>
      <velocity>4.0</velocity>
      <orientation>-0.5555337658041758</orientation>
      <time>50</time>
    </ksState>
    <ksState>
      <x>20.242827487706773</x>
      <y>-16.525687765128975</y>
      <steeringAngle>0.0</steeringAngle>
      <velocity>4.0</velocity>
      <orientation>-0.5555337658041758</orientation>
      <time>51</time>
    </ksState>
    <ksState>
      <x>20.58267510966596</x>
      <y>-16.736646514292612</y>
      <steeringAngle>0.0</steeringAngle>
      <velocity>4.0</velocity>
      <orientation>-0.5555337658041758</orientation>
      <time>52</time>
    </ksState>
    <ksState>
      <x>20.922522731625143</x>
      <y>-16.947605263456254</y>
      <steeringAngle>0.0</steeringAngle>
      <velocity>4.0</velocity>
      <orientation>-0.5555337658041758</orientation>
      <time>53</time>
    </ksState>
    <ksState>
      <x>21.26237035358433</x>
      <y>-17.15856401261989</y>
      <steeringAngle>0.0</steeringAngle>
      <velocity>4.0</velocity>
      <orientation>-0.5555337658041758</orientation>
      <time>54</time>
    </ksState>
    <ksState>
      <x>21.602217975543514</x>
      <y>-17.36952276178353</y>
      <steeringAngle>0.0</steeringAngle>
      <velocity>4.0</velocity>
      <orientation>-0.5555337658041758</orientation>
      <time>55</time>
    </ksState>
    <ksState>
      <x>21.942259135487458</x>
      <y>-17.580169115343523</y>
      <steeringAngle>0.035533333333333326</steeringAngle>
      <velocity>4.0</velocity>
      <orientation>-0.5527774912715754</orientation>
      <time>56</time>
    </ksState>
    <ksState>
      <x>22.283455949530648</x>
      <y>-17.788936476764952</y>
      <steeringAngle>0.07106666666666711</steeringAngle>
      <velocity>4.0</velocity>
      <orientation>-0.54450173072829</orientation>
      <time>57</time>
    </ksState>
    <ksState>
      <x>22.626935715448308</x>
      <y>-17.993922076494933</y>
      <steeringAngle>0.10660000000000043</steeringAngle>
      <velocity>4.0</velocity>
      <orientation>-0.5306854909091532</orientation>
      <time>58</time>
    </ksState>
    <ksState>
      <x>22.97376819565935</x>
      <y>-18.19317620484574</y>
      <steeringAngle>0.14213333333333378</steeringAngle>
      <velocity>4.0</velocity>
      <orientation>-0.5112935645236073</orientation>
      <time>59</time>
    </ksState>
    <ksState>
      <x>23.32493461545991</x>
      <y>-18.384680229618024</y>
      <steeringAngle>0.1776666666666672</steeringAngle>
      <velocity>4.0</velocity>
      <orientation>-0.48627615807221</orientation>
      <time>60</time>
    </ksState>
    <ksState>
      <x>23.680953573543004</x>
      <y>-18.567004522966993</y>
      <steeringAngle>0.1421333333333333</steeringAngle>
      <velocity>4.0</velocity>
      <orientation>-0.46125875172768666</orientation>
      <time>61</time>
    </ksState>
    <ksState>
      <x>24.040935800722227</x>
      <y>-18.74138277114427</y>
      <steeringAngle>0.10659999999999999</steeringAngle>
      <velocity>4.0</velocity>
      <orientation>-0.4418668254369361</orientation>
      <time>62</time>
    </ksState>
    <ksState>
      <x>24.40376586751922</x>
      <y>-18.909762664280773</y>
      <steeringAngle>0.07106666666666664</steeringAngle>
      <velocity>4.0</velocity>
      <orientation>-0.4280505857019832</orientation>
      <time>63</time>
    </ksState>
    <ksState>
      <x>24.768435160479353</x>
      <y>-19.074126236443295</y>
      <steeringAngle>0.03553333333333332</steeringAngle>
      <velocity>4.0</velocity>
      <orientation>-0.4197748252397178</orientation>
      <time>64</time>
    </ksState>
    <ksState>
      <x>25.134006269561333</x>
      <y>-19.236476634822974</y>
      <steeringAngle>-2.2985086056692694e-17</steeringAngle>
      <velocity>4.0</velocity>
      <orientation>-0.41701856194487746</orientation>
      <time>65</time>
    </ksState>
    <ksState>
      <x>25.499577365236526</x>
      <y>-19.39882702974391</y>
      <steeringAngle>-0.035533333333333326</steeringAngle>
      <velocity>4.0</velocity>
      <orientation>-0.4197748364774779</orientation>
      <time>66</time>
    </ksState>
    <ksState>
      <x>25.864246656632666</x>
      <y>-19.563190605455578</y>
      <steeringAngle>-0.07106666666666711</steeringAngle>
      <velocity>4.0</velocity>
      <orientation>-0.4280505970207633</orientation>
      <time>67</time>
    </ksState>
    <ksState>
      <x>26.227076721514766</x>
      <y>-19.731570502442004</y>
      <steeringAngle>-0.10660000000000043</steeringAngle>
      <velocity>4.0</velocity>
      <orientation>-0.44186683683990013</orientation>
      <time>68</time>
    </ksState>
    <ksState>
      <x>26.587058946330377</x>
      <y>-19.905948754557883</y>
      <steeringAngle>-0.14213333333333378</steeringAngle>
      <velocity>4.0</velocity>
      <orientation>-0.46125876322544596</orientation>
      <time>69</time>
    </ksState>
    <ksState>
      <x>26.943077901646703</x>
      <y>-20.08827305177303</y>
      <steeringAngle>-0.1776666666666672</steeringAngle>
      <velocity>4.0</velocity>
      <orientation>-0.4862761696768433</orientation>
      <time>70</time>
    </ksState>
    <ksState>
      <x>27.259204694624657</x>
      <y>-20.26048531855032</y>
      <steeringAngle>-0.17766666666666667</steeringAngle>
      <velocity>3.2000000000000006</velocity>
      <orientation>-0.5113416089450209</orientation>
      <time>71</time>
    </ksState>
    <ksState>
      <x>27.502038520885755</x>
      <y>-20.39987415958836</y>
      <steeringAngle>-0.17766666666666667</steeringAngle>
      <velocity>2.4000000000000012</velocity>
      <orientation>-0.5308369505750506</orientation>
      <time>72</time>
    </ksState>
    <ksState>
      <x>27.673804711536302</x>
      <y>-20.502322823816634</y>
      <steeringAngle>-0.17766666666666667</steeringAngle>
      <velocity>1.6000000000000005</velocity>
      <orientation>-0.5447621945740316</orientation>
      <time>73</time>
    </ksState>
    <ksState>
      <x>27.77617379081042</x>
      <y>-20.56493662083571</y>
      <steeringAngle>-0.17766666666666667</steeringAngle>
      <velocity>0.8000000000000004</velocity>
      <orientation>-0.5531173409447857</orientation>
      <time>74</time>
    </ksState>
    <ksState>
      <x>27.81018011530895</x>
      <y>-20.58599769363957</y>
      <steeringAngle>-0.17766666666666667</steeringAngle>
      <velocity>2.7755575615628914e-16</velocity>
      <orientation>-0.5559023896910011</orientation>
      <time>75</time>
    </ksState>
  </ksTrajectory>
</CommonRoadSolution>
