<?xml version="1.0" ?>
<CommonRoadSolution benchmark_id="KS2:SM1:DEU_Ibbenbueren-13_3_T-1:2020a" computation_time="3.4830099550001705" date="2020-12-29">
  <ksTrajectory planningProblem="1">
    <ksState>
      <x>-763.77585</x>
      <y>-399.13984</y>
      <steeringAngle>0.0</steeringAngle>
      <velocity>8.0</velocity>
      <orientation>1.3906316</orientation>
      <time>0</time>
    </ksState>
    <ksState>
      <x>-763.6396643564553</x>
      <y>-398.39214121747625</y>
      <steeringAngle>0.0</steeringAngle>
      <velocity>7.200000000000001</velocity>
      <orientation>1.3906316</orientation>
      <time>1</time>
    </ksState>
    <ksState>
      <x>-763.5178140438767</x>
      <y>-397.72314757031984</y>
      <steeringAngle>0.0</steeringAngle>
      <velocity>6.400000000000001</velocity>
      <orientation>1.3906316</orientation>
      <time>2</time>
    </ksState>
    <ksState>
      <x>-763.4102990622279</x>
      <y>-397.13285905833385</y>
      <steeringAngle>0.0</steeringAngle>
      <velocity>5.600000000000001</velocity>
      <orientation>1.3906316</orientation>
      <time>3</time>
    </ksState>
    <ksState>
      <x>-763.3171194114991</x>
      <y>-396.62127568146263</y>
      <steeringAngle>0.0</steeringAngle>
      <velocity>4.800000000000001</velocity>
      <orientation>1.3906316</orientation>
      <time>4</time>
    </ksState>
    <ksState>
      <x>-763.2382750916864</x>
      <y>-396.1883974396858</y>
      <steeringAngle>0.0</steeringAngle>
      <velocity>4.000000000000001</velocity>
      <orientation>1.3906316</orientation>
      <time>5</time>
    </ksState>
    <ksState>
      <x>-763.1665984371207</x>
      <y>-395.79487176429694</y>
      <steeringAngle>0.0</steeringAngle>
      <velocity>4.0</velocity>
      <orientation>1.3906316</orientation>
      <time>6</time>
    </ksState>
    <ksState>
      <x>-763.0949217825549</x>
      <y>-395.40134608890804</y>
      <steeringAngle>0.0</steeringAngle>
      <velocity>4.0</velocity>
      <orientation>1.3906316</orientation>
      <time>7</time>
    </ksState>
    <ksState>
      <x>-763.0232451279893</x>
      <y>-395.0078204135192</y>
      <steeringAngle>0.0</steeringAngle>
      <velocity>4.0</velocity>
      <orientation>1.3906316</orientation>
      <time>8</time>
    </ksState>
    <ksState>
      <x>-762.9515684734235</x>
      <y>-394.6142947381303</y>
      <steeringAngle>0.0</steeringAngle>
      <velocity>4.0</velocity>
      <orientation>1.3906316</orientation>
      <time>9</time>
    </ksState>
    <ksState>
      <x>-762.8798918188578</x>
      <y>-394.22076906274145</y>
      <steeringAngle>0.0</steeringAngle>
      <velocity>4.0</velocity>
      <orientation>1.3906316</orientation>
      <time>10</time>
    </ksState>
    <ksState>
      <x>-762.8078536816694</x>
      <y>-393.8273095559119</y>
      <steeringAngle>-0.035533333333333326</steeringAngle>
      <velocity>4.0</velocity>
      <orientation>1.3878753254673997</orientation>
      <time>11</time>
    </ksState>
    <ksState>
      <x>-762.7336469653637</x>
      <y>-393.4342542921598</y>
      <steeringAngle>-0.07106666666666711</steeringAngle>
      <velocity>4.0</velocity>
      <orientation>1.3795995649241142</orientation>
      <time>12</time>
    </ksState>
    <ksState>
      <x>-762.655104493223</x>
      <y>-393.042044494014</y>
      <steeringAngle>-0.10660000000000043</steeringAngle>
      <velocity>4.0</velocity>
      <orientation>1.3657833251049774</orientation>
      <time>13</time>
    </ksState>
    <ksState>
      <x>-762.5700629011635</x>
      <y>-392.6511955403066</y>
      <steeringAngle>-0.14213333333333378</steeringAngle>
      <velocity>4.0</velocity>
      <orientation>1.3463913987194316</orientation>
      <time>14</time>
    </ksState>
    <ksState>
      <x>-762.4763671462782</x>
      <y>-392.26233470219614</y>
      <steeringAngle>-0.1776666666666672</steeringAngle>
      <velocity>4.0</velocity>
      <orientation>1.3213739922680343</orientation>
      <time>15</time>
    </ksState>
    <ksState>
      <x>-762.3718782068943</x>
      <y>-391.8762395318466</y>
      <steeringAngle>-0.21319999999999995</steeringAngle>
      <velocity>4.0</velocity>
      <orientation>1.2906662096305341</orientation>
      <time>16</time>
    </ksState>
    <ksState>
      <x>-762.2544851728936</x>
      <y>-391.49387697545643</y>
      <steeringAngle>-0.24873333333333336</steeringAngle>
      <velocity>4.0</velocity>
      <orientation>1.25418736850784</orientation>
      <time>17</time>
    </ksState>
    <ksState>
      <x>-762.1221230232492</x>
      <y>-391.11644308399497</y>
      <steeringAngle>-0.2842666666666667</steeringAngle>
      <velocity>4.0</velocity>
      <orientation>1.211840134662392</orientation>
      <time>18</time>
    </ksState>
    <ksState>
      <x>-761.9727975176038</x>
      <y>-390.74540300501184</y>
      <steeringAngle>-0.31980000000000003</steeringAngle>
      <velocity>4.0</velocity>
      <orientation>1.1635094532952568</orientation>
      <time>19</time>
    </ksState>
    <ksState>
      <x>-761.804618756603</x>
      <y>-390.3825306198882</y>
      <steeringAngle>-0.35533333333333333</steeringAngle>
      <velocity>4.0</velocity>
      <orientation>1.1090612521169785</orientation>
      <time>20</time>
    </ksState>
    <ksState>
      <x>-761.6165768998518</x>
      <y>-390.02954232575934</y>
      <steeringAngle>-0.31979999999999986</steeringAngle>
      <velocity>4.0</velocity>
      <orientation>1.0546130529235989</orientation>
      <time>21</time>
    </ksState>
    <ksState>
      <x>-761.410650118748</x>
      <y>-389.68666768642294</y>
      <steeringAngle>-0.28426666666666656</steeringAngle>
      <velocity>4.0</velocity>
      <orientation>1.0062823734423416</orientation>
      <time>22</time>
    </ksState>
    <ksState>
      <x>-761.1893931833434</x>
      <y>-389.3534688738353</y>
      <steeringAngle>-0.2487333333333332</steeringAngle>
      <velocity>4.0</velocity>
      <orientation>0.9639351397194665</orientation>
      <time>23</time>
    </ksState>
    <ksState>
      <x>-760.9551774477115</x>
      <y>-389.02923865222397</y>
      <steeringAngle>-0.21319999999999986</steeringAngle>
      <velocity>4.0</velocity>
      <orientation>0.9274562986458388</orientation>
      <time>24</time>
    </ksState>
    <ksState>
      <x>-760.710202323335</x>
      <y>-388.71305104130136</y>
      <steeringAngle>-0.1776666666666665</steeringAngle>
      <velocity>4.0</velocity>
      <orientation>0.896748515997011</orientation>
      <time>25</time>
    </ksState>
    <ksState>
      <x>-760.4562215000955</x>
      <y>-388.40404717750414</y>
      <steeringAngle>-0.17766666666666667</steeringAngle>
      <velocity>4.0</velocity>
      <orientation>0.8688980278417551</orientation>
      <time>26</time>
    </ksState>
    <ksState>
      <x>-760.1937343538495</x>
      <y>-388.10223569156</y>
      <steeringAngle>-0.17766666666666667</steeringAngle>
      <velocity>4.0</velocity>
      <orientation>0.8410475396864993</orientation>
      <time>27</time>
    </ksState>
    <ksState>
      <x>-759.922944488728</x>
      <y>-387.80785069676836</y>
      <steeringAngle>-0.17766666666666667</steeringAngle>
      <velocity>4.0</velocity>
      <orientation>0.8131970515312433</orientation>
      <time>28</time>
    </ksState>
    <ksState>
      <x>-759.6440619296139</x>
      <y>-387.52112051802385</y>
      <steeringAngle>-0.17766666666666667</steeringAngle>
      <velocity>4.0</velocity>
      <orientation>0.7853465633759875</orientation>
      <time>29</time>
    </ksState>
    <ksState>
      <x>-759.3573029770326</x>
      <y>-387.2422675439603</y>
      <steeringAngle>-0.17766666666666667</steeringAngle>
      <velocity>4.0</velocity>
      <orientation>0.7574960752207316</orientation>
      <time>30</time>
    </ksState>
    <ksState>
      <x>-759.0926693083405</x>
      <y>-386.99821378868967</y>
      <steeringAngle>-0.17766666666666667</steeringAngle>
      <velocity>3.2000000000000006</velocity>
      <orientation>0.732430635952554</orientation>
      <time>31</time>
    </ksState>
    <ksState>
      <x>-758.8826631302564</x>
      <y>-386.81302490849157</y>
      <steeringAngle>-0.17766666666666667</steeringAngle>
      <velocity>2.4000000000000012</velocity>
      <orientation>0.7129352943225242</orientation>
      <time>32</time>
    </ksState>
    <ksState>
      <x>-758.7304681814742</x>
      <y>-386.6832711007712</y>
      <steeringAngle>-0.17766666666666667</steeringAngle>
      <velocity>1.6000000000000005</velocity>
      <orientation>0.6990100503235432</orientation>
      <time>33</time>
    </ksState>
  </ksTrajectory>
</CommonRoadSolution>
