<?xml version="1.0" ?>
<CommonRoadSolution benchmark_id="KS2:SM1:DEU_Ibbenbueren-4_2_T-1:2020a" computation_time="1.442534132999981" date="2020-12-29">
  <ksTrajectory planningProblem="1">
    <ksState>
      <x>69.045915</x>
      <y>-152.69299</y>
      <steeringAngle>0.0</steeringAngle>
      <velocity>0.0</velocity>
      <orientation>-1.9929403</orientation>
      <time>0</time>
    </ksState>
    <ksState>
      <x>69.02953168557977</x>
      <y>-152.7294809173121</y>
      <steeringAngle>0.03553333333333333</steeringAngle>
      <velocity>0.8</velocity>
      <orientation>-1.9925727682217582</orientation>
      <time>1</time>
    </ksState>
    <ksState>
      <x>68.98053207441855</x>
      <y>-152.83902100212293</y>
      <steeringAngle>0.0710666666666667</steeringAngle>
      <velocity>1.6</velocity>
      <orientation>-1.9899979216297725</orientation>
      <time>2</time>
    </ksState>
    <ksState>
      <x>68.89972392220518</x>
      <y>-153.02196874874542</y>
      <steeringAngle>0.10660000000000003</steeringAngle>
      <velocity>2.4000000000000004</velocity>
      <orientation>-1.9829972173929353</orientation>
      <time>3</time>
    </ksState>
    <ksState>
      <x>68.78922139466249</x>
      <y>-153.2792389685438</y>
      <steeringAngle>0.14213333333333342</steeringAngle>
      <velocity>3.2000000000000015</velocity>
      <orientation>-1.969329576452115</orientation>
      <time>4</time>
    </ksState>
    <ksState>
      <x>68.65313884636339</x>
      <y>-153.61251963773918</y>
      <steeringAngle>0.17766666666666683</steeringAngle>
      <velocity>4.0000000000000036</velocity>
      <orientation>-1.946719660578895</orientation>
      <time>5</time>
    </ksState>
    <ksState>
      <x>68.49789490677882</x>
      <y>-154.02420419889253</y>
      <steeringAngle>0.17766666666666667</steeringAngle>
      <velocity>4.800000000000002</velocity>
      <orientation>-1.9160841235365609</orientation>
      <time>6</time>
    </ksState>
    <ksState>
      <x>68.33078714223275</x>
      <y>-154.51659170723374</y>
      <steeringAngle>0.17766666666666667</steeringAngle>
      <velocity>5.600000000000001</velocity>
      <orientation>-1.8798784888600208</orientation>
      <time>7</time>
    </ksState>
    <ksState>
      <x>68.16026668484962</x>
      <y>-155.09180507615747</y>
      <steeringAngle>0.17766666666666667</steeringAngle>
      <velocity>6.3999999999999995</velocity>
      <orientation>-1.838102756550381</orientation>
      <time>8</time>
    </ksState>
    <ksState>
      <x>67.99624533608926</x>
      <y>-155.7516615946635</y>
      <steeringAngle>0.17766666666666667</steeringAngle>
      <velocity>7.200000000000002</velocity>
      <orientation>-1.790756926608284</orientation>
      <time>9</time>
    </ksState>
    <ksState>
      <x>67.85011643158535</x>
      <y>-156.497390483418</y>
      <steeringAngle>0.17766666666666667</steeringAngle>
      <velocity>8.0</velocity>
      <orientation>-1.737840999034134</orientation>
      <time>10</time>
    </ksState>
    <ksState>
      <x>67.74231615883265</x>
      <y>-157.24963363067613</y>
      <steeringAngle>0.1421333333333334</steeringAngle>
      <velocity>7.2</velocity>
      <orientation>-1.690213677288497</orientation>
      <time>11</time>
    </ksState>
    <ksState>
      <x>67.67301525127755</x>
      <y>-157.92606186399564</y>
      <steeringAngle>0.10660000000000011</steeringAngle>
      <velocity>6.4</velocity>
      <orientation>-1.657154106840529</orientation>
      <time>12</time>
    </ksState>
    <ksState>
      <x>67.62790540320631</x>
      <y>-158.5243527939157</y>
      <steeringAngle>0.07106666666666674</steeringAngle>
      <velocity>5.600000000000001</velocity>
      <orientation>-1.6363371585466406</orientation>
      <time>13</time>
    </ksState>
    <ksState>
      <x>67.59697477387475</x>
      <y>-159.04342948633578</y>
      <steeringAngle>0.03553333333333339</steeringAngle>
      <velocity>4.800000000000001</velocity>
      <orientation>-1.6254865488889776</orientation>
      <time>14</time>
    </ksState>
    <ksState>
      <x>67.57383102597312</x>
      <y>-159.48282019710692</y>
      <steeringAngle>5.5294310796760726e-17</steeringAngle>
      <velocity>4.0</velocity>
      <orientation>-1.6223627730518122</orientation>
      <time>15</time>
    </ksState>
    <ksState>
      <x>67.55321358760528</x>
      <y>-159.8822884952673</y>
      <steeringAngle>0.0</steeringAngle>
      <velocity>4.0</velocity>
      <orientation>-1.6223627730518122</orientation>
      <time>16</time>
    </ksState>
    <ksState>
      <x>67.53259614923746</x>
      <y>-160.28175679342766</y>
      <steeringAngle>0.0</steeringAngle>
      <velocity>4.0</velocity>
      <orientation>-1.6223627730518122</orientation>
      <time>17</time>
    </ksState>
    <ksState>
      <x>67.51197871086963</x>
      <y>-160.68122509158806</y>
      <steeringAngle>0.0</steeringAngle>
      <velocity>4.0</velocity>
      <orientation>-1.6223627730518122</orientation>
      <time>18</time>
    </ksState>
    <ksState>
      <x>67.49136127250179</x>
      <y>-161.08069338974843</y>
      <steeringAngle>0.0</steeringAngle>
      <velocity>4.0</velocity>
      <orientation>-1.6223627730518122</orientation>
      <time>19</time>
    </ksState>
    <ksState>
      <x>67.47074383413397</x>
      <y>-161.4801616879088</y>
      <steeringAngle>0.0</steeringAngle>
      <velocity>4.0</velocity>
      <orientation>-1.6223627730518122</orientation>
      <time>20</time>
    </ksState>
    <ksState>
      <x>67.45012639576613</x>
      <y>-161.87962998606918</y>
      <steeringAngle>0.0</steeringAngle>
      <velocity>4.0</velocity>
      <orientation>-1.6223627730518122</orientation>
      <time>21</time>
    </ksState>
    <ksState>
      <x>67.42950895739831</x>
      <y>-162.27909828422955</y>
      <steeringAngle>0.0</steeringAngle>
      <velocity>4.0</velocity>
      <orientation>-1.6223627730518122</orientation>
      <time>22</time>
    </ksState>
    <ksState>
      <x>67.40889151903048</x>
      <y>-162.67856658238995</y>
      <steeringAngle>0.0</steeringAngle>
      <velocity>4.0</velocity>
      <orientation>-1.6223627730518122</orientation>
      <time>23</time>
    </ksState>
    <ksState>
      <x>67.38827408066264</x>
      <y>-163.07803488055032</y>
      <steeringAngle>0.0</steeringAngle>
      <velocity>4.0</velocity>
      <orientation>-1.6223627730518122</orientation>
      <time>24</time>
    </ksState>
    <ksState>
      <x>67.36765664229482</x>
      <y>-163.4775031787107</y>
      <steeringAngle>0.0</steeringAngle>
      <velocity>4.0</velocity>
      <orientation>-1.6223627730518122</orientation>
      <time>25</time>
    </ksState>
    <ksState>
      <x>67.34703920392698</x>
      <y>-163.87697147687106</y>
      <steeringAngle>0.0</steeringAngle>
      <velocity>4.0</velocity>
      <orientation>-1.6223627730518122</orientation>
      <time>26</time>
    </ksState>
    <ksState>
      <x>67.32642176555916</x>
      <y>-164.27643977503143</y>
      <steeringAngle>0.0</steeringAngle>
      <velocity>4.0</velocity>
      <orientation>-1.6223627730518122</orientation>
      <time>27</time>
    </ksState>
    <ksState>
      <x>67.30580432719132</x>
      <y>-164.67590807319183</y>
      <steeringAngle>0.0</steeringAngle>
      <velocity>4.0</velocity>
      <orientation>-1.6223627730518122</orientation>
      <time>28</time>
    </ksState>
    <ksState>
      <x>67.28518688882349</x>
      <y>-165.0753763713522</y>
      <steeringAngle>0.0</steeringAngle>
      <velocity>4.0</velocity>
      <orientation>-1.6223627730518122</orientation>
      <time>29</time>
    </ksState>
    <ksState>
      <x>67.26456945045567</x>
      <y>-165.47484466951258</y>
      <steeringAngle>0.0</steeringAngle>
      <velocity>4.0</velocity>
      <orientation>-1.6223627730518122</orientation>
      <time>30</time>
    </ksState>
    <ksState>
      <x>67.24573266249828</x>
      <y>-165.83435142826582</y>
      <steeringAngle>-0.03553333333333333</steeringAngle>
      <velocity>3.2</velocity>
      <orientation>-1.6247515214316048</orientation>
      <time>31</time>
    </ksState>
    <ksState>
      <x>67.2299254134056</x>
      <y>-166.11390449626302</y>
      <steeringAngle>-0.07106666666666668</steeringAngle>
      <velocity>2.4</velocity>
      <orientation>-1.6304524364374013</orientation>
      <time>32</time>
    </ksState>
    <ksState>
      <x>67.21736684086419</x>
      <y>-166.31350942468703</y>
      <steeringAngle>-0.10660000000000003</steeringAngle>
      <velocity>1.5999999999999994</velocity>
      <orientation>-1.6372679701821329</orientation>
      <time>33</time>
    </ksState>
  </ksTrajectory>
</CommonRoadSolution>
