<?xml version="1.0" ?>
<CommonRoadSolution benchmark_id="KS2:SM1:ITA_Siderno-3_2_T-1:2020a" computation_time="0.6396322999999029" date="2020-12-29">
  <ksTrajectory planningProblem="1">
    <ksState>
      <x>313.3861</x>
      <y>1031.4664</y>
      <steeringAngle>0.0</steeringAngle>
      <velocity>4.0</velocity>
      <orientation>0.80573434</orientation>
      <time>0</time>
    </ksState>
    <ksState>
      <x>313.66313268536527</x>
      <y>1031.7549357711607</y>
      <steeringAngle>0.0</steeringAngle>
      <velocity>4.0</velocity>
      <orientation>0.80573434</orientation>
      <time>1</time>
    </ksState>
    <ksState>
      <x>313.9401653707305</x>
      <y>1032.0434715423214</y>
      <steeringAngle>0.0</steeringAngle>
      <velocity>4.0</velocity>
      <orientation>0.80573434</orientation>
      <time>2</time>
    </ksState>
    <ksState>
      <x>314.21719805609575</x>
      <y>1032.3320073134823</y>
      <steeringAngle>0.0</steeringAngle>
      <velocity>4.0</velocity>
      <orientation>0.80573434</orientation>
      <time>3</time>
    </ksState>
    <ksState>
      <x>314.49423074146097</x>
      <y>1032.620543084643</y>
      <steeringAngle>0.0</steeringAngle>
      <velocity>4.0</velocity>
      <orientation>0.80573434</orientation>
      <time>4</time>
    </ksState>
    <ksState>
      <x>314.77126342682624</x>
      <y>1032.9090788558037</y>
      <steeringAngle>0.0</steeringAngle>
      <velocity>4.0</velocity>
      <orientation>0.80573434</orientation>
      <time>5</time>
    </ksState>
    <ksState>
      <x>315.0485609725595</x>
      <y>1033.1973598781663</y>
      <steeringAngle>-0.035533333333333326</steeringAngle>
      <velocity>4.0</velocity>
      <orientation>0.8029780654673996</orientation>
      <time>6</time>
    </ksState>
    <ksState>
      <x>315.3274434237817</x>
      <y>1033.4841065529656</y>
      <steeringAngle>-0.07106666666666711</steeringAngle>
      <velocity>4.0</velocity>
      <orientation>0.7947023049241142</orientation>
      <time>7</time>
    </ksState>
    <ksState>
      <x>315.60947409984186</x>
      <y>1033.7677544746089</y>
      <steeringAngle>-0.10660000000000043</steeringAngle>
      <velocity>4.0</velocity>
      <orientation>0.7808860651049774</orientation>
      <time>8</time>
    </ksState>
    <ksState>
      <x>315.89617219852124</x>
      <y>1034.0466795132982</y>
      <steeringAngle>-0.14213333333333378</steeringAngle>
      <velocity>4.0</velocity>
      <orientation>0.7614941387194315</orientation>
      <time>9</time>
    </ksState>
    <ksState>
      <x>316.1889882023744</x>
      <y>1034.3191688411387</y>
      <steeringAngle>-0.1776666666666672</steeringAngle>
      <velocity>4.0</velocity>
      <orientation>0.7364767322680341</orientation>
      <time>10</time>
    </ksState>
    <ksState>
      <x>316.51911967689824</x>
      <y>1034.6100314976889</y>
      <steeringAngle>-0.14213333333333333</steeringAngle>
      <velocity>4.8000000000000025</velocity>
      <orientation>0.7090518325496817</orientation>
      <time>11</time>
    </ksState>
    <ksState>
      <x>316.91820122842705</x>
      <y>1034.9433777234074</y>
      <steeringAngle>-0.10660000000000003</steeringAngle>
      <velocity>5.600000000000005</velocity>
      <orientation>0.6839356202707638</orientation>
      <time>12</time>
    </ksState>
    <ksState>
      <x>317.38739369849003</x>
      <y>1035.3173371437836</y>
      <steeringAngle>-0.07106666666666671</steeringAngle>
      <velocity>6.400000000000004</velocity>
      <orientation>0.6633038506713043</orientation>
      <time>13</time>
    </ksState>
    <ksState>
      <x>317.9264410039141</x>
      <y>1035.7318494370395</y>
      <steeringAngle>-0.035533333333333375</steeringAngle>
      <velocity>7.200000000000006</velocity>
      <orientation>0.6493271825785121</orientation>
      <time>14</time>
    </ksState>
    <ksState>
      <x>318.5333527915094</x>
      <y>1036.1892953140684</y>
      <steeringAngle>-2.6346112791397758e-17</steeringAngle>
      <velocity>8.000000000000007</velocity>
      <orientation>0.6441821697989436</orientation>
      <time>15</time>
    </ksState>
    <ksState>
      <x>319.14026458628354</x>
      <y>1036.646741178184</y>
      <steeringAngle>0.03553333333333333</steeringAngle>
      <velocity>7.199999999999999</velocity>
      <orientation>0.649327182781436</orientation>
      <time>16</time>
    </ksState>
    <ksState>
      <x>319.6793119019656</x>
      <y>1037.0612534538488</y>
      <steeringAngle>0.07106666666666664</steeringAngle>
      <velocity>6.400000000000001</velocity>
      <orientation>0.6633038549023991</orientation>
      <time>17</time>
    </ksState>
    <ksState>
      <x>320.1485043771835</x>
      <y>1037.435212863683</y>
      <steeringAngle>0.10659999999999997</steeringAngle>
      <velocity>5.600000000000004</velocity>
      <orientation>0.6839356227682805</orientation>
      <time>18</time>
    </ksState>
    <ksState>
      <x>320.54758593779695</x>
      <y>1037.768559074939</y>
      <steeringAngle>0.1421333333333333</steeringAngle>
      <velocity>4.800000000000003</velocity>
      <orientation>0.7090518302769286</orientation>
      <time>19</time>
    </ksState>
    <ksState>
      <x>320.87771741899087</x>
      <y>1038.059421720544</y>
      <steeringAngle>0.17766666666666653</steeringAngle>
      <velocity>4.000000000000006</velocity>
      <orientation>0.7364767268620784</orientation>
      <time>20</time>
    </ksState>
    <ksState>
      <x>321.17053342478846</x>
      <y>1038.331911047323</y>
      <steeringAngle>0.1421333333333333</steeringAngle>
      <velocity>4.0</velocity>
      <orientation>0.7614941332066018</orientation>
      <time>21</time>
    </ksState>
    <ksState>
      <x>321.4572315253162</x>
      <y>1038.6108360847006</y>
      <steeringAngle>0.10659999999999999</steeringAngle>
      <velocity>4.0</velocity>
      <orientation>0.7808860594973523</orientation>
      <time>22</time>
    </ksState>
    <ksState>
      <x>321.7392622032354</x>
      <y>1038.8944840046595</y>
      <steeringAngle>0.07106666666666664</steeringAngle>
      <velocity>4.0</velocity>
      <orientation>0.7947022992323053</orientation>
      <time>23</time>
    </ksState>
    <ksState>
      <x>322.01814465653234</x>
      <y>1039.1812306773954</y>
      <steeringAngle>0.03553333333333332</steeringAngle>
      <velocity>4.0</velocity>
      <orientation>0.8029780596945706</orientation>
      <time>24</time>
    </ksState>
    <ksState>
      <x>322.2954422149934</x>
      <y>1039.4695117064643</y>
      <steeringAngle>-2.2985086056692694e-17</steeringAngle>
      <velocity>4.0</velocity>
      <orientation>0.805734322989411</orientation>
      <time>25</time>
    </ksState>
    <ksState>
      <x>322.60051345970874</x>
      <y>1039.7865785243114</y>
      <steeringAngle>-0.035533333333333326</steeringAngle>
      <velocity>4.799999999999999</velocity>
      <orientation>0.8026105443202202</orientation>
      <time>26</time>
    </ksState>
    <ksState>
      <x>322.96362512601286</x>
      <y>1040.158797862995</y>
      <steeringAngle>-0.07106666666666667</steeringAngle>
      <velocity>5.599999999999998</velocity>
      <orientation>0.7917599332590474</orientation>
      <time>27</time>
    </ksState>
    <ksState>
      <x>323.38930158306897</x>
      <y>1040.5816293770288</y>
      <steeringAngle>-0.10659999999999999</steeringAngle>
      <velocity>6.3999999999999995</velocity>
      <orientation>0.7709429842587193</orientation>
      <time>28</time>
    </ksState>
    <ksState>
      <x>323.8844077380565</x>
      <y>1041.0477062565783</y>
      <steeringAngle>-0.14213333333333333</steeringAngle>
      <velocity>7.199999999999999</velocity>
      <orientation>0.7378834132775542</orientation>
      <time>29</time>
    </ksState>
    <ksState>
      <x>324.4582418299435</x>
      <y>1041.5459080767778</y>
      <steeringAngle>-0.17766666666666664</steeringAngle>
      <velocity>7.9999999999999964</velocity>
      <orientation>0.6902560911960076</orientation>
      <time>30</time>
    </ksState>
    <ksState>
      <x>325.055985180024</x>
      <y>1042.015155920499</y>
      <steeringAngle>-0.1421333333333334</steeringAngle>
      <velocity>7.2</velocity>
      <orientation>0.6426287694503707</orientation>
      <time>31</time>
    </ksState>
    <ksState>
      <x>325.60729297600005</x>
      <y>1042.413172860736</y>
      <steeringAngle>-0.10660000000000011</steeringAngle>
      <velocity>6.4</velocity>
      <orientation>0.6095691990024027</orientation>
      <time>32</time>
    </ksState>
    <ksState>
      <x>326.10300416750954</x>
      <y>1042.7511926084283</y>
      <steeringAngle>-0.07106666666666674</steeringAngle>
      <velocity>5.600000000000001</velocity>
      <orientation>0.5887522507085142</orientation>
      <time>33</time>
    </ksState>
  </ksTrajectory>
</CommonRoadSolution>
