<?xml version="1.0" ?>
<CommonRoadSolution benchmark_id="KS2:SM1:HRV_Pula-29_3_T-1:2020a" computation_time="1.0929228909999438" date="2020-12-29">
  <ksTrajectory planningProblem="1">
    <ksState>
      <x>-265.33364</x>
      <y>-947.5442</y>
      <steeringAngle>0.0</steeringAngle>
      <velocity>4.0</velocity>
      <orientation>-1.5327395</orientation>
      <time>0</time>
    </ksState>
    <ksState>
      <x>-265.3180537333745</x>
      <y>-947.943896065801</y>
      <steeringAngle>0.035533333333333326</steeringAngle>
      <velocity>4.0</velocity>
      <orientation>-1.5299832254673995</orientation>
      <time>1</time>
    </ksState>
    <ksState>
      <x>-265.3002634946812</x>
      <y>-948.3434990994674</y>
      <steeringAngle>0.07106666666666711</steeringAngle>
      <velocity>4.0</velocity>
      <orientation>-1.521707464924114</orientation>
      <time>2</time>
    </ksState>
    <ksState>
      <x>-265.27806146271257</x>
      <y>-948.7428792635567</y>
      <steeringAngle>0.10660000000000043</steeringAngle>
      <velocity>4.0</velocity>
      <orientation>-1.5078912251049772</orientation>
      <time>3</time>
    </ksState>
    <ksState>
      <x>-265.2492330876994</x>
      <y>-949.1418327718609</y>
      <steeringAngle>0.14213333333333378</steeringAngle>
      <velocity>4.0</velocity>
      <orientation>-1.4884992987194314</orientation>
      <time>4</time>
    </ksState>
    <ksState>
      <x>-265.2115562098495</x>
      <y>-949.5400438952302</y>
      <steeringAngle>0.1776666666666672</steeringAngle>
      <velocity>4.0</velocity>
      <orientation>-1.4634818922680342</orientation>
      <time>5</time>
    </ksState>
    <ksState>
      <x>-265.1582099547654</x>
      <y>-949.9767841527234</y>
      <steeringAngle>0.14213333333333333</steeringAngle>
      <velocity>4.8000000000000025</velocity>
      <orientation>-1.4360569925496818</orientation>
      <time>6</time>
    </ksState>
    <ksState>
      <x>-265.0815824587043</x>
      <y>-950.4910934155398</y>
      <steeringAngle>0.10660000000000003</steeringAngle>
      <velocity>5.600000000000005</velocity>
      <orientation>-1.4109407802707639</orientation>
      <time>7</time>
    </ksState>
    <ksState>
      <x>-264.97956326145476</x>
      <y>-951.08234573515</y>
      <steeringAngle>0.07106666666666671</steeringAngle>
      <velocity>6.400000000000004</velocity>
      <orientation>-1.3903090106713043</orientation>
      <time>8</time>
    </ksState>
    <ksState>
      <x>-264.85230360826387</x>
      <y>-951.7503258392063</y>
      <steeringAngle>0.035533333333333375</steeringAngle>
      <velocity>7.200000000000006</velocity>
      <orientation>-1.3763323425785121</orientation>
      <time>9</time>
    </ksState>
    <ksState>
      <x>-264.70287293150443</x>
      <y>-952.49548966091</y>
      <steeringAngle>2.6346112791397758e-17</steeringAngle>
      <velocity>8.000000000000007</velocity>
      <orientation>-1.3711873297989436</orientation>
      <time>10</time>
    </ksState>
    <ksState>
      <x>-264.5534422407985</x>
      <y>-953.2406534777365</y>
      <steeringAngle>-0.03553333333333333</steeringAngle>
      <velocity>7.199999999999999</velocity>
      <orientation>-1.376332342781436</orientation>
      <time>11</time>
    </ksState>
    <ksState>
      <x>-264.42618256825153</x>
      <y>-953.9086335754672</y>
      <steeringAngle>-0.07106666666666664</steeringAngle>
      <velocity>6.400000000000001</velocity>
      <orientation>-1.390309014902399</orientation>
      <time>12</time>
    </ksState>
    <ksState>
      <x>-264.32416336014387</x>
      <y>-954.4998858906268</y>
      <steeringAngle>-0.10659999999999997</steeringAngle>
      <velocity>5.600000000000004</velocity>
      <orientation>-1.4109407827682805</orientation>
      <time>13</time>
    </ksState>
    <ksState>
      <x>-264.24753584768274</x>
      <y>-955.0141951486754</y>
      <steeringAngle>-0.1421333333333333</steeringAngle>
      <velocity>4.800000000000003</velocity>
      <orientation>-1.4360569902769287</orientation>
      <time>14</time>
    </ksState>
    <ksState>
      <x>-264.1941895803403</x>
      <y>-955.4509354024239</y>
      <steeringAngle>-0.17766666666666653</steeringAngle>
      <velocity>4.000000000000006</velocity>
      <orientation>-1.4634818868620785</orientation>
      <time>15</time>
    </ksState>
    <ksState>
      <x>-264.15651270033203</x>
      <y>-955.8491465262923</y>
      <steeringAngle>-0.1421333333333333</steeringAngle>
      <velocity>4.0</velocity>
      <orientation>-1.4884992932066017</orientation>
      <time>16</time>
    </ksState>
    <ksState>
      <x>-264.12768432306603</x>
      <y>-956.248100034845</y>
      <steeringAngle>-0.10659999999999999</steeringAngle>
      <velocity>4.0</velocity>
      <orientation>-1.5078912194973524</orientation>
      <time>17</time>
    </ksState>
    <ksState>
      <x>-264.1054822885889</x>
      <y>-956.6474801989114</y>
      <steeringAngle>-0.07106666666666664</steeringAngle>
      <velocity>4.0</velocity>
      <orientation>-1.5217074592323052</orientation>
      <time>18</time>
    </ksState>
    <ksState>
      <x>-264.08769204697404</x>
      <y>-957.047083232415</y>
      <steeringAngle>-0.03553333333333332</steeringAngle>
      <velocity>4.0</velocity>
      <orientation>-1.5299832196945706</orientation>
      <time>19</time>
    </ksState>
    <ksState>
      <x>-264.0721057752961</x>
      <y>-957.4467793116861</y>
      <steeringAngle>2.2985086056692694e-17</steeringAngle>
      <velocity>4.0</velocity>
      <orientation>-1.532739482989411</orientation>
      <time>20</time>
    </ksState>
    <ksState>
      <x>-264.0548999295954</x>
      <y>-957.8864425807973</y>
      <steeringAngle>0.035533333333333326</steeringAngle>
      <velocity>4.799999999999999</velocity>
      <orientation>-1.52961570432022</orientation>
      <time>21</time>
    </ksState>
    <ksState>
      <x>-264.03098441910294</x>
      <y>-958.4058897548719</y>
      <steeringAngle>0.07106666666666667</steeringAngle>
      <velocity>5.599999999999998</velocity>
      <orientation>-1.5187650932590473</orientation>
      <time>22</time>
    </ksState>
    <ksState>
      <x>-263.99396110655493</x>
      <y>-959.0047354859912</y>
      <steeringAngle>0.10659999999999999</steeringAngle>
      <velocity>6.3999999999999995</velocity>
      <orientation>-1.4979481442587195</orientation>
      <time>23</time>
    </ksState>
    <ksState>
      <x>-263.9338045120059</x>
      <y>-959.682038185299</y>
      <steeringAngle>0.14213333333333333</steeringAngle>
      <velocity>7.199999999999999</velocity>
      <orientation>-1.4648885732775543</orientation>
      <time>24</time>
    </ksState>
    <ksState>
      <x>-263.8361762635028</x>
      <y>-960.4356689594557</y>
      <steeringAngle>0.17766666666666664</steeringAngle>
      <velocity>7.9999999999999964</velocity>
      <orientation>-1.4172612511960077</orientation>
      <time>25</time>
    </ksState>
    <ksState>
      <x>-263.6988223788281</x>
      <y>-961.1830448026246</y>
      <steeringAngle>0.21320000000000014</steeringAngle>
      <velocity>7.200000000000003</velocity>
      <orientation>-1.3590119241245149</orientation>
      <time>26</time>
    </ksState>
    <ksState>
      <x>-263.535943024985</x>
      <y>-961.8431377194704</y>
      <steeringAngle>0.24873333333333347</steeringAngle>
      <velocity>6.400000000000004</velocity>
      <orientation>-1.2970948366387354</orientation>
      <time>27</time>
    </ksState>
    <ksState>
      <x>-263.3559844410449</x>
      <y>-962.4154089015627</y>
      <steeringAngle>0.2842666666666668</steeringAngle>
      <velocity>5.600000000000001</velocity>
      <orientation>-1.2336726938748144</orientation>
      <time>28</time>
    </ksState>
    <ksState>
      <x>-263.1690256405141</x>
      <y>-962.9005457735026</y>
      <steeringAngle>0.3198</steeringAngle>
      <velocity>4.800000000000002</velocity>
      <orientation>-1.1709435941328616</orientation>
      <time>29</time>
    </ksState>
    <ksState>
      <x>-262.98595729369794</x>
      <y>-963.300581198412</y>
      <steeringAngle>0.3553333333333332</steeringAngle>
      <velocity>4.000000000000001</velocity>
      <orientation>-1.111153760084647</orientation>
      <time>30</time>
    </ksState>
    <ksState>
      <x>-262.81824771112093</x>
      <y>-963.6190893203715</y>
      <steeringAngle>0.31979999999999975</steeringAngle>
      <velocity>3.2</velocity>
      <orientation>-1.0620472000268588</orientation>
      <time>31</time>
    </ksState>
    <ksState>
      <x>-262.6776564621074</x>
      <y>-963.8612185522524</y>
      <steeringAngle>0.2842666666666663</steeringAngle>
      <velocity>2.4000000000000004</velocity>
      <orientation>-1.0281149446606443</orientation>
      <time>32</time>
    </ksState>
    <ksState>
      <x>-262.57251424214957</x>
      <y>-964.0313467437992</y>
      <steeringAngle>0.24873333333333292</steeringAngle>
      <velocity>1.6000000000000008</velocity>
      <orientation>-1.0068426237137056</orientation>
      <time>33</time>
    </ksState>
  </ksTrajectory>
</CommonRoadSolution>
